time,ClgPct,ClgStg01Cmd,ClgStg02Cmd,EffRmSp,ExhAirDmprFbk,HtgPct,HtgStg01Cmd,HtgStg02Cmd,MixAirTemp,OccCmd,OccStatus,OutAirDmprFbk,OutAirHum,OutAirTemp,RmSp,RmTemp,SuplFanSpd,SuplFanStatus,UnoccClgSp,UnoccHtgSp,oppMode,ClgPct_outlier,HtgPct_outlier,OutAirTemp_outlier,RmTemp_outlier,SuplFanSpd_outlier
2025-01-27 14:30:00,0.0,1.0,1.0,68.2,52.0,0.0,1.0,1.0,60.7,1.0,1.0,0.0,41.0,45.5,70.0,67.6,100.0,2.0,80.0,60.0,0,False,False,False,False,False
2025-01-27 14:45:00,0.0,1.0,1.0,68.2,52.0,0.0,1.0,1.0,60.83333333,1.0,1.0,0.0,40.66666667,45.7,70.0,67.5,100.0,2.0,80.0,60.0,0,False,False,False,False,False
2025-01-27 15:00:00,0.0,1.0,1.0,68.2,52.0,0.0,1.0,1.0,62.3,1.0,1.0,0.0,39.33333333,46.36666667,70.0,69.5,100.0,2.0,80.0,60.0,0,False,False,False,False,False
2025-01-27 15:15:00,0.0,1.0,1.0,68.2,52.0,0.0,1.0,1.0,61.96666667,1.0,1.0,0.0,36.66666667,48.3,70.0,68.83333333,100.0,2.0,80.0,60.0,0,False,False,False,False,False
2025-01-27 15:30:00,0.0,1.0,1.0,68.2,52.0,0.0,1.0,1.0,61.73333333,1.0,1.0,0.0,34.66666667,48.66666667,70.0,68.4,100.0,2.0,80.0,60.0,0,False,False,False,False,False
2025-01-27 15:45:00,0.0,1.0,1.0,68.2,52.0,0.0,1.0,1.0,61.6,1.0,1.0,0.0,31.0,48.83333333,70.0,68.46666667,100.0,2.0,80.0,60.0,0,False,False,False,False,False
2025-01-27 16:00:00,0.0,1.0,1.0,68.2,52.0,0.0,1.0,1.0,61.6,1.0,1.0,0.0,29.33333333,48.73333333,70.0,68.6,100.0,2.0,80.0,60.0,0,False,False,False,False,False
2025-01-27 16:15:00,0.0,1.0,1.0,68.2,52.0,0.0,1.0,1.0,61.8,1.0,1.0,0.0,28.66666667,48.83333333,70.0,68.6,100.0,2.0,80.0,60.0,0,False,False,False,False,False
2025-01-27 16:30:00,0.0,1.0,1.0,68.2,52.0,0.0,1.0,1.0,61.8,1.0,1.0,0.0,28.0,48.6,70.0,68.6,100.0,2.0,80.0,60.0,0,False,False,False,False,False
2025-01-27 16:45:00,0.0,1.0,1.0,68.2,52.0,0.0,1.0,1.0,61.8,1.0,1.0,0.0,28.0,48.03333333,70.0,68.63333333,100.0,2.0,80.0,60.0,0,False,False,False,False,False
2025-01-27 17:00:00,0.0,1.0,1.0,68.2,52.0,0.0,1.0,1.0,61.9,1.0,1.0,0.0,27.0,50.5,70.0,68.7,100.0,2.0,80.0,60.0,0,False,False,False,False,False
2025-01-27 17:15:00,0.0,1.0,1.0,68.2,52.0,0.0,1.0,1.0,62.1,1.0,1.0,0.0,25.33333333,49.8,70.0,68.7,100.0,2.0,80.0,60.0,0,False,False,False,False,False
2025-01-27 17:30:00,0.0,1.0,1.0,68.2,52.0,0.0,1.0,1.0,62.1,1.0,1.0,0.0,25.66666667,50.86666667,70.0,68.63333333,100.0,2.0,80.0,60.0,0,False,False,False,False,False
2025-01-27 17:45:00,0.0,1.0,1.0,68.2,52.0,0.0,1.0,1.0,62.23333333,1.0,1.0,0.0,25.0,50.5,70.0,68.6,100.0,2.0,80.0,60.0,0,False,False,False,False,False
2025-01-27 18:00:00,0.0,1.0,1.0,68.2,52.0,0.0,1.0,1.0,62.33333333,1.0,1.0,0.0,25.0,51.4,70.0,68.66666667,100.0,2.0,80.0,60.0,0,False,False,False,False,False
2025-01-27 18:15:00,0.0,1.0,1.0,68.2,52.0,0.0,1.0,1.0,62.4,1.0,1.0,0.0,25.0,51.03333333,70.0,68.93333333,100.0,2.0,80.0,60.0,0,False,False,False,False,False
2025-01-27 18:30:00,0.0,1.0,1.0,68.2,52.0,0.0,1.0,1.0,62.66666667,1.0,1.0,0.0,25.0,52.43333333,70.0,69.4,100.0,2.0,80.0,60.0,0,False,False,False,False,False
2025-01-27 18:45:00,0.0,1.0,1.0,68.2,52.0,0.0,1.0,1.0,62.7,1.0,1.0,0.0,25.0,53.36666667,70.0,69.4,100.0,2.0,80.0,60.0,0,False,False,False,False,False
2025-01-27 19:00:00,0.0,1.0,1.0,68.2,52.0,0.0,1.0,1.0,62.7,1.0,1.0,0.0,25.0,53.3,70.0,69.26666667,100.0,2.0,80.0,60.0,0,False,False,False,False,False
2025-01-27 19:15:00,0.0,1.0,1.0,68.2,52.0,0.0,1.0,1.0,62.76666667,1.0,1.0,0.0,24.66666667,54.13333333,70.0,68.96666667,100.0,2.0,80.0,60.0,0,False,False,False,False,False
2025-01-27 19:30:00,0.0,1.0,1.0,68.2,52.0,0.0,1.0,1.0,62.63333333,1.0,1.0,0.0,23.0,51.06666667,70.0,68.63333333,100.0,2.0,80.0,60.0,0,False,False,False,False,False
2025-01-27 19:45:00,0.0,1.0,1.0,68.2,52.0,0.0,1.0,1.0,62.6,1.0,1.0,0.0,23.0,50.23333333,70.0,68.36666667,100.0,2.0,80.0,60.0,0,False,False,False,False,False
2025-01-27 20:00:00,0.0,1.0,1.0,68.2,52.0,0.0,1.0,1.0,62.4,1.0,1.0,0.0,23.0,51.26666667,70.0,68.3,100.0,2.0,80.0,60.0,0,False,False,False,False,False
2025-01-27 20:15:00,0.0,1.0,1.0,68.2,52.0,0.0,1.0,1.0,62.4,1.0,1.0,0.0,23.0,51.3,70.0,68.3,100.0,2.0,80.0,60.0,0,False,False,False,False,False
2025-01-27 20:30:00,0.0,1.0,1.0,68.2,52.0,0.0,1.0,1.0,62.53333333,1.0,1.0,0.0,23.0,53.76666667,70.0,68.16666667,100.0,2.0,80.0,60.0,0,False,False,False,False,False
2025-01-27 20:45:00,0.0,1.0,1.0,68.2,52.0,0.0,1.0,1.0,62.4,1.0,1.0,0.0,24.0,53.76666667,70.0,67.86666667,100.0,2.0,80.0,60.0,0,False,False,False,False,False
2025-01-27 21:00:00,0.0,1.0,1.0,68.2,52.0,0.0,1.0,1.0,62.3,1.0,1.0,0.0,24.0,53.46666667,70.0,67.63333333,100.0,2.0,80.0,60.0,0,False,False,False,False,False
2025-01-27 21:15:00,0.0,1.0,1.0,68.2,52.0,0.0,1.0,1.0,62.1,1.0,1.0,0.0,24.0,52.96666667,70.0,67.23333333,100.0,2.0,80.0,60.0,0,False,False,False,False,False
2025-01-27 21:30:00,0.0,1.0,1.0,68.2,52.0,16.66666667,1.333333333,1.0,62.56666667,1.0,1.0,0.0,23.0,53.06666667,70.0,68.06666667,100.0,2.0,80.0,60.0,0,False,False,False,False,False
2025-01-27 21:45:00,0.0,1.0,1.0,68.2,52.0,0.0,1.0,1.0,63.03333333,1.0,1.0,0.0,23.0,53.9,70.0,68.7,100.0,2.0,80.0,60.0,0,False,False,False,False,False
2025-01-27 22:00:00,0.0,1.0,1.0,68.2,52.0,0.0,1.0,1.0,62.2,1.0,1.0,0.0,23.0,51.86666667,70.0,67.46666667,100.0,2.0,80.0,60.0,0,False,False,False,False,False
2025-01-27 22:15:00,0.0,1.0,1.0,68.2,52.0,16.66666667,1.333333333,1.0,62.43333333,1.0,1.0,0.0,24.0,48.93333333,70.0,68.0,100.0,2.0,80.0,60.0,0,False,False,False,False,False
2025-01-27 22:30:00,0.0,1.0,1.0,68.2,52.0,0.0,1.0,1.0,62.4,1.0,1.0,0.0,25.0,48.16666667,70.0,68.56666667,100.0,2.0,80.0,60.0,0,False,False,False,False,False
2025-01-27 22:45:00,0.0,1.0,1.0,68.2,52.0,0.0,1.0,1.0,61.93333333,1.0,1.0,0.0,25.0,46.3,70.0,67.33333333,100.0,2.0,80.0,60.0,0,False,False,False,False,False
2025-01-27 23:00:00,0.0,1.0,1.0,68.2,52.0,16.66666667,1.333333333,1.0,62.56666667,1.0,1.0,0.0,25.0,45.76666667,70.0,68.76666667,100.0,2.0,80.0,60.0,0,False,False,False,False,False
2025-01-27 23:15:00,0.0,1.0,1.0,68.2,52.0,0.0,1.0,1.0,61.83333333,1.0,1.0,0.0,25.0,45.7,70.0,67.73333333,100.0,2.0,80.0,60.0,0,False,False,False,False,False
2025-01-27 23:30:00,0.0,1.0,1.0,68.2,52.0,16.66666667,1.333333333,1.0,62.03333333,1.0,1.0,0.0,25.33333333,45.2,70.0,67.93333333,100.0,2.0,80.0,60.0,0,False,False,False,False,False
2025-01-27 23:45:00,0.0,1.0,1.0,68.2,52.0,0.0,1.0,1.0,62.13333333,1.0,1.0,0.0,25.0,45.53333333,70.0,68.33333333,100.0,2.0,80.0,60.0,0,False,False,False,False,False
2025-01-28 00:00:00,0.0,1.0,1.0,68.2,52.0,0.0,1.0,1.0,61.7,1.0,1.0,0.0,25.66666667,44.5,70.0,67.43333333,100.0,2.0,80.0,60.0,0,False,False,False,False,False
2025-01-28 00:15:00,0.0,1.0,1.0,68.2,52.0,0.0,1.0,1.0,62.43333333,1.0,1.0,0.0,27.0,45.33333333,70.0,69.03333333,100.0,2.0,80.0,60.0,0,False,False,False,False,False
2025-01-28 00:30:00,0.0,1.0,1.0,68.2,52.0,16.66666667,1.333333333,1.0,61.46666667,1.0,1.0,0.0,27.0,44.7,70.0,67.26666667,100.0,2.0,80.0,60.0,0,False,False,False,False,False
2025-01-28 00:45:00,0.0,1.0,1.0,68.2,52.0,0.0,1.0,1.0,62.56666667,1.0,1.0,0.0,27.0,44.56666667,70.0,69.23333333,100.0,2.0,80.0,60.0,0,False,False,False,False,False
2025-01-28 01:00:00,0.0,1.0,1.0,68.2,52.0,0.0,1.0,1.0,61.53333333,1.0,1.0,0.0,27.0,44.6,70.0,67.3,100.0,2.0,80.0,60.0,0,False,False,False,False,False
2025-01-28 01:15:00,0.0,1.0,1.0,68.2,52.0,0.0,1.0,1.0,62.63333333,1.0,1.0,0.0,28.0,44.43333333,70.0,69.26666667,100.0,2.0,80.0,60.0,0,False,False,False,False,False
2025-01-28 01:30:00,0.0,1.0,1.0,68.2,52.0,0.0,1.0,1.0,61.6,1.0,1.0,0.0,28.0,44.6,70.0,67.43333333,100.0,2.0,80.0,60.0,0,False,False,False,False,False
2025-01-28 01:45:00,0.0,1.0,1.0,68.2,52.0,16.66666667,1.333333333,1.0,62.33333333,1.0,1.0,0.0,28.0,43.6,70.0,68.8,100.0,2.0,80.0,60.0,0,False,False,False,False,False
2025-01-28 02:00:00,0.0,1.0,1.0,68.2,52.0,0.0,1.0,1.0,61.66666667,1.0,1.0,0.0,28.66666667,44.16666667,70.0,67.53333333,100.0,2.0,80.0,60.0,0,False,False,False,False,False
2025-01-28 02:15:00,0.0,1.0,1.0,68.2,52.0,16.66666667,1.333333333,1.0,62.16666667,1.0,1.0,0.0,29.0,43.36666667,70.0,68.3,100.0,2.0,80.0,60.0,0,False,False,False,False,False
2025-01-28 02:30:00,0.0,1.0,1.0,68.2,52.0,0.0,1.0,1.0,61.66666667,1.0,1.0,0.0,29.0,43.86666667,70.0,67.53333333,100.0,2.0,80.0,60.0,0,False,False,False,False,False
2025-01-28 02:45:00,0.0,1.0,1.0,68.2,52.0,0.0,1.0,1.0,62.66666667,1.0,1.0,0.0,29.0,44.06666667,70.0,69.1,100.0,2.0,80.0,60.0,0,False,False,False,False,False
2025-01-28 03:00:00,0.0,1.0,1.0,68.2,52.0,0.0,1.0,1.0,61.6,1.0,1.0,0.0,29.0,44.13333333,70.0,67.36666667,100.0,2.0,80.0,60.0,0,False,False,False,False,False
2025-01-28 03:15:00,0.0,1.0,1.0,68.2,52.0,16.66666667,1.333333333,1.0,62.53333333,1.0,1.0,0.0,29.0,44.0,70.0,68.86666667,100.0,2.0,80.0,60.0,0,False,False,False,False,False
2025-01-28 03:30:00,0.0,1.0,1.0,68.2,52.0,0.0,1.0,1.0,61.86666667,1.0,1.0,0.0,29.0,44.2,70.0,67.73333333,100.0,2.0,80.0,60.0,0,False,False,False,False,False
2025-01-28 03:45:00,0.0,1.0,1.0,68.2,52.0,16.66666667,1.333333333,1.0,61.9,1.0,1.0,0.0,29.0,43.56666667,70.0,67.96666667,100.0,2.0,80.0,60.0,0,False,False,False,False,False
2025-01-28 04:00:00,0.0,1.0,1.0,68.2,52.0,0.0,1.0,1.0,62.2,1.0,1.0,0.0,29.0,44.5,70.0,68.66666667,100.0,2.0,80.0,60.0,0,False,False,False,False,False
2025-01-28 04:15:00,0.0,1.0,1.0,68.2,52.0,16.66666667,1.333333333,1.0,61.5,1.0,1.0,0.0,29.33333333,43.63333333,70.0,67.0,100.0,2.0,80.0,60.0,0,False,False,False,False,False
2025-01-28 04:30:00,0.0,1.0,1.0,68.2,52.0,0.0,1.0,1.0,62.6,1.0,1.0,0.0,29.33333333,44.76666667,70.0,69.26666667,100.0,2.0,80.0,60.0,0,False,False,False,False,False
2025-01-28 04:45:00,0.0,1.0,1.0,68.2,52.0,0.0,1.333333333,1.0,61.46666667,1.0,1.0,0.0,29.0,44.76666667,70.0,67.2,100.0,2.0,80.0,60.0,0,False,False,False,False,False
2025-01-28 05:00:00,0.0,1.0,1.0,68.2,52.0,0.0,1.0,1.0,62.73333333,1.0,1.0,0.0,29.66666667,44.43333333,70.0,69.23333333,100.0,2.0,80.0,60.0,0,False,False,False,False,False
2025-01-28 05:15:00,0.0,1.0,1.0,68.2,52.0,0.0,1.0,1.0,61.76666667,1.0,1.0,0.0,29.0,44.43333333,70.0,67.53333333,100.0,2.0,80.0,60.0,0,False,False,False,False,False
2025-01-28 05:30:00,0.0,1.0,1.0,68.2,52.0,16.66666667,1.333333333,1.0,62.33333333,1.0,1.0,0.0,30.66666667,44.7,70.0,68.4,100.0,2.0,80.0,60.0,0,False,False,False,False,False
2025-01-28 05:45:00,0.0,1.0,1.0,68.2,52.0,0.0,1.0,1.0,62.13333333,1.0,1.0,0.0,30.33333333,45.3,70.0,68.1,100.0,2.0,80.0,60.0,0,False,False,False,False,False
2025-01-28 06:00:00,0.0,1.0,1.0,68.2,52.0,0.0,1.0,1.0,61.83333333,1.0,1.0,0.0,31.0,44.36666667,70.0,67.53333333,100.0,2.0,80.0,60.0,0,False,False,False,False,False
2025-01-28 06:15:00,0.0,1.0,1.0,68.2,52.0,0.0,1.0,1.0,62.4,1.0,1.0,0.0,32.0,45.26666667,70.0,68.86666667,100.0,2.0,80.0,60.0,0,False,False,False,False,False
2025-01-28 06:30:00,0.0,1.0,1.0,68.2,52.0,16.66666667,1.333333333,1.0,61.3,1.0,1.0,0.0,32.0,44.03333333,70.0,67.1,100.0,2.0,80.0,60.0,0,False,False,False,False,False
2025-01-28 06:45:00,0.0,1.0,1.0,68.2,52.0,0.0,1.0,1.0,62.63333333,1.0,1.0,0.0,32.0,44.4,70.0,69.56666667,100.0,2.0,80.0,60.0,0,False,False,False,False,False
2025-01-28 07:00:00,0.0,1.0,1.0,68.2,52.0,0.0,1.0,1.0,61.33333333,1.0,1.0,0.0,32.33333333,43.76666667,70.0,67.3,100.0,2.0,80.0,60.0,0,False,False,False,False,False
2025-01-28 07:15:00,0.0,1.0,1.0,68.2,52.0,0.0,1.0,1.0,62.4,1.0,1.0,0.0,33.66666667,43.93333333,70.0,68.76666667,100.0,2.0,80.0,60.0,0,False,False,False,False,False
2025-01-28 07:30:00,0.0,1.0,1.0,68.2,52.0,0.0,1.0,1.0,61.46666667,1.0,1.0,0.0,33.0,43.76666667,70.0,67.43333333,100.0,2.0,80.0,60.0,0,False,False,False,False,False
2025-01-28 07:45:00,0.0,1.0,1.0,68.2,52.0,0.0,1.0,1.0,62.5,1.0,1.0,0.0,34.0,44.2,70.0,68.93333333,100.0,2.0,80.0,60.0,0,False,False,False,False,False
2025-01-28 08:00:00,0.0,1.0,1.0,68.2,52.0,0.0,1.0,1.0,61.6,1.0,1.0,0.0,34.0,44.73333333,70.0,67.43333333,100.0,2.0,80.0,60.0,0,False,False,False,False,False
2025-01-28 08:15:00,0.0,1.0,1.0,68.2,52.0,16.66666667,1.333333333,1.0,62.4,1.0,1.0,0.0,34.0,44.7,70.0,68.73333333,100.0,2.0,80.0,60.0,0,False,False,False,False,False
2025-01-28 08:30:00,0.0,1.0,1.0,68.2,52.0,0.0,1.0,1.0,61.86666667,1.0,1.0,0.0,34.0,45.16666667,70.0,67.93333333,100.0,2.0,80.0,60.0,0,False,False,False,False,False
2025-01-28 08:45:00,0.0,1.0,1.0,68.2,52.0,16.66666667,1.333333333,1.0,61.7,1.0,1.0,0.0,34.33333333,44.53333333,70.0,67.3,100.0,2.0,80.0,60.0,0,False,False,False,False,False
2025-01-28 09:00:00,0.0,1.0,1.0,68.2,52.0,0.0,1.0,1.0,62.6,1.0,1.0,0.0,34.66666667,45.6,70.0,69.13333333,100.0,2.0,80.0,60.0,0,False,False,False,False,False
2025-01-28 09:15:00,0.0,1.0,1.0,68.2,52.0,16.66666667,1.333333333,1.0,61.36666667,1.0,1.0,0.0,34.33333333,45.16666667,70.0,67.1,100.0,2.0,80.0,60.0,0,False,False,False,False,False
2025-01-28 09:30:00,0.0,1.0,1.0,68.2,52.0,0.0,1.0,1.0,62.7,1.0,1.0,0.0,35.33333333,45.76666667,70.0,69.5,100.0,2.0,80.0,60.0,0,False,False,False,False,False
2025-01-28 09:45:00,0.0,1.0,1.0,68.2,52.0,16.66666667,1.333333333,1.0,62.66666667,1.0,1.0,0.0,35.33333333,45.7,70.0,69.13333333,100.0,2.0,80.0,60.0,0,False,False,False,False,False
2025-01-28 10:00:00,0.0,1.0,1.0,68.2,52.0,0.0,1.0,1.0,62.46666667,1.0,1.0,0.0,35.33333333,45.2,70.0,68.7,100.0,2.0,80.0,60.0,0,False,False,False,False,False
2025-01-28 10:15:00,0.0,1.0,1.0,68.2,52.0,0.0,1.0,1.0,62.56666667,1.0,1.0,0.0,36.0,45.93333333,70.0,68.9,100.0,2.0,80.0,60.0,0,False,False,False,False,False
2025-01-28 10:30:00,0.0,1.0,1.0,68.2,52.0,0.0,1.0,1.0,63.0,1.0,1.0,0.0,36.0,45.43333333,70.0,70.0,100.0,2.0,80.0,60.0,0,False,False,False,False,False
2025-01-28 10:45:00,0.0,1.0,1.0,68.2,52.0,16.66666667,1.333333333,1.0,62.53333333,1.0,1.0,0.0,36.0,45.26666667,70.0,68.7,100.0,2.0,80.0,60.0,0,False,False,False,False,False
2025-01-28 11:00:00,0.0,1.0,1.0,68.2,52.0,16.66666667,1.333333333,1.0,62.3,1.0,1.0,0.0,36.0,45.76666667,70.0,68.33333333,100.0,2.0,80.0,60.0,0,False,False,False,False,False
2025-01-28 11:15:00,0.0,1.0,1.0,68.2,52.0,0.0,1.0,1.0,62.93333333,1.0,1.0,0.0,36.66666667,46.6,70.0,69.9,100.0,2.0,80.0,60.0,0,False,False,False,False,False
2025-01-28 11:30:00,0.0,1.0,1.0,68.2,52.0,16.66666667,1.333333333,1.0,62.46666667,1.0,1.0,0.0,36.66666667,45.6,70.0,68.9,100.0,2.0,80.0,60.0,0,False,False,False,False,False
2025-01-28 11:45:00,0.0,1.0,1.0,68.2,52.0,16.66666667,1.333333333,1.0,62.2,1.0,1.0,0.0,37.33333333,45.6,70.0,68.2,100.0,2.0,80.0,60.0,0,False,False,False,False,False
2025-01-28 12:00:00,0.0,1.0,1.0,68.2,52.0,0.0,1.0,1.0,62.6,1.0,1.0,0.0,37.0,46.7,70.0,69.5,100.0,2.0,80.0,60.0,0,False,False,False,False,False
2025-01-28 12:15:00,0.0,1.0,1.0,68.2,52.0,16.66666667,1.333333333,1.0,62.56666667,1.0,1.0,0.0,38.0,44.7,70.0,69.16666667,100.0,2.0,80.0,60.0,0,False,False,False,False,False
2025-01-28 12:30:00,0.0,1.0,1.0,68.2,52.0,16.66666667,1.333333333,1.0,61.96666667,1.0,1.0,0.0,38.0,43.96666667,70.0,68.06666667,100.0,2.0,80.0,60.0,0,False,False,False,False,False
2025-01-28 12:45:00,0.0,1.0,1.0,68.2,52.0,0.0,1.0,1.0,62.46666667,1.0,1.0,0.0,38.0,44.83333333,70.0,69.6,100.0,2.0,80.0,60.0,0,False,False,False,False,False
2025-01-28 13:00:00,0.0,1.0,1.0,68.2,52.0,16.66666667,1.333333333,1.0,62.33333333,1.0,1.0,0.0,39.0,44.76666667,70.0,68.86666667,100.0,2.0,80.0,60.0,0,False,False,False,False,False
2025-01-28 13:15:00,0.0,1.0,1.0,68.2,52.0,16.66666667,1.333333333,1.0,62.1,1.0,1.0,0.0,38.0,45.83333333,70.0,68.43333333,100.0,2.0,80.0,60.0,0,False,False,False,False,False
2025-01-28 13:30:00,0.0,1.0,1.0,68.2,52.0,0.0,1.0,1.0,62.76666667,1.0,1.0,0.0,38.33333333,45.93333333,70.0,69.9,100.0,2.0,80.0,60.0,0,False,False,False,False,False
2025-01-28 13:45:00,0.0,1.0,1.0,68.2,52.0,0.0,1.0,1.0,62.23333333,1.0,1.0,0.0,37.66666667,46.83333333,70.0,68.3,100.0,2.0,80.0,60.0,0,False,False,False,False,False
2025-01-28 14:00:00,0.0,1.0,1.0,68.2,52.0,0.0,1.0,1.0,62.3,1.0,1.0,0.0,36.0,47.0,70.0,68.1,100.0,2.0,80.0,60.0,0,False,False,False,False,False
2025-01-28 14:15:00,0.0,1.0,1.0,68.2,52.0,0.0,1.0,1.0,62.1,1.0,1.0,0.0,35.0,47.73333333,70.0,68.1,100.0,2.0,80.0,60.0,0,False,False,False,False,False
2025-01-28 14:30:00,0.0,1.0,1.0,68.2,52.0,0.0,1.0,1.0,62.1,1.0,1.0,0.0,35.0,48.33333333,70.0,68.1,100.0,2.0,80.0,60.0,0,False,False,False,False,False
2025-01-28 14:45:00,0.0,1.0,1.0,68.2,52.0,0.0,1.0,1.0,62.36666667,1.0,1.0,0.0,34.0,49.46666667,70.0,68.1,100.0,2.0,80.0,60.0,0,False,False,False,False,False
2025-01-28 15:00:00,0.0,1.0,1.0,68.2,52.0,0.0,1.0,1.0,62.6,1.0,1.0,0.0,33.0,50.43333333,70.0,68.1,100.0,2.0,80.0,60.0,0,False,False,False,False,False
2025-01-28 15:15:00,0.0,1.0,1.0,68.2,52.0,0.0,1.0,1.0,62.7,1.0,1.0,0.0,32.33333333,51.73333333,70.0,68.1,100.0,2.0,80.0,60.0,0,False,False,False,False,False
2025-01-28 15:30:00,0.0,1.0,1.0,68.2,52.0,0.0,1.0,1.0,62.76666667,1.0,1.0,0.0,32.0,52.03333333,70.0,68.43333333,100.0,2.0,80.0,60.0,0,False,False,False,False,False
2025-01-28 15:45:00,0.0,1.0,1.0,68.2,52.0,0.0,1.0,1.0,63.0,1.0,1.0,0.0,32.0,52.26666667,70.0,69.1,100.0,2.0,80.0,60.0,0,False,False,False,False,False
2025-01-28 16:00:00,0.0,1.0,1.0,68.2,52.0,0.0,1.0,1.0,63.36666667,1.0,1.0,0.0,31.66666667,53.46666667,70.0,69.4,100.0,2.0,80.0,60.0,0,False,False,False,False,False
2025-01-28 16:15:00,0.0,1.0,1.0,68.2,52.0,0.0,1.0,1.0,63.5,1.0,1.0,0.0,31.0,53.36666667,70.0,69.4,100.0,2.0,80.0,60.0,0,False,False,False,False,False
2025-01-28 16:30:00,0.0,1.0,1.0,68.2,52.0,0.0,1.0,1.0,63.66666667,1.0,1.0,0.0,31.0,54.23333333,70.0,69.4,100.0,2.0,80.0,60.0,0,False,False,False,False,False
2025-01-28 16:45:00,0.0,1.0,1.0,68.2,52.0,0.0,1.0,1.0,63.86666667,1.0,1.0,0.0,30.66666667,55.26666667,70.0,69.46666667,100.0,2.0,80.0,60.0,0,False,False,False,False,False
2025-01-28 17:00:00,0.0,1.0,1.0,68.2,52.0,0.0,1.0,1.0,64.06666667,1.0,1.0,0.0,30.0,55.73333333,70.0,69.7,100.0,2.0,80.0,60.0,0,False,False,False,False,False
2025-01-28 17:15:00,0.0,1.0,1.0,68.2,52.0,0.0,1.0,1.0,64.2,1.0,1.0,0.0,30.0,56.93333333,70.0,69.7,100.0,2.0,80.0,60.0,0,False,False,False,False,False
2025-01-28 17:30:00,0.0,1.0,1.0,68.2,52.0,0.0,1.0,1.0,64.2,1.0,1.0,0.0,29.0,57.76666667,70.0,69.7,100.0,2.0,80.0,60.0,0,False,False,False,False,False
2025-01-28 17:45:00,0.0,1.0,1.0,68.2,52.0,0.0,1.0,1.0,64.36666667,1.0,1.0,0.0,29.0,58.5,70.0,69.83333333,100.0,2.0,80.0,60.0,0,False,False,False,False,False
2025-01-28 18:00:00,0.0,1.0,1.0,68.2,52.0,0.0,1.0,1.0,64.53333333,1.0,1.0,0.0,28.0,58.33333333,70.0,70.03333333,100.0,2.0,80.0,60.0,0,False,False,False,False,False
2025-01-28 18:15:00,0.0,1.0,1.0,68.2,52.0,0.0,1.0,1.0,64.66666667,1.0,1.0,0.0,28.0,59.16666667,70.0,70.16666667,100.0,2.0,80.0,60.0,0,False,False,False,False,False
2025-01-28 18:30:00,0.0,1.0,1.0,68.2,52.0,0.0,1.0,1.0,64.93333333,1.0,1.0,0.0,28.0,60.0,70.0,70.56666667,100.0,2.0,80.0,60.0,0,False,False,False,False,False
2025-01-28 18:45:00,0.0,1.0,1.0,68.2,52.0,0.0,1.0,1.0,65.0,1.0,1.0,0.0,28.0,59.6,70.0,70.8,100.0,2.0,80.0,60.0,0,False,False,False,False,False
2025-01-28 19:00:00,0.0,1.0,1.0,68.2,52.0,0.0,1.0,1.0,65.06666667,1.0,1.0,0.0,28.0,60.6,70.0,70.56666667,100.0,2.0,80.0,60.0,0,False,False,False,False,False
2025-01-28 19:15:00,0.0,1.0,1.0,68.2,52.0,0.0,1.0,1.0,65.1,1.0,1.0,0.0,28.0,61.03333333,70.0,70.23333333,100.0,2.0,80.0,60.0,0,False,False,False,False,False
2025-01-28 19:30:00,0.0,1.0,1.0,68.2,52.0,0.0,1.0,1.0,65.1,1.0,1.0,0.0,27.33333333,61.26666667,70.0,69.86666667,100.0,2.0,80.0,60.0,0,False,False,False,False,False
2025-01-28 19:45:00,0.0,1.0,1.0,68.2,52.0,0.0,1.0,1.0,65.1,1.0,1.0,0.0,27.0,60.43333333,70.0,69.76666667,100.0,2.0,80.0,60.0,0,False,False,False,False,False
2025-01-28 20:00:00,0.0,1.0,1.0,68.2,52.0,0.0,1.0,1.0,65.1,1.0,1.0,0.0,27.0,61.06666667,70.0,69.7,100.0,2.0,80.0,60.0,0,False,False,False,False,False
2025-01-28 20:15:00,0.0,1.0,1.0,68.2,52.0,0.0,1.0,1.0,65.16666667,1.0,1.0,0.0,27.0,61.96666667,70.0,69.7,100.0,2.0,80.0,60.0,0,False,False,False,False,False
2025-01-28 20:30:00,0.0,1.0,1.0,68.2,52.0,0.0,1.0,1.0,65.3,1.0,1.0,0.0,27.0,62.13333333,70.0,69.46666667,100.0,2.0,80.0,60.0,0,False,False,False,False,False
2025-01-28 20:45:00,0.0,1.0,1.0,68.2,52.0,0.0,1.0,1.0,65.23333333,1.0,1.0,0.0,27.0,62.0,70.0,69.4,100.0,2.0,80.0,60.0,0,False,False,False,False,False
2025-01-28 21:00:00,0.0,1.0,1.0,68.2,52.0,0.0,1.0,1.0,65.1,1.0,1.0,0.0,27.33333333,60.33333333,70.0,69.26666667,100.0,2.0,80.0,60.0,0,False,False,False,False,False
2025-01-28 21:15:00,0.0,1.0,1.0,68.2,52.0,0.0,1.0,1.0,65.1,1.0,1.0,0.0,28.0,59.26666667,70.0,68.93333333,100.0,2.0,80.0,60.0,0,False,False,False,False,False
2025-01-28 21:30:00,0.0,1.0,1.0,68.2,52.0,0.0,1.0,1.0,65.03333333,1.0,1.0,0.0,28.0,59.53333333,70.0,68.66666667,100.0,2.0,80.0,60.0,0,False,False,False,False,False
2025-01-28 21:45:00,0.0,1.0,1.0,68.2,52.0,0.0,1.0,1.0,64.93333333,1.0,1.0,0.0,28.33333333,58.7,70.0,68.46666667,100.0,2.0,80.0,60.0,0,False,False,False,False,False
2025-01-28 22:00:00,0.0,1.0,1.0,68.2,52.0,0.0,1.0,1.0,64.73333333,1.0,1.0,0.0,29.0,58.96666667,70.0,68.36666667,100.0,2.0,80.0,60.0,0,False,False,False,False,False
2025-01-28 22:15:00,0.0,1.0,1.0,68.2,52.0,0.0,1.0,1.0,64.6,1.0,1.0,0.0,29.0,58.36666667,70.0,68.3,100.0,2.0,80.0,60.0,0,False,False,False,False,False
2025-01-28 22:30:00,0.0,1.0,1.0,68.2,52.0,0.0,1.0,1.0,64.43333333,1.0,1.0,0.0,29.33333333,57.86666667,70.0,67.8,100.0,2.0,80.0,60.0,0,False,False,False,False,False
2025-01-28 22:45:00,0.0,1.0,1.0,68.2,52.0,0.0,1.0,1.0,64.3,1.0,1.0,0.0,30.0,56.83333333,70.0,67.8,100.0,2.0,80.0,60.0,0,False,False,False,False,False
2025-01-28 23:00:00,0.0,1.0,1.0,68.2,52.0,0.0,1.0,1.0,64.3,1.0,1.0,0.0,30.33333333,56.3,70.0,67.66666667,100.0,2.0,80.0,60.0,0,False,False,False,False,False
2025-01-28 23:15:00,0.0,1.0,1.0,68.2,52.0,0.0,1.0,1.0,64.3,1.0,1.0,0.0,31.0,55.66666667,70.0,67.6,100.0,2.0,80.0,60.0,0,False,False,False,False,False
2025-01-28 23:30:00,0.0,1.0,1.0,68.2,52.0,0.0,1.0,1.0,64.23333333,1.0,1.0,0.0,31.0,55.6,70.0,67.6,100.0,2.0,80.0,60.0,0,False,False,False,False,False
2025-01-28 23:45:00,0.0,1.0,1.0,68.2,52.0,16.66666667,1.333333333,1.0,64.13333333,1.0,1.0,0.0,31.66666667,55.03333333,70.0,67.56666667,100.0,2.0,80.0,60.0,0,False,False,False,False,False
2025-01-29 00:00:00,0.0,1.0,1.0,68.2,52.0,0.0,1.0,1.0,65.2,1.0,1.0,0.0,32.0,56.86666667,70.0,69.86666667,100.0,2.0,80.0,60.0,0,False,False,False,False,False
2025-01-29 00:15:00,0.0,1.0,1.0,68.2,52.0,0.0,1.0,1.0,64.43333333,1.0,1.0,0.0,32.0,56.16666667,70.0,68.43333333,100.0,2.0,80.0,60.0,0,False,False,False,False,False
2025-01-29 00:30:00,0.0,1.0,1.0,68.2,52.0,0.0,1.0,1.0,64.06666667,1.0,1.0,0.0,32.0,55.06666667,70.0,67.93333333,100.0,2.0,80.0,60.0,0,False,False,False,False,False
2025-01-29 00:45:00,0.0,1.0,1.0,68.2,52.0,0.0,1.0,1.0,64.5,1.0,1.0,0.0,32.0,54.56666667,70.0,68.2,100.0,2.0,80.0,60.0,0,False,False,False,False,False
2025-01-29 01:00:00,0.0,1.0,1.0,68.2,52.0,0.0,1.0,1.0,65.33333333,1.0,1.0,0.0,32.0,55.5,70.0,69.8,100.0,2.0,80.0,60.0,0,False,False,False,False,False
2025-01-29 01:15:00,0.0,1.0,1.0,68.2,52.0,0.0,1.0,1.0,64.53333333,1.0,1.0,0.0,32.66666667,54.7,70.0,68.43333333,100.0,2.0,80.0,60.0,0,False,False,False,False,False
2025-01-29 01:30:00,0.0,1.0,1.0,68.2,52.0,0.0,1.0,1.0,64.3,1.0,1.0,0.0,33.0,54.13333333,70.0,67.96666667,100.0,2.0,80.0,60.0,0,False,False,False,False,False
2025-01-29 01:45:00,0.0,1.0,1.0,68.2,52.0,0.0,1.0,1.0,64.26666667,1.0,1.0,0.0,33.0,53.6,70.0,67.9,100.0,2.0,80.0,60.0,0,False,False,False,False,False
2025-01-29 02:00:00,0.0,1.0,1.0,68.2,52.0,16.66666667,1.333333333,1.0,64.2,1.0,1.0,0.0,33.0,53.8,70.0,67.83333333,100.0,2.0,80.0,60.0,0,False,False,False,False,False
2025-01-29 02:15:00,0.0,1.0,1.0,68.2,52.0,0.0,1.0,1.0,65.4,1.0,1.0,0.0,33.0,54.86666667,70.0,70.1,100.0,2.0,80.0,60.0,0,False,False,False,False,False
2025-01-29 02:30:00,0.0,1.0,1.0,68.2,52.0,0.0,1.0,1.0,64.46666667,1.0,1.0,0.0,33.0,54.2,70.0,68.36666667,100.0,2.0,80.0,60.0,0,False,False,False,False,False
2025-01-29 02:45:00,0.0,1.0,1.0,68.2,52.0,0.0,1.0,1.0,64.13333333,1.0,1.0,0.0,33.0,53.8,70.0,67.9,100.0,2.0,80.0,60.0,0,False,False,False,False,False
2025-01-29 03:00:00,0.0,1.0,1.0,68.2,52.0,0.0,1.0,1.0,64.23333333,1.0,1.0,0.0,33.66666667,53.4,70.0,68.2,100.0,2.0,80.0,60.0,0,False,False,False,False,False
2025-01-29 03:15:00,0.0,1.0,1.0,68.2,52.0,0.0,1.0,1.0,65.03333333,1.0,1.0,0.0,34.0,54.53333333,70.0,69.63333333,100.0,2.0,80.0,60.0,0,False,False,False,False,False
2025-01-29 03:30:00,0.0,1.0,1.0,68.2,52.0,0.0,1.0,1.0,64.26666667,1.0,1.0,0.0,34.0,53.63333333,70.0,68.3,100.0,2.0,80.0,60.0,0,False,False,False,False,False
2025-01-29 03:45:00,0.0,1.0,1.0,68.2,52.0,0.0,1.0,1.0,64.2,1.0,1.0,0.0,34.0,53.06666667,70.0,68.16666667,100.0,2.0,80.0,60.0,0,False,False,False,False,False
2025-01-29 04:00:00,0.0,1.0,1.0,68.2,52.0,0.0,1.0,1.0,64.0,1.0,1.0,0.0,34.66666667,52.53333333,70.0,67.9,100.0,2.0,80.0,60.0,0,False,False,False,False,False
2025-01-29 04:15:00,0.0,1.0,1.0,68.2,52.0,16.66666667,1.333333333,1.0,64.0,1.0,1.0,0.0,35.33333333,52.63333333,70.0,67.8,100.0,2.0,80.0,60.0,0,False,False,False,False,False
2025-01-29 04:30:00,0.0,1.0,1.0,68.2,52.0,0.0,1.0,1.0,65.16666667,1.0,1.0,0.0,35.0,53.8,70.0,70.03333333,100.0,2.0,80.0,60.0,0,False,False,False,False,False
2025-01-29 04:45:00,0.0,1.0,1.0,68.2,52.0,0.0,1.0,1.0,64.4,1.0,1.0,0.0,35.33333333,53.3,70.0,68.36666667,100.0,2.0,80.0,60.0,0,False,False,False,False,False
2025-01-29 05:00:00,0.0,1.0,1.0,68.2,52.0,0.0,1.0,1.0,63.86666667,1.0,1.0,0.0,36.0,52.8,70.0,67.83333333,100.0,2.0,80.0,60.0,0,False,False,False,False,False
2025-01-29 05:15:00,0.0,1.0,1.0,68.2,52.0,16.66666667,1.333333333,1.0,64.33333333,1.0,1.0,0.0,36.0,52.86666667,70.0,68.66666667,100.0,2.0,80.0,60.0,0,False,False,False,False,False
2025-01-29 05:30:00,0.0,1.0,1.0,68.2,52.0,0.0,1.0,1.0,64.56666667,1.0,1.0,0.0,36.0,54.03333333,70.0,69.03333333,100.0,2.0,80.0,60.0,0,False,False,False,False,False
2025-01-29 05:45:00,0.0,1.0,1.0,68.2,52.0,0.0,1.0,1.0,64.0,1.0,1.0,0.0,36.0,53.13333333,70.0,68.36666667,100.0,2.0,80.0,60.0,0,False,False,False,False,False
2025-01-29 06:00:00,0.0,1.0,1.0,68.2,52.0,0.0,1.0,1.0,63.73333333,1.0,1.0,0.0,37.0,52.43333333,70.0,68.03333333,100.0,2.0,80.0,60.0,0,False,False,False,False,False
2025-01-29 06:15:00,0.0,1.0,1.0,68.2,52.0,0.0,1.0,1.0,63.63333333,1.0,1.0,0.0,37.0,52.13333333,70.0,67.8,100.0,2.0,80.0,60.0,0,False,False,False,False,False
2025-01-29 06:30:00,0.0,1.0,1.0,68.2,52.0,16.66666667,1.333333333,1.0,64.0,1.0,1.0,0.0,38.0,52.03333333,70.0,68.56666667,100.0,2.0,80.0,60.0,0,False,False,False,False,False
2025-01-29 06:45:00,0.0,1.0,1.0,68.2,52.0,0.0,1.0,1.0,64.53333333,1.0,1.0,0.0,38.0,53.5,70.0,69.26666667,100.0,2.0,80.0,60.0,0,False,False,False,False,False
2025-01-29 07:00:00,0.0,1.0,1.0,68.2,52.0,0.0,1.0,1.0,63.73333333,1.0,1.0,0.0,38.0,52.63333333,70.0,68.0,100.0,2.0,80.0,60.0,0,False,False,False,False,False
2025-01-29 07:15:00,0.0,1.0,1.0,68.2,52.0,16.66666667,1.333333333,1.0,64.36666667,1.0,1.0,0.0,39.0,52.33333333,70.0,69.13333333,100.0,2.0,80.0,60.0,0,False,False,False,False,False
2025-01-29 07:30:00,0.0,1.0,1.0,68.2,52.0,0.0,1.0,1.0,64.16666667,1.0,1.0,0.0,39.0,52.93333333,70.0,68.63333333,100.0,2.0,80.0,60.0,0,False,False,False,False,False
2025-01-29 07:45:00,0.0,1.0,1.0,68.2,52.0,16.66666667,1.333333333,1.0,63.63333333,1.0,1.0,0.0,39.0,51.83333333,70.0,67.86666667,100.0,2.0,80.0,60.0,0,False,False,False,False,False
2025-01-29 08:00:00,0.0,1.0,1.0,68.2,52.0,0.0,1.0,1.0,64.7,1.0,1.0,0.0,40.0,52.5,70.0,69.86666667,100.0,2.0,80.0,60.0,0,False,False,False,False,False
2025-01-29 08:15:00,0.0,1.0,1.0,68.2,52.0,0.0,1.0,1.0,63.83333333,1.0,1.0,0.0,39.0,52.23333333,70.0,68.13333333,100.0,2.0,80.0,60.0,0,False,False,False,False,False
2025-01-29 08:30:00,0.0,1.0,1.0,68.2,52.0,0.0,1.0,1.0,63.93333333,1.0,1.0,0.0,40.0,51.93333333,70.0,68.46666667,100.0,2.0,80.0,60.0,0,False,False,False,False,False
2025-01-29 08:45:00,0.0,1.0,1.0,68.2,52.0,0.0,1.0,1.0,64.63333333,1.0,1.0,0.0,40.0,52.8,70.0,69.76666667,100.0,2.0,80.0,60.0,0,False,False,False,False,False
2025-01-29 09:00:00,0.0,1.0,1.0,68.2,52.0,0.0,1.0,1.0,64.03333333,1.0,1.0,0.0,40.0,52.43333333,70.0,68.5,100.0,2.0,80.0,60.0,0,False,False,False,False,False
2025-01-29 09:15:00,0.0,1.0,1.0,68.2,52.0,0.0,1.0,1.0,63.53333333,1.0,1.0,0.0,40.0,51.7,70.0,67.86666667,100.0,2.0,80.0,60.0,0,False,False,False,False,False
2025-01-29 09:30:00,0.0,1.0,1.0,68.2,52.0,16.66666667,1.333333333,1.0,64.2,1.0,1.0,0.0,40.0,51.53333333,70.0,68.83333333,100.0,2.0,80.0,60.0,0,False,False,False,False,False
2025-01-29 09:45:00,0.0,1.0,1.0,68.2,52.0,0.0,1.0,1.0,64.1,1.0,1.0,0.0,40.0,52.3,70.0,68.56666667,100.0,2.0,80.0,60.0,0,False,False,False,False,False
2025-01-29 10:00:00,0.0,1.0,1.0,68.2,52.0,0.0,1.0,1.0,63.53333333,1.0,1.0,0.0,40.0,51.63333333,70.0,67.83333333,100.0,2.0,80.0,60.0,0,False,False,False,False,False
2025-01-29 10:15:00,0.0,1.0,1.0,68.2,52.0,0.0,1.0,1.0,64.4,1.0,1.0,0.0,40.0,53.03333333,70.0,69.76666667,100.0,2.0,80.0,60.0,0,False,False,False,False,False
2025-01-29 10:30:00,0.0,1.0,1.0,68.2,52.0,0.0,1.0,1.0,63.46666667,1.0,1.0,0.0,40.0,52.43333333,70.0,68.06666667,100.0,2.0,80.0,60.0,0,False,False,False,False,False
2025-01-29 10:45:00,0.0,1.0,1.0,68.2,52.0,16.66666667,1.333333333,1.0,64.06666667,1.0,1.0,0.0,40.0,51.2,70.0,69.13333333,100.0,2.0,80.0,60.0,0,False,False,False,False,False
2025-01-29 11:00:00,0.0,1.0,1.0,68.2,52.0,0.0,1.0,1.0,63.7,1.0,1.0,0.0,40.0,51.63333333,70.0,68.46666667,100.0,2.0,80.0,60.0,0,False,False,False,False,False
2025-01-29 11:15:00,0.0,1.0,1.0,68.2,52.0,16.66666667,1.333333333,1.0,63.33333333,1.0,1.0,0.0,40.33333333,50.66666667,70.0,67.83333333,100.0,2.0,80.0,60.0,0,False,False,False,False,False
2025-01-29 11:30:00,0.0,1.0,1.0,68.2,52.0,0.0,1.0,1.0,64.4,1.0,1.0,0.0,41.0,51.3,70.0,70.0,100.0,2.0,80.0,60.0,0,False,False,False,False,False
2025-01-29 11:45:00,0.0,1.0,1.0,68.2,52.0,0.0,1.0,1.0,63.33333333,1.0,1.0,0.0,40.0,50.73333333,70.0,68.06666667,100.0,2.0,80.0,60.0,0,False,False,False,False,False
2025-01-29 12:00:00,0.0,1.0,1.0,68.2,52.0,16.66666667,1.333333333,1.0,64.0,1.0,1.0,0.0,41.0,50.16666667,70.0,69.43333333,100.0,2.0,80.0,60.0,0,False,False,False,False,False
2025-01-29 12:15:00,0.0,1.0,1.0,68.2,52.0,0.0,1.0,1.0,63.46666667,1.0,1.0,0.0,41.0,50.83333333,70.0,68.33333333,100.0,2.0,80.0,60.0,0,False,False,False,False,False
2025-01-29 12:30:00,0.0,1.0,1.0,68.2,52.0,16.66666667,1.333333333,1.0,63.4,1.0,1.0,0.0,41.0,49.6,70.0,68.46666667,100.0,2.0,80.0,60.0,0,False,False,False,False,False
2025-01-29 12:45:00,0.0,1.0,1.0,68.2,52.0,0.0,1.0,1.0,63.9,1.0,1.0,0.0,41.0,51.16666667,70.0,69.3,100.0,2.0,80.0,60.0,0,False,False,False,False,False
2025-01-29 13:00:00,0.0,1.0,1.0,68.2,52.0,0.0,1.0,1.0,63.03333333,1.0,1.0,0.0,41.0,51.03333333,70.0,67.86666667,100.0,2.0,80.0,60.0,0,False,False,False,False,False
2025-01-29 13:15:00,0.0,1.0,1.0,68.2,52.0,0.0,1.0,1.0,64.2,1.0,1.0,0.0,42.0,52.13333333,70.0,69.93333333,100.0,2.0,80.0,60.0,0,False,False,False,False,False
2025-01-29 13:30:00,0.0,1.0,1.0,68.2,52.0,0.0,1.0,1.0,63.53333333,1.0,1.0,0.0,41.0,52.36666667,70.0,68.73333333,100.0,2.0,80.0,60.0,0,False,False,False,False,False
2025-01-29 13:45:00,0.0,1.0,1.0,68.2,52.0,0.0,1.0,1.0,63.53333333,1.0,1.0,0.0,40.33333333,53.23333333,70.0,68.46666667,100.0,2.0,80.0,60.0,0,False,False,False,False,False
2025-01-29 14:00:00,0.0,1.0,1.0,68.2,52.0,0.0,1.0,1.0,63.73333333,1.0,1.0,0.0,38.66666667,53.23333333,70.0,68.4,100.0,2.0,80.0,60.0,0,False,False,False,False,False
2025-01-29 14:15:00,0.0,1.0,1.0,68.2,52.0,0.0,1.0,1.0,63.8,1.0,1.0,0.0,38.0,53.23333333,70.0,68.5,100.0,2.0,80.0,60.0,0,False,False,False,False,False
2025-01-29 14:30:00,0.0,1.0,1.0,68.2,52.0,0.0,1.0,1.0,64.0,1.0,1.0,0.0,37.66666667,53.23333333,70.0,68.7,100.0,2.0,80.0,60.0,0,False,False,False,False,False
2025-01-29 14:45:00,0.0,1.0,1.0,68.2,52.0,0.0,1.0,1.0,64.23333333,1.0,1.0,0.0,36.33333333,53.86666667,70.0,68.9,100.0,2.0,80.0,60.0,0,False,False,False,False,False
2025-01-29 15:00:00,0.0,1.0,1.0,68.2,52.0,0.0,1.0,1.0,64.4,1.0,1.0,0.0,35.0,55.26666667,70.0,68.93333333,100.0,2.0,80.0,60.0,0,False,False,False,False,False
2025-01-29 15:15:00,0.0,1.0,1.0,68.2,52.0,0.0,1.0,1.0,64.66666667,1.0,1.0,0.0,34.0,54.7,70.0,69.26666667,100.0,2.0,80.0,60.0,0,False,False,False,False,False
2025-01-29 15:30:00,0.0,1.0,1.0,68.2,52.0,0.0,1.0,1.0,64.8,1.0,1.0,0.0,34.0,53.76666667,70.0,69.66666667,100.0,2.0,80.0,60.0,0,False,False,False,False,False
2025-01-29 15:45:00,0.0,1.0,1.0,68.2,52.0,0.0,1.0,1.0,64.9,1.0,1.0,0.0,34.0,54.1,70.0,70.36666667,100.0,2.0,80.0,60.0,0,False,False,False,False,False
2025-01-29 16:00:00,0.0,1.0,1.0,68.2,52.0,0.0,1.0,1.0,65.3,1.0,1.0,0.0,33.33333333,54.93333333,70.0,70.5,100.0,2.0,80.0,60.0,0,False,False,False,False,False
2025-01-29 16:15:00,0.0,1.0,1.0,68.2,52.0,0.0,1.0,1.0,65.33333333,1.0,1.0,0.0,33.0,54.73333333,70.0,70.5,100.0,2.0,80.0,60.0,0,False,False,False,False,False
2025-01-29 16:30:00,0.0,1.0,1.0,68.2,52.0,0.0,1.0,1.0,65.4,1.0,1.0,0.0,32.0,56.36666667,70.0,70.5,100.0,2.0,80.0,60.0,0,False,False,False,False,False
2025-01-29 16:45:00,0.0,1.0,1.0,68.2,52.0,0.0,1.0,1.0,65.46666667,1.0,1.0,0.0,31.66666667,56.3,70.0,70.6,100.0,2.0,80.0,60.0,0,False,False,False,False,False
2025-01-29 17:00:00,0.0,1.0,1.0,68.2,52.0,0.0,1.0,1.0,65.66666667,1.0,1.0,0.0,31.0,57.33333333,70.0,71.1,100.0,2.0,80.0,60.0,0,False,False,False,False,False
2025-01-29 17:15:00,0.0,1.0,1.0,68.2,52.0,0.0,1.0,1.0,65.96666667,1.0,1.0,0.0,29.66666667,58.06666667,70.0,71.03333333,100.0,2.0,80.0,60.0,0,False,False,False,False,False
2025-01-29 17:30:00,0.0,1.0,1.0,68.2,52.0,0.0,1.0,1.0,66.1,1.0,1.0,0.0,29.0,58.36666667,70.0,70.9,100.0,2.0,80.0,60.0,0,False,False,False,False,False
2025-01-29 17:45:00,0.0,1.0,1.0,68.2,52.0,0.0,1.0,1.0,66.1,1.0,1.0,0.0,28.0,58.26666667,70.0,70.96666667,100.0,2.0,80.0,60.0,0,False,False,False,False,False
2025-01-29 18:00:00,0.0,1.0,1.0,68.2,52.0,0.0,1.0,1.0,66.26666667,1.0,1.0,0.0,28.0,59.46666667,70.0,71.13333333,100.0,2.0,80.0,60.0,0,False,False,False,False,False
2025-01-29 18:15:00,0.0,1.0,1.0,68.2,52.0,0.0,1.0,1.0,66.6,1.0,1.0,0.0,27.0,60.1,70.0,71.46666667,100.0,2.0,80.0,60.0,0,False,False,False,False,False
2025-01-29 18:30:00,0.0,1.0,1.0,68.2,52.0,0.0,1.0,1.0,66.7,1.0,1.0,0.0,26.0,60.73333333,70.0,71.66666667,100.0,2.0,80.0,60.0,1,False,False,False,False,False
2025-01-29 18:45:00,0.0,1.0,1.0,71.8,52.0,0.0,1.0,1.0,66.86666667,1.0,1.0,0.0,25.33333333,61.73333333,70.0,71.9,100.0,2.0,80.0,60.0,0,False,False,False,False,False
2025-01-29 19:00:00,11.0,1.0,1.333333333,71.8,52.0,0.0,1.0,1.0,63.46666667,1.0,1.0,0.0,26.0,61.76666667,70.0,71.36666667,100.0,2.0,80.0,60.0,0,False,False,False,False,False
2025-01-29 19:15:00,0.0,1.0,1.0,71.8,52.0,0.0,1.0,1.0,66.63333333,1.0,1.0,0.0,25.66666667,63.33333333,70.0,70.8,100.0,2.0,80.0,60.0,0,False,False,False,False,False
2025-01-29 19:30:00,0.0,1.0,1.0,71.8,52.0,0.0,1.0,1.0,66.7,1.0,1.0,0.0,25.0,62.56666667,70.0,70.8,100.0,2.0,80.0,60.0,0,False,False,False,False,False
2025-01-29 19:45:00,0.0,1.0,1.0,71.8,52.0,0.0,1.0,1.0,66.7,1.0,1.0,0.0,24.0,61.83333333,70.0,70.8,100.0,2.0,80.0,60.0,1,False,False,False,False,False
2025-01-29 20:00:00,0.0,1.0,1.0,71.8,52.0,0.0,1.0,1.0,66.7,1.0,1.0,0.0,23.0,61.03333333,70.0,70.8,100.0,2.0,80.0,60.0,1,False,False,False,False,False
2025-01-29 20:15:00,0.0,1.0,1.0,71.8,52.0,0.0,1.0,1.0,66.7,1.0,1.0,0.0,23.33333333,61.56666667,70.0,70.8,100.0,2.0,80.0,60.0,1,False,False,False,False,False
2025-01-29 20:30:00,0.0,1.0,1.0,71.8,52.0,0.0,1.0,1.0,66.9,1.0,1.0,0.0,24.0,62.5,70.0,70.8,100.0,2.0,80.0,60.0,0,False,False,False,False,False
2025-01-29 20:45:00,0.0,1.0,1.0,71.8,52.0,0.0,1.0,1.0,66.63333333,1.0,1.0,0.0,24.0,61.93333333,70.0,70.66666667,100.0,2.0,80.0,60.0,0,False,False,False,False,False
2025-01-29 21:00:00,0.0,1.0,1.0,71.8,52.0,0.0,1.0,1.0,66.6,1.0,1.0,0.0,23.66666667,60.56666667,70.0,70.6,100.0,2.0,80.0,60.0,0,False,False,False,False,False
2025-01-29 21:15:00,0.0,1.0,1.0,71.8,52.0,0.0,1.0,1.0,66.6,1.0,1.0,0.0,24.0,59.73333333,70.0,70.46666667,100.0,2.0,80.0,60.0,0,False,False,False,False,False
2025-01-29 21:30:00,0.0,1.0,1.0,71.8,52.0,0.0,1.0,1.0,66.46666667,1.0,1.0,0.0,24.0,59.46666667,70.0,70.06666667,100.0,2.0,80.0,60.0,1,False,False,False,False,False
2025-01-29 21:45:00,0.0,1.0,1.0,71.8,52.0,0.0,1.0,1.0,66.2,1.0,1.0,0.0,24.33333333,58.9,70.0,69.8,100.0,2.0,80.0,60.0,1,False,False,False,False,False
2025-01-29 22:00:00,0.0,1.0,1.0,71.8,52.0,0.0,1.0,1.0,66.1,1.0,1.0,0.0,24.33333333,57.83333333,70.0,69.76666667,100.0,2.0,80.0,60.0,1,False,False,False,False,False
2025-01-29 22:15:00,0.0,1.0,1.0,71.8,52.0,0.0,1.0,1.0,65.8,1.0,1.0,0.0,25.0,56.56666667,70.0,69.63333333,100.0,2.0,80.0,60.0,1,False,False,False,False,False
2025-01-29 22:30:00,0.0,1.0,1.0,71.8,52.0,0.0,1.0,1.0,65.6,1.0,1.0,0.0,26.0,56.1,70.0,69.5,100.0,2.0,80.0,60.0,1,False,False,False,False,False
2025-01-29 22:45:00,0.0,1.0,1.0,71.8,52.0,0.0,1.0,1.0,65.4,1.0,1.0,0.0,26.66666667,55.66666667,70.0,69.4,100.0,2.0,80.0,60.0,1,False,False,False,False,False
2025-01-29 23:00:00,0.0,1.0,1.0,71.8,52.0,0.0,1.0,1.0,65.13333333,1.0,1.0,0.0,27.33333333,54.6,70.0,69.2,100.0,2.0,80.0,60.0,1,False,False,False,False,False
2025-01-29 23:15:00,0.0,1.0,1.0,71.8,52.0,0.0,1.0,1.0,65.0,1.0,1.0,0.0,28.33333333,53.9,70.0,69.13333333,100.0,2.0,80.0,60.0,1,False,False,False,False,False
2025-01-29 23:30:00,0.0,1.0,1.0,71.8,52.0,0.0,1.0,1.0,64.73333333,1.0,1.0,0.0,29.0,53.26666667,70.0,69.0,100.0,2.0,80.0,60.0,1,False,False,False,False,False
2025-01-29 23:45:00,0.0,1.0,1.0,71.8,52.0,0.0,1.0,1.0,64.6,1.0,1.0,0.0,30.33333333,53.23333333,70.0,68.9,100.0,2.0,80.0,60.0,1,False,False,False,False,False
2025-01-30 00:00:00,0.0,1.0,1.0,71.8,52.0,0.0,1.0,1.0,64.4,1.0,1.0,0.0,31.66666667,52.93333333,70.0,68.66666667,100.0,2.0,80.0,60.0,1,False,False,False,False,False
2025-01-30 00:15:00,0.0,1.0,1.0,71.8,52.0,0.0,1.0,1.0,64.2,1.0,1.0,0.0,32.0,51.8,70.0,68.6,100.0,2.0,80.0,60.0,1,False,False,False,False,False
2025-01-30 00:30:00,0.0,1.0,1.0,71.8,52.0,0.0,1.0,1.0,64.2,1.0,1.0,0.0,32.0,51.73333333,70.0,68.6,100.0,2.0,80.0,60.0,1,False,False,False,False,False
2025-01-30 00:45:00,0.0,1.0,1.0,71.8,52.0,0.0,1.0,1.0,64.2,1.0,1.0,0.0,32.0,50.66666667,70.0,68.6,100.0,2.0,80.0,60.0,1,False,False,False,False,False
2025-01-30 01:00:00,0.0,1.0,1.0,71.8,52.0,0.0,1.0,1.0,64.2,1.0,1.0,0.0,32.0,51.0,70.0,68.6,100.0,2.0,80.0,60.0,1,False,False,False,False,False
2025-01-30 01:15:00,0.0,1.0,1.0,71.8,52.0,0.0,1.0,1.0,64.2,1.0,1.0,0.0,32.33333333,50.56666667,70.0,68.6,100.0,2.0,80.0,60.0,1,False,False,False,False,False
2025-01-30 01:30:00,0.0,1.0,1.0,71.8,52.0,0.0,1.0,1.0,64.2,1.0,1.0,0.0,33.0,50.86666667,70.0,68.53333333,100.0,2.0,80.0,60.0,1,False,False,False,False,False
2025-01-30 01:45:00,0.0,1.0,1.0,71.8,52.0,0.0,1.0,1.0,64.2,1.0,1.0,0.0,33.66666667,50.56666667,70.0,68.4,100.0,2.0,80.0,60.0,1,False,False,False,False,False
2025-01-30 02:00:00,0.0,1.0,1.0,71.8,52.0,0.0,1.0,1.0,64.06666667,1.0,1.0,0.0,34.33333333,50.26666667,70.0,68.36666667,100.0,2.0,80.0,60.0,1,False,False,False,False,False
2025-01-30 02:15:00,0.0,1.0,1.0,71.8,52.0,0.0,1.0,1.0,63.73333333,1.0,1.0,0.0,36.0,48.73333333,70.0,68.3,100.0,2.0,80.0,60.0,1,False,False,False,False,False
2025-01-30 02:30:00,0.0,1.0,1.0,71.8,52.0,0.0,1.0,1.0,63.7,1.0,1.0,0.0,37.66666667,48.33333333,70.0,68.3,100.0,2.0,80.0,60.0,1,False,False,False,False,False
2025-01-30 02:45:00,0.0,1.0,1.0,69.4,52.0,0.0,1.0,1.0,63.63333333,1.0,1.0,0.0,38.0,48.56666667,70.0,68.16666667,100.0,2.0,80.0,60.0,1,False,False,False,False,False
2025-01-30 03:00:00,0.0,1.0,1.0,68.2,52.0,16.66666667,1.333333333,1.0,63.43333333,1.0,1.0,0.0,38.66666667,47.6,70.0,68.1,100.0,2.0,80.0,60.0,0,False,False,False,False,False
2025-01-30 03:15:00,0.0,1.0,1.0,68.2,52.0,0.0,1.0,1.0,64.56666667,1.0,1.0,0.0,39.66666667,48.7,70.0,70.1,100.0,2.0,80.0,60.0,0,False,False,False,False,False
2025-01-30 03:30:00,0.0,1.0,1.0,68.2,52.0,0.0,1.0,1.0,63.83333333,1.0,1.0,0.0,39.33333333,48.16666667,70.0,68.9,100.0,2.0,80.0,60.0,0,False,False,False,False,False
2025-01-30 03:45:00,0.0,1.0,1.0,68.2,52.0,0.0,1.0,1.0,63.4,1.0,1.0,0.0,41.0,47.26666667,70.0,68.53333333,100.0,2.0,80.0,60.0,0,False,False,False,False,False
2025-01-30 04:00:00,0.0,1.0,1.0,68.2,52.0,0.0,1.0,1.0,63.33333333,1.0,1.0,0.0,41.66666667,46.36666667,70.0,68.3,100.0,2.0,80.0,60.0,0,False,False,False,False,False
2025-01-30 04:15:00,0.0,1.0,1.0,68.2,52.0,0.0,1.0,1.0,63.13333333,1.0,1.0,0.0,43.66666667,45.4,70.0,68.03333333,100.0,2.0,80.0,60.0,0,False,False,False,False,False
2025-01-30 04:30:00,0.0,1.0,1.0,68.2,52.0,0.0,1.0,1.0,63.0,1.0,1.0,0.0,44.0,45.53333333,70.0,67.86666667,100.0,2.0,80.0,60.0,0,False,False,False,False,False
2025-01-30 04:45:00,0.0,1.0,1.0,68.2,52.0,0.0,1.0,1.0,62.9,1.0,1.0,0.0,43.0,45.63333333,70.0,67.8,100.0,2.0,80.0,60.0,0,False,False,False,False,False
2025-01-30 05:00:00,0.0,1.0,1.0,68.2,52.0,0.0,1.0,1.0,62.76666667,1.0,1.0,0.0,44.33333333,45.03333333,70.0,67.66666667,100.0,2.0,80.0,60.0,0,False,False,False,False,False
2025-01-30 05:15:00,0.0,1.0,1.0,68.2,52.0,0.0,1.0,1.0,62.96666667,1.0,1.0,0.0,45.0,44.6,70.0,68.33333333,100.0,2.0,80.0,60.0,0,False,False,False,False,False
2025-01-30 05:30:00,0.0,1.0,1.0,68.2,52.0,0.0,1.0,1.0,63.63333333,1.0,1.0,0.0,45.0,45.0,70.0,69.5,100.0,2.0,80.0,60.0,0,False,False,False,False,False
2025-01-30 05:45:00,0.0,1.0,1.0,68.2,52.0,0.0,1.0,1.0,62.96666667,1.0,1.0,0.0,44.66666667,45.2,70.0,68.26666667,100.0,2.0,80.0,60.0,0,False,False,False,False,False
2025-01-30 06:00:00,0.0,1.0,1.0,68.2,52.0,0.0,1.0,1.0,62.63333333,1.0,1.0,0.0,45.0,43.73333333,70.0,68.03333333,100.0,2.0,80.0,60.0,0,False,False,False,False,False
2025-01-30 06:15:00,0.0,1.0,1.0,68.2,52.0,0.0,1.0,1.0,62.6,1.0,1.0,0.0,47.0,43.23333333,70.0,67.9,100.0,2.0,80.0,60.0,0,False,False,False,False,False
2025-01-30 06:30:00,0.0,1.0,1.0,68.2,52.0,0.0,1.0,1.0,62.7,1.0,1.0,0.0,46.66666667,42.66666667,70.0,68.63333333,100.0,2.0,80.0,60.0,0,False,False,False,False,False
2025-01-30 06:45:00,0.0,1.0,1.0,68.2,52.0,0.0,1.0,1.0,63.36666667,1.0,1.0,0.0,47.0,44.16666667,70.0,69.36666667,100.0,2.0,80.0,60.0,0,False,False,False,False,False
2025-01-30 07:00:00,0.0,1.0,1.0,68.2,52.0,0.0,1.0,1.0,62.56666667,1.0,1.0,0.0,47.0,43.46666667,70.0,68.1,100.0,2.0,80.0,60.0,0,False,False,False,False,False
2025-01-30 07:15:00,0.0,1.0,1.0,68.2,52.0,0.0,1.0,1.0,62.7,1.0,1.0,0.0,48.33333333,42.46666667,70.0,68.5,100.0,2.0,80.0,60.0,0,False,False,False,False,False
2025-01-30 07:30:00,0.0,1.0,1.0,68.2,52.0,0.0,1.0,1.0,63.1,1.0,1.0,0.0,49.0,42.83333333,70.0,69.23333333,100.0,2.0,80.0,60.0,0,False,False,False,False,False
2025-01-30 07:45:00,0.0,1.0,1.0,68.2,52.0,0.0,1.0,1.0,62.43333333,1.0,1.0,0.0,48.0,42.56666667,70.0,67.93333333,100.0,2.0,80.0,60.0,0,False,False,False,False,False
2025-01-30 08:00:00,0.0,1.0,1.0,68.2,52.0,0.0,1.0,1.0,63.3,1.0,1.0,0.0,49.0,41.93333333,70.0,70.03333333,100.0,2.0,80.0,60.0,0,False,False,False,False,False
2025-01-30 08:15:00,0.0,1.0,1.0,68.2,52.0,0.0,1.0,1.0,62.43333333,1.0,1.0,0.0,49.66666667,42.36666667,70.0,68.2,100.0,2.0,80.0,60.0,0,False,False,False,False,False
2025-01-30 08:30:00,0.0,1.0,1.0,68.2,52.0,16.66666667,1.333333333,1.0,62.56666667,1.0,1.0,0.0,50.0,41.53333333,70.0,68.83333333,100.0,2.0,80.0,60.0,0,False,False,False,False,False
2025-01-30 08:45:00,0.0,1.0,1.0,68.2,52.0,0.0,1.0,1.0,62.83333333,1.0,1.0,0.0,49.66666667,42.2,70.0,69.03333333,100.0,2.0,80.0,60.0,0,False,False,False,False,False
2025-01-30 09:00:00,0.0,1.0,1.0,68.2,52.0,16.66666667,1.333333333,1.0,62.13333333,1.0,1.0,0.0,49.0,41.66666667,70.0,68.06666667,100.0,2.0,80.0,60.0,0,False,False,False,False,False
2025-01-30 09:15:00,0.0,1.0,1.0,68.2,52.0,0.0,1.0,1.0,63.1,1.0,1.0,0.0,49.0,42.23333333,70.0,69.93333333,100.0,2.0,80.0,60.0,0,False,False,False,False,False
2025-01-30 09:30:00,0.0,1.0,1.0,68.2,52.0,0.0,1.0,1.0,62.23333333,1.0,1.0,0.0,48.0,42.5,70.0,68.06666667,100.0,2.0,80.0,60.0,0,False,False,False,False,False
2025-01-30 09:45:00,0.0,1.0,1.0,68.2,52.0,16.66666667,1.333333333,1.0,62.73333333,1.0,1.0,0.0,49.33333333,41.36666667,70.0,69.43333333,100.0,2.0,80.0,60.0,0,False,False,False,False,False
2025-01-30 10:00:00,0.0,1.0,1.0,68.2,52.0,0.0,1.0,1.0,62.16666667,1.0,1.0,0.0,51.0,41.6,70.0,68.26666667,100.0,2.0,80.0,60.0,0,False,False,False,False,False
2025-01-30 10:15:00,0.0,1.0,1.0,68.2,52.0,16.66666667,1.333333333,1.0,62.43333333,1.0,1.0,0.0,52.0,40.6,70.0,68.96666667,100.0,2.0,80.0,60.0,0,False,False,False,False,False
2025-01-30 10:30:00,0.0,1.0,1.0,68.2,52.0,0.0,1.0,1.0,62.13333333,1.0,1.0,0.0,52.33333333,41.2,70.0,68.5,100.0,2.0,80.0,60.0,0,False,False,False,False,False
2025-01-30 10:45:00,0.0,1.0,1.0,68.2,52.0,16.66666667,1.333333333,1.0,62.33333333,1.0,1.0,0.0,52.66666667,41.03333333,70.0,68.76666667,100.0,2.0,80.0,60.0,0,False,False,False,False,False
2025-01-30 11:00:00,0.0,1.0,1.0,68.2,52.0,0.0,1.0,1.0,62.4,1.0,1.0,0.0,52.0,42.16666667,70.0,68.56666667,100.0,2.0,80.0,60.0,0,False,False,False,False,False
2025-01-30 11:15:00,0.0,1.0,1.0,68.2,52.0,16.66666667,1.333333333,1.0,62.66666667,1.0,1.0,0.0,51.66666667,41.96666667,70.0,69.3,100.0,2.0,80.0,60.0,0,False,False,False,False,False
2025-01-30 11:30:00,0.0,1.0,1.0,68.2,52.0,0.0,1.0,1.0,62.4,1.0,1.0,0.0,49.33333333,42.9,70.0,68.3,100.0,2.0,80.0,60.0,0,False,False,False,False,False
2025-01-30 11:45:00,0.0,1.0,1.0,68.2,52.0,0.0,1.0,1.0,62.96666667,1.0,1.0,0.0,49.0,42.66666667,70.0,69.76666667,100.0,2.0,80.0,60.0,0,False,False,False,False,False
2025-01-30 12:00:00,0.0,1.0,1.0,68.2,52.0,0.0,1.0,1.0,62.1,1.0,1.0,0.0,50.66666667,42.33333333,70.0,68.1,100.0,2.0,80.0,60.0,0,False,False,False,False,False
2025-01-30 12:15:00,0.0,1.0,1.0,68.2,52.0,0.0,1.0,1.0,63.03333333,1.0,1.0,0.0,51.66666667,42.43333333,70.0,70.23333333,100.0,2.0,80.0,60.0,0,False,False,False,False,False
2025-01-30 12:30:00,0.0,1.0,1.0,68.2,52.0,0.0,1.0,1.0,62.36666667,1.0,1.0,0.0,51.0,42.7,70.0,68.46666667,100.0,2.0,80.0,60.0,0,False,False,False,False,False
2025-01-30 12:45:00,0.0,1.0,1.0,68.2,52.0,0.0,1.0,1.0,62.86666667,1.0,1.0,0.0,52.33333333,42.8,70.0,69.83333333,100.0,2.0,80.0,60.0,0,False,False,False,False,False
2025-01-30 13:00:00,0.0,1.0,1.0,68.2,52.0,16.66666667,1.333333333,1.0,62.03333333,1.0,1.0,0.0,53.0,42.46666667,70.0,67.93333333,100.0,2.0,80.0,60.0,0,False,False,False,False,False
2025-01-30 13:15:00,0.0,1.0,1.0,68.2,52.0,0.0,1.0,1.0,62.96666667,1.0,1.0,0.0,53.0,42.9,70.0,70.1,100.0,2.0,80.0,60.0,0,False,False,False,False,False
2025-01-30 13:30:00,0.0,1.0,1.0,68.2,52.0,0.0,1.0,1.0,62.36666667,1.0,1.0,0.0,52.0,44.13333333,70.0,68.16666667,100.0,2.0,80.0,60.0,0,False,False,False,False,False
2025-01-30 13:45:00,0.0,1.0,1.0,68.2,52.0,16.66666667,1.333333333,1.0,62.9,1.0,1.0,0.0,51.33333333,44.4,70.0,69.06666667,100.0,2.0,80.0,60.0,0,False,False,False,False,False
2025-01-30 14:00:00,0.0,1.0,1.0,68.2,52.0,0.0,1.0,1.0,62.63333333,1.0,1.0,0.0,50.0,46.33333333,70.0,68.46666667,100.0,2.0,80.0,60.0,0,False,False,False,False,False
2025-01-30 14:15:00,0.0,1.0,1.0,68.2,52.0,16.66666667,1.333333333,1.0,62.36666667,1.0,1.0,0.0,48.66666667,45.83333333,70.0,67.76666667,100.0,2.0,80.0,60.0,0,False,False,False,False,False
2025-01-30 14:30:00,0.0,1.0,1.0,68.2,52.0,0.0,1.0,1.0,63.4,1.0,1.0,0.0,51.0,45.36666667,70.0,69.96666667,100.0,2.0,80.0,60.0,0,False,False,False,False,False
2025-01-30 14:45:00,0.0,1.0,1.0,68.2,52.0,0.0,1.0,1.0,62.76666667,1.0,1.0,0.0,51.0,46.3,70.0,68.26666667,100.0,2.0,80.0,60.0,0,False,False,False,False,False
2025-01-30 15:00:00,0.0,1.0,1.0,68.2,52.0,0.0,1.0,1.0,62.7,1.0,1.0,0.0,51.0,47.0,70.0,67.93333333,100.0,2.0,80.0,60.0,0,False,False,False,False,False
2025-01-30 15:15:00,0.0,1.0,1.0,68.2,52.0,0.0,1.0,1.0,63.2,1.0,1.0,0.0,50.33333333,48.56666667,70.0,68.56666667,100.0,2.0,80.0,60.0,0,False,False,False,False,False
2025-01-30 15:30:00,0.0,1.0,1.0,68.2,52.0,0.0,1.0,1.0,63.83333333,1.0,1.0,0.0,47.33333333,51.13333333,70.0,69.36666667,100.0,2.0,80.0,60.0,0,False,False,False,False,False
2025-01-30 15:45:00,0.0,1.0,1.0,68.2,52.0,0.0,1.0,1.0,63.46666667,1.0,1.0,0.0,45.33333333,52.3,70.0,68.66666667,100.0,2.0,80.0,60.0,0,False,False,False,False,False
2025-01-30 16:00:00,0.0,1.0,1.0,68.2,52.0,0.0,1.0,1.0,63.4,1.0,1.0,0.0,43.33333333,53.33333333,70.0,68.23333333,100.0,2.0,80.0,60.0,0,False,False,False,False,False
2025-01-30 16:15:00,0.0,1.0,1.0,68.2,52.0,0.0,1.0,1.0,63.4,1.0,1.0,0.0,43.66666667,52.66666667,70.0,68.03333333,100.0,2.0,80.0,60.0,0,False,False,False,False,False
2025-01-30 16:30:00,0.0,1.0,1.0,68.2,52.0,0.0,1.0,1.0,63.4,1.0,1.0,0.0,43.0,53.1,70.0,67.9,100.0,2.0,80.0,60.0,0,False,False,False,False,False
2025-01-30 16:45:00,0.0,1.0,1.0,68.2,52.0,0.0,1.0,1.0,63.43333333,1.0,1.0,0.0,42.33333333,53.46666667,70.0,67.66666667,100.0,2.0,80.0,60.0,0,False,False,False,False,False
2025-01-30 17:00:00,0.0,1.0,1.0,68.2,52.0,16.66666667,1.333333333,1.0,64.3,1.0,1.0,0.0,41.0,53.66666667,70.0,68.86666667,100.0,2.0,80.0,60.0,0,False,False,False,False,False
2025-01-30 17:15:00,0.0,1.0,1.0,68.2,52.0,0.0,1.0,1.0,64.46666667,1.0,1.0,0.0,42.0,54.0,70.0,69.03333333,100.0,2.0,80.0,60.0,0,False,False,False,False,False
2025-01-30 17:30:00,0.0,1.0,1.0,68.2,52.0,0.0,1.0,1.0,64.06666667,1.0,1.0,0.0,42.33333333,54.1,70.0,68.33333333,100.0,2.0,80.0,60.0,0,False,False,False,False,False
2025-01-30 17:45:00,0.0,1.0,1.0,68.2,52.0,0.0,1.0,1.0,64.0,1.0,1.0,0.0,42.0,54.86666667,70.0,68.1,100.0,2.0,80.0,60.0,0,False,False,False,False,False
2025-01-30 18:00:00,0.0,1.0,1.0,68.2,52.0,0.0,1.0,1.0,64.0,1.0,1.0,0.0,39.66666667,54.53333333,70.0,68.1,100.0,2.0,80.0,60.0,0,False,False,False,False,False
2025-01-30 18:15:00,0.0,1.0,1.0,68.2,52.0,0.0,1.0,1.0,63.8,1.0,1.0,0.0,39.33333333,54.63333333,70.0,67.9,100.0,2.0,80.0,60.0,0,False,False,False,False,False
2025-01-30 18:30:00,0.0,1.0,1.0,68.2,52.0,0.0,1.0,1.0,64.0,1.0,1.0,0.0,38.0,55.1,70.0,68.1,100.0,2.0,80.0,60.0,0,False,False,False,False,False
2025-01-30 18:45:00,0.0,1.0,1.0,68.2,52.0,0.0,1.0,1.0,63.93333333,1.0,1.0,0.0,38.0,54.6,70.0,68.1,100.0,2.0,80.0,60.0,0,False,False,False,False,False
2025-01-30 19:00:00,0.0,1.0,1.0,68.2,52.0,0.0,1.0,1.0,63.8,1.0,1.0,0.0,40.33333333,55.4,70.0,67.93333333,100.0,2.0,80.0,60.0,0,False,False,False,False,False
2025-01-30 19:15:00,0.0,1.0,1.0,68.2,52.0,16.66666667,1.333333333,1.0,64.36666667,1.0,1.0,0.0,40.33333333,56.3,70.0,68.63333333,100.0,2.0,80.0,60.0,0,False,False,False,False,False
2025-01-30 19:30:00,0.0,1.0,1.0,68.2,52.0,0.0,1.0,1.0,64.53333333,1.0,1.0,0.0,43.0,57.63333333,70.0,69.03333333,100.0,2.0,80.0,60.0,0,False,False,False,False,False
2025-01-30 19:45:00,0.0,1.0,1.0,68.2,52.0,0.0,1.0,1.0,63.73333333,1.0,1.0,0.0,48.33333333,55.66666667,70.0,68.1,100.0,2.0,80.0,60.0,0,False,False,False,False,False
2025-01-30 20:00:00,0.0,1.0,1.0,68.2,52.0,0.0,1.0,1.0,63.4,1.0,1.0,0.0,54.0,53.73333333,70.0,67.9,100.0,2.0,80.0,60.0,0,False,False,False,False,False
2025-01-30 20:15:00,0.0,1.0,1.0,68.2,52.0,0.0,1.0,1.0,63.4,1.0,1.0,0.0,55.66666667,52.9,70.0,67.9,100.0,2.0,80.0,60.0,0,False,False,False,False,False
2025-01-30 20:30:00,0.0,1.0,1.0,68.2,52.0,0.0,1.0,1.0,64.23333333,1.0,1.0,0.0,60.66666667,50.9,70.0,69.83333333,100.0,2.0,80.0,60.0,0,False,False,False,False,False
2025-01-30 20:45:00,0.0,1.0,1.0,68.2,52.0,0.0,1.0,1.0,63.5,1.0,1.0,0.0,64.0,49.73333333,70.0,68.46666667,100.0,2.0,80.0,60.0,0,False,False,False,False,False
2025-01-30 21:00:00,0.0,1.0,1.0,68.2,52.0,0.0,1.0,1.0,63.2,1.0,1.0,0.0,66.33333333,49.73333333,70.0,67.83333333,100.0,2.0,80.0,60.0,0,False,False,False,False,False
2025-01-30 21:15:00,0.0,1.0,1.0,68.2,52.0,16.66666667,1.333333333,1.0,63.7,1.0,1.0,0.0,67.0,50.23333333,70.0,68.66666667,100.0,2.0,80.0,60.0,0,False,False,False,False,False
2025-01-30 21:30:00,0.0,1.0,1.0,68.2,52.0,0.0,1.0,1.0,63.83333333,1.0,1.0,0.0,69.33333333,50.26666667,70.0,68.9,100.0,2.0,80.0,60.0,0,False,False,False,False,False
2025-01-30 21:45:00,0.0,1.0,1.0,68.2,52.0,16.66666667,1.333333333,1.0,63.33333333,1.0,1.0,0.0,70.0,50.26666667,70.0,67.76666667,100.0,2.0,80.0,60.0,0,False,False,False,False,False
2025-01-30 22:00:00,0.0,1.0,1.0,68.2,52.0,0.0,1.0,1.0,64.13333333,1.0,1.0,0.0,70.33333333,51.26666667,70.0,69.8,100.0,2.0,80.0,60.0,0,False,False,False,False,False
2025-01-30 22:15:00,0.0,1.0,1.0,68.2,52.0,0.0,1.0,1.0,63.53333333,1.0,1.0,0.0,71.0,51.26666667,70.0,68.26666667,100.0,2.0,80.0,60.0,0,False,False,False,False,False
2025-01-30 22:30:00,0.0,1.0,1.0,68.2,52.0,16.66666667,1.333333333,1.0,63.33333333,1.0,1.0,0.0,71.0,50.83333333,70.0,67.83333333,100.0,2.0,80.0,60.0,0,False,False,False,False,False
2025-01-30 22:45:00,0.0,1.0,1.0,68.2,52.0,0.0,1.0,1.0,64.46666667,1.0,1.0,0.0,72.0,51.63333333,70.0,69.8,100.0,2.0,80.0,60.0,0,False,False,False,False,False
2025-01-30 23:00:00,0.0,1.0,1.0,68.2,52.0,0.0,1.0,1.0,63.53333333,1.0,1.0,0.0,70.66666667,51.56666667,70.0,68.2,100.0,2.0,80.0,60.0,0,False,False,False,False,False
2025-01-30 23:15:00,0.0,1.0,1.0,68.2,52.0,16.66666667,1.333333333,1.0,63.53333333,1.0,1.0,0.0,71.0,50.7,70.0,67.83333333,100.0,2.0,80.0,60.0,0,False,False,False,False,False
2025-01-30 23:30:00,0.0,1.0,1.0,68.2,52.0,0.0,1.0,1.0,64.3,1.0,1.0,0.0,71.33333333,50.83333333,70.0,69.6,100.0,2.0,80.0,60.0,0,False,False,False,False,False
2025-01-30 23:45:00,0.0,1.0,1.0,68.2,52.0,0.0,1.0,1.0,63.43333333,1.0,1.0,0.0,73.0,49.6,70.0,68.06666667,100.0,2.0,80.0,60.0,0,False,False,False,False,False
2025-01-31 00:00:00,0.0,1.0,1.0,68.2,52.0,16.66666667,1.333333333,1.0,64.23333333,1.0,1.0,0.0,73.0,49.73333333,70.0,69.03333333,100.0,2.0,80.0,60.0,0,False,False,False,False,False
2025-01-31 00:15:00,0.0,1.0,1.0,68.2,52.0,0.0,1.0,1.0,63.73333333,1.0,1.0,0.0,72.0,50.46666667,70.0,68.53333333,100.0,2.0,80.0,60.0,0,False,False,False,False,False
2025-01-31 00:30:00,0.0,1.0,1.0,68.2,52.0,0.0,1.0,1.0,63.4,1.0,1.0,0.0,70.33333333,50.93333333,70.0,67.66666667,100.0,2.0,80.0,60.0,0,False,False,False,False,False
2025-01-31 00:45:00,0.0,1.0,1.0,68.2,52.0,0.0,1.0,1.0,63.13333333,1.0,1.0,0.0,69.66666667,51.1,70.0,67.43333333,100.0,2.0,80.0,60.0,0,False,False,False,False,False
2025-01-31 01:00:00,0.0,1.0,1.0,68.2,52.0,16.66666667,1.333333333,1.0,63.96666667,1.0,1.0,0.0,71.66666667,50.6,70.0,68.93333333,100.0,2.0,80.0,60.0,0,False,False,False,False,False
2025-01-31 01:15:00,0.0,1.0,1.0,68.2,52.0,0.0,1.0,1.0,63.7,1.0,1.0,0.0,73.33333333,50.16666667,70.0,68.26666667,100.0,2.0,80.0,60.0,0,False,False,False,False,False
2025-01-31 01:30:00,0.0,1.0,1.0,68.2,52.0,0.0,1.0,1.0,64.43333333,1.0,1.0,0.0,74.66666667,49.5,70.0,69.66666667,100.0,2.0,80.0,60.0,0,False,False,False,False,False
2025-01-31 01:45:00,0.0,1.0,1.0,68.2,52.0,16.66666667,1.333333333,1.0,63.63333333,1.0,1.0,0.0,75.0,49.26666667,70.0,68.1,100.0,2.0,80.0,60.0,0,False,False,False,False,False
2025-01-31 02:00:00,0.0,1.0,1.0,68.2,52.0,0.0,1.0,1.0,64.4,1.0,1.0,0.0,76.0,49.33333333,70.0,69.83333333,100.0,2.0,80.0,60.0,0,False,False,False,False,False
2025-01-31 02:15:00,0.0,1.0,1.0,68.2,52.0,0.0,1.0,1.0,63.53333333,1.0,1.0,0.0,76.0,49.5,70.0,68.06666667,100.0,2.0,80.0,60.0,0,False,False,False,False,False
2025-01-31 02:30:00,0.0,1.0,1.0,68.2,52.0,0.0,1.0,1.0,64.3,1.0,1.0,0.0,76.0,50.0,70.0,69.36666667,100.0,2.0,80.0,60.0,0,False,False,False,False,False
2025-01-31 02:45:00,0.0,1.0,1.0,68.2,52.0,0.0,1.0,1.0,63.8,1.0,1.0,0.0,76.0,50.0,70.0,68.3,100.0,2.0,80.0,60.0,0,False,False,False,False,False
2025-01-31 03:00:00,0.0,1.0,1.0,68.2,52.0,0.0,1.0,1.0,64.26666667,1.0,1.0,0.0,76.66666667,49.3,70.0,69.1,100.0,2.0,80.0,60.0,0,False,False,False,False,False
2025-01-31 03:15:00,0.0,1.0,1.0,68.2,52.0,0.0,1.0,1.0,64.03333333,1.0,1.0,0.0,76.66666667,49.5,70.0,68.4,100.0,2.0,80.0,60.0,0,False,False,False,False,False
2025-01-31 03:30:00,0.0,1.0,1.0,68.2,52.0,16.66666667,1.333333333,1.0,64.26666667,1.0,1.0,0.0,76.0,50.06666667,70.0,68.76666667,100.0,2.0,80.0,60.0,0,False,False,False,False,False
2025-01-31 03:45:00,0.0,1.0,1.0,68.2,52.0,0.0,1.0,1.0,64.33333333,1.0,1.0,0.0,75.0,50.36666667,70.0,68.73333333,100.0,2.0,80.0,60.0,0,False,False,False,False,False
2025-01-31 04:00:00,0.0,1.0,1.0,68.2,52.0,16.66666667,1.333333333,1.0,63.73333333,1.0,1.0,0.0,75.0,50.5,70.0,67.8,100.0,2.0,80.0,60.0,0,False,False,False,False,False
2025-01-31 04:15:00,0.0,1.0,1.0,68.2,52.0,0.0,1.0,1.0,65.0,1.0,1.0,0.0,75.0,51.46666667,70.0,70.26666667,100.0,2.0,80.0,60.0,0,False,False,False,False,False
2025-01-31 04:30:00,0.0,1.0,1.0,68.2,52.0,0.0,1.0,1.0,64.0,1.0,1.0,0.0,75.0,50.5,70.0,68.26666667,100.0,2.0,80.0,60.0,0,False,False,False,False,False
2025-01-31 04:45:00,0.0,1.0,1.0,68.2,52.0,16.66666667,1.333333333,1.0,64.13333333,1.0,1.0,0.0,75.33333333,49.7,70.0,68.56666667,100.0,2.0,80.0,60.0,0,False,False,False,False,False
2025-01-31 05:00:00,0.0,1.0,1.0,68.2,52.0,0.0,1.0,1.0,64.43333333,1.0,1.0,0.0,76.66666667,49.63333333,70.0,68.9,100.0,2.0,80.0,60.0,0,False,False,False,False,False
2025-01-31 05:15:00,0.0,1.0,1.0,68.2,52.0,0.0,1.0,1.0,63.93333333,1.0,1.0,0.0,76.66666667,49.3,70.0,68.3,100.0,2.0,80.0,60.0,0,False,False,False,False,False
2025-01-31 05:30:00,0.0,1.0,1.0,68.2,52.0,0.0,1.0,1.0,64.6,1.0,1.0,0.0,76.33333333,49.16666667,70.0,69.53333333,100.0,2.0,80.0,60.0,0,False,False,False,False,False
2025-01-31 05:45:00,0.0,1.0,1.0,68.2,52.0,16.66666667,1.333333333,1.0,63.76666667,1.0,1.0,0.0,78.0,48.3,70.0,68.0,100.0,2.0,80.0,60.0,0,False,False,False,False,False
2025-01-31 06:00:00,0.0,1.0,1.0,68.2,52.0,0.0,1.0,1.0,64.93333333,1.0,1.0,0.0,78.0,48.5,70.0,70.1,100.0,2.0,80.0,60.0,0,False,False,False,False,False
2025-01-31 06:15:00,0.0,1.0,1.0,68.2,52.0,0.0,1.0,1.0,64.23333333,1.0,1.0,0.0,78.0,48.73333333,70.0,68.2,100.0,2.0,80.0,60.0,0,False,False,False,False,False
2025-01-31 06:30:00,0.0,1.0,1.0,68.2,52.0,0.0,1.0,1.0,64.8,1.0,1.0,0.0,78.0,49.1,70.0,69.6,100.0,2.0,80.0,60.0,0,False,False,False,False,False
2025-01-31 06:45:00,0.0,1.0,1.0,68.2,52.0,16.66666667,1.333333333,1.0,64.23333333,1.0,1.0,0.0,78.0,50.0,70.0,67.93333333,100.0,2.0,80.0,60.0,0,False,False,False,False,False
2025-01-31 07:00:00,0.0,1.0,1.0,68.2,52.0,0.0,1.0,1.0,65.13333333,1.0,1.0,0.0,78.0,51.43333333,70.0,69.73333333,100.0,2.0,80.0,60.0,0,False,False,False,False,False
2025-01-31 07:15:00,0.0,1.0,1.0,68.2,52.0,0.0,1.0,1.0,64.5,1.0,1.0,0.0,78.0,51.8,70.0,68.1,100.0,2.0,80.0,60.0,0,False,False,False,False,False
2025-01-31 07:30:00,0.0,1.0,1.0,68.2,52.0,16.66666667,1.333333333,1.0,64.73333333,1.0,1.0,0.0,78.0,52.26666667,70.0,68.66666667,100.0,2.0,80.0,60.0,0,False,False,False,False,False
2025-01-31 07:45:00,0.0,1.0,1.0,68.2,52.0,0.0,1.0,1.0,65.16666667,1.0,1.0,0.0,78.0,52.5,70.0,69.3,100.0,2.0,80.0,60.0,0,False,False,False,False,False
2025-01-31 08:00:00,0.0,1.0,1.0,68.2,52.0,0.0,1.0,1.0,64.36666667,1.0,1.0,0.0,78.0,51.43333333,70.0,67.93333333,100.0,2.0,80.0,60.0,0,False,False,False,False,False
2025-01-31 08:15:00,0.0,1.0,1.0,68.2,52.0,16.66666667,1.333333333,1.0,65.0,1.0,1.0,0.0,78.0,51.13333333,70.0,69.2,100.0,2.0,80.0,60.0,0,False,False,False,False,False
2025-01-31 08:30:00,0.0,1.0,1.0,68.2,52.0,0.0,1.0,1.0,64.7,1.0,1.0,0.0,78.0,51.2,70.0,68.26666667,100.0,2.0,80.0,60.0,0,False,False,False,False,False
2025-01-31 08:45:00,0.0,1.0,1.0,68.2,52.0,0.0,1.0,1.0,65.1,1.0,1.0,0.0,78.0,51.36666667,70.0,69.63333333,100.0,2.0,80.0,60.0,0,False,False,False,False,False
2025-01-31 09:00:00,0.0,1.0,1.0,68.2,52.0,0.0,1.0,1.0,64.66666667,1.0,1.0,0.0,78.0,51.66666667,70.0,68.83333333,100.0,2.0,80.0,60.0,0,False,False,False,False,False
2025-01-31 09:15:00,0.0,1.0,1.0,68.2,52.0,0.0,1.0,1.0,64.36666667,1.0,1.0,0.0,78.0,51.8,70.0,68.33333333,100.0,2.0,80.0,60.0,0,False,False,False,False,False
2025-01-31 09:30:00,0.0,1.0,1.0,68.2,52.0,0.0,1.0,1.0,65.1,1.0,1.0,0.0,78.0,52.36666667,70.0,69.7,100.0,2.0,80.0,60.0,0,False,False,False,False,False
2025-01-31 09:45:00,0.0,1.0,1.0,68.2,52.0,0.0,1.0,1.0,64.26666667,1.0,1.0,0.0,78.0,52.0,70.0,68.0,100.0,2.0,80.0,60.0,0,False,False,False,False,False
2025-01-31 10:00:00,0.0,1.0,1.0,68.2,52.0,16.66666667,1.333333333,1.0,64.9,1.0,1.0,0.0,78.0,51.9,70.0,69.43333333,100.0,2.0,80.0,60.0,0,False,False,False,False,False
2025-01-31 10:15:00,0.0,1.0,1.0,68.2,52.0,0.0,1.0,1.0,64.56666667,1.0,1.0,0.0,78.0,52.13333333,70.0,68.56666667,100.0,2.0,80.0,60.0,0,False,False,False,False,False
2025-01-31 10:30:00,0.0,1.0,1.0,68.2,52.0,16.66666667,1.0,1.0,64.06666667,1.0,1.0,0.0,78.0,51.8,70.0,67.86666667,100.0,2.0,80.0,60.0,0,False,False,False,False,False
2025-01-31 10:45:00,0.0,1.0,1.0,68.2,52.0,0.0,1.0,1.0,65.0,1.0,1.0,0.0,78.0,52.66666667,70.0,69.73333333,100.0,2.0,80.0,60.0,0,False,False,False,False,False
2025-01-31 11:00:00,0.0,1.0,1.0,68.2,52.0,0.0,1.0,1.0,64.16666667,1.0,1.0,0.0,78.0,52.5,70.0,68.2,100.0,2.0,80.0,60.0,0,False,False,False,False,False
2025-01-31 11:15:00,0.0,1.0,1.0,68.2,52.0,16.66666667,1.333333333,1.0,64.3,1.0,1.0,0.0,78.0,51.8,70.0,68.56666667,100.0,2.0,80.0,60.0,0,False,False,False,False,False
2025-01-31 11:30:00,0.0,1.0,1.0,68.2,52.0,0.0,1.0,1.0,64.8,1.0,1.0,0.0,78.0,52.73333333,70.0,69.16666667,100.0,2.0,80.0,60.0,0,False,False,False,False,False
2025-01-31 11:45:00,0.0,1.0,1.0,68.2,52.0,0.0,1.0,1.0,64.06666667,1.0,1.0,0.0,78.0,52.6,70.0,67.93333333,100.0,2.0,80.0,60.0,0,False,False,False,False,False
2025-01-31 12:00:00,0.0,1.0,1.0,68.2,52.0,0.0,1.0,1.0,64.96666667,1.0,1.0,0.0,78.0,53.1,70.0,69.36666667,100.0,2.0,80.0,60.0,0,False,False,False,False,False
2025-01-31 12:15:00,0.0,1.0,1.0,68.2,52.0,0.0,1.0,1.0,64.46666667,1.0,1.0,0.0,78.0,53.86666667,70.0,68.4,100.0,2.0,80.0,60.0,0,False,False,False,False,False
2025-01-31 12:30:00,0.0,1.0,1.0,68.2,52.0,0.0,1.0,1.0,64.3,1.0,1.0,0.0,78.0,54.46666667,70.0,67.86666667,100.0,2.0,80.0,60.0,0,False,False,False,False,False
2025-01-31 12:45:00,0.0,1.0,1.0,68.2,52.0,16.66666667,1.0,1.0,65.26666667,1.0,1.0,0.0,78.0,56.36666667,70.0,69.36666667,100.0,2.0,80.0,60.0,0,False,False,False,False,False
2025-01-31 13:00:00,0.0,1.0,1.0,68.2,52.0,0.0,1.0,1.0,65.03333333,1.0,1.0,0.0,78.0,57.93333333,70.0,68.53333333,100.0,2.0,80.0,60.0,0,False,False,False,False,False
2025-01-31 13:15:00,0.0,1.0,1.0,68.2,52.0,0.0,1.0,1.0,64.86666667,1.0,1.0,0.0,77.0,58.9,70.0,67.96666667,100.0,2.0,80.0,60.0,0,False,False,False,False,False
2025-01-31 13:30:00,0.0,1.0,1.0,68.2,52.0,0.0,1.0,1.0,65.06666667,1.0,1.0,0.0,75.0,59.7,70.0,68.2,100.0,2.0,80.0,60.0,0,False,False,False,False,False
2025-01-31 13:45:00,0.0,1.0,1.0,68.2,52.0,0.0,1.0,1.0,65.86666667,1.0,1.0,0.0,74.0,61.0,70.0,69.76666667,100.0,2.0,80.0,60.0,0,False,False,False,False,False
2025-01-31 14:00:00,0.0,1.0,1.0,68.2,52.0,0.0,1.0,1.0,65.26666667,1.0,1.0,0.0,74.33333333,61.0,70.0,68.43333333,100.0,2.0,80.0,60.0,0,False,False,False,False,False
2025-01-31 14:15:00,0.0,1.0,1.0,68.2,52.0,0.0,1.0,1.0,65.1,1.0,1.0,0.0,75.0,60.7,70.0,68.1,100.0,2.0,80.0,60.0,0,False,False,False,False,False
2025-01-31 14:30:00,0.0,1.0,1.0,68.2,52.0,0.0,1.0,1.0,65.16666667,1.0,1.0,0.0,75.0,61.23333333,70.0,68.1,100.0,2.0,80.0,60.0,0,False,False,False,False,False
2025-01-31 14:45:00,0.0,1.0,1.0,68.2,52.0,0.0,1.0,1.0,65.33333333,1.0,1.0,0.0,74.66666667,61.53333333,70.0,68.1,100.0,2.0,80.0,60.0,0,False,False,False,False,False
2025-01-31 15:00:00,0.0,1.0,1.0,68.2,52.0,0.0,1.0,1.0,65.4,1.0,1.0,0.0,72.66666667,62.1,70.0,67.9,100.0,2.0,80.0,60.0,0,False,False,False,False,False
2025-01-31 15:15:00,0.0,1.0,1.0,68.2,52.0,0.0,1.0,1.0,65.4,1.0,1.0,0.0,71.33333333,62.33333333,70.0,67.9,100.0,2.0,80.0,60.0,0,False,False,False,False,False
2025-01-31 15:30:00,0.0,1.0,1.0,68.2,52.0,0.0,1.0,1.0,65.4,1.0,1.0,0.0,70.33333333,62.6,70.0,67.96666667,100.0,2.0,80.0,60.0,0,False,False,False,False,False
2025-01-31 15:45:00,0.0,1.0,1.0,68.2,52.0,0.0,1.0,1.0,65.46666667,1.0,1.0,0.0,70.0,62.66666667,70.0,68.36666667,100.0,2.0,80.0,60.0,0,False,False,False,False,False
2025-01-31 16:00:00,0.0,1.0,1.0,68.2,52.0,0.0,1.0,1.0,65.6,1.0,1.0,0.0,69.0,62.9,70.0,68.53333333,100.0,2.0,80.0,60.0,0,False,False,False,False,False
2025-01-31 16:15:00,0.0,1.0,1.0,68.2,52.0,0.0,1.0,1.0,65.66666667,1.0,1.0,0.0,67.66666667,62.96666667,70.0,68.4,100.0,2.0,80.0,60.0,0,False,False,False,False,False
2025-01-31 16:30:00,0.0,1.0,1.0,68.2,52.0,0.0,1.0,1.0,65.8,1.0,1.0,0.0,66.0,62.6,70.0,68.4,100.0,2.0,80.0,60.0,0,False,False,False,False,False
2025-01-31 16:45:00,0.0,1.0,1.0,68.2,52.0,0.0,1.0,1.0,65.8,1.0,1.0,0.0,64.33333333,62.26666667,70.0,68.4,100.0,2.0,80.0,60.0,0,False,False,False,False,False
2025-01-31 17:00:00,0.0,1.0,1.0,68.2,52.0,0.0,1.0,1.0,65.86666667,1.0,1.0,0.0,62.66666667,62.53333333,70.0,68.53333333,100.0,2.0,80.0,60.0,0,False,False,False,False,False
2025-01-31 17:15:00,0.0,1.0,1.0,68.2,52.0,0.0,1.0,1.0,66.06666667,1.0,1.0,0.0,61.0,62.8,70.0,68.6,100.0,2.0,80.0,60.0,0,False,False,False,False,False
2025-01-31 17:30:00,0.0,1.0,1.0,68.2,52.0,0.0,1.0,1.0,66.33333333,1.0,1.0,0.0,57.66666667,63.0,70.0,68.7,100.0,2.0,80.0,60.0,0,False,False,False,False,False
2025-01-31 17:45:00,0.0,1.0,1.0,68.2,52.0,0.0,1.0,1.0,80.03333333,1.0,1.0,0.0,55.33333333,64.36666667,70.0,69.13333333,100.0,2.0,80.0,60.0,0,False,False,False,False,False
2025-01-31 18:00:00,0.0,1.0,1.0,68.2,52.0,0.0,1.0,1.0,66.76666667,1.0,1.0,0.0,53.66666667,65.16666667,70.0,69.53333333,100.0,2.0,80.0,60.0,0,False,False,False,False,False
2025-01-31 18:15:00,0.0,1.0,1.0,68.2,52.0,0.0,1.0,1.0,67.13333333,1.0,1.0,0.0,51.66666667,66.26666667,70.0,70.1,100.0,2.0,80.0,60.0,0,False,False,False,False,False
2025-01-31 18:30:00,0.0,1.0,1.0,68.2,52.0,0.0,1.0,1.0,67.2,1.0,1.0,0.0,47.66666667,65.9,70.0,70.63333333,100.0,2.0,80.0,60.0,0,False,False,False,False,False
2025-01-31 18:45:00,0.0,1.0,1.0,68.2,52.0,0.0,1.0,1.0,67.26666667,1.0,1.0,0.0,45.66666667,66.0,70.0,70.8,100.0,2.0,80.0,60.0,0,False,False,False,False,False
2025-01-31 19:00:00,0.0,1.0,1.0,68.2,52.0,0.0,1.0,1.0,67.4,1.0,1.0,0.0,44.33333333,66.23333333,70.0,70.9,100.0,2.0,80.0,60.0,0,False,False,False,False,False
2025-01-31 19:15:00,0.0,1.0,1.0,68.2,52.0,0.0,1.0,1.0,67.4,1.0,1.0,0.0,43.33333333,66.0,70.0,70.86666667,100.0,2.0,80.0,60.0,0,False,False,False,False,False
2025-01-31 19:30:00,0.0,1.0,1.0,68.2,52.0,0.0,1.0,1.0,67.4,1.0,1.0,0.0,43.0,66.1,70.0,70.66666667,100.0,2.0,80.0,60.0,0,False,False,False,False,False
2025-01-31 19:45:00,0.0,1.0,1.0,68.2,52.0,0.0,1.0,1.0,67.4,1.0,1.0,0.0,43.0,66.33333333,70.0,70.56666667,100.0,2.0,80.0,60.0,0,False,False,False,False,False
2025-01-31 20:00:00,0.0,1.0,1.0,68.2,52.0,0.0,1.0,1.0,67.4,1.0,1.0,0.0,42.66666667,66.86666667,70.0,70.3,100.0,2.0,80.0,60.0,0,False,False,False,False,False
2025-01-31 20:15:00,0.0,1.0,1.0,68.2,52.0,0.0,1.0,1.0,67.4,1.0,1.0,0.0,42.0,66.23333333,70.0,70.5,100.0,2.0,80.0,60.0,0,False,False,False,False,False
2025-01-31 20:30:00,0.0,1.0,1.0,68.2,52.0,0.0,1.0,1.0,67.33333333,1.0,1.0,0.0,42.0,65.5,70.0,70.5,100.0,2.0,80.0,60.0,0,False,False,False,False,False
2025-01-31 20:45:00,0.0,1.0,1.0,68.2,52.0,0.0,1.0,1.0,67.2,1.0,1.0,0.0,42.0,64.86666667,70.0,70.5,100.0,2.0,80.0,60.0,0,False,False,False,False,False
2025-01-31 21:00:00,0.0,1.0,1.0,68.2,52.0,0.0,1.0,1.0,67.06666667,1.0,1.0,0.0,42.33333333,64.53333333,70.0,70.36666667,100.0,2.0,80.0,60.0,0,False,False,False,False,False
2025-01-31 21:15:00,0.0,1.0,1.0,68.2,52.0,0.0,1.0,1.0,67.2,1.0,1.0,0.0,42.33333333,64.76666667,70.0,70.16666667,100.0,2.0,80.0,60.0,0,False,False,False,False,False
2025-01-31 21:30:00,0.0,1.0,1.0,68.2,52.0,0.0,1.0,1.0,67.2,1.0,1.0,0.0,42.66666667,64.2,70.0,70.06666667,100.0,2.0,80.0,60.0,0,False,False,False,False,False
2025-01-31 21:45:00,0.0,1.0,1.0,68.2,52.0,0.0,1.0,1.0,67.2,1.0,1.0,0.0,43.0,63.53333333,70.0,69.93333333,100.0,2.0,80.0,60.0,0,False,False,False,False,False
2025-01-31 22:00:00,0.0,1.0,1.0,68.2,52.0,0.0,1.0,1.0,66.96666667,1.0,1.0,0.0,43.0,62.7,70.0,69.63333333,100.0,2.0,80.0,60.0,0,False,False,False,False,False
2025-01-31 22:15:00,0.0,1.0,1.0,68.2,52.0,0.0,1.0,1.0,66.6,1.0,1.0,0.0,45.66666667,61.56666667,70.0,69.5,100.0,2.0,80.0,60.0,0,False,False,False,False,False
2025-01-31 22:30:00,0.0,1.0,1.0,68.2,52.0,0.0,1.0,1.0,66.6,1.0,1.0,0.0,48.0,61.96666667,70.0,69.4,100.0,2.0,80.0,60.0,0,False,False,False,False,False
2025-01-31 22:45:00,0.0,1.0,1.0,68.2,52.0,0.0,1.0,1.0,66.46666667,1.0,1.0,0.0,48.0,62.3,70.0,69.4,100.0,2.0,80.0,60.0,0,False,False,False,False,False
2025-01-31 23:00:00,0.0,1.0,1.0,68.2,52.0,0.0,1.0,1.0,66.4,1.0,1.0,0.0,48.0,61.9,70.0,69.26666667,100.0,2.0,80.0,60.0,0,False,False,False,False,False
2025-01-31 23:15:00,0.0,1.0,1.0,68.2,52.0,0.0,1.0,1.0,66.33333333,1.0,1.0,0.0,48.0,61.43333333,70.0,69.2,100.0,2.0,80.0,60.0,0,False,False,False,False,False
2025-01-31 23:30:00,0.0,1.0,1.0,68.2,52.0,0.0,1.0,1.0,66.16666667,1.0,1.0,0.0,48.0,60.93333333,70.0,69.0,100.0,2.0,80.0,60.0,0,False,False,False,False,False
2025-01-31 23:45:00,0.0,1.0,1.0,68.2,52.0,0.0,1.0,1.0,65.9,1.0,1.0,0.0,49.0,60.13333333,70.0,69.0,100.0,2.0,80.0,60.0,0,False,False,False,False,False
2025-02-01 00:00:00,0.0,1.0,1.0,68.2,52.0,0.0,1.0,1.0,65.96666667,1.0,1.0,0.0,49.0,60.2,70.0,68.93333333,100.0,2.0,80.0,60.0,0,False,False,False,False,False
2025-02-01 00:15:00,0.0,1.0,1.0,68.2,52.0,0.0,1.0,1.0,65.96666667,1.0,1.0,0.0,49.0,60.06666667,70.0,68.83333333,100.0,2.0,80.0,60.0,0,False,False,False,False,False
2025-02-01 00:30:00,0.0,1.0,1.0,68.2,52.0,0.0,1.0,1.0,65.9,1.0,1.0,0.0,50.33333333,59.16666667,70.0,68.7,100.0,2.0,80.0,60.0,0,False,False,False,False,False
2025-02-01 00:45:00,0.0,1.0,1.0,68.2,52.0,0.0,1.0,1.0,65.8,1.0,1.0,0.0,51.33333333,58.6,70.0,68.6,100.0,2.0,80.0,60.0,0,False,False,False,False,False
2025-02-01 01:00:00,0.0,1.0,1.0,68.2,52.0,0.0,1.0,1.0,65.66666667,1.0,1.0,0.0,52.33333333,58.0,70.0,68.53333333,100.0,2.0,80.0,60.0,0,False,False,False,False,False
2025-02-01 01:15:00,0.0,1.0,1.0,68.2,52.0,0.0,1.0,1.0,65.53333333,1.0,1.0,0.0,54.0,57.13333333,70.0,68.4,100.0,2.0,80.0,60.0,0,False,False,False,False,False
2025-02-01 01:30:00,0.0,1.0,1.0,68.2,52.0,0.0,1.0,1.0,65.36666667,1.0,1.0,0.0,55.0,56.53333333,70.0,68.4,100.0,2.0,80.0,60.0,0,False,False,False,False,False
2025-02-01 01:45:00,0.0,1.0,1.0,68.2,52.0,0.0,1.0,1.0,65.16666667,1.0,1.0,0.0,55.0,56.16666667,70.0,68.33333333,100.0,2.0,80.0,60.0,0,False,False,False,False,False
2025-02-01 02:00:00,0.0,1.0,1.0,68.2,52.0,0.0,1.0,1.0,65.06666667,1.0,1.0,0.0,55.0,55.6,70.0,68.23333333,100.0,2.0,80.0,60.0,0,False,False,False,False,False
2025-02-01 02:15:00,0.0,1.0,1.0,68.2,52.0,0.0,1.0,1.0,65.0,1.0,1.0,0.0,55.0,55.3,70.0,68.1,100.0,2.0,80.0,60.0,0,False,False,False,False,False
2025-02-01 02:30:00,0.0,1.0,1.0,68.2,52.0,0.0,1.0,1.0,64.93333333,1.0,1.0,0.0,55.0,55.3,70.0,68.1,100.0,2.0,80.0,60.0,0,False,False,False,False,False
2025-02-01 02:45:00,0.0,1.0,1.0,68.2,52.0,0.0,1.0,1.0,64.73333333,1.0,1.0,0.0,55.0,55.0,70.0,68.1,100.0,2.0,80.0,60.0,0,False,False,False,False,False
2025-02-01 03:00:00,0.0,1.0,1.0,68.2,52.0,0.0,1.0,1.0,64.56666667,1.0,1.0,0.0,55.0,54.93333333,70.0,68.1,100.0,2.0,80.0,60.0,0,False,False,False,False,False
2025-02-01 03:15:00,0.0,1.0,1.0,68.2,52.0,0.0,1.0,1.0,64.5,1.0,1.0,0.0,55.0,54.8,70.0,67.9,100.0,2.0,80.0,60.0,0,False,False,False,False,False
2025-02-01 03:30:00,0.0,1.0,1.0,68.2,52.0,0.0,1.0,1.0,64.26666667,1.0,1.0,0.0,55.0,54.13333333,70.0,67.86666667,100.0,2.0,80.0,60.0,0,False,False,False,False,False
2025-02-01 03:45:00,0.0,1.0,1.0,68.2,52.0,0.0,1.0,1.0,64.13333333,1.0,1.0,0.0,55.66666667,53.63333333,70.0,67.8,100.0,2.0,80.0,60.0,0,False,False,False,False,False
2025-02-01 04:00:00,0.0,1.0,1.0,68.2,52.0,0.0,1.0,1.0,64.0,1.0,1.0,0.0,56.0,52.86666667,70.0,67.73333333,100.0,2.0,80.0,60.0,0,False,False,False,False,False
2025-02-01 04:15:00,0.0,1.0,1.0,68.2,52.0,0.0,1.0,1.0,64.0,1.0,1.0,0.0,56.0,53.1,70.0,67.6,100.0,2.0,80.0,60.0,0,False,False,False,False,False
2025-02-01 04:30:00,0.0,1.0,1.0,68.2,52.0,0.0,1.0,1.0,64.06666667,1.0,1.0,0.0,57.33333333,54.23333333,70.0,67.56666667,100.0,2.0,80.0,60.0,0,False,False,False,False,False
2025-02-01 04:45:00,0.0,1.0,1.0,68.2,52.0,16.66666667,1.333333333,1.0,65.36666667,1.0,1.0,0.0,59.0,56.6,70.0,68.96666667,100.0,2.0,80.0,60.0,0,False,False,False,False,False
2025-02-01 05:00:00,0.0,1.0,1.0,60.0,52.0,0.0,1.0,1.0,65.66666667,2.0,2.0,0.0,59.66666667,56.9,70.0,69.03333333,0.0,1.0,80.0,60.0,0,False,False,False,False,False
2025-02-01 05:15:00,0.0,1.0,1.0,60.0,52.0,0.0,1.0,1.0,65.73333333,2.0,2.0,0.0,56.66666667,55.13333333,70.0,68.66666667,0.0,1.0,80.0,60.0,0,False,False,False,False,False
2025-02-01 05:30:00,0.0,1.0,1.0,60.0,52.0,0.0,1.0,1.0,65.13333333,2.0,2.0,0.0,56.0,53.96666667,70.0,68.6,0.0,1.0,80.0,60.0,0,False,False,False,False,False
2025-02-01 05:45:00,0.0,1.0,1.0,60.0,52.0,0.0,1.0,1.0,64.46666667,2.0,2.0,0.0,56.0,53.36666667,70.0,68.4,0.0,1.0,80.0,60.0,0,False,False,False,False,False
2025-02-01 06:00:00,0.0,1.0,1.0,60.0,52.0,0.0,1.0,1.0,63.83333333,2.0,2.0,0.0,56.33333333,52.56666667,70.0,68.33333333,0.0,1.0,80.0,60.0,0,False,False,False,False,False
2025-02-01 06:15:00,0.0,1.0,1.0,60.0,52.0,0.0,1.0,1.0,63.36666667,2.0,2.0,0.0,58.0,51.93333333,70.0,68.3,0.0,1.0,80.0,60.0,0,False,False,False,False,False
2025-02-01 06:30:00,0.0,1.0,1.0,60.0,52.0,0.0,1.0,1.0,62.9,2.0,2.0,0.0,58.66666667,49.2,70.0,68.16666667,0.0,1.0,80.0,60.0,0,False,False,False,False,False
2025-02-01 06:45:00,0.0,1.0,1.0,60.0,52.0,0.0,1.0,1.0,62.2,2.0,2.0,0.0,61.0,47.33333333,70.0,68.1,0.0,1.0,80.0,60.0,0,False,False,False,False,False
2025-02-01 07:00:00,0.0,1.0,1.0,60.0,52.0,0.0,1.0,1.0,61.76666667,2.0,2.0,0.0,61.0,46.93333333,70.0,68.1,0.0,1.0,80.0,60.0,0,False,False,False,False,False
2025-02-01 07:15:00,0.0,1.0,1.0,68.2,52.0,0.0,1.0,1.0,63.8,1.0,1.0,0.0,44.33333333,50.16666667,70.0,68.86666667,100.0,2.0,80.0,60.0,0,True,True,True,True,True
2025-02-01 07:30:00,0.0,1.0,1.0,68.2,52.0,0.0,1.0,1.0,63.8,1.0,1.0,0.0,44.33333333,50.16666667,70.0,68.86666667,100.0,2.0,80.0,60.0,0,True,True,True,True,True
2025-02-01 07:45:00,0.0,1.0,1.0,68.2,52.0,0.0,1.0,1.0,63.8,1.0,1.0,0.0,44.33333333,50.16666667,70.0,68.86666667,100.0,2.0,80.0,60.0,0,True,True,True,True,True
2025-02-01 08:00:00,0.0,1.0,1.0,68.2,52.0,0.0,1.0,1.0,63.8,1.0,1.0,0.0,44.33333333,50.16666667,70.0,68.86666667,100.0,2.0,80.0,60.0,0,True,True,True,True,True
2025-02-01 08:15:00,0.0,1.0,1.0,68.2,52.0,0.0,1.0,1.0,63.8,1.0,1.0,0.0,44.33333333,50.16666667,70.0,68.86666667,100.0,2.0,80.0,60.0,0,True,True,True,True,True
2025-02-01 08:30:00,0.0,1.0,1.0,68.2,52.0,0.0,1.0,1.0,63.8,1.0,1.0,0.0,44.33333333,50.16666667,70.0,68.86666667,100.0,2.0,80.0,60.0,0,True,True,True,True,True
2025-02-01 08:45:00,0.0,1.0,1.0,68.2,52.0,0.0,1.0,1.0,63.8,1.0,1.0,0.0,44.33333333,50.16666667,70.0,68.86666667,100.0,2.0,80.0,60.0,0,True,True,True,True,True
2025-02-01 09:00:00,0.0,1.0,1.0,68.2,52.0,0.0,1.0,1.0,63.8,1.0,1.0,0.0,44.33333333,50.16666667,70.0,68.86666667,100.0,2.0,80.0,60.0,0,True,True,True,True,True
2025-02-01 09:15:00,0.0,1.0,1.0,68.2,52.0,0.0,1.0,1.0,63.8,1.0,1.0,0.0,44.33333333,50.16666667,70.0,68.86666667,100.0,2.0,80.0,60.0,0,True,True,True,True,True
2025-02-01 09:30:00,0.0,1.0,1.0,68.2,52.0,0.0,1.0,1.0,63.8,1.0,1.0,0.0,44.33333333,50.16666667,70.0,68.86666667,100.0,2.0,80.0,60.0,0,True,True,True,True,True
2025-02-01 09:45:00,0.0,1.0,1.0,68.2,52.0,0.0,1.0,1.0,63.8,1.0,1.0,0.0,44.33333333,50.16666667,70.0,68.86666667,100.0,2.0,80.0,60.0,0,True,True,True,True,True
2025-02-01 10:00:00,0.0,1.0,1.0,68.2,52.0,0.0,1.0,1.0,63.8,1.0,1.0,0.0,44.33333333,50.16666667,70.0,68.86666667,100.0,2.0,80.0,60.0,0,True,True,True,True,True
2025-02-01 10:15:00,0.0,1.0,1.0,68.2,52.0,0.0,1.0,1.0,63.8,1.0,1.0,0.0,44.33333333,50.16666667,70.0,68.86666667,100.0,2.0,80.0,60.0,0,True,True,True,True,True
2025-02-01 10:30:00,0.0,1.0,1.0,68.2,52.0,0.0,1.0,1.0,63.8,1.0,1.0,0.0,44.33333333,50.16666667,70.0,68.86666667,100.0,2.0,80.0,60.0,0,True,True,True,True,True
2025-02-01 10:45:00,0.0,1.0,1.0,68.2,52.0,0.0,1.0,1.0,63.8,1.0,1.0,0.0,44.33333333,50.16666667,70.0,68.86666667,100.0,2.0,80.0,60.0,0,True,True,True,True,True
2025-02-01 11:00:00,0.0,1.0,1.0,68.2,52.0,0.0,1.0,1.0,63.8,1.0,1.0,0.0,44.33333333,50.16666667,70.0,68.86666667,100.0,2.0,80.0,60.0,0,True,True,True,True,True
2025-02-01 11:15:00,0.0,1.0,1.0,68.2,52.0,0.0,1.0,1.0,63.8,1.0,1.0,0.0,44.33333333,50.16666667,70.0,68.86666667,100.0,2.0,80.0,60.0,0,True,True,True,True,True
2025-02-01 11:30:00,0.0,1.0,1.0,68.2,52.0,0.0,1.0,1.0,63.8,1.0,1.0,0.0,44.33333333,50.16666667,70.0,68.86666667,100.0,2.0,80.0,60.0,0,True,True,True,True,True
2025-02-01 11:45:00,0.0,1.0,1.0,68.2,52.0,0.0,1.0,1.0,63.8,1.0,1.0,0.0,44.33333333,50.16666667,70.0,68.86666667,100.0,2.0,80.0,60.0,0,True,True,True,True,True
2025-02-01 12:00:00,0.0,1.0,1.0,68.2,52.0,0.0,1.0,1.0,63.8,1.0,1.0,0.0,44.33333333,50.16666667,70.0,68.86666667,100.0,2.0,80.0,60.0,0,True,True,True,True,True
2025-02-01 12:15:00,0.0,1.0,1.0,68.2,52.0,0.0,1.0,1.0,63.8,1.0,1.0,0.0,44.33333333,50.16666667,70.0,68.86666667,100.0,2.0,80.0,60.0,0,True,True,True,True,True
2025-02-01 12:30:00,0.0,1.0,1.0,68.2,52.0,0.0,1.0,1.0,63.8,1.0,1.0,0.0,44.33333333,50.16666667,70.0,68.86666667,100.0,2.0,80.0,60.0,0,True,True,True,True,True
2025-02-01 12:45:00,0.0,1.0,1.0,68.2,52.0,0.0,1.0,1.0,63.8,1.0,1.0,0.0,44.33333333,50.16666667,70.0,68.86666667,100.0,2.0,80.0,60.0,0,True,True,True,True,True
2025-02-01 13:00:00,0.0,1.0,1.0,68.2,52.0,0.0,1.0,1.0,63.8,1.0,1.0,0.0,44.33333333,50.16666667,70.0,68.86666667,100.0,2.0,80.0,60.0,0,True,True,True,True,True
2025-02-01 13:15:00,0.0,1.0,1.0,68.2,52.0,0.0,1.0,1.0,63.8,1.0,1.0,0.0,44.33333333,50.16666667,70.0,68.86666667,100.0,2.0,80.0,60.0,0,True,True,True,True,True
2025-02-01 13:30:00,0.0,1.0,1.0,68.2,52.0,0.0,1.0,1.0,63.8,1.0,1.0,0.0,44.33333333,50.16666667,70.0,68.86666667,100.0,2.0,80.0,60.0,0,True,True,True,True,True
2025-02-01 13:45:00,0.0,1.0,1.0,68.2,52.0,0.0,1.0,1.0,63.8,1.0,1.0,0.0,44.33333333,50.16666667,70.0,68.86666667,100.0,2.0,80.0,60.0,0,True,True,True,True,True
2025-02-01 14:00:00,0.0,1.0,1.0,68.2,52.0,0.0,1.0,1.0,63.8,1.0,1.0,0.0,44.33333333,50.16666667,70.0,68.86666667,100.0,2.0,80.0,60.0,0,True,True,True,True,True
2025-02-01 14:15:00,0.0,1.0,1.0,68.2,52.0,0.0,1.0,1.0,63.8,1.0,1.0,0.0,44.33333333,50.16666667,70.0,68.86666667,100.0,2.0,80.0,60.0,0,True,True,True,True,True
2025-02-01 14:30:00,0.0,1.0,1.0,68.2,52.0,0.0,1.0,1.0,63.8,1.0,1.0,0.0,44.33333333,50.16666667,70.0,68.86666667,100.0,2.0,80.0,60.0,0,True,True,True,True,True
2025-02-01 14:45:00,0.0,1.0,1.0,68.2,52.0,0.0,1.0,1.0,63.8,1.0,1.0,0.0,44.33333333,50.16666667,70.0,68.86666667,100.0,2.0,80.0,60.0,0,True,True,True,True,True
2025-02-01 15:00:00,0.0,1.0,1.0,68.2,52.0,0.0,1.0,1.0,63.8,1.0,1.0,0.0,44.33333333,50.16666667,70.0,68.86666667,100.0,2.0,80.0,60.0,0,True,True,True,True,True
2025-02-01 15:15:00,0.0,1.0,1.0,68.2,52.0,0.0,1.0,1.0,63.8,1.0,1.0,0.0,44.33333333,50.16666667,70.0,68.86666667,100.0,2.0,80.0,60.0,0,True,True,True,True,True
2025-02-01 15:30:00,0.0,1.0,1.0,68.2,52.0,0.0,1.0,1.0,63.8,1.0,1.0,0.0,44.33333333,50.16666667,70.0,68.86666667,100.0,2.0,80.0,60.0,0,True,True,True,True,True
2025-02-01 15:45:00,0.0,1.0,1.0,68.2,52.0,0.0,1.0,1.0,63.8,1.0,1.0,0.0,44.33333333,50.16666667,70.0,68.86666667,100.0,2.0,80.0,60.0,0,True,True,True,True,True
2025-02-01 16:00:00,0.0,1.0,1.0,68.2,52.0,0.0,1.0,1.0,63.8,1.0,1.0,0.0,44.33333333,50.16666667,70.0,68.86666667,100.0,2.0,80.0,60.0,0,True,True,True,True,True
2025-02-01 16:15:00,0.0,1.0,1.0,68.2,52.0,0.0,1.0,1.0,63.8,1.0,1.0,0.0,44.33333333,50.16666667,70.0,68.86666667,100.0,2.0,80.0,60.0,0,True,True,True,True,True
2025-02-01 16:30:00,0.0,1.0,1.0,68.2,52.0,0.0,1.0,1.0,63.8,1.0,1.0,0.0,44.33333333,50.16666667,70.0,68.86666667,100.0,2.0,80.0,60.0,0,True,True,True,True,True
2025-02-01 16:45:00,0.0,1.0,1.0,68.2,52.0,0.0,1.0,1.0,63.8,1.0,1.0,0.0,44.33333333,50.16666667,70.0,68.86666667,100.0,2.0,80.0,60.0,0,True,True,True,True,True
2025-02-01 17:00:00,0.0,1.0,1.0,68.2,52.0,0.0,1.0,1.0,63.8,1.0,1.0,0.0,44.33333333,50.16666667,70.0,68.86666667,100.0,2.0,80.0,60.0,0,True,True,True,True,True
2025-02-01 17:15:00,0.0,1.0,1.0,68.2,52.0,0.0,1.0,1.0,63.8,1.0,1.0,0.0,44.33333333,50.16666667,70.0,68.86666667,100.0,2.0,80.0,60.0,0,True,True,True,True,True
2025-02-01 17:30:00,0.0,1.0,1.0,68.2,52.0,0.0,1.0,1.0,63.8,1.0,1.0,0.0,44.33333333,50.16666667,70.0,68.86666667,100.0,2.0,80.0,60.0,0,True,True,True,True,True
2025-02-01 17:45:00,0.0,1.0,1.0,68.2,52.0,0.0,1.0,1.0,63.8,1.0,1.0,0.0,44.33333333,50.16666667,70.0,68.86666667,100.0,2.0,80.0,60.0,0,True,True,True,True,True
2025-02-01 18:00:00,0.0,1.0,1.0,68.2,52.0,0.0,1.0,1.0,63.8,1.0,1.0,0.0,44.33333333,50.16666667,70.0,68.86666667,100.0,2.0,80.0,60.0,0,True,True,True,True,True
2025-02-01 18:15:00,0.0,1.0,1.0,68.2,52.0,0.0,1.0,1.0,63.8,1.0,1.0,0.0,44.33333333,50.16666667,70.0,68.86666667,100.0,2.0,80.0,60.0,0,True,True,True,True,True
2025-02-01 18:30:00,0.0,1.0,1.0,68.2,52.0,0.0,1.0,1.0,63.8,1.0,1.0,0.0,44.33333333,50.16666667,70.0,68.86666667,100.0,2.0,80.0,60.0,0,True,True,True,True,True
2025-02-01 18:45:00,0.0,1.0,1.0,68.2,52.0,0.0,1.0,1.0,63.8,1.0,1.0,0.0,44.33333333,50.16666667,70.0,68.86666667,100.0,2.0,80.0,60.0,0,True,True,True,True,True
2025-02-01 19:00:00,0.0,1.0,1.0,68.2,52.0,0.0,1.0,1.0,63.8,1.0,1.0,0.0,44.33333333,50.16666667,70.0,68.86666667,100.0,2.0,80.0,60.0,0,True,True,True,True,True
2025-02-01 19:15:00,0.0,1.0,1.0,68.2,52.0,0.0,1.0,1.0,63.8,1.0,1.0,0.0,44.33333333,50.16666667,70.0,68.86666667,100.0,2.0,80.0,60.0,0,True,True,True,True,True
2025-02-01 19:30:00,0.0,1.0,1.0,68.2,52.0,0.0,1.0,1.0,63.8,1.0,1.0,0.0,44.33333333,50.16666667,70.0,68.86666667,100.0,2.0,80.0,60.0,0,True,True,True,True,True
2025-02-01 19:45:00,0.0,1.0,1.0,68.2,52.0,0.0,1.0,1.0,63.8,1.0,1.0,0.0,44.33333333,50.16666667,70.0,68.86666667,100.0,2.0,80.0,60.0,0,True,True,True,True,True
2025-02-01 20:00:00,0.0,1.0,1.0,68.2,52.0,0.0,1.0,1.0,63.8,1.0,1.0,0.0,44.33333333,50.16666667,70.0,68.86666667,100.0,2.0,80.0,60.0,0,True,True,True,True,True
2025-02-01 20:15:00,0.0,1.0,1.0,68.2,52.0,0.0,1.0,1.0,63.8,1.0,1.0,0.0,44.33333333,50.16666667,70.0,68.86666667,100.0,2.0,80.0,60.0,0,True,True,True,True,True
2025-02-01 20:30:00,0.0,1.0,1.0,68.2,52.0,0.0,1.0,1.0,63.8,1.0,1.0,0.0,44.33333333,50.16666667,70.0,68.86666667,100.0,2.0,80.0,60.0,0,True,True,True,True,True
2025-02-01 20:45:00,0.0,1.0,1.0,68.2,52.0,0.0,1.0,1.0,63.8,1.0,1.0,0.0,44.33333333,50.16666667,70.0,68.86666667,100.0,2.0,80.0,60.0,0,True,True,True,True,True
2025-02-01 21:00:00,0.0,1.0,1.0,68.2,52.0,0.0,1.0,1.0,63.8,1.0,1.0,0.0,44.33333333,50.16666667,70.0,68.86666667,100.0,2.0,80.0,60.0,0,True,True,True,True,True
2025-02-01 21:15:00,0.0,1.0,1.0,68.2,52.0,0.0,1.0,1.0,63.8,1.0,1.0,0.0,44.33333333,50.16666667,70.0,68.86666667,100.0,2.0,80.0,60.0,0,True,True,True,True,True
2025-02-01 21:30:00,0.0,1.0,1.0,68.2,52.0,0.0,1.0,1.0,63.8,1.0,1.0,0.0,44.33333333,50.16666667,70.0,68.86666667,100.0,2.0,80.0,60.0,0,True,True,True,True,True
2025-02-01 21:45:00,0.0,1.0,1.0,68.2,52.0,0.0,1.0,1.0,63.8,1.0,1.0,0.0,44.33333333,50.16666667,70.0,68.86666667,100.0,2.0,80.0,60.0,0,True,True,True,True,True
2025-02-01 22:00:00,0.0,1.0,1.0,68.2,52.0,0.0,1.0,1.0,63.8,1.0,1.0,0.0,44.33333333,50.16666667,70.0,68.86666667,100.0,2.0,80.0,60.0,0,True,True,True,True,True
2025-02-01 22:15:00,0.0,1.0,1.0,68.2,52.0,0.0,1.0,1.0,63.8,1.0,1.0,0.0,44.33333333,50.16666667,70.0,68.86666667,100.0,2.0,80.0,60.0,0,True,True,True,True,True
2025-02-01 22:30:00,0.0,1.0,1.0,68.2,52.0,0.0,1.0,1.0,63.8,1.0,1.0,0.0,44.33333333,50.16666667,70.0,68.86666667,100.0,2.0,80.0,60.0,0,True,True,True,True,True
2025-02-01 22:45:00,0.0,1.0,1.0,68.2,52.0,0.0,1.0,1.0,63.8,1.0,1.0,0.0,44.33333333,50.16666667,70.0,68.86666667,100.0,2.0,80.0,60.0,0,True,True,True,True,True
2025-02-01 23:00:00,0.0,1.0,1.0,68.2,52.0,0.0,1.0,1.0,63.8,1.0,1.0,0.0,44.33333333,50.16666667,70.0,68.86666667,100.0,2.0,80.0,60.0,0,True,True,True,True,True
2025-02-01 23:15:00,0.0,1.0,1.0,68.2,52.0,0.0,1.0,1.0,63.8,1.0,1.0,0.0,44.33333333,50.16666667,70.0,68.86666667,100.0,2.0,80.0,60.0,0,True,True,True,True,True
2025-02-01 23:30:00,0.0,1.0,1.0,68.2,52.0,0.0,1.0,1.0,63.8,1.0,1.0,0.0,44.33333333,50.16666667,70.0,68.86666667,100.0,2.0,80.0,60.0,0,True,True,True,True,True
2025-02-01 23:45:00,0.0,1.0,1.0,68.2,52.0,0.0,1.0,1.0,63.8,1.0,1.0,0.0,44.33333333,50.16666667,70.0,68.86666667,100.0,2.0,80.0,60.0,0,True,True,True,True,True
2025-02-02 00:00:00,0.0,1.0,1.0,68.2,52.0,0.0,1.0,1.0,63.8,1.0,1.0,0.0,44.33333333,50.16666667,70.0,68.86666667,100.0,2.0,80.0,60.0,0,True,True,True,True,True
2025-02-02 00:15:00,0.0,1.0,1.0,68.2,52.0,0.0,1.0,1.0,63.8,1.0,1.0,0.0,44.33333333,50.16666667,70.0,68.86666667,100.0,2.0,80.0,60.0,0,True,True,True,True,True
2025-02-02 00:30:00,0.0,1.0,1.0,68.2,52.0,0.0,1.0,1.0,63.8,1.0,1.0,0.0,44.33333333,50.16666667,70.0,68.86666667,100.0,2.0,80.0,60.0,0,True,True,True,True,True
2025-02-02 00:45:00,0.0,1.0,1.0,68.2,52.0,0.0,1.0,1.0,63.8,1.0,1.0,0.0,44.33333333,50.16666667,70.0,68.86666667,100.0,2.0,80.0,60.0,0,True,True,True,True,True
2025-02-02 01:00:00,0.0,1.0,1.0,68.2,52.0,0.0,1.0,1.0,63.8,1.0,1.0,0.0,44.33333333,50.16666667,70.0,68.86666667,100.0,2.0,80.0,60.0,0,True,True,True,True,True
2025-02-02 01:15:00,0.0,1.0,1.0,68.2,52.0,0.0,1.0,1.0,63.8,1.0,1.0,0.0,44.33333333,50.16666667,70.0,68.86666667,100.0,2.0,80.0,60.0,0,True,True,True,True,True
2025-02-02 01:30:00,0.0,1.0,1.0,68.2,52.0,0.0,1.0,1.0,63.8,1.0,1.0,0.0,44.33333333,50.16666667,70.0,68.86666667,100.0,2.0,80.0,60.0,0,True,True,True,True,True
2025-02-02 01:45:00,0.0,1.0,1.0,68.2,52.0,0.0,1.0,1.0,63.8,1.0,1.0,0.0,44.33333333,50.16666667,70.0,68.86666667,100.0,2.0,80.0,60.0,0,True,True,True,True,True
2025-02-02 02:00:00,0.0,1.0,1.0,68.2,52.0,0.0,1.0,1.0,63.8,1.0,1.0,0.0,44.33333333,50.16666667,70.0,68.86666667,100.0,2.0,80.0,60.0,0,True,True,True,True,True
2025-02-02 02:15:00,0.0,1.0,1.0,68.2,52.0,0.0,1.0,1.0,63.8,1.0,1.0,0.0,44.33333333,50.16666667,70.0,68.86666667,100.0,2.0,80.0,60.0,0,True,True,True,True,True
2025-02-02 02:30:00,0.0,1.0,1.0,68.2,52.0,0.0,1.0,1.0,63.8,1.0,1.0,0.0,44.33333333,50.16666667,70.0,68.86666667,100.0,2.0,80.0,60.0,0,True,True,True,True,True
2025-02-02 02:45:00,0.0,1.0,1.0,68.2,52.0,0.0,1.0,1.0,63.8,1.0,1.0,0.0,44.33333333,50.16666667,70.0,68.86666667,100.0,2.0,80.0,60.0,0,True,True,True,True,True
2025-02-02 03:00:00,0.0,1.0,1.0,68.2,52.0,0.0,1.0,1.0,63.8,1.0,1.0,0.0,44.33333333,50.16666667,70.0,68.86666667,100.0,2.0,80.0,60.0,0,True,True,True,True,True
2025-02-02 03:15:00,0.0,1.0,1.0,68.2,52.0,0.0,1.0,1.0,63.8,1.0,1.0,0.0,44.33333333,50.16666667,70.0,68.86666667,100.0,2.0,80.0,60.0,0,True,True,True,True,True
2025-02-02 03:30:00,0.0,1.0,1.0,68.2,52.0,0.0,1.0,1.0,63.8,1.0,1.0,0.0,44.33333333,50.16666667,70.0,68.86666667,100.0,2.0,80.0,60.0,0,True,True,True,True,True
2025-02-02 03:45:00,0.0,1.0,1.0,68.2,52.0,0.0,1.0,1.0,63.8,1.0,1.0,0.0,44.33333333,50.16666667,70.0,68.86666667,100.0,2.0,80.0,60.0,0,True,True,True,True,True
2025-02-02 04:00:00,0.0,1.0,1.0,68.2,52.0,0.0,1.0,1.0,63.8,1.0,1.0,0.0,44.33333333,50.16666667,70.0,68.86666667,100.0,2.0,80.0,60.0,0,True,True,True,True,True
2025-02-02 04:15:00,0.0,1.0,1.0,68.2,52.0,0.0,1.0,1.0,63.8,1.0,1.0,0.0,44.33333333,50.16666667,70.0,68.86666667,100.0,2.0,80.0,60.0,0,True,True,True,True,True
2025-02-02 04:30:00,0.0,1.0,1.0,68.2,52.0,0.0,1.0,1.0,63.8,1.0,1.0,0.0,44.33333333,50.16666667,70.0,68.86666667,100.0,2.0,80.0,60.0,0,True,True,True,True,True
2025-02-02 04:45:00,0.0,1.0,1.0,68.2,52.0,0.0,1.0,1.0,63.8,1.0,1.0,0.0,44.33333333,50.16666667,70.0,68.86666667,100.0,2.0,80.0,60.0,0,True,True,True,True,True
2025-02-02 05:00:00,0.0,1.0,1.0,68.2,52.0,0.0,1.0,1.0,63.8,1.0,1.0,0.0,44.33333333,50.16666667,70.0,68.86666667,100.0,2.0,80.0,60.0,0,True,True,True,True,True
2025-02-02 05:15:00,0.0,1.0,1.0,68.2,52.0,0.0,1.0,1.0,63.8,1.0,1.0,0.0,44.33333333,50.16666667,70.0,68.86666667,100.0,2.0,80.0,60.0,0,True,True,True,True,True
2025-02-02 05:30:00,0.0,1.0,1.0,68.2,52.0,0.0,1.0,1.0,63.8,1.0,1.0,0.0,44.33333333,50.16666667,70.0,68.86666667,100.0,2.0,80.0,60.0,0,True,True,True,True,True
2025-02-02 05:45:00,0.0,1.0,1.0,68.2,52.0,0.0,1.0,1.0,63.8,1.0,1.0,0.0,44.33333333,50.16666667,70.0,68.86666667,100.0,2.0,80.0,60.0,0,True,True,True,True,True
2025-02-02 06:00:00,0.0,1.0,1.0,68.2,52.0,0.0,1.0,1.0,63.8,1.0,1.0,0.0,44.33333333,50.16666667,70.0,68.86666667,100.0,2.0,80.0,60.0,0,True,True,True,True,True
2025-02-02 06:15:00,0.0,1.0,1.0,68.2,52.0,0.0,1.0,1.0,63.8,1.0,1.0,0.0,44.33333333,50.16666667,70.0,68.86666667,100.0,2.0,80.0,60.0,0,True,True,True,True,True
2025-02-02 06:30:00,0.0,1.0,1.0,68.2,52.0,0.0,1.0,1.0,63.8,1.0,1.0,0.0,44.33333333,50.16666667,70.0,68.86666667,100.0,2.0,80.0,60.0,0,True,True,True,True,True
2025-02-02 06:45:00,0.0,1.0,1.0,68.2,52.0,0.0,1.0,1.0,63.8,1.0,1.0,0.0,44.33333333,50.16666667,70.0,68.86666667,100.0,2.0,80.0,60.0,0,True,True,True,True,True
2025-02-02 07:00:00,0.0,1.0,1.0,68.2,52.0,0.0,1.0,1.0,63.8,1.0,1.0,0.0,44.33333333,50.16666667,70.0,68.86666667,100.0,2.0,80.0,60.0,0,True,True,True,True,True
2025-02-02 07:15:00,0.0,1.0,1.0,68.2,52.0,0.0,1.0,1.0,63.8,1.0,1.0,0.0,44.33333333,50.16666667,70.0,68.86666667,100.0,2.0,80.0,60.0,0,True,True,True,True,True
2025-02-02 07:30:00,0.0,1.0,1.0,68.2,52.0,0.0,1.0,1.0,63.8,1.0,1.0,0.0,44.33333333,50.16666667,70.0,68.86666667,100.0,2.0,80.0,60.0,0,True,True,True,True,True
2025-02-02 07:45:00,0.0,1.0,1.0,68.2,52.0,0.0,1.0,1.0,63.8,1.0,1.0,0.0,44.33333333,50.16666667,70.0,68.86666667,100.0,2.0,80.0,60.0,0,True,True,True,True,True
2025-02-02 08:00:00,0.0,1.0,1.0,68.2,52.0,0.0,1.0,1.0,63.8,1.0,1.0,0.0,44.33333333,50.16666667,70.0,68.86666667,100.0,2.0,80.0,60.0,0,True,True,True,True,True
2025-02-02 08:15:00,0.0,1.0,1.0,68.2,52.0,0.0,1.0,1.0,63.8,1.0,1.0,0.0,44.33333333,50.16666667,70.0,68.86666667,100.0,2.0,80.0,60.0,0,True,True,True,True,True
2025-02-02 08:30:00,0.0,1.0,1.0,68.2,52.0,0.0,1.0,1.0,63.8,1.0,1.0,0.0,44.33333333,50.16666667,70.0,68.86666667,100.0,2.0,80.0,60.0,0,True,True,True,True,True
2025-02-02 08:45:00,0.0,1.0,1.0,68.2,52.0,0.0,1.0,1.0,63.8,1.0,1.0,0.0,44.33333333,50.16666667,70.0,68.86666667,100.0,2.0,80.0,60.0,0,True,True,True,True,True
2025-02-02 09:00:00,0.0,1.0,1.0,68.2,52.0,0.0,1.0,1.0,63.8,1.0,1.0,0.0,44.33333333,50.16666667,70.0,68.86666667,100.0,2.0,80.0,60.0,0,True,True,True,True,True
2025-02-02 09:15:00,0.0,1.0,1.0,68.2,52.0,0.0,1.0,1.0,63.8,1.0,1.0,0.0,44.33333333,50.16666667,70.0,68.86666667,100.0,2.0,80.0,60.0,0,True,True,True,True,True
2025-02-02 09:30:00,0.0,1.0,1.0,68.2,52.0,0.0,1.0,1.0,63.8,1.0,1.0,0.0,44.33333333,50.16666667,70.0,68.86666667,100.0,2.0,80.0,60.0,0,True,True,True,True,True
2025-02-02 09:45:00,0.0,1.0,1.0,68.2,52.0,0.0,1.0,1.0,63.8,1.0,1.0,0.0,44.33333333,50.16666667,70.0,68.86666667,100.0,2.0,80.0,60.0,0,True,True,True,True,True
2025-02-02 10:00:00,0.0,1.0,1.0,68.2,52.0,0.0,1.0,1.0,63.8,1.0,1.0,0.0,44.33333333,50.16666667,70.0,68.86666667,100.0,2.0,80.0,60.0,0,True,True,True,True,True
2025-02-02 10:15:00,0.0,1.0,1.0,68.2,52.0,0.0,1.0,1.0,63.8,1.0,1.0,0.0,44.33333333,50.16666667,70.0,68.86666667,100.0,2.0,80.0,60.0,0,True,True,True,True,True
2025-02-02 10:30:00,0.0,1.0,1.0,68.2,52.0,0.0,1.0,1.0,63.8,1.0,1.0,0.0,44.33333333,50.16666667,70.0,68.86666667,100.0,2.0,80.0,60.0,0,True,True,True,True,True
2025-02-02 10:45:00,0.0,1.0,1.0,68.2,52.0,0.0,1.0,1.0,63.8,1.0,1.0,0.0,44.33333333,50.16666667,70.0,68.86666667,100.0,2.0,80.0,60.0,0,True,True,True,True,True
2025-02-02 11:00:00,0.0,1.0,1.0,68.2,52.0,0.0,1.0,1.0,63.8,1.0,1.0,0.0,44.33333333,50.16666667,70.0,68.86666667,100.0,2.0,80.0,60.0,0,True,True,True,True,True
2025-02-02 11:15:00,0.0,1.0,1.0,68.2,52.0,0.0,1.0,1.0,63.8,1.0,1.0,0.0,44.33333333,50.16666667,70.0,68.86666667,100.0,2.0,80.0,60.0,0,True,True,True,True,True
2025-02-02 11:30:00,0.0,1.0,1.0,68.2,52.0,0.0,1.0,1.0,63.8,1.0,1.0,0.0,44.33333333,50.16666667,70.0,68.86666667,100.0,2.0,80.0,60.0,0,True,True,True,True,True
2025-02-02 11:45:00,0.0,1.0,1.0,68.2,52.0,0.0,1.0,1.0,63.8,1.0,1.0,0.0,44.33333333,50.16666667,70.0,68.86666667,100.0,2.0,80.0,60.0,0,True,True,True,True,True
2025-02-02 12:00:00,0.0,1.0,1.0,68.2,52.0,0.0,1.0,1.0,63.8,1.0,1.0,0.0,44.33333333,50.16666667,70.0,68.86666667,100.0,2.0,80.0,60.0,0,True,True,True,True,True
2025-02-02 12:15:00,0.0,1.0,1.0,68.2,52.0,0.0,1.0,1.0,63.8,1.0,1.0,0.0,44.33333333,50.16666667,70.0,68.86666667,100.0,2.0,80.0,60.0,0,True,True,True,True,True
2025-02-02 12:30:00,0.0,1.0,1.0,68.2,52.0,0.0,1.0,1.0,63.8,1.0,1.0,0.0,44.33333333,50.16666667,70.0,68.86666667,100.0,2.0,80.0,60.0,0,True,True,True,True,True
2025-02-02 12:45:00,0.0,1.0,1.0,68.2,52.0,0.0,1.0,1.0,63.8,1.0,1.0,0.0,44.33333333,50.16666667,70.0,68.86666667,100.0,2.0,80.0,60.0,0,True,True,True,True,True
2025-02-02 13:00:00,0.0,1.0,1.0,68.2,52.0,0.0,1.0,1.0,63.8,1.0,1.0,0.0,44.33333333,50.16666667,70.0,68.86666667,100.0,2.0,80.0,60.0,0,True,True,True,True,True
2025-02-02 13:15:00,0.0,1.0,1.0,68.2,52.0,0.0,1.0,1.0,63.8,1.0,1.0,0.0,44.33333333,50.16666667,70.0,68.86666667,100.0,2.0,80.0,60.0,0,True,True,True,True,True
2025-02-02 13:30:00,0.0,1.0,1.0,68.2,52.0,0.0,1.0,1.0,63.8,1.0,1.0,0.0,44.33333333,50.16666667,70.0,68.86666667,100.0,2.0,80.0,60.0,0,True,True,True,True,True
2025-02-02 13:45:00,0.0,1.0,1.0,68.2,52.0,0.0,1.0,1.0,63.8,1.0,1.0,0.0,44.33333333,50.16666667,70.0,68.86666667,100.0,2.0,80.0,60.0,0,True,True,True,True,True
2025-02-02 14:00:00,0.0,1.0,1.0,68.2,52.0,0.0,1.0,1.0,63.8,1.0,1.0,0.0,44.33333333,50.16666667,70.0,68.86666667,100.0,2.0,80.0,60.0,0,True,True,True,True,True
2025-02-02 14:15:00,0.0,1.0,1.0,68.2,52.0,0.0,1.0,1.0,63.8,1.0,1.0,0.0,44.33333333,50.16666667,70.0,68.86666667,100.0,2.0,80.0,60.0,0,True,True,True,True,True
2025-02-02 14:30:00,0.0,1.0,1.0,68.2,52.0,0.0,1.0,1.0,63.8,1.0,1.0,0.0,44.33333333,50.16666667,70.0,68.86666667,100.0,2.0,80.0,60.0,0,True,True,True,True,True
2025-02-02 14:45:00,0.0,1.0,1.0,68.2,52.0,0.0,1.0,1.0,63.8,1.0,1.0,0.0,44.33333333,50.16666667,70.0,68.86666667,100.0,2.0,80.0,60.0,0,True,True,True,True,True
2025-02-02 15:00:00,0.0,1.0,1.0,68.2,52.0,0.0,1.0,1.0,63.8,1.0,1.0,0.0,44.33333333,50.16666667,70.0,68.86666667,100.0,2.0,80.0,60.0,0,True,True,True,True,True
2025-02-02 15:15:00,0.0,1.0,1.0,68.2,52.0,0.0,1.0,1.0,63.8,1.0,1.0,0.0,44.33333333,50.16666667,70.0,68.86666667,100.0,2.0,80.0,60.0,0,True,True,True,True,True
2025-02-02 15:30:00,0.0,1.0,1.0,68.2,52.0,0.0,1.0,1.0,63.8,1.0,1.0,0.0,44.33333333,50.16666667,70.0,68.86666667,100.0,2.0,80.0,60.0,0,True,True,True,True,True
2025-02-02 15:45:00,0.0,1.0,1.0,68.2,52.0,0.0,1.0,1.0,63.8,1.0,1.0,0.0,44.33333333,50.16666667,70.0,68.86666667,100.0,2.0,80.0,60.0,0,True,True,True,True,True
2025-02-02 16:00:00,0.0,1.0,1.0,68.2,52.0,0.0,1.0,1.0,63.8,1.0,1.0,0.0,44.33333333,50.16666667,70.0,68.86666667,100.0,2.0,80.0,60.0,0,True,True,True,True,True
2025-02-02 16:15:00,0.0,1.0,1.0,68.2,52.0,0.0,1.0,1.0,63.8,1.0,1.0,0.0,44.33333333,50.16666667,70.0,68.86666667,100.0,2.0,80.0,60.0,0,True,True,True,True,True
2025-02-02 16:30:00,0.0,1.0,1.0,68.2,52.0,0.0,1.0,1.0,63.8,1.0,1.0,0.0,44.33333333,50.16666667,70.0,68.86666667,100.0,2.0,80.0,60.0,0,True,True,True,True,True
2025-02-02 16:45:00,0.0,1.0,1.0,68.2,52.0,0.0,1.0,1.0,63.8,1.0,1.0,0.0,44.33333333,50.16666667,70.0,68.86666667,100.0,2.0,80.0,60.0,0,True,True,True,True,True
2025-02-02 17:00:00,0.0,1.0,1.0,68.2,52.0,0.0,1.0,1.0,63.8,1.0,1.0,0.0,44.33333333,50.16666667,70.0,68.86666667,100.0,2.0,80.0,60.0,0,True,True,True,True,True
2025-02-02 17:15:00,0.0,1.0,1.0,68.2,52.0,0.0,1.0,1.0,63.8,1.0,1.0,0.0,44.33333333,50.16666667,70.0,68.86666667,100.0,2.0,80.0,60.0,0,True,True,True,True,True
2025-02-02 17:30:00,0.0,1.0,1.0,68.2,52.0,0.0,1.0,1.0,63.8,1.0,1.0,0.0,44.33333333,50.16666667,70.0,68.86666667,100.0,2.0,80.0,60.0,0,True,True,True,True,True
2025-02-02 17:45:00,0.0,1.0,1.0,68.2,52.0,0.0,1.0,1.0,63.8,1.0,1.0,0.0,44.33333333,50.16666667,70.0,68.86666667,100.0,2.0,80.0,60.0,0,True,True,True,True,True
2025-02-02 18:00:00,0.0,1.0,1.0,68.2,52.0,0.0,1.0,1.0,63.8,1.0,1.0,0.0,44.33333333,50.16666667,70.0,68.86666667,100.0,2.0,80.0,60.0,0,True,True,True,True,True
2025-02-02 18:15:00,0.0,1.0,1.0,68.2,52.0,0.0,1.0,1.0,63.8,1.0,1.0,0.0,44.33333333,50.16666667,70.0,68.86666667,100.0,2.0,80.0,60.0,0,True,True,True,True,True
2025-02-02 18:30:00,0.0,1.0,1.0,68.2,52.0,0.0,1.0,1.0,63.8,1.0,1.0,0.0,44.33333333,50.16666667,70.0,68.86666667,100.0,2.0,80.0,60.0,0,True,True,True,True,True
2025-02-02 18:45:00,0.0,1.0,1.0,68.2,52.0,0.0,1.0,1.0,63.8,1.0,1.0,0.0,44.33333333,50.16666667,70.0,68.86666667,100.0,2.0,80.0,60.0,0,True,True,True,True,True
2025-02-02 19:00:00,0.0,1.0,1.0,68.2,52.0,0.0,1.0,1.0,63.8,1.0,1.0,0.0,44.33333333,50.16666667,70.0,68.86666667,100.0,2.0,80.0,60.0,0,True,True,True,True,True
2025-02-02 19:15:00,0.0,1.0,1.0,68.2,52.0,0.0,1.0,1.0,63.8,1.0,1.0,0.0,44.33333333,50.16666667,70.0,68.86666667,100.0,2.0,80.0,60.0,0,True,True,True,True,True
2025-02-02 19:30:00,0.0,1.0,1.0,68.2,52.0,0.0,1.0,1.0,63.8,1.0,1.0,0.0,44.33333333,50.16666667,70.0,68.86666667,100.0,2.0,80.0,60.0,0,True,True,True,True,True
2025-02-02 19:45:00,0.0,1.0,1.0,68.2,52.0,0.0,1.0,1.0,63.8,1.0,1.0,0.0,44.33333333,50.16666667,70.0,68.86666667,100.0,2.0,80.0,60.0,0,True,True,True,True,True
2025-02-02 20:00:00,0.0,1.0,1.0,68.2,52.0,0.0,1.0,1.0,63.8,1.0,1.0,0.0,44.33333333,50.16666667,70.0,68.86666667,100.0,2.0,80.0,60.0,0,True,True,True,True,True
2025-02-02 20:15:00,0.0,1.0,1.0,68.2,52.0,0.0,1.0,1.0,63.8,1.0,1.0,0.0,44.33333333,50.16666667,70.0,68.86666667,100.0,2.0,80.0,60.0,0,True,True,True,True,True
2025-02-02 20:30:00,0.0,1.0,1.0,68.2,52.0,0.0,1.0,1.0,63.8,1.0,1.0,0.0,44.33333333,50.16666667,70.0,68.86666667,100.0,2.0,80.0,60.0,0,True,True,True,True,True
2025-02-02 20:45:00,0.0,1.0,1.0,68.2,52.0,0.0,1.0,1.0,63.8,1.0,1.0,0.0,44.33333333,50.16666667,70.0,68.86666667,100.0,2.0,80.0,60.0,0,True,True,True,True,True
2025-02-02 21:00:00,0.0,1.0,1.0,68.2,52.0,0.0,1.0,1.0,63.8,1.0,1.0,0.0,44.33333333,50.16666667,70.0,68.86666667,100.0,2.0,80.0,60.0,0,True,True,True,True,True
2025-02-02 21:15:00,0.0,1.0,1.0,68.2,52.0,0.0,1.0,1.0,63.8,1.0,1.0,0.0,44.33333333,50.16666667,70.0,68.86666667,100.0,2.0,80.0,60.0,0,True,True,True,True,True
2025-02-02 21:30:00,0.0,1.0,1.0,68.2,52.0,0.0,1.0,1.0,63.8,1.0,1.0,0.0,44.33333333,50.16666667,70.0,68.86666667,100.0,2.0,80.0,60.0,0,True,True,True,True,True
2025-02-02 21:45:00,0.0,1.0,1.0,68.2,52.0,0.0,1.0,1.0,63.8,1.0,1.0,0.0,44.33333333,50.16666667,70.0,68.86666667,100.0,2.0,80.0,60.0,0,True,True,True,True,True
2025-02-02 22:00:00,0.0,1.0,1.0,68.2,52.0,0.0,1.0,1.0,63.8,1.0,1.0,0.0,44.33333333,50.16666667,70.0,68.86666667,100.0,2.0,80.0,60.0,0,True,True,True,True,True
2025-02-02 22:15:00,0.0,1.0,1.0,68.2,52.0,0.0,1.0,1.0,63.8,1.0,1.0,0.0,44.33333333,50.16666667,70.0,68.86666667,100.0,2.0,80.0,60.0,0,True,True,True,True,True
2025-02-02 22:30:00,0.0,1.0,1.0,68.2,52.0,0.0,1.0,1.0,63.8,1.0,1.0,0.0,44.33333333,50.16666667,70.0,68.86666667,100.0,2.0,80.0,60.0,0,True,True,True,True,True
2025-02-02 22:45:00,0.0,1.0,1.0,68.2,52.0,0.0,1.0,1.0,63.8,1.0,1.0,0.0,44.33333333,50.16666667,70.0,68.86666667,100.0,2.0,80.0,60.0,0,True,True,True,True,True
2025-02-02 23:00:00,0.0,1.0,1.0,68.2,52.0,0.0,1.0,1.0,63.8,1.0,1.0,0.0,44.33333333,50.16666667,70.0,68.86666667,100.0,2.0,80.0,60.0,0,True,True,True,True,True
2025-02-02 23:15:00,0.0,1.0,1.0,68.2,52.0,0.0,1.0,1.0,63.8,1.0,1.0,0.0,44.33333333,50.16666667,70.0,68.86666667,100.0,2.0,80.0,60.0,0,True,True,True,True,True
2025-02-02 23:30:00,0.0,1.0,1.0,68.2,52.0,0.0,1.0,1.0,63.8,1.0,1.0,0.0,44.33333333,50.16666667,70.0,68.86666667,100.0,2.0,80.0,60.0,0,True,True,True,True,True
2025-02-02 23:45:00,0.0,1.0,1.0,68.2,52.0,0.0,1.0,1.0,63.8,1.0,1.0,0.0,44.33333333,50.16666667,70.0,68.86666667,100.0,2.0,80.0,60.0,0,True,True,True,True,True
2025-02-03 00:00:00,0.0,1.0,1.0,68.2,52.0,0.0,1.0,1.0,63.8,1.0,1.0,0.0,44.33333333,50.16666667,70.0,68.86666667,100.0,2.0,80.0,60.0,0,True,True,True,True,True
2025-02-03 00:15:00,0.0,1.0,1.0,68.2,52.0,0.0,1.0,1.0,63.8,1.0,1.0,0.0,44.33333333,50.16666667,70.0,68.86666667,100.0,2.0,80.0,60.0,0,True,True,True,True,True
2025-02-03 00:30:00,0.0,1.0,1.0,68.2,52.0,0.0,1.0,1.0,63.8,1.0,1.0,0.0,44.33333333,50.16666667,70.0,68.86666667,100.0,2.0,80.0,60.0,0,True,True,True,True,True
2025-02-03 00:45:00,0.0,1.0,1.0,68.2,52.0,0.0,1.0,1.0,63.8,1.0,1.0,0.0,44.33333333,50.16666667,70.0,68.86666667,100.0,2.0,80.0,60.0,0,True,True,True,True,True
2025-02-03 01:00:00,0.0,1.0,1.0,68.2,52.0,0.0,1.0,1.0,63.8,1.0,1.0,0.0,44.33333333,50.16666667,70.0,68.86666667,100.0,2.0,80.0,60.0,0,True,True,True,True,True
2025-02-03 01:15:00,0.0,1.0,1.0,68.2,52.0,0.0,1.0,1.0,63.8,1.0,1.0,0.0,44.33333333,50.16666667,70.0,68.86666667,100.0,2.0,80.0,60.0,0,True,True,True,True,True
2025-02-03 01:30:00,0.0,1.0,1.0,68.2,52.0,0.0,1.0,1.0,63.8,1.0,1.0,0.0,44.33333333,50.16666667,70.0,68.86666667,100.0,2.0,80.0,60.0,0,True,True,True,True,True
2025-02-03 01:45:00,0.0,1.0,1.0,68.2,52.0,0.0,1.0,1.0,63.8,1.0,1.0,0.0,44.33333333,50.16666667,70.0,68.86666667,100.0,2.0,80.0,60.0,0,True,True,True,True,True
2025-02-03 02:00:00,0.0,1.0,1.0,68.2,52.0,0.0,1.0,1.0,63.8,1.0,1.0,0.0,44.33333333,50.16666667,70.0,68.86666667,100.0,2.0,80.0,60.0,0,True,True,True,True,True
2025-02-03 02:15:00,0.0,1.0,1.0,68.2,52.0,0.0,1.0,1.0,63.8,1.0,1.0,0.0,44.33333333,50.16666667,70.0,68.86666667,100.0,2.0,80.0,60.0,0,True,True,True,True,True
2025-02-03 02:30:00,0.0,1.0,1.0,68.2,52.0,0.0,1.0,1.0,63.8,1.0,1.0,0.0,44.33333333,50.16666667,70.0,68.86666667,100.0,2.0,80.0,60.0,0,True,True,True,True,True
2025-02-03 02:45:00,0.0,1.0,1.0,68.2,52.0,0.0,1.0,1.0,63.8,1.0,1.0,0.0,44.33333333,50.16666667,70.0,68.86666667,100.0,2.0,80.0,60.0,0,True,True,True,True,True
2025-02-03 03:00:00,0.0,1.0,1.0,68.2,52.0,0.0,1.0,1.0,63.8,1.0,1.0,0.0,44.33333333,50.16666667,70.0,68.86666667,100.0,2.0,80.0,60.0,0,True,True,True,True,True
2025-02-03 03:15:00,0.0,1.0,1.0,68.2,52.0,0.0,1.0,1.0,63.8,1.0,1.0,0.0,44.33333333,50.16666667,70.0,68.86666667,100.0,2.0,80.0,60.0,0,True,True,True,True,True
2025-02-03 03:30:00,0.0,1.0,1.0,68.2,52.0,0.0,1.0,1.0,63.8,1.0,1.0,0.0,44.33333333,50.16666667,70.0,68.86666667,100.0,2.0,80.0,60.0,0,True,True,True,True,True
2025-02-03 03:45:00,0.0,1.0,1.0,68.2,52.0,0.0,1.0,1.0,63.8,1.0,1.0,0.0,44.33333333,50.16666667,70.0,68.86666667,100.0,2.0,80.0,60.0,0,True,True,True,True,True
2025-02-03 04:00:00,0.0,1.0,1.0,68.2,52.0,0.0,1.0,1.0,63.8,1.0,1.0,0.0,44.33333333,50.16666667,70.0,68.86666667,100.0,2.0,80.0,60.0,0,True,True,True,True,True
2025-02-03 04:15:00,0.0,1.0,1.0,68.2,52.0,0.0,1.0,1.0,63.8,1.0,1.0,0.0,44.33333333,50.16666667,70.0,68.86666667,100.0,2.0,80.0,60.0,0,True,True,True,True,True
2025-02-03 04:30:00,0.0,1.0,1.0,68.2,52.0,0.0,1.0,1.0,63.8,1.0,1.0,0.0,44.33333333,50.16666667,70.0,68.86666667,100.0,2.0,80.0,60.0,0,True,True,True,True,True
2025-02-03 04:45:00,0.0,1.0,1.0,68.2,52.0,0.0,1.0,1.0,63.8,1.0,1.0,0.0,44.33333333,50.16666667,70.0,68.86666667,100.0,2.0,80.0,60.0,0,True,True,True,True,True
2025-02-03 05:00:00,0.0,1.0,1.0,68.2,52.0,0.0,1.0,1.0,63.8,1.0,1.0,0.0,44.33333333,50.16666667,70.0,68.86666667,100.0,2.0,80.0,60.0,0,True,True,True,True,True
2025-02-03 05:15:00,0.0,1.0,1.0,68.2,52.0,0.0,1.0,1.0,63.8,1.0,1.0,0.0,44.33333333,50.16666667,70.0,68.86666667,100.0,2.0,80.0,60.0,0,True,True,True,True,True
2025-02-03 05:30:00,0.0,1.0,1.0,68.2,52.0,0.0,1.0,1.0,63.8,1.0,1.0,0.0,44.33333333,50.16666667,70.0,68.86666667,100.0,2.0,80.0,60.0,0,True,True,True,True,True
2025-02-03 05:45:00,0.0,1.0,1.0,68.2,52.0,0.0,1.0,1.0,63.8,1.0,1.0,0.0,44.33333333,50.16666667,70.0,68.86666667,100.0,2.0,80.0,60.0,0,True,True,True,True,True
2025-02-03 06:00:00,0.0,1.0,1.0,68.2,52.0,0.0,1.0,1.0,63.8,1.0,1.0,0.0,44.33333333,50.16666667,70.0,68.86666667,100.0,2.0,80.0,60.0,0,True,True,True,True,True
2025-02-03 06:15:00,0.0,1.0,1.0,68.2,52.0,0.0,1.0,1.0,63.8,1.0,1.0,0.0,44.33333333,50.16666667,70.0,68.86666667,100.0,2.0,80.0,60.0,0,True,True,True,True,True
2025-02-03 06:30:00,0.0,1.0,1.0,68.2,52.0,0.0,1.0,1.0,63.8,1.0,1.0,0.0,44.33333333,50.16666667,70.0,68.86666667,100.0,2.0,80.0,60.0,0,True,True,True,True,True
2025-02-03 06:45:00,0.0,1.0,1.0,68.2,52.0,0.0,1.0,1.0,63.8,1.0,1.0,0.0,44.33333333,50.16666667,70.0,68.86666667,100.0,2.0,80.0,60.0,0,True,True,True,True,True
2025-02-03 07:00:00,0.0,1.0,1.0,68.2,52.0,0.0,1.0,1.0,63.8,1.0,1.0,0.0,44.33333333,50.16666667,70.0,68.86666667,100.0,2.0,80.0,60.0,0,True,True,True,True,True
2025-02-03 07:15:00,0.0,1.0,1.0,68.2,52.0,0.0,1.0,1.0,63.8,1.0,1.0,0.0,44.33333333,50.16666667,70.0,68.86666667,100.0,2.0,80.0,60.0,0,True,True,True,True,True
2025-02-03 07:30:00,0.0,1.0,1.0,68.2,52.0,0.0,1.0,1.0,63.8,1.0,1.0,0.0,44.33333333,50.16666667,70.0,68.86666667,100.0,2.0,80.0,60.0,0,True,True,True,True,True
2025-02-03 07:45:00,0.0,1.0,1.0,68.2,52.0,0.0,1.0,1.0,63.8,1.0,1.0,0.0,44.33333333,50.16666667,70.0,68.86666667,100.0,2.0,80.0,60.0,0,True,True,True,True,True
2025-02-03 08:00:00,0.0,1.0,1.0,68.2,52.0,0.0,1.0,1.0,63.8,1.0,1.0,0.0,44.33333333,50.16666667,70.0,68.86666667,100.0,2.0,80.0,60.0,0,True,True,True,True,True
2025-02-03 08:15:00,0.0,1.0,1.0,68.2,52.0,0.0,1.0,1.0,63.8,1.0,1.0,0.0,44.33333333,50.16666667,70.0,68.86666667,100.0,2.0,80.0,60.0,0,True,True,True,True,True
2025-02-03 08:30:00,0.0,1.0,1.0,68.2,52.0,0.0,1.0,1.0,63.8,1.0,1.0,0.0,44.33333333,50.16666667,70.0,68.86666667,100.0,2.0,80.0,60.0,0,True,True,True,True,True
2025-02-03 08:45:00,0.0,1.0,1.0,68.2,52.0,0.0,1.0,1.0,63.8,1.0,1.0,0.0,44.33333333,50.16666667,70.0,68.86666667,100.0,2.0,80.0,60.0,0,True,True,True,True,True
2025-02-03 09:00:00,0.0,1.0,1.0,68.2,52.0,0.0,1.0,1.0,63.8,1.0,1.0,0.0,44.33333333,50.16666667,70.0,68.86666667,100.0,2.0,80.0,60.0,0,True,True,True,True,True
2025-02-03 09:15:00,0.0,1.0,1.0,68.2,52.0,0.0,1.0,1.0,63.8,1.0,1.0,0.0,44.33333333,50.16666667,70.0,68.86666667,100.0,2.0,80.0,60.0,0,True,True,True,True,True
2025-02-03 09:30:00,0.0,1.0,1.0,68.2,52.0,0.0,1.0,1.0,63.8,1.0,1.0,0.0,44.33333333,50.16666667,70.0,68.86666667,100.0,2.0,80.0,60.0,0,True,True,True,True,True
2025-02-03 09:45:00,0.0,1.0,1.0,68.2,52.0,0.0,1.0,1.0,63.8,1.0,1.0,0.0,44.33333333,50.16666667,70.0,68.86666667,100.0,2.0,80.0,60.0,0,True,True,True,True,True
2025-02-03 10:00:00,0.0,1.0,1.0,68.2,52.0,0.0,1.0,1.0,63.8,1.0,1.0,0.0,44.33333333,50.16666667,70.0,68.86666667,100.0,2.0,80.0,60.0,0,True,True,True,True,True
2025-02-03 10:15:00,0.0,1.0,1.0,68.2,52.0,0.0,1.0,1.0,63.8,1.0,1.0,0.0,44.33333333,50.16666667,70.0,68.86666667,100.0,2.0,80.0,60.0,0,True,True,True,True,True
2025-02-03 10:30:00,0.0,1.0,1.0,68.2,52.0,0.0,1.0,1.0,63.8,1.0,1.0,0.0,44.33333333,50.16666667,70.0,68.86666667,100.0,2.0,80.0,60.0,0,True,True,True,True,True
2025-02-03 10:45:00,0.0,1.0,1.0,68.2,52.0,0.0,1.0,1.0,63.8,1.0,1.0,0.0,44.33333333,50.16666667,70.0,68.86666667,100.0,2.0,80.0,60.0,0,True,True,True,True,True
2025-02-03 11:00:00,0.0,1.0,1.0,68.2,52.0,0.0,1.0,1.0,63.8,1.0,1.0,0.0,44.33333333,50.16666667,70.0,68.86666667,100.0,2.0,80.0,60.0,0,True,True,True,True,True
2025-02-03 11:15:00,0.0,1.0,1.0,68.2,52.0,0.0,1.0,1.0,63.8,1.0,1.0,0.0,44.33333333,50.16666667,70.0,68.86666667,100.0,2.0,80.0,60.0,0,True,True,True,True,True
2025-02-03 11:30:00,0.0,1.0,1.0,68.2,52.0,0.0,1.0,1.0,63.8,1.0,1.0,0.0,44.33333333,50.16666667,70.0,68.86666667,100.0,2.0,80.0,60.0,0,True,True,True,True,True
2025-02-03 11:45:00,0.0,1.0,1.0,68.2,52.0,0.0,1.0,1.0,63.8,1.0,1.0,0.0,44.33333333,50.16666667,70.0,68.86666667,100.0,2.0,80.0,60.0,0,True,True,True,True,True
2025-02-03 12:00:00,0.0,1.0,1.0,68.2,52.0,0.0,1.0,1.0,63.8,1.0,1.0,0.0,44.33333333,50.16666667,70.0,68.86666667,100.0,2.0,80.0,60.0,0,True,True,True,True,True
2025-02-03 12:15:00,0.0,1.0,1.0,68.2,52.0,0.0,1.0,1.0,63.8,1.0,1.0,0.0,44.33333333,50.16666667,70.0,68.86666667,100.0,2.0,80.0,60.0,0,True,True,True,True,True
2025-02-03 12:30:00,0.0,1.0,1.0,68.2,52.0,0.0,1.0,1.0,63.8,1.0,1.0,0.0,44.33333333,50.16666667,70.0,68.86666667,100.0,2.0,80.0,60.0,0,True,True,True,True,True
2025-02-03 12:45:00,0.0,1.0,1.0,68.2,52.0,0.0,1.0,1.0,63.8,1.0,1.0,0.0,44.33333333,50.16666667,70.0,68.86666667,100.0,2.0,80.0,60.0,0,True,True,True,True,True
2025-02-03 13:00:00,0.0,1.0,1.0,68.2,52.0,0.0,1.0,1.0,63.8,1.0,1.0,0.0,44.33333333,50.16666667,70.0,68.86666667,100.0,2.0,80.0,60.0,0,True,True,True,True,True
2025-02-03 13:15:00,0.0,1.0,1.0,68.2,52.0,0.0,1.0,1.0,63.8,1.0,1.0,0.0,44.33333333,50.16666667,70.0,68.86666667,100.0,2.0,80.0,60.0,0,True,True,True,True,True
2025-02-03 13:30:00,0.0,1.0,1.0,68.2,52.0,0.0,1.0,1.0,63.8,1.0,1.0,0.0,44.33333333,50.16666667,70.0,68.86666667,100.0,2.0,80.0,60.0,0,True,True,True,True,True
2025-02-03 13:45:00,0.0,1.0,1.0,68.2,52.0,0.0,1.0,1.0,63.8,1.0,1.0,0.0,44.33333333,50.16666667,70.0,68.86666667,100.0,2.0,80.0,60.0,0,True,True,True,True,True
2025-02-03 14:00:00,0.0,1.0,1.0,68.2,52.0,0.0,1.0,1.0,63.8,1.0,1.0,0.0,44.33333333,50.16666667,70.0,68.86666667,100.0,2.0,80.0,60.0,0,True,True,True,True,True
2025-02-03 14:15:00,0.0,1.0,1.0,68.2,52.0,0.0,1.0,1.0,63.8,1.0,1.0,0.0,44.33333333,50.16666667,70.0,68.86666667,100.0,2.0,80.0,60.0,0,True,True,True,True,True
2025-02-03 14:30:00,0.0,1.0,1.0,68.2,52.0,0.0,1.0,1.0,63.8,1.0,1.0,0.0,44.33333333,50.16666667,70.0,68.86666667,100.0,2.0,80.0,60.0,0,True,True,True,True,True
2025-02-03 14:45:00,0.0,1.0,1.0,68.2,52.0,0.0,1.0,1.0,63.8,1.0,1.0,0.0,44.33333333,50.16666667,70.0,68.86666667,100.0,2.0,80.0,60.0,0,True,True,True,True,True
2025-02-03 15:00:00,0.0,1.0,1.0,68.2,52.0,0.0,1.0,1.0,63.8,1.0,1.0,0.0,44.33333333,50.16666667,70.0,68.86666667,100.0,2.0,80.0,60.0,0,True,True,True,True,True
2025-02-03 15:15:00,0.0,1.0,1.0,68.2,52.0,0.0,1.0,1.0,63.8,1.0,1.0,0.0,44.33333333,50.16666667,70.0,68.86666667,100.0,2.0,80.0,60.0,0,True,True,True,True,True
2025-02-03 21:15:00,0.0,1.0,1.0,71.8,52.0,0.0,1.0,1.0,69.8,1.0,1.0,0.0,42.0,73.8,70.0,71.4,100.0,2.0,80.0,60.0,1,False,False,False,False,False
2025-02-03 21:30:00,0.0,1.0,1.0,71.8,52.0,0.0,1.0,1.0,69.9,1.0,1.0,0.0,41.33333333,73.7,70.0,71.4,100.0,2.0,80.0,60.0,0,False,False,False,False,False
2025-02-03 21:45:00,0.0,1.0,1.0,71.8,52.0,0.0,1.0,1.0,69.9,1.0,1.0,0.0,41.33333333,72.5,70.0,71.4,100.0,2.0,80.0,60.0,0,False,False,False,False,False
2025-02-03 22:00:00,0.0,1.0,1.0,71.8,52.0,0.0,1.0,1.0,69.9,1.0,1.0,0.0,42.0,71.83333333,70.0,71.4,100.0,2.0,80.0,60.0,0,False,False,False,False,False
2025-02-03 22:15:00,0.0,1.0,1.0,71.8,52.0,0.0,1.0,1.0,69.7,1.0,1.0,0.0,42.0,71.6,70.0,71.4,100.0,2.0,80.0,60.0,0,False,False,False,False,False
2025-02-03 22:30:00,0.0,1.0,1.0,71.8,52.0,0.0,1.0,1.0,69.7,1.0,1.0,0.0,42.0,71.4,70.0,71.4,100.0,2.0,80.0,60.0,0,False,False,False,False,False
2025-02-03 22:45:00,0.0,1.0,1.0,71.8,52.0,0.0,1.0,1.0,69.7,1.0,1.0,0.0,42.0,71.13333333,70.0,71.4,100.0,2.0,80.0,60.0,0,False,False,False,False,False
2025-02-03 23:00:00,0.0,1.0,1.0,71.8,52.0,0.0,1.0,1.0,69.7,1.0,1.0,0.0,42.0,70.96666667,70.0,71.4,100.0,2.0,80.0,60.0,0,False,False,False,False,False
2025-02-03 23:15:00,0.0,1.0,1.0,71.8,52.0,0.0,1.0,1.0,69.7,1.0,1.0,0.0,43.0,70.66666667,70.0,71.4,100.0,2.0,80.0,60.0,0,False,False,False,False,False
2025-02-03 23:30:00,0.0,1.0,1.0,71.8,52.0,0.0,1.0,1.0,69.7,1.0,1.0,0.0,43.0,70.43333333,70.0,71.2,100.0,2.0,80.0,60.0,0,False,False,False,False,False
2025-02-03 23:45:00,0.0,1.0,1.0,71.8,52.0,0.0,1.0,1.0,69.7,1.0,1.0,0.0,43.66666667,70.1,70.0,71.13333333,100.0,2.0,80.0,60.0,0,False,False,False,False,False
2025-02-04 00:00:00,0.0,1.0,1.0,71.8,52.0,0.0,1.0,1.0,69.6,1.0,1.0,0.0,44.0,69.66666667,70.0,71.1,100.0,2.0,80.0,60.0,0,False,False,False,False,False
2025-02-04 00:15:00,0.0,1.0,1.0,71.8,52.0,0.0,1.0,1.0,69.46666667,1.0,1.0,0.0,44.33333333,69.26666667,70.0,70.9,100.0,2.0,80.0,60.0,0,False,False,False,False,False
2025-02-04 00:30:00,0.0,1.0,1.0,71.8,52.0,0.0,1.0,1.0,69.4,1.0,1.0,0.0,45.33333333,68.93333333,70.0,70.9,100.0,2.0,80.0,60.0,0,False,False,False,False,False
2025-02-04 00:45:00,0.0,1.0,1.0,71.8,52.0,0.0,1.0,1.0,69.4,1.0,1.0,0.0,46.0,68.7,70.0,70.9,100.0,2.0,80.0,60.0,0,False,False,False,False,False
2025-02-04 01:00:00,0.0,1.0,1.0,71.8,52.0,0.0,1.0,1.0,69.4,1.0,1.0,0.0,46.0,68.7,70.0,70.9,100.0,2.0,80.0,60.0,0,False,False,False,False,False
2025-02-04 01:15:00,0.0,1.0,1.0,71.8,52.0,0.0,1.0,1.0,69.4,1.0,1.0,0.0,47.0,68.7,70.0,70.9,100.0,2.0,80.0,60.0,0,False,False,False,False,False
2025-02-04 01:30:00,0.0,1.0,1.0,71.8,52.0,0.0,1.0,1.0,69.4,1.0,1.0,0.0,48.0,68.7,70.0,70.9,100.0,2.0,80.0,60.0,0,False,False,False,False,False
2025-02-04 01:45:00,0.0,1.0,1.0,71.8,52.0,0.0,1.0,1.0,69.4,1.0,1.0,0.0,49.33333333,68.7,70.0,70.9,100.0,2.0,80.0,60.0,0,False,False,False,False,False
2025-02-04 02:00:00,0.0,1.0,1.0,71.8,52.0,0.0,1.0,1.0,69.4,1.0,1.0,0.0,50.33333333,68.7,70.0,70.9,100.0,2.0,80.0,60.0,0,False,False,False,False,False
2025-02-04 02:15:00,0.0,1.0,1.0,71.8,52.0,0.0,1.0,1.0,69.4,1.0,1.0,0.0,51.0,68.83333333,70.0,70.9,100.0,2.0,80.0,60.0,0,False,False,False,False,False
2025-02-04 02:30:00,0.0,1.0,1.0,71.8,52.0,0.0,1.0,1.0,69.4,1.0,1.0,0.0,51.66666667,68.9,70.0,70.9,100.0,2.0,80.0,60.0,0,False,False,False,False,False
2025-02-04 02:45:00,0.0,1.0,1.0,71.8,52.0,0.0,1.0,1.0,69.4,1.0,1.0,0.0,52.66666667,69.1,70.0,70.9,100.0,2.0,80.0,60.0,0,False,False,False,False,False
2025-02-04 03:00:00,0.0,1.0,1.0,71.8,52.0,0.0,1.0,1.0,69.4,1.0,1.0,0.0,53.0,69.4,70.0,70.9,100.0,2.0,80.0,60.0,0,False,False,False,False,False
2025-02-04 03:15:00,0.0,1.0,1.0,71.8,52.0,0.0,1.0,1.0,69.4,1.0,1.0,0.0,53.66666667,69.4,70.0,70.9,100.0,2.0,80.0,60.0,0,False,False,False,False,False
2025-02-04 03:30:00,0.0,1.0,1.0,71.8,52.0,0.0,1.0,1.0,69.46666667,1.0,1.0,0.0,54.0,69.4,70.0,71.1,100.0,2.0,80.0,60.0,0,False,False,False,False,False
2025-02-04 03:45:00,0.0,1.0,1.0,71.8,52.0,0.0,1.0,1.0,69.6,1.0,1.0,0.0,55.0,69.4,70.0,71.2,100.0,2.0,80.0,60.0,0,False,False,False,False,False
2025-02-04 04:00:00,0.0,1.0,1.0,71.8,52.0,0.0,1.0,1.0,69.6,1.0,1.0,0.0,55.0,69.06666667,70.0,71.2,100.0,2.0,80.0,60.0,0,False,False,False,False,False
2025-02-04 04:15:00,0.0,1.0,1.0,71.8,52.0,0.0,1.0,1.0,69.6,1.0,1.0,0.0,57.0,67.83333333,70.0,71.2,100.0,2.0,80.0,60.0,0,False,False,False,False,False
2025-02-04 04:30:00,0.0,1.0,1.0,71.8,52.0,0.0,1.0,1.0,69.46666667,1.0,1.0,0.0,58.33333333,66.7,70.0,71.2,100.0,2.0,80.0,60.0,0,False,False,False,False,False
2025-02-04 04:45:00,0.0,1.0,1.0,71.8,52.0,0.0,1.0,1.0,69.33333333,1.0,1.0,0.0,59.0,65.8,70.0,71.2,100.0,2.0,80.0,60.0,0,False,False,False,False,False
2025-02-04 05:00:00,0.0,1.0,1.0,71.8,52.0,0.0,1.0,1.0,69.1,1.0,1.0,0.0,60.0,65.26666667,70.0,71.2,100.0,2.0,80.0,60.0,0,False,False,False,False,False
2025-02-04 05:15:00,0.0,1.0,1.0,71.8,52.0,0.0,1.0,1.0,68.96666667,1.0,1.0,0.0,60.0,65.0,70.0,71.2,100.0,2.0,80.0,60.0,0,False,False,False,False,False
2025-02-04 05:30:00,0.0,1.0,1.0,71.8,52.0,0.0,1.0,1.0,68.86666667,1.0,1.0,0.0,61.0,64.6,70.0,71.1,100.0,2.0,80.0,60.0,0,False,False,False,False,False
2025-02-04 05:45:00,0.0,1.0,1.0,71.8,52.0,0.0,1.0,1.0,68.8,1.0,1.0,0.0,61.66666667,63.83333333,70.0,71.1,100.0,2.0,80.0,60.0,0,False,False,False,False,False
2025-02-04 06:00:00,0.0,1.0,1.0,71.8,52.0,0.0,1.0,1.0,68.8,1.0,1.0,0.0,62.0,64.0,70.0,71.1,100.0,2.0,80.0,60.0,0,False,False,False,False,False
2025-02-04 06:15:00,0.0,1.0,1.0,71.8,52.0,0.0,1.0,1.0,68.66666667,1.0,1.0,0.0,62.0,64.0,70.0,71.1,100.0,2.0,80.0,60.0,0,False,False,False,False,False
2025-02-04 06:30:00,0.0,1.0,1.0,71.8,52.0,0.0,1.0,1.0,68.56666667,1.0,1.0,0.0,63.0,63.8,70.0,71.1,100.0,2.0,80.0,60.0,0,False,False,False,False,False
2025-02-04 06:45:00,0.0,1.0,1.0,71.8,52.0,0.0,1.0,1.0,68.5,1.0,1.0,0.0,63.0,63.33333333,70.0,71.03333333,100.0,2.0,80.0,60.0,0,False,False,False,False,False
2025-02-04 07:00:00,0.0,1.0,1.0,71.8,52.0,0.0,1.0,1.0,68.5,1.0,1.0,1.333333333,63.66666667,63.0,70.0,70.9,100.0,2.0,80.0,60.0,0,False,False,False,False,False
2025-02-04 07:15:00,0.0,1.0,1.0,71.8,52.0,0.0,1.0,1.0,68.3,1.0,1.0,0.0,64.33333333,63.23333333,70.0,70.9,100.0,2.0,80.0,60.0,0,False,False,False,False,False
2025-02-04 07:30:00,0.0,1.0,1.0,71.8,52.0,0.0,1.0,1.0,68.43333333,1.0,1.0,0.0,66.0,64.0,70.0,70.9,100.0,2.0,80.0,60.0,0,False,False,False,False,False
2025-02-04 07:45:00,0.0,1.0,1.0,71.8,52.0,0.0,1.0,1.0,68.5,1.0,1.0,0.0,66.0,64.43333333,70.0,70.9,100.0,2.0,80.0,60.0,0,False,False,False,False,False
2025-02-04 08:00:00,0.0,1.0,1.0,71.8,52.0,0.0,1.0,1.0,68.56666667,1.0,1.0,0.0,66.66666667,63.33333333,70.0,70.9,100.0,2.0,80.0,60.0,0,False,False,False,False,False
2025-02-04 08:15:00,0.0,1.0,1.0,71.8,52.0,0.0,1.0,1.0,68.6,1.0,1.0,0.0,67.0,62.63333333,70.0,70.9,100.0,2.0,80.0,60.0,0,False,False,False,False,False
2025-02-04 08:30:00,0.0,1.0,1.0,71.8,52.0,0.0,1.0,1.0,68.6,1.0,1.0,0.0,67.0,62.63333333,70.0,70.9,100.0,2.0,80.0,60.0,0,False,False,False,False,False
2025-02-04 08:45:00,0.0,1.0,1.0,71.8,52.0,0.0,1.0,1.0,68.6,1.0,1.0,0.0,66.66666667,63.26666667,70.0,70.9,100.0,2.0,80.0,60.0,0,False,False,False,False,False
2025-02-04 09:00:00,0.0,1.0,1.0,71.8,52.0,0.0,1.0,1.0,68.6,1.0,1.0,3.0,66.0,63.06666667,70.0,70.9,100.0,2.0,80.0,60.0,0,False,False,False,False,False
2025-02-04 09:15:00,0.0,1.0,1.0,71.8,52.0,0.0,1.0,1.0,68.6,1.0,1.0,0.0,66.0,62.4,70.0,70.9,100.0,2.0,80.0,60.0,0,False,False,False,False,False
2025-02-04 09:30:00,0.0,1.0,1.0,71.8,52.0,0.0,1.0,1.0,68.6,1.0,1.0,0.0,66.0,62.6,70.0,70.9,100.0,2.0,80.0,60.0,0,False,False,False,False,False
2025-02-04 09:45:00,0.0,1.0,1.0,71.8,52.0,0.0,1.0,1.0,68.56666667,1.0,1.0,0.0,65.0,62.43333333,70.0,70.9,100.0,2.0,80.0,60.0,0,False,False,False,False,False
2025-02-04 10:00:00,0.0,1.0,1.0,71.8,52.0,0.0,1.0,1.0,68.36666667,1.0,1.0,0.0,59.66666667,61.26666667,70.0,70.9,100.0,2.0,80.0,60.0,0,False,False,False,False,False
2025-02-04 10:15:00,0.0,1.0,1.0,71.8,52.0,0.0,1.0,1.0,68.1,1.0,1.0,0.0,58.0,58.93333333,70.0,70.86666667,100.0,2.0,80.0,60.0,0,False,False,False,False,False
2025-02-04 10:30:00,0.0,1.0,1.0,71.8,52.0,0.0,1.0,1.0,67.7,1.0,1.0,0.0,57.0,57.76666667,70.0,70.8,100.0,2.0,80.0,60.0,0,False,False,False,False,False
2025-02-04 10:45:00,0.0,1.0,1.0,71.8,52.0,0.0,1.0,1.0,67.63333333,1.0,1.0,0.0,57.33333333,56.86666667,70.0,70.8,100.0,2.0,80.0,60.0,0,False,False,False,False,False
2025-02-04 11:00:00,0.0,1.0,1.0,71.8,52.0,0.0,1.0,1.0,67.43333333,1.0,1.0,0.0,58.0,56.13333333,70.0,70.66666667,100.0,2.0,80.0,60.0,0,False,False,False,False,False
2025-02-04 11:15:00,0.0,1.0,1.0,71.8,52.0,0.0,1.0,1.0,67.2,1.0,1.0,0.0,59.0,55.2,70.0,70.5,100.0,2.0,80.0,60.0,0,False,False,False,False,False
2025-02-04 11:30:00,0.0,1.0,1.0,71.8,52.0,0.0,1.0,1.0,66.93333333,1.0,1.0,0.0,59.0,54.1,70.0,70.43333333,100.0,2.0,80.0,60.0,0,False,False,False,False,False
2025-02-04 11:45:00,0.0,1.0,1.0,71.8,52.0,0.0,1.0,1.0,66.9,1.0,1.0,0.0,59.0,54.0,70.0,70.3,100.0,2.0,80.0,60.0,0,False,False,False,False,False
2025-02-04 12:00:00,0.0,1.0,1.0,71.8,52.0,0.0,1.0,1.0,66.9,1.0,1.0,0.0,59.0,53.63333333,70.0,70.3,100.0,2.0,80.0,60.0,0,False,False,False,False,False
2025-02-04 12:15:00,0.0,1.0,1.0,71.8,52.0,0.0,1.0,1.0,66.66666667,1.0,1.0,0.0,59.0,52.7,70.0,70.3,100.0,2.0,80.0,60.0,0,False,False,False,False,False
2025-02-04 12:30:00,0.0,1.0,1.0,71.8,52.0,0.0,1.0,1.0,66.46666667,1.0,1.0,0.0,59.0,52.03333333,70.0,70.1,100.0,2.0,80.0,60.0,0,False,False,False,False,False
2025-02-04 12:45:00,0.0,1.0,1.0,71.8,52.0,0.0,1.0,1.0,66.4,1.0,1.0,0.0,59.0,51.56666667,70.0,70.1,100.0,2.0,80.0,60.0,0,False,False,False,False,False
2025-02-04 13:00:00,0.0,1.0,1.0,71.8,52.0,0.0,1.0,1.0,66.4,1.0,1.0,0.0,59.0,51.5,70.0,70.1,100.0,2.0,80.0,60.0,0,False,False,False,False,False
2025-02-04 13:15:00,0.0,1.0,1.0,71.8,52.0,0.0,1.0,1.0,66.2,1.0,1.0,0.0,59.0,52.06666667,70.0,70.1,100.0,2.0,80.0,60.0,0,False,False,False,False,False
2025-02-04 13:30:00,0.0,1.0,1.0,71.8,52.0,0.0,1.0,1.0,66.16666667,1.0,1.0,0.0,58.33333333,51.8,70.0,70.1,100.0,2.0,80.0,60.0,0,False,False,False,False,False
2025-02-04 13:45:00,0.0,1.0,1.0,71.8,52.0,0.0,1.0,1.0,66.1,1.0,1.0,0.0,58.66666667,50.73333333,70.0,70.1,100.0,2.0,80.0,60.0,0,False,False,False,False,False
2025-02-04 14:00:00,0.0,1.0,1.0,71.8,52.0,0.0,1.0,1.0,66.1,1.0,1.0,0.0,58.0,50.83333333,70.0,70.16666667,100.0,2.0,80.0,60.0,0,False,False,False,False,False
2025-02-04 14:15:00,0.0,1.0,1.0,71.8,52.0,0.0,1.0,1.0,65.96666667,1.0,1.0,0.0,57.0,50.36666667,70.0,70.3,100.0,2.0,80.0,60.0,0,False,False,False,False,False
2025-02-04 14:30:00,0.0,1.0,1.0,71.8,52.0,0.0,1.0,1.0,65.9,1.0,1.0,0.0,56.0,50.3,70.0,70.3,100.0,2.0,80.0,60.0,0,False,False,False,False,False
2025-02-04 14:45:00,0.0,1.0,1.0,71.8,52.0,0.0,1.0,1.0,65.9,1.0,1.0,0.0,55.0,50.06666667,70.0,70.1,100.0,2.0,80.0,60.0,0,False,False,False,False,False
2025-02-04 15:00:00,0.0,1.0,1.0,71.8,52.0,0.0,1.0,1.0,65.83333333,1.0,1.0,0.0,55.66666667,49.43333333,70.0,70.1,100.0,2.0,80.0,60.0,0,False,False,False,False,False
2025-02-04 15:15:00,0.0,1.0,1.0,71.8,52.0,0.0,1.0,1.0,65.8,1.0,1.0,0.0,56.0,49.43333333,70.0,70.1,100.0,2.0,80.0,60.0,0,False,False,False,False,False
2025-02-04 15:30:00,0.0,1.0,1.0,71.8,52.0,0.0,1.0,1.0,65.73333333,1.0,1.0,0.0,56.0,49.53333333,70.0,70.1,100.0,2.0,80.0,60.0,0,False,False,False,False,False
2025-02-04 15:45:00,0.0,1.0,1.0,71.8,52.0,0.0,1.0,1.0,65.6,1.0,1.0,0.0,56.0,49.33333333,70.0,70.3,100.0,2.0,80.0,60.0,0,False,False,False,False,False
2025-02-04 16:00:00,0.0,1.0,1.0,71.8,52.0,0.0,1.0,1.0,65.6,1.0,1.0,0.0,55.33333333,50.16666667,70.0,70.3,100.0,2.0,80.0,60.0,0,False,False,False,False,False
2025-02-04 16:15:00,0.0,1.0,1.0,71.8,52.0,0.0,1.0,1.0,65.6,1.0,1.0,0.0,54.66666667,50.33333333,70.0,70.16666667,100.0,2.0,80.0,60.0,0,False,False,False,False,False
2025-02-04 16:30:00,0.0,1.0,1.0,71.8,52.0,0.0,1.0,1.0,65.6,1.0,1.0,0.0,54.0,51.0,70.0,70.1,100.0,2.0,80.0,60.0,0,False,False,False,False,False
2025-02-04 16:45:00,0.0,1.0,1.0,71.8,52.0,0.0,1.0,1.0,65.6,1.0,1.0,0.0,53.33333333,51.1,70.0,70.23333333,100.0,2.0,80.0,60.0,0,False,False,False,False,False
2025-02-04 17:00:00,0.0,1.0,1.0,71.8,52.0,0.0,1.0,1.0,65.66666667,1.0,1.0,0.0,53.0,52.43333333,70.0,70.3,100.0,2.0,80.0,60.0,0,False,False,False,False,False
2025-02-04 17:15:00,0.0,1.0,1.0,71.8,52.0,0.0,1.0,1.0,65.86666667,1.0,1.0,0.0,52.0,53.4,70.0,70.3,100.0,2.0,80.0,60.0,0,False,False,False,False,False
2025-02-04 17:30:00,0.0,1.0,1.0,71.8,52.0,0.0,1.0,1.0,65.9,1.0,1.0,0.0,51.33333333,54.13333333,70.0,70.3,100.0,2.0,80.0,60.0,0,False,False,False,False,False
2025-02-04 17:45:00,0.0,1.0,1.0,71.8,52.0,0.0,1.0,1.0,66.03333333,1.0,1.0,0.0,51.0,55.66666667,70.0,70.3,100.0,2.0,80.0,60.0,0,False,False,False,False,False
2025-02-04 18:00:00,0.0,1.0,1.0,71.8,52.0,0.0,1.0,1.0,66.13333333,1.0,1.0,0.0,50.33333333,55.93333333,70.0,70.36666667,100.0,2.0,80.0,60.0,0,False,False,False,False,False
2025-02-04 18:15:00,0.0,1.0,1.0,71.8,52.0,0.0,1.0,1.0,65.96666667,1.0,1.0,0.0,51.0,55.4,70.0,70.53333333,100.0,2.0,80.0,60.0,0,False,False,False,False,False
2025-02-04 18:30:00,0.0,1.0,1.0,71.8,52.0,0.0,1.0,1.0,66.33333333,1.0,1.0,0.0,50.33333333,56.56666667,70.0,70.96666667,100.0,2.0,80.0,60.0,0,False,False,False,False,False
2025-02-04 18:45:00,0.0,1.0,1.0,71.8,52.0,0.0,1.0,1.0,66.53333333,1.0,1.0,0.0,49.33333333,56.96666667,70.0,71.1,100.0,2.0,80.0,60.0,0,False,False,False,False,False
2025-02-04 19:00:00,0.0,1.0,1.0,71.8,52.0,0.0,1.0,1.0,66.46666667,1.0,1.0,0.0,49.0,56.63333333,70.0,71.03333333,100.0,2.0,80.0,60.0,0,False,False,False,False,False
2025-02-04 19:15:00,0.0,1.0,1.0,71.8,52.0,0.0,1.0,1.0,66.4,1.0,1.0,0.0,50.33333333,57.36666667,70.0,70.83333333,100.0,2.0,80.0,60.0,0,False,False,False,False,False
2025-02-04 19:30:00,0.0,1.0,1.0,71.8,52.0,0.0,1.0,1.0,66.2,1.0,1.0,0.0,49.0,56.56666667,70.0,70.8,100.0,2.0,80.0,60.0,0,False,False,False,False,False
2025-02-04 19:45:00,0.0,1.0,1.0,71.8,52.0,0.0,1.0,1.0,66.26666667,1.0,1.0,0.0,48.66666667,56.7,70.0,70.66666667,100.0,2.0,80.0,60.0,0,False,False,False,False,False
2025-02-04 20:00:00,0.0,1.0,1.0,71.8,52.0,0.0,1.0,1.0,67.1,1.0,1.0,0.0,48.0,59.26666667,70.0,70.6,100.0,2.0,80.0,60.0,0,False,False,False,False,False
2025-02-04 20:15:00,0.0,1.0,1.0,71.8,52.0,0.0,1.0,1.0,67.13333333,1.0,1.0,0.0,47.66666667,60.0,70.0,70.66666667,100.0,2.0,80.0,60.0,0,False,False,False,False,False
2025-02-04 20:30:00,0.0,1.0,1.0,71.8,52.0,0.0,1.0,1.0,66.9,1.0,1.0,0.0,48.0,59.26666667,70.0,70.8,100.0,2.0,80.0,60.0,0,False,False,False,False,False
2025-02-04 20:45:00,0.0,1.0,1.0,71.8,52.0,0.0,1.0,1.0,66.86666667,1.0,1.0,0.0,47.0,58.43333333,70.0,70.8,100.0,2.0,80.0,60.0,0,False,False,False,False,False
2025-02-04 21:00:00,0.0,1.0,1.0,71.8,52.0,0.0,1.0,1.0,66.66666667,1.0,1.0,0.0,47.0,58.16666667,70.0,70.8,100.0,2.0,80.0,60.0,0,False,False,False,False,False
2025-02-04 21:15:00,0.0,1.0,1.0,71.8,52.0,0.0,1.0,1.0,66.83333333,1.0,1.0,0.0,47.0,58.36666667,70.0,70.66666667,100.0,2.0,80.0,60.0,0,False,False,False,False,False
2025-02-04 21:30:00,0.0,1.0,1.0,71.8,52.0,0.0,1.0,1.0,66.66666667,1.0,1.0,0.0,47.0,58.63333333,70.0,70.43333333,100.0,2.0,80.0,60.0,0,False,False,False,False,False
2025-02-04 21:45:00,0.0,1.0,1.0,71.8,52.0,0.0,1.0,1.0,66.46666667,1.0,1.0,0.0,46.0,57.2,70.0,70.16666667,100.0,2.0,80.0,60.0,0,False,False,False,False,False
2025-02-04 22:00:00,0.0,1.0,1.0,71.8,52.0,0.0,1.0,1.0,66.26666667,1.0,1.0,0.0,46.0,56.53333333,70.0,70.06666667,100.0,2.0,80.0,60.0,0,False,False,False,False,False
2025-02-04 22:15:00,0.0,1.0,1.0,71.8,52.0,0.0,1.0,1.0,66.2,1.0,1.0,0.0,46.0,55.93333333,70.0,70.0,100.0,2.0,80.0,60.0,0,False,False,False,False,False
2025-02-04 22:30:00,0.0,1.0,1.0,71.8,52.0,0.0,1.0,1.0,66.13333333,1.0,1.0,0.0,45.0,55.66666667,70.0,69.86666667,100.0,2.0,80.0,60.0,0,False,False,False,False,False
2025-02-04 22:45:00,0.0,1.0,1.0,71.8,52.0,0.0,1.0,1.0,66.1,1.0,1.0,0.0,45.0,54.63333333,70.0,69.8,100.0,2.0,80.0,60.0,0,False,False,False,False,False
2025-02-04 23:00:00,0.0,1.0,1.0,71.8,52.0,0.0,1.0,1.0,66.1,1.0,1.0,0.0,45.0,54.03333333,70.0,69.8,100.0,2.0,80.0,60.0,0,False,False,False,False,False
2025-02-04 23:15:00,0.0,1.0,1.0,71.8,52.0,0.0,1.0,1.0,65.9,1.0,1.0,0.0,45.0,53.53333333,70.0,69.8,100.0,2.0,80.0,60.0,0,False,False,False,False,False
2025-02-04 23:30:00,0.0,1.0,1.0,71.8,52.0,0.0,1.0,1.0,65.9,1.0,1.0,0.0,45.0,53.23333333,70.0,69.7,100.0,2.0,80.0,60.0,0,False,False,False,False,False
2025-02-04 23:45:00,0.0,1.0,1.0,71.8,52.0,0.0,1.0,1.0,65.8,1.0,1.0,0.0,45.0,52.4,70.0,69.7,100.0,2.0,80.0,60.0,0,False,False,False,False,False
2025-02-05 00:00:00,0.0,1.0,1.0,71.8,52.0,0.0,1.0,1.0,65.8,1.0,1.0,0.0,45.0,52.43333333,70.0,69.5,100.0,2.0,80.0,60.0,0,False,False,False,False,False
2025-02-05 00:15:00,0.0,1.0,1.0,71.8,52.0,0.0,1.0,1.0,65.66666667,1.0,1.0,0.0,45.0,52.06666667,70.0,69.5,100.0,2.0,80.0,60.0,0,False,False,False,False,False
2025-02-05 00:30:00,0.0,1.0,1.0,71.8,52.0,0.0,1.0,1.0,65.53333333,1.0,1.0,0.0,45.0,51.56666667,70.0,69.5,100.0,2.0,80.0,60.0,0,False,False,False,False,False
2025-02-05 00:45:00,0.0,1.0,1.0,71.8,52.0,0.0,1.0,1.0,65.33333333,1.0,1.0,0.0,45.0,51.6,70.0,69.26666667,100.0,2.0,80.0,60.0,0,False,False,False,False,False
2025-02-05 01:00:00,0.0,1.0,1.0,71.8,52.0,0.0,1.0,1.0,65.3,1.0,1.0,0.0,46.0,51.33333333,70.0,69.2,100.0,2.0,80.0,60.0,0,False,False,False,False,False
2025-02-05 01:15:00,0.0,1.0,1.0,71.8,52.0,0.0,1.0,1.0,65.1,1.0,1.0,0.0,46.0,51.26666667,70.0,69.2,100.0,2.0,80.0,60.0,0,False,False,False,False,False
2025-02-05 01:30:00,0.0,1.0,1.0,71.8,52.0,0.0,1.0,1.0,65.1,1.0,1.0,0.0,46.0,51.0,70.0,69.0,100.0,2.0,80.0,60.0,0,False,False,False,False,False
2025-02-05 01:45:00,0.0,1.0,1.0,71.8,52.0,0.0,1.0,1.0,65.03333333,1.0,1.0,0.0,46.0,50.86666667,70.0,68.93333333,100.0,2.0,80.0,60.0,0,False,False,False,False,False
2025-02-05 02:00:00,0.0,1.0,1.0,71.8,52.0,0.0,1.0,1.0,65.0,1.0,1.0,0.0,46.0,51.2,70.0,68.9,100.0,2.0,80.0,60.0,0,False,False,False,False,False
2025-02-05 02:15:00,0.0,1.0,1.0,71.8,52.0,0.0,1.0,1.0,65.0,1.0,1.0,0.0,46.0,51.23333333,70.0,68.9,100.0,2.0,80.0,60.0,0,False,False,False,False,False
2025-02-05 02:30:00,0.0,1.0,1.0,71.8,52.0,0.0,1.0,1.0,64.93333333,1.0,1.0,0.0,46.0,51.3,70.0,68.9,100.0,2.0,80.0,60.0,0,False,False,False,False,False
2025-02-05 02:45:00,0.0,1.0,1.0,71.8,52.0,0.0,1.0,1.0,64.6,1.0,1.0,0.0,46.0,51.23333333,70.0,68.76666667,100.0,2.0,80.0,60.0,0,False,False,False,False,False
2025-02-05 03:00:00,0.0,1.0,1.0,71.8,52.0,0.0,1.0,1.0,64.6,1.0,1.0,0.0,46.0,50.9,70.0,68.7,100.0,2.0,80.0,60.0,0,False,False,False,False,False
2025-02-05 03:15:00,0.0,1.0,1.0,71.8,52.0,0.0,1.0,1.0,64.53333333,1.0,1.0,0.0,47.33333333,50.8,70.0,68.6,100.0,2.0,80.0,60.0,0,False,False,False,False,False
2025-02-05 03:30:00,0.0,1.0,1.0,71.8,52.0,0.0,1.0,1.0,64.5,1.0,1.0,0.0,48.66666667,50.5,70.0,68.6,100.0,2.0,80.0,60.0,0,False,False,False,False,False
2025-02-05 03:45:00,0.0,1.0,1.0,71.8,52.0,0.0,1.0,1.0,64.5,1.0,1.0,0.0,49.0,50.2,70.0,68.6,100.0,2.0,80.0,60.0,0,False,False,False,False,False
2025-02-05 04:00:00,0.0,1.0,1.0,71.8,52.0,0.0,1.0,1.0,64.5,1.0,1.0,0.0,48.33333333,50.26666667,70.0,68.6,100.0,2.0,80.0,60.0,0,False,False,False,False,False
2025-02-05 04:15:00,0.0,1.0,1.0,71.8,52.0,0.0,1.0,1.0,64.5,1.0,1.0,0.0,47.0,50.43333333,70.0,68.6,100.0,2.0,80.0,60.0,0,False,False,False,False,False
2025-02-05 04:30:00,0.0,1.0,1.0,71.8,52.0,0.0,1.0,1.0,64.5,1.0,1.0,0.0,46.0,50.2,70.0,68.6,100.0,2.0,80.0,60.0,0,False,False,False,False,False
2025-02-05 04:45:00,0.0,1.0,1.0,71.8,52.0,0.0,1.0,1.0,64.5,1.0,1.0,0.0,46.0,49.66666667,70.0,68.6,100.0,2.0,80.0,60.0,0,False,False,False,False,False
2025-02-05 05:00:00,0.0,1.0,1.0,71.8,52.0,0.0,1.0,1.0,64.36666667,1.0,1.0,0.0,46.66666667,49.76666667,70.0,68.6,100.0,2.0,80.0,60.0,0,False,False,False,False,False
2025-02-05 05:15:00,0.0,1.0,1.0,71.8,52.0,0.0,1.0,1.0,64.3,1.0,1.0,0.0,47.0,50.16666667,70.0,68.53333333,100.0,2.0,80.0,60.0,0,False,False,False,False,False
2025-02-05 05:30:00,0.0,1.0,1.0,71.8,52.0,0.0,1.0,1.0,64.3,1.0,1.0,0.0,47.0,50.5,70.0,68.4,100.0,2.0,80.0,60.0,0,False,False,False,False,False
2025-02-05 05:45:00,0.0,1.0,1.0,71.8,52.0,0.0,1.0,1.0,64.3,1.0,1.0,0.0,47.0,50.26666667,70.0,68.4,100.0,2.0,80.0,60.0,0,False,False,False,False,False
2025-02-05 06:00:00,0.0,1.0,1.0,71.8,52.0,0.0,1.0,1.0,64.3,1.0,1.0,0.0,47.0,50.3,70.0,68.4,100.0,2.0,80.0,60.0,0,False,False,False,False,False
2025-02-05 06:15:00,0.0,1.0,1.0,71.8,52.0,0.0,1.0,1.0,64.23333333,1.0,1.0,0.0,47.0,50.6,70.0,68.4,100.0,2.0,80.0,60.0,0,False,False,False,False,False
2025-02-05 06:30:00,0.0,1.0,1.0,71.8,52.0,0.0,1.0,1.0,64.2,1.0,1.0,0.0,47.0,50.36666667,70.0,68.33333333,100.0,2.0,80.0,60.0,0,False,False,False,False,False
2025-02-05 06:45:00,0.0,1.0,1.0,71.8,52.0,0.0,1.0,1.0,64.06666667,1.0,1.0,0.0,47.0,49.86666667,70.0,68.3,100.0,2.0,80.0,60.0,0,False,False,False,False,False
2025-02-05 07:00:00,0.0,1.0,1.0,71.8,52.0,0.0,1.0,1.0,64.0,1.0,1.0,0.0,48.0,49.73333333,70.0,68.3,100.0,2.0,80.0,60.0,0,False,False,False,False,False
2025-02-05 07:15:00,0.0,1.0,1.0,71.8,52.0,0.0,1.0,1.0,64.0,1.0,1.0,0.0,48.0,49.93333333,70.0,68.3,100.0,2.0,80.0,60.0,0,False,False,False,False,False
2025-02-05 07:30:00,0.0,1.0,1.0,68.2,52.0,0.0,1.0,1.0,63.86666667,1.0,1.0,0.0,48.0,49.83333333,70.0,68.1,100.0,2.0,80.0,60.0,0,False,False,False,False,False
2025-02-05 07:45:00,0.0,1.0,1.0,68.2,52.0,0.0,1.0,1.0,63.8,1.0,1.0,0.0,48.0,49.9,70.0,68.1,100.0,2.0,80.0,60.0,0,False,False,False,False,False
2025-02-05 08:00:00,0.0,1.0,1.0,68.2,52.0,16.66666667,1.333333333,1.0,64.73333333,1.0,1.0,0.0,48.0,50.1,70.0,69.83333333,100.0,2.0,80.0,60.0,0,False,False,False,False,False
2025-02-05 08:15:00,0.0,1.0,1.0,68.2,52.0,0.0,1.0,1.0,64.53333333,1.0,1.0,0.0,48.66666667,50.5,70.0,69.13333333,100.0,2.0,80.0,60.0,0,False,False,False,False,False
2025-02-05 08:30:00,0.0,1.0,1.0,68.2,52.0,0.0,1.0,1.0,64.2,1.0,1.0,0.0,49.33333333,49.4,70.0,68.63333333,100.0,2.0,80.0,60.0,0,False,False,False,False,False
2025-02-05 08:45:00,0.0,1.0,1.0,68.2,52.0,0.0,1.0,1.0,64.0,1.0,1.0,0.0,50.66666667,48.5,70.0,68.53333333,100.0,2.0,80.0,60.0,0,False,False,False,False,False
2025-02-05 09:00:00,0.0,1.0,1.0,68.2,52.0,0.0,1.0,1.0,64.0,1.0,1.0,0.0,50.0,49.0,70.0,68.33333333,100.0,2.0,80.0,60.0,0,False,False,False,False,False
2025-02-05 09:15:00,0.0,1.0,1.0,68.2,52.0,0.0,1.0,1.0,63.93333333,1.0,1.0,0.0,47.66666667,49.93333333,70.0,68.23333333,100.0,2.0,80.0,60.0,0,False,False,False,False,False
2025-02-05 09:30:00,0.0,1.0,1.0,68.2,52.0,0.0,1.0,1.0,63.8,1.0,1.0,0.0,47.0,49.7,70.0,68.1,100.0,2.0,80.0,60.0,0,False,False,False,False,False
2025-02-05 09:45:00,0.0,1.0,1.0,68.2,52.0,0.0,1.0,1.0,63.73333333,1.0,1.0,0.0,47.0,49.56666667,70.0,67.96666667,100.0,2.0,80.0,60.0,0,False,False,False,False,False
2025-02-05 10:00:00,0.0,1.0,1.0,68.2,52.0,0.0,1.0,1.0,63.7,1.0,1.0,0.0,47.0,49.23333333,70.0,67.9,100.0,2.0,80.0,60.0,0,False,False,False,False,False
2025-02-05 10:15:00,0.0,1.0,1.0,68.2,52.0,0.0,1.0,1.0,63.5,1.0,1.0,0.0,47.0,49.23333333,70.0,67.83333333,100.0,2.0,80.0,60.0,0,False,False,False,False,False
2025-02-05 10:30:00,0.0,1.0,1.0,68.2,52.0,0.0,1.0,1.0,63.43333333,1.0,1.0,0.0,47.0,48.66666667,70.0,67.8,100.0,2.0,80.0,60.0,0,False,False,False,False,False
2025-02-05 10:45:00,0.0,1.0,1.0,68.2,52.0,0.0,1.0,1.0,63.4,1.0,1.0,0.0,46.66666667,49.56666667,70.0,67.8,100.0,2.0,80.0,60.0,0,False,False,False,False,False
2025-02-05 11:00:00,0.0,1.0,1.0,68.2,52.0,0.0,1.0,1.0,63.4,1.0,1.0,0.0,46.0,49.3,70.0,67.8,100.0,2.0,80.0,60.0,0,False,False,False,False,False
2025-02-05 11:15:00,0.0,1.0,1.0,68.2,52.0,0.0,1.0,1.0,64.46666667,1.0,1.0,0.0,46.0,49.9,70.0,69.9,100.0,2.0,80.0,60.0,0,False,False,False,False,False
2025-02-05 11:30:00,0.0,1.0,1.0,68.2,52.0,0.0,1.0,1.0,63.83333333,1.0,1.0,0.0,46.0,50.33333333,70.0,68.6,100.0,2.0,80.0,60.0,0,False,False,False,False,False
2025-02-05 11:45:00,0.0,1.0,1.0,68.2,52.0,0.0,1.0,1.0,63.56666667,1.0,1.0,0.0,46.0,49.1,70.0,68.1,100.0,2.0,80.0,60.0,0,False,False,False,False,False
2025-02-05 12:00:00,0.0,1.0,1.0,68.2,52.0,0.0,1.0,1.0,63.43333333,1.0,1.0,0.0,46.0,49.2,70.0,67.86666667,100.0,2.0,80.0,60.0,0,False,False,False,False,False
2025-02-05 12:15:00,0.0,1.0,1.0,68.2,52.0,16.66666667,1.333333333,1.0,63.6,1.0,1.0,0.0,46.33333333,47.33333333,70.0,68.2,100.0,2.0,80.0,60.0,0,False,False,False,False,False
2025-02-05 12:30:00,0.0,1.0,1.0,68.2,52.0,0.0,1.0,1.0,64.13333333,1.0,1.0,0.0,48.0,48.96666667,70.0,69.53333333,100.0,2.0,80.0,60.0,0,False,False,False,False,False
2025-02-05 12:45:00,0.0,1.0,1.0,68.2,52.0,0.0,1.0,1.0,63.53333333,1.0,1.0,0.0,47.66666667,48.56666667,70.0,68.33333333,100.0,2.0,80.0,60.0,0,False,False,False,False,False
2025-02-05 13:00:00,0.0,1.0,1.0,68.2,52.0,0.0,1.0,1.0,63.33333333,1.0,1.0,0.0,47.0,47.9,70.0,68.1,100.0,2.0,80.0,60.0,0,False,False,False,False,False
2025-02-05 13:15:00,0.0,1.0,1.0,68.2,52.0,0.0,1.0,1.0,63.2,1.0,1.0,0.0,47.66666667,47.33333333,70.0,67.8,100.0,2.0,80.0,60.0,0,False,False,False,False,False
2025-02-05 13:30:00,0.0,1.0,1.0,68.2,52.0,0.0,1.0,1.0,64.03333333,1.0,1.0,0.0,48.0,47.3,70.0,69.36666667,100.0,2.0,80.0,60.0,0,False,False,False,False,False
2025-02-05 13:45:00,0.0,1.0,1.0,68.2,52.0,0.0,1.0,1.0,63.9,1.0,1.0,0.0,47.33333333,48.46666667,70.0,69.0,100.0,2.0,80.0,60.0,0,False,False,False,False,False
2025-02-05 14:00:00,0.0,1.0,1.0,68.2,52.0,0.0,1.0,1.0,63.4,1.0,1.0,0.0,47.66666667,47.13333333,70.0,68.33333333,100.0,2.0,80.0,60.0,0,False,False,False,False,False
2025-02-05 14:15:00,0.0,1.0,1.0,68.2,52.0,0.0,1.0,1.0,63.2,1.0,1.0,0.0,48.0,47.96666667,70.0,68.1,100.0,2.0,80.0,60.0,0,False,False,False,False,False
2025-02-05 14:30:00,0.0,1.0,1.0,68.2,52.0,0.0,1.0,1.0,63.06666667,1.0,1.0,0.0,48.0,48.1,70.0,68.1,100.0,2.0,80.0,60.0,0,False,False,False,False,False
2025-02-05 14:45:00,0.0,1.0,1.0,68.2,52.0,0.0,1.0,1.0,63.0,1.0,1.0,0.0,48.66666667,48.0,70.0,67.8,100.0,2.0,80.0,60.0,0,False,False,False,False,False
2025-02-05 15:00:00,0.0,1.0,1.0,68.2,52.0,16.66666667,1.333333333,1.0,63.8,1.0,1.0,0.0,48.0,49.06666667,70.0,69.4,100.0,2.0,80.0,60.0,0,False,False,False,False,False
2025-02-05 15:15:00,0.0,1.0,1.0,68.2,52.0,0.0,1.0,1.0,63.66666667,1.0,1.0,0.0,47.66666667,50.23333333,70.0,68.66666667,100.0,2.0,80.0,60.0,0,False,False,False,False,False
2025-02-05 15:30:00,0.0,1.0,1.0,68.2,52.0,0.0,1.0,1.0,63.26666667,1.0,1.0,0.0,47.66666667,49.06666667,70.0,68.3,100.0,2.0,80.0,60.0,0,False,False,False,False,False
2025-02-05 15:45:00,0.0,1.0,1.0,68.2,52.0,0.0,1.0,1.0,63.26666667,1.0,1.0,0.0,49.0,48.76666667,70.0,68.4,100.0,2.0,80.0,60.0,0,False,False,False,False,False
2025-02-05 16:00:00,0.0,1.0,1.0,68.2,52.0,0.0,1.0,1.0,63.4,1.0,1.0,0.0,48.66666667,48.5,70.0,68.16666667,100.0,2.0,80.0,60.0,0,False,False,False,False,False
2025-02-05 16:15:00,0.0,1.0,1.0,68.2,52.0,0.0,1.0,1.0,63.4,1.0,1.0,0.0,48.66666667,48.86666667,70.0,67.9,100.0,2.0,80.0,60.0,0,False,False,False,False,False
2025-02-05 16:30:00,0.0,1.0,1.0,68.2,52.0,0.0,1.0,1.0,63.2,1.0,1.0,0.0,48.0,49.46666667,70.0,67.8,100.0,2.0,80.0,60.0,0,False,False,False,False,False
2025-02-05 16:45:00,0.0,1.0,1.0,68.2,52.0,0.0,1.0,1.0,63.26666667,1.0,1.0,0.0,49.0,49.23333333,70.0,67.9,100.0,2.0,80.0,60.0,0,False,False,False,False,False
2025-02-05 17:00:00,0.0,1.0,1.0,68.2,52.0,0.0,1.0,1.0,63.4,1.0,1.0,0.0,47.33333333,50.06666667,70.0,68.1,100.0,2.0,80.0,60.0,0,False,False,False,False,False
2025-02-05 17:15:00,0.0,1.0,1.0,68.2,52.0,0.0,1.0,1.0,63.43333333,1.0,1.0,0.0,47.66666667,49.96666667,70.0,68.1,100.0,2.0,80.0,60.0,0,False,False,False,False,False
2025-02-05 17:30:00,0.0,1.0,1.0,68.2,52.0,0.0,1.333333333,1.0,63.46666667,1.0,1.0,0.0,49.0,49.7,70.0,67.96666667,100.0,2.0,80.0,60.0,0,False,False,False,False,False
2025-02-05 17:45:00,0.0,1.0,1.0,68.2,52.0,0.0,1.0,1.0,64.43333333,1.0,1.0,0.0,48.66666667,51.46666667,70.0,69.73333333,100.0,2.0,80.0,60.0,0,False,False,False,False,False
2025-02-05 18:00:00,0.0,1.0,1.0,68.2,52.0,0.0,1.0,1.0,63.73333333,1.0,1.0,0.0,51.0,50.26666667,70.0,68.63333333,100.0,2.0,80.0,60.0,0,False,False,False,False,False
2025-02-05 18:15:00,0.0,1.0,1.0,68.2,52.0,0.0,1.0,1.0,63.53333333,1.0,1.0,0.0,51.66666667,49.4,70.0,68.4,100.0,2.0,80.0,60.0,0,False,False,False,False,False
2025-02-05 18:30:00,0.0,1.0,1.0,68.2,52.0,0.0,1.0,1.0,63.43333333,1.0,1.0,0.0,51.33333333,50.0,70.0,68.4,100.0,2.0,80.0,60.0,0,False,False,False,False,False
2025-02-05 18:45:00,0.0,1.0,1.0,68.2,52.0,0.0,1.0,1.0,63.7,1.0,1.0,0.0,52.0,49.73333333,70.0,68.53333333,100.0,2.0,80.0,60.0,0,False,False,False,False,False
2025-02-05 19:00:00,0.0,1.0,1.0,68.2,52.0,0.0,1.0,1.0,63.7,1.0,1.0,0.0,53.0,49.56666667,70.0,68.4,100.0,2.0,80.0,60.0,0,False,False,False,False,False
2025-02-05 19:15:00,0.0,1.0,1.0,68.2,52.0,0.0,1.0,1.0,63.56666667,1.0,1.0,0.0,53.0,49.43333333,70.0,68.3,100.0,2.0,80.0,60.0,0,False,False,False,False,False
2025-02-05 19:30:00,0.0,1.0,1.0,68.2,52.0,0.0,1.0,1.0,63.43333333,1.0,1.0,0.0,52.66666667,49.66666667,70.0,67.86666667,100.0,2.0,80.0,60.0,0,False,False,False,False,False
2025-02-05 19:45:00,0.0,1.0,1.0,68.2,52.0,0.0,1.0,1.0,63.4,1.0,1.0,0.0,53.66666667,49.43333333,70.0,67.8,100.0,2.0,80.0,60.0,0,False,False,False,False,False
2025-02-05 20:00:00,0.0,1.0,1.0,68.2,52.0,0.0,1.0,1.0,63.26666667,1.0,1.0,0.0,55.66666667,48.56666667,70.0,67.8,100.0,2.0,80.0,60.0,0,False,False,False,False,False
2025-02-05 20:15:00,0.0,1.0,1.0,68.2,52.0,0.0,1.0,1.0,63.0,1.0,1.0,0.0,58.5,47.1,70.0,67.8,100.0,2.0,80.0,60.0,0,False,False,False,False,False
2025-02-05 20:30:00,0.0,1.0,1.0,68.2,52.0,0.0,1.0,1.0,63.0,1.0,1.0,0.0,59.0,47.76666667,70.0,67.8,100.0,2.0,80.0,60.0,0,False,False,False,False,False
2025-02-05 20:45:00,0.0,1.0,1.0,68.2,52.0,0.0,1.0,1.0,63.0,1.0,1.0,0.0,62.0,46.03333333,70.0,67.8,100.0,2.0,80.0,60.0,0,False,False,False,False,False
2025-02-05 21:00:00,0.0,1.0,1.0,68.2,52.0,16.66666667,1.333333333,1.0,63.36666667,1.0,1.0,0.0,60.33333333,47.2,70.0,68.73333333,100.0,2.0,80.0,60.0,0,False,False,False,False,False
2025-02-05 21:15:00,0.0,1.0,1.0,68.2,52.0,0.0,1.0,1.0,63.7,1.0,1.0,0.0,62.0,48.63333333,70.0,69.2,100.0,2.0,80.0,60.0,0,False,False,False,False,False
2025-02-05 21:30:00,0.0,1.0,1.0,68.2,52.0,0.0,1.0,1.0,63.2,1.0,1.0,0.0,60.0,48.4,70.0,68.1,100.0,2.0,80.0,60.0,0,False,False,False,False,False
2025-02-05 21:45:00,0.0,1.0,1.0,68.2,52.0,0.0,1.0,1.0,63.16666667,1.0,1.0,0.0,60.33333333,46.8,70.0,67.9,100.0,2.0,80.0,60.0,0,False,False,False,False,False
2025-02-05 22:00:00,0.0,1.0,1.0,68.2,52.0,0.0,1.0,1.0,63.83333333,1.0,1.0,0.0,61.33333333,47.36666667,70.0,69.56666667,100.0,2.0,80.0,60.0,0,False,False,False,False,False
2025-02-05 22:15:00,0.0,1.0,1.0,68.2,52.0,0.0,1.0,1.0,63.06666667,1.0,1.0,0.0,64.33333333,47.2,70.0,68.13333333,100.0,2.0,80.0,60.0,0,False,False,False,False,False
2025-02-05 22:30:00,0.0,1.0,1.0,68.2,52.0,0.0,1.0,1.0,62.96666667,1.0,1.0,0.0,62.33333333,46.4,70.0,67.83333333,100.0,2.0,80.0,60.0,0,False,False,False,False,False
2025-02-05 22:45:00,0.0,1.0,1.0,68.2,52.0,16.66666667,1.333333333,1.0,63.66666667,1.0,1.0,0.0,62.33333333,46.6,70.0,69.46666667,100.0,2.0,80.0,60.0,0,False,False,False,False,False
2025-02-05 23:00:00,0.0,1.0,1.0,68.2,52.0,0.0,1.0,1.0,63.36666667,1.0,1.0,0.0,63.0,46.96666667,70.0,68.53333333,100.0,2.0,80.0,60.0,0,False,False,False,False,False
2025-02-05 23:15:00,0.0,1.0,1.0,68.2,52.0,0.0,1.0,1.0,63.06666667,1.0,1.0,0.0,62.0,46.3,70.0,67.83333333,100.0,2.0,80.0,60.0,0,False,False,False,False,False
2025-02-05 23:30:00,0.0,1.0,1.0,68.2,52.0,0.0,1.0,1.0,63.96666667,1.0,1.0,0.0,62.33333333,47.5,70.0,69.7,100.0,2.0,80.0,60.0,0,False,False,False,False,False
2025-02-05 23:45:00,0.0,1.0,1.0,68.2,52.0,0.0,1.0,1.0,63.2,1.0,1.0,0.0,62.0,47.63333333,70.0,68.36666667,100.0,2.0,80.0,60.0,0,False,False,False,False,False
2025-02-06 00:00:00,0.0,1.0,1.0,68.2,52.0,0.0,1.0,1.0,63.0,1.0,1.0,0.0,62.33333333,46.9,70.0,67.83333333,100.0,2.0,80.0,60.0,0,False,False,False,False,False
2025-02-06 00:15:00,0.0,1.0,1.0,68.2,52.0,0.0,1.0,1.0,64.3,1.0,1.0,0.0,62.0,47.56666667,70.0,70.03333333,100.0,2.0,80.0,60.0,0,False,False,False,False,False
2025-02-06 00:30:00,0.0,1.0,1.0,68.2,52.0,0.0,1.0,1.0,63.53333333,1.0,1.0,0.0,61.33333333,47.9,70.0,68.6,100.0,2.0,80.0,60.0,0,False,False,False,False,False
2025-02-06 00:45:00,0.0,1.0,1.0,68.2,52.0,0.0,1.0,1.0,63.06666667,1.0,1.0,0.0,62.0,47.0,70.0,67.93333333,100.0,2.0,80.0,60.0,0,False,False,False,False,False
2025-02-06 01:00:00,0.0,1.0,1.0,68.2,52.0,16.66666667,1.333333333,1.0,63.16666667,1.0,1.0,0.0,65.33333333,46.36666667,70.0,68.0,100.0,2.0,80.0,60.0,0,False,False,False,False,False
2025-02-06 01:15:00,0.0,1.0,1.0,68.2,52.0,0.0,1.0,1.0,63.9,1.0,1.0,0.0,65.66666667,47.96666667,70.0,69.56666667,100.0,2.0,80.0,60.0,0,False,False,False,False,False
2025-02-06 01:30:00,0.0,1.0,1.0,68.2,52.0,0.0,1.0,1.0,63.13333333,1.0,1.0,0.0,64.66666667,47.33333333,70.0,68.13333333,100.0,2.0,80.0,60.0,0,False,False,False,False,False
2025-02-06 01:45:00,0.0,1.0,1.0,68.2,52.0,16.66666667,1.333333333,1.0,63.2,1.0,1.0,0.0,66.33333333,46.7,70.0,68.46666667,100.0,2.0,80.0,60.0,0,False,False,False,False,False
2025-02-06 02:00:00,0.0,1.0,1.0,68.2,52.0,0.0,1.0,1.0,63.63333333,1.0,1.0,0.0,67.33333333,47.3,70.0,69.33333333,100.0,2.0,80.0,60.0,0,False,False,False,False,False
2025-02-06 02:15:00,0.0,1.0,1.0,68.2,52.0,16.66666667,1.0,1.0,63.0,1.0,1.0,0.0,66.66666667,47.3,70.0,67.93333333,100.0,2.0,80.0,60.0,0,False,False,False,False,False
2025-02-06 02:30:00,0.0,1.0,1.0,68.2,52.0,0.0,1.0,1.0,64.03333333,1.0,1.0,0.0,64.0,48.9,70.0,70.03333333,100.0,2.0,80.0,60.0,1,False,False,False,False,False
2025-02-06 02:45:00,0.0,1.0,1.0,68.2,52.0,0.0,1.0,1.0,63.26666667,1.0,1.0,0.0,64.0,48.46666667,70.0,68.13333333,100.0,2.0,80.0,60.0,0,False,False,False,False,False
2025-02-06 03:00:00,0.0,1.0,1.0,68.2,52.0,0.0,1.0,1.0,63.73333333,1.0,1.0,0.0,64.0,48.33333333,70.0,69.26666667,100.0,2.0,80.0,60.0,0,False,False,False,False,False
2025-02-06 03:15:00,0.0,1.0,1.0,68.2,52.0,0.0,1.0,1.0,63.63333333,1.0,1.0,0.0,63.66666667,49.33333333,70.0,68.83333333,100.0,2.0,80.0,60.0,0,False,False,False,False,False
2025-02-06 03:30:00,0.0,1.0,1.0,68.2,52.0,0.0,1.0,1.0,63.2,1.0,1.0,0.0,63.66666667,49.0,70.0,67.93333333,100.0,2.0,80.0,60.0,0,False,False,False,False,False
2025-02-06 03:45:00,0.0,1.0,1.0,68.2,52.0,16.66666667,1.333333333,1.0,63.8,1.0,1.0,0.0,64.0,49.0,70.0,69.56666667,100.0,2.0,80.0,60.0,0,False,False,False,False,False
2025-02-06 04:00:00,0.0,1.0,1.0,68.2,52.0,0.0,1.0,1.0,63.5,1.0,1.0,0.0,63.66666667,48.43333333,70.0,68.53333333,100.0,2.0,80.0,60.0,0,False,False,False,False,False
2025-02-06 04:15:00,0.0,1.0,1.0,68.2,52.0,0.0,1.0,1.0,63.06666667,1.0,1.0,0.0,63.66666667,48.06666667,70.0,67.93333333,100.0,2.0,80.0,60.0,0,False,False,False,False,False
2025-02-06 04:30:00,0.0,1.0,1.0,68.2,52.0,16.66666667,1.333333333,1.0,63.8,1.0,1.0,0.0,65.0,48.26666667,70.0,69.7,100.0,2.0,80.0,60.0,0,False,False,False,False,False
2025-02-06 04:45:00,0.0,1.0,1.0,68.2,52.0,0.0,1.0,1.0,63.53333333,1.0,1.0,0.0,64.66666667,49.2,70.0,68.46666667,100.0,2.0,80.0,60.0,0,False,False,False,False,False
2025-02-06 05:00:00,0.0,1.0,1.0,68.2,52.0,16.66666667,1.333333333,1.0,63.3,1.0,1.0,0.0,64.33333333,49.0,70.0,67.86666667,100.0,2.0,80.0,60.0,0,False,False,False,False,False
2025-02-06 05:15:00,0.0,1.0,1.0,68.2,52.0,0.0,1.0,1.0,64.06666667,1.0,1.0,0.0,63.33333333,50.2,70.0,69.66666667,100.0,2.0,80.0,60.0,1,False,False,False,False,False
2025-02-06 05:30:00,0.0,1.0,1.0,68.2,52.0,0.0,1.0,1.0,63.4,1.0,1.0,0.0,64.66666667,49.83333333,70.0,68.13333333,100.0,2.0,80.0,60.0,0,False,False,False,False,False
2025-02-06 05:45:00,0.0,1.0,1.0,68.2,52.0,16.66666667,1.333333333,1.0,63.26666667,1.0,1.0,0.0,65.66666667,49.5,70.0,67.76666667,100.0,2.0,80.0,60.0,0,False,False,False,False,False
2025-02-06 06:00:00,0.0,1.0,1.0,68.2,52.0,0.0,1.0,1.0,63.93333333,1.0,1.0,0.0,66.66666667,50.1,70.0,69.56666667,100.0,2.0,80.0,60.0,1,False,False,False,False,False
2025-02-06 06:15:00,0.0,1.0,1.0,68.2,52.0,0.0,1.0,1.0,63.2,1.0,1.0,0.0,68.0,49.3,70.0,68.03333333,100.0,2.0,80.0,60.0,0,False,False,False,False,False
2025-02-06 06:30:00,0.0,1.0,1.0,68.2,52.0,0.0,1.0,1.0,63.66666667,1.0,1.0,0.0,68.33333333,48.6,70.0,69.2,100.0,2.0,80.0,60.0,0,False,False,False,False,False
2025-02-06 06:45:00,0.0,1.0,1.0,68.2,52.0,0.0,1.0,1.0,63.53333333,1.0,1.0,0.0,70.0,48.06666667,70.0,68.86666667,100.0,2.0,80.0,60.0,0,False,False,False,False,False
2025-02-06 07:00:00,0.0,1.0,1.0,68.2,52.0,16.66666667,1.333333333,1.0,63.0,1.0,1.0,0.0,71.66666667,47.6,70.0,67.83333333,100.0,2.0,80.0,60.0,0,False,False,False,False,False
2025-02-06 07:15:00,0.0,1.0,1.0,68.2,52.0,0.0,1.0,1.0,63.83333333,1.0,1.0,0.0,71.0,49.4,70.0,69.63333333,100.0,2.0,80.0,60.0,1,False,False,False,False,False
2025-02-06 07:30:00,0.0,1.0,1.0,68.2,52.0,0.0,1.0,1.0,63.33333333,1.0,1.0,0.0,71.0,49.5,70.0,68.03333333,100.0,2.0,80.0,60.0,0,False,False,False,False,False
2025-02-06 07:45:00,0.0,1.0,1.0,68.2,52.0,16.66666667,1.333333333,1.0,64.13333333,1.0,1.0,0.0,71.33333333,50.4,70.0,69.66666667,100.0,2.0,80.0,60.0,0,False,False,False,False,False
2025-02-06 08:00:00,0.0,1.0,1.0,68.2,52.0,0.0,1.0,1.0,63.73333333,1.0,1.0,0.0,71.33333333,51.53333333,70.0,68.56666667,100.0,2.0,80.0,60.0,0,False,False,False,False,False
2025-02-06 08:15:00,0.0,1.0,1.0,68.2,52.0,0.0,1.0,1.0,63.46666667,1.0,1.0,0.0,70.66666667,51.73333333,70.0,67.83333333,100.0,2.0,80.0,60.0,0,False,False,False,False,False
2025-02-06 08:30:00,0.0,1.0,1.0,68.2,52.0,0.0,1.0,1.0,64.53333333,1.0,1.0,0.0,70.33333333,52.83333333,70.0,69.7,100.0,2.0,80.0,60.0,0,False,False,False,False,False
2025-02-06 08:45:00,0.0,1.0,1.0,68.2,52.0,0.0,1.0,1.0,65.16666667,1.0,1.0,0.0,77.0,58.03333333,70.0,68.66666667,100.0,2.0,80.0,60.0,0,False,False,False,False,False
2025-02-06 09:00:00,0.0,1.0,1.0,68.2,52.0,0.0,1.0,1.0,65.66666667,1.0,1.0,0.0,78.0,61.46666667,70.0,68.33333333,100.0,2.0,80.0,60.0,0,False,False,False,False,False
2025-02-06 09:15:00,0.0,1.0,1.0,68.2,52.0,0.0,1.0,1.0,65.9,1.0,1.0,0.0,78.0,62.13333333,70.0,68.3,100.0,2.0,80.0,60.0,0,False,False,False,False,False
2025-02-06 09:30:00,0.0,1.0,1.0,68.2,52.0,0.0,1.0,1.0,65.9,1.0,1.0,0.0,76.66666667,61.73333333,70.0,68.3,100.0,2.0,80.0,60.0,0,False,False,False,False,False
2025-02-06 09:45:00,0.0,1.0,1.0,68.2,52.0,0.0,1.0,1.0,65.9,1.0,1.0,0.0,76.0,61.53333333,70.0,68.1,100.0,2.0,80.0,60.0,0,False,False,False,False,False
2025-02-06 10:00:00,0.0,1.0,1.0,68.2,52.0,0.0,1.0,1.0,65.9,1.0,1.0,0.0,76.0,61.6,70.0,68.1,100.0,2.0,80.0,60.0,0,False,False,False,False,False
2025-02-06 10:15:00,0.0,1.0,1.0,68.2,52.0,0.0,1.0,1.0,65.9,1.0,1.0,0.0,75.0,61.6,70.0,68.1,100.0,2.0,80.0,60.0,0,False,False,False,False,False
2025-02-06 10:30:00,0.0,1.0,1.0,68.2,52.0,0.0,1.0,1.0,65.83333333,1.0,1.0,0.0,75.0,61.6,70.0,68.1,100.0,2.0,80.0,60.0,0,False,False,False,False,False
2025-02-06 10:45:00,0.0,1.0,1.0,68.2,52.0,0.0,1.0,1.0,65.8,1.0,1.0,0.0,75.0,62.0,70.0,68.03333333,100.0,2.0,80.0,60.0,0,False,False,False,False,False
2025-02-06 11:00:00,0.0,1.0,1.0,68.2,52.0,0.0,1.0,1.0,65.8,1.0,1.0,0.0,75.0,62.0,70.0,67.9,100.0,2.0,80.0,60.0,0,False,False,False,False,False
2025-02-06 11:15:00,0.0,1.0,1.0,68.2,52.0,0.0,1.0,1.0,65.8,1.0,1.0,0.0,75.0,61.7,70.0,67.9,100.0,2.0,80.0,60.0,0,False,False,False,False,False
2025-02-06 11:30:00,0.0,1.0,1.0,68.2,52.0,0.0,1.0,1.0,65.8,1.0,1.0,0.0,75.0,61.3,70.0,67.9,100.0,2.0,80.0,60.0,0,False,False,False,False,False
2025-02-06 11:45:00,0.0,1.0,1.0,68.2,52.0,0.0,1.0,1.0,65.8,1.0,1.0,0.0,74.0,61.26666667,70.0,67.9,100.0,2.0,80.0,60.0,0,False,False,False,False,False
2025-02-06 12:00:00,0.0,1.0,1.0,68.2,52.0,0.0,1.0,1.0,65.73333333,1.0,1.0,0.0,73.33333333,61.0,70.0,67.9,100.0,2.0,80.0,60.0,0,False,False,False,False,False
2025-02-06 12:15:00,0.0,1.0,1.0,68.2,52.0,0.0,1.0,1.0,66.33333333,1.0,1.0,0.0,72.66666667,61.33333333,70.0,69.6,100.0,2.0,80.0,60.0,0,False,False,False,False,False
2025-02-06 12:30:00,0.0,1.0,1.0,68.2,52.0,0.0,1.0,1.0,65.83333333,1.0,1.0,0.0,72.0,60.23333333,70.0,69.03333333,100.0,2.0,80.0,60.0,0,False,False,False,False,False
2025-02-06 12:45:00,0.0,1.0,1.0,68.2,52.0,0.0,1.0,1.0,65.33333333,1.0,1.0,0.0,71.33333333,58.36666667,70.0,68.53333333,100.0,2.0,80.0,60.0,0,False,False,False,False,False
2025-02-06 13:00:00,0.0,1.0,1.0,68.2,52.0,0.0,1.0,1.0,65.1,1.0,1.0,0.0,71.33333333,57.2,70.0,68.3,100.0,2.0,80.0,60.0,0,False,False,False,False,False
2025-02-06 13:15:00,0.0,1.0,1.0,68.2,52.0,0.0,1.0,1.0,65.0,1.0,1.0,0.0,72.0,56.1,70.0,68.16666667,100.0,2.0,80.0,60.0,0,False,False,False,False,False
2025-02-06 13:30:00,0.0,1.0,1.0,68.2,52.0,0.0,1.0,1.0,64.8,1.0,1.0,0.0,72.0,55.53333333,70.0,68.1,100.0,2.0,80.0,60.0,0,False,False,False,False,False
2025-02-06 13:45:00,0.0,1.0,1.0,68.2,52.0,0.0,1.0,1.0,64.6,1.0,1.0,0.0,72.0,55.23333333,70.0,67.9,100.0,2.0,80.0,60.0,0,False,False,False,False,False
2025-02-06 14:00:00,0.0,1.0,1.0,68.2,52.0,0.0,1.0,1.0,64.6,1.0,1.0,0.0,72.0,55.1,70.0,67.9,100.0,2.0,80.0,60.0,0,False,False,False,False,False
2025-02-06 14:15:00,0.0,1.0,1.0,68.2,52.0,0.0,1.0,1.0,64.6,1.0,1.0,0.0,70.0,55.1,70.0,67.9,100.0,2.0,80.0,60.0,0,False,False,False,False,False
2025-02-06 14:30:00,0.0,1.0,1.0,68.2,52.0,0.0,1.0,1.0,64.6,1.0,1.0,0.0,69.66666667,55.4,70.0,67.9,100.0,2.0,80.0,60.0,0,False,False,False,False,False
2025-02-06 14:45:00,0.0,1.0,1.0,68.2,52.0,0.0,1.0,1.0,64.6,1.0,1.0,0.0,67.75,56.2,70.0,67.9,100.0,2.0,80.0,60.0,0,False,False,False,False,False
2025-02-06 15:00:00,0.0,1.0,1.0,68.2,52.0,16.66666667,1.333333333,1.0,64.6,1.0,1.0,0.0,67.0,55.96666667,70.0,67.9,100.0,2.0,80.0,60.0,0,False,False,False,False,False
2025-02-06 15:15:00,0.0,1.0,1.0,68.2,52.0,0.0,1.0,1.0,65.8,1.0,1.0,0.0,66.66666667,58.13333333,70.0,70.3,100.0,2.0,80.0,60.0,1,False,False,False,False,False
2025-02-06 15:30:00,0.0,1.0,1.0,68.2,52.0,0.0,1.0,1.0,65.16666667,1.0,1.0,0.0,65.0,58.26666667,70.0,69.06666667,100.0,2.0,80.0,60.0,0,False,False,False,False,False
2025-02-06 15:45:00,0.0,1.0,1.0,68.2,52.0,0.0,1.0,1.0,65.1,1.0,1.0,0.0,63.66666667,57.83333333,70.0,69.0,100.0,2.0,80.0,60.0,0,False,False,False,False,False
2025-02-06 16:00:00,0.0,1.0,1.0,68.2,52.0,0.0,1.0,1.0,65.1,1.0,1.0,0.0,63.0,57.5,70.0,68.93333333,100.0,2.0,80.0,60.0,0,False,False,False,False,False
2025-02-06 16:15:00,0.0,1.0,1.0,68.2,52.0,0.0,1.0,1.0,65.1,1.0,1.0,0.0,61.33333333,58.53333333,70.0,68.63333333,100.0,2.0,80.0,60.0,0,False,False,False,False,False
2025-02-06 16:30:00,0.0,1.0,1.0,68.2,52.0,0.0,1.0,1.0,65.1,1.0,1.0,0.0,61.0,59.2,70.0,68.6,100.0,2.0,80.0,60.0,0,False,False,False,False,False
2025-02-06 16:45:00,0.0,1.0,1.0,68.2,52.0,0.0,1.0,1.0,65.26666667,1.0,1.0,0.0,60.66666667,60.46666667,70.0,68.63333333,100.0,2.0,80.0,60.0,0,False,False,False,False,False
2025-02-06 17:00:00,0.0,1.0,1.0,68.2,52.0,0.0,1.0,1.0,65.4,1.0,1.0,0.0,59.66666667,61.06666667,70.0,68.9,100.0,2.0,80.0,60.0,0,False,False,False,False,False
2025-02-06 17:15:00,0.0,1.0,1.0,68.2,52.0,0.0,1.0,1.0,65.4,1.0,1.0,0.0,59.0,60.16666667,70.0,68.9,100.0,2.0,80.0,60.0,0,False,False,False,False,False
2025-02-06 17:30:00,0.0,1.0,1.0,68.2,52.0,0.0,1.0,1.0,65.6,1.0,1.0,0.0,59.0,61.76666667,70.0,68.9,100.0,2.0,80.0,60.0,0,False,False,False,False,False
2025-02-06 17:45:00,0.0,1.0,1.0,68.2,52.0,0.0,1.0,1.0,65.6,1.0,1.0,0.0,59.0,61.2,70.0,68.9,100.0,2.0,80.0,60.0,0,False,False,False,False,False
2025-02-06 18:00:00,0.0,1.0,1.0,68.2,52.0,0.0,1.0,1.0,65.6,1.0,1.0,0.0,59.66666667,61.26666667,70.0,68.9,100.0,2.0,80.0,60.0,0,False,False,False,False,False
2025-02-06 18:15:00,0.0,1.0,1.0,68.2,52.0,0.0,1.0,1.0,65.8,1.0,1.0,0.0,59.0,61.33333333,70.0,69.13333333,100.0,2.0,80.0,60.0,0,False,False,False,False,False
2025-02-06 18:30:00,0.0,1.0,1.0,68.2,52.0,0.0,1.0,1.0,65.8,1.0,1.0,0.0,59.66666667,60.56666667,70.0,69.46666667,100.0,2.0,80.0,60.0,0,False,False,False,False,False
2025-02-06 18:45:00,0.0,1.0,1.0,68.2,52.0,0.0,1.0,1.0,65.8,1.0,1.0,0.0,60.0,60.96666667,70.0,69.5,100.0,2.0,80.0,60.0,0,False,False,False,False,False
2025-02-06 19:00:00,0.0,1.0,1.0,68.2,52.0,0.0,1.0,1.0,65.8,1.0,1.0,0.0,60.0,60.46666667,70.0,69.46666667,100.0,2.0,80.0,60.0,0,False,False,False,False,False
2025-02-06 19:15:00,0.0,1.0,1.0,68.2,52.0,0.0,1.0,1.0,65.66666667,1.0,1.0,0.0,60.66666667,58.7,70.0,69.2,100.0,2.0,80.0,60.0,0,False,False,False,False,False
2025-02-06 19:30:00,0.0,1.0,1.0,68.2,52.0,0.0,1.0,1.0,65.6,1.0,1.0,0.0,61.0,58.0,70.0,69.13333333,100.0,2.0,80.0,60.0,0,False,False,False,False,False
2025-02-06 19:45:00,0.0,1.0,1.0,68.2,52.0,0.0,1.0,1.0,65.4,1.0,1.0,0.0,61.66666667,57.4,70.0,68.9,100.0,2.0,80.0,60.0,0,False,False,False,False,False
2025-02-06 20:00:00,0.0,1.0,1.0,68.2,52.0,0.0,1.0,1.0,65.3,1.0,1.0,0.0,62.0,57.53333333,70.0,68.9,100.0,2.0,80.0,60.0,0,False,False,False,False,False
2025-02-06 20:15:00,0.0,1.0,1.0,68.2,52.0,0.0,1.0,1.0,65.46666667,1.0,1.0,0.0,61.0,60.0,70.0,68.9,100.0,2.0,80.0,60.0,0,False,False,False,False,False
2025-02-06 20:30:00,0.0,1.0,1.0,68.2,52.0,0.0,1.0,1.0,65.6,1.0,1.0,0.0,58.0,60.73333333,70.0,68.9,100.0,2.0,80.0,60.0,0,False,False,False,False,False
2025-02-06 20:45:00,0.0,1.0,1.0,68.2,52.0,0.0,1.0,1.0,65.66666667,1.0,1.0,0.0,57.66666667,61.76666667,70.0,69.2,100.0,2.0,80.0,60.0,0,False,False,False,False,False
2025-02-06 21:00:00,0.0,1.0,1.0,68.2,52.0,0.0,1.0,1.0,65.83333333,1.0,1.0,0.0,55.66666667,62.26666667,70.0,69.2,100.0,2.0,80.0,60.0,0,False,False,False,False,False
2025-02-06 21:15:00,0.0,1.0,1.0,68.2,52.0,0.0,1.0,1.0,65.9,1.0,1.0,0.0,54.33333333,62.76666667,70.0,69.2,100.0,2.0,80.0,60.0,0,False,False,False,False,False
2025-02-06 21:30:00,0.0,1.0,1.0,68.2,52.0,0.0,1.0,1.0,65.9,1.0,1.0,0.0,53.33333333,62.26666667,70.0,69.06666667,100.0,2.0,80.0,60.0,0,False,False,False,False,False
2025-02-06 21:45:00,0.0,1.0,1.0,68.2,52.0,0.0,1.0,1.0,65.83333333,1.0,1.0,0.0,54.0,60.6,70.0,68.9,100.0,2.0,80.0,60.0,0,False,False,False,False,False
2025-02-06 22:00:00,0.0,1.0,1.0,68.2,52.0,0.0,1.0,1.0,65.8,1.0,1.0,0.0,54.0,58.83333333,70.0,68.7,100.0,2.0,80.0,60.0,0,False,False,False,False,False
2025-02-06 22:15:00,0.0,1.0,1.0,68.2,52.0,0.0,1.0,1.0,65.66666667,1.0,1.0,0.0,54.0,57.5,70.0,68.7,100.0,2.0,80.0,60.0,0,False,False,False,False,False
2025-02-06 22:30:00,0.0,1.0,1.0,68.2,52.0,0.0,1.0,1.0,65.33333333,1.0,1.0,0.0,55.0,54.63333333,70.0,68.63333333,100.0,2.0,80.0,60.0,0,False,False,False,False,False
2025-02-06 22:45:00,0.0,1.0,1.0,68.2,52.0,0.0,1.0,1.0,65.23333333,1.0,1.0,0.0,55.0,53.86666667,70.0,68.53333333,100.0,2.0,80.0,60.0,0,False,False,False,False,False
2025-02-06 23:00:00,0.0,1.0,1.0,68.2,52.0,0.0,1.0,1.0,65.0,1.0,1.0,0.0,54.66666667,53.86666667,70.0,68.4,100.0,2.0,80.0,60.0,0,False,False,False,False,False
2025-02-06 23:15:00,0.0,1.0,1.0,68.2,52.0,0.0,1.0,1.0,65.0,1.0,1.0,0.0,53.33333333,53.5,70.0,68.4,100.0,2.0,80.0,60.0,0,False,False,False,False,False
2025-02-06 23:30:00,0.0,1.0,1.0,68.2,52.0,0.0,1.0,1.0,65.0,1.0,1.0,0.0,54.0,52.65,70.0,68.4,100.0,2.0,80.0,60.0,0,False,False,False,False,False
2025-02-06 23:45:00,0.0,1.0,1.0,68.2,52.0,0.0,1.0,1.0,64.8,1.0,1.0,0.0,56.0,50.76666667,70.0,68.4,100.0,2.0,80.0,60.0,0,False,False,False,False,False
2025-02-07 00:00:00,0.0,1.0,1.0,68.2,52.0,0.0,1.0,1.0,64.56666667,1.0,1.0,0.0,57.66666667,49.5,70.0,68.3,100.0,2.0,80.0,60.0,0,False,False,False,False,False
2025-02-07 00:15:00,0.0,1.0,1.0,68.2,52.0,0.0,1.0,1.0,64.43333333,1.0,1.0,0.0,58.66666667,48.43333333,70.0,68.1,100.0,2.0,80.0,60.0,0,False,False,False,False,False
2025-02-07 00:30:00,0.0,1.0,1.0,68.2,52.0,0.0,1.0,1.0,64.13333333,1.0,1.0,0.0,59.0,47.76666667,70.0,68.03333333,100.0,2.0,80.0,60.0,0,False,False,False,False,False
2025-02-07 00:45:00,0.0,1.0,1.0,68.2,52.0,0.0,1.0,1.0,63.8,1.0,1.0,0.0,59.0,47.93333333,70.0,67.86666667,100.0,2.0,80.0,60.0,0,False,False,False,False,False
2025-02-07 01:00:00,0.0,1.0,1.0,68.2,52.0,0.0,1.0,1.0,63.93333333,1.0,1.0,0.0,58.0,48.13333333,70.0,67.8,100.0,2.0,80.0,60.0,0,False,False,False,False,False
2025-02-07 01:15:00,0.0,1.0,1.0,68.2,52.0,0.0,1.0,1.0,63.7,1.0,1.0,0.0,57.0,47.36666667,70.0,67.8,100.0,2.0,80.0,60.0,0,False,False,False,False,False
2025-02-07 01:30:00,0.0,1.0,1.0,68.2,52.0,0.0,1.0,1.0,63.63333333,1.0,1.0,0.0,57.0,46.8,70.0,67.73333333,100.0,2.0,80.0,60.0,0,False,False,False,False,False
2025-02-07 01:45:00,0.0,1.0,1.0,68.2,52.0,0.0,1.0,1.0,63.4,1.0,1.0,0.0,56.0,46.6,70.0,67.53333333,100.0,2.0,80.0,60.0,0,False,False,False,False,False
2025-02-07 02:00:00,0.0,1.0,1.0,68.2,52.0,16.66666667,1.333333333,1.0,63.93333333,1.0,1.0,0.0,56.33333333,46.16666667,70.0,68.26666667,100.0,2.0,80.0,60.0,0,False,False,False,False,False
2025-02-07 02:15:00,0.0,1.0,1.0,68.2,52.0,0.0,1.0,1.0,64.36666667,1.0,1.0,0.0,56.66666667,48.4,70.0,69.36666667,100.0,2.0,80.0,60.0,0,False,False,False,False,False
2025-02-07 02:30:00,0.0,1.0,1.0,68.2,52.0,0.0,1.0,1.0,63.7,1.0,1.0,0.0,55.33333333,47.83333333,70.0,68.1,100.0,2.0,80.0,60.0,0,False,False,False,False,False
2025-02-07 02:45:00,0.0,1.0,1.0,68.2,52.0,16.66666667,1.333333333,1.0,64.13333333,1.0,1.0,0.0,56.33333333,47.96666667,70.0,68.63333333,100.0,2.0,80.0,60.0,0,False,False,False,False,False
2025-02-07 03:00:00,0.0,1.0,1.0,68.2,52.0,0.0,1.0,1.0,64.23333333,1.0,1.0,0.0,56.33333333,49.6,70.0,69.06666667,100.0,2.0,80.0,60.0,0,False,False,False,False,False
2025-02-07 03:15:00,0.0,1.0,1.0,68.2,52.0,0.0,1.0,1.0,63.7,1.0,1.0,0.0,55.66666667,49.6,70.0,68.1,100.0,2.0,80.0,60.0,0,False,False,False,False,False
2025-02-07 03:30:00,0.0,1.0,1.0,68.2,52.0,0.0,1.0,1.0,63.33333333,1.0,1.0,0.0,54.33333333,49.5,70.0,67.9,100.0,2.0,80.0,60.0,0,False,False,False,False,False
2025-02-07 03:45:00,0.0,1.0,1.0,68.2,52.0,16.66666667,1.333333333,1.0,63.7,1.0,1.0,0.0,54.33333333,48.1,70.0,68.73333333,100.0,2.0,80.0,60.0,0,False,False,False,False,False
2025-02-07 04:00:00,0.0,1.0,1.0,68.2,52.0,0.0,1.0,1.0,63.76666667,1.0,1.0,0.0,54.0,47.63333333,70.0,69.03333333,100.0,2.0,80.0,60.0,0,False,False,False,False,False
2025-02-07 04:15:00,0.0,1.0,1.0,68.2,52.0,0.0,1.0,1.0,63.13333333,1.0,1.0,0.0,54.0,47.5,70.0,67.96666667,100.0,2.0,80.0,60.0,0,False,False,False,False,False
2025-02-07 04:30:00,0.0,1.0,1.0,68.2,52.0,16.66666667,1.333333333,1.0,63.43333333,1.0,1.0,0.0,54.33333333,47.9,70.0,68.63333333,100.0,2.0,80.0,60.0,0,False,False,False,False,False
2025-02-07 04:45:00,0.0,1.0,1.0,68.2,52.0,0.0,1.0,1.0,63.5,1.0,1.0,0.0,54.0,48.66666667,70.0,68.9,100.0,2.0,80.0,60.0,0,False,False,False,False,False
2025-02-07 05:00:00,0.0,1.0,1.0,68.2,52.0,0.0,1.0,1.0,62.86666667,1.0,1.0,0.0,53.0,47.3,70.0,67.83333333,100.0,2.0,80.0,60.0,0,False,False,False,False,False
2025-02-07 05:15:00,0.0,1.0,1.0,68.2,52.0,0.0,1.0,1.0,63.96666667,1.0,1.0,0.0,54.0,47.1,70.0,69.73333333,100.0,2.0,80.0,60.0,0,False,False,False,False,False
2025-02-07 05:30:00,0.0,1.0,1.0,68.2,52.0,0.0,1.0,1.0,63.2,1.0,1.0,0.0,54.0,47.36666667,70.0,68.4,100.0,2.0,80.0,60.0,0,False,False,False,False,False
2025-02-07 05:45:00,0.0,1.0,1.0,68.2,52.0,0.0,1.0,1.0,62.7,1.0,1.0,0.0,54.0,46.6,70.0,67.8,100.0,2.0,80.0,60.0,0,False,False,False,False,False
2025-02-07 06:00:00,0.0,1.0,1.0,68.2,52.0,0.0,1.0,1.0,64.03333333,1.0,1.0,0.0,55.0,47.86666667,70.0,69.93333333,100.0,2.0,80.0,60.0,0,False,False,False,False,False
2025-02-07 06:15:00,0.0,1.0,1.0,68.2,52.0,0.0,1.0,1.0,63.33333333,1.0,1.0,0.0,55.0,48.6,70.0,68.33333333,100.0,2.0,80.0,60.0,0,False,False,False,False,False
2025-02-07 06:30:00,0.0,1.0,1.0,68.2,52.0,16.66666667,1.333333333,1.0,63.3,1.0,1.0,0.0,55.33333333,46.63333333,70.0,67.93333333,100.0,2.0,80.0,60.0,0,False,False,False,False,False
2025-02-07 06:45:00,0.0,1.0,1.0,68.2,52.0,0.0,1.0,1.0,63.96666667,1.0,1.0,0.0,55.66666667,47.7,70.0,69.73333333,100.0,2.0,80.0,60.0,1,False,False,False,False,False
2025-02-07 07:00:00,0.0,1.0,1.0,68.2,52.0,0.0,1.0,1.0,62.96666667,1.0,1.0,0.0,55.33333333,46.1,70.0,68.1,100.0,2.0,80.0,60.0,0,False,False,False,False,False
2025-02-07 07:15:00,0.0,1.0,1.0,68.2,52.0,16.66666667,1.333333333,1.0,63.53333333,1.0,1.0,0.0,54.66666667,45.53333333,70.0,68.86666667,100.0,2.0,80.0,60.0,0,False,False,False,False,False
2025-02-07 07:30:00,0.0,1.0,1.0,68.2,52.0,0.0,1.0,1.0,63.2,1.0,1.0,0.0,53.0,46.26666667,70.0,68.53333333,100.0,2.0,80.0,60.0,0,False,False,False,False,False
2025-02-07 07:45:00,0.0,1.0,1.0,68.2,52.0,16.66666667,1.333333333,1.0,62.83333333,1.0,1.0,0.0,53.33333333,44.46666667,70.0,67.8,100.0,2.0,80.0,60.0,0,False,False,False,False,False
2025-02-07 08:00:00,0.0,1.0,1.0,68.2,52.0,0.0,1.0,1.0,63.86666667,1.0,1.0,0.0,53.66666667,45.86666667,70.0,70.03333333,100.0,2.0,80.0,60.0,1,False,False,False,False,False
2025-02-07 08:15:00,0.0,1.0,1.0,68.2,52.0,0.0,1.0,1.0,63.1,1.0,1.0,0.0,53.0,46.65,70.0,68.2,100.0,2.0,80.0,60.0,0,False,False,False,False,False
2025-02-07 08:30:00,0.0,1.0,1.0,68.2,52.0,12.5,1.25,1.0,63.35,1.0,1.0,0.0,53.5,45.925,70.0,68.975,100.0,2.0,80.0,60.0,0,False,False,False,False,False
2025-02-07 08:45:00,0.0,1.0,1.0,68.2,52.0,0.0,1.0,1.0,63.03333333,1.0,1.0,0.0,53.0,45.53333333,70.0,68.46666667,100.0,2.0,80.0,60.0,0,False,False,False,False,False
2025-02-07 09:00:00,0.0,1.0,1.0,68.2,52.0,0.0,1.0,1.0,63.1,1.0,1.0,0.0,53.66666667,43.83333333,70.0,68.7,100.0,2.0,80.0,60.0,0,False,False,False,False,False
2025-02-07 09:15:00,0.0,1.0,1.0,68.2,52.0,0.0,1.0,1.0,63.33333333,1.0,1.0,0.0,54.66666667,44.23333333,70.0,69.2,100.0,2.0,80.0,60.0,0,False,False,False,False,False
2025-02-07 09:30:00,0.0,1.0,1.0,68.2,52.0,16.66666667,1.333333333,1.0,62.63333333,1.0,1.0,0.0,54.0,44.93333333,70.0,67.86666667,100.0,2.0,80.0,60.0,0,False,False,False,False,False
2025-02-07 09:45:00,0.0,1.0,1.0,68.2,52.0,0.0,1.0,1.0,63.5,1.0,1.0,0.0,54.0,45.56666667,70.0,70.0,100.0,2.0,80.0,60.0,1,False,False,False,False,False
2025-02-07 10:00:00,0.0,1.0,1.0,68.2,52.0,0.0,1.0,1.0,62.6,1.0,1.0,0.0,52.66666667,44.56666667,70.0,67.93333333,100.0,2.0,80.0,60.0,0,False,False,False,False,False
2025-02-07 10:15:00,0.0,1.0,1.0,68.2,52.0,0.0,1.0,1.0,63.53333333,1.0,1.0,0.0,53.0,44.03333333,70.0,70.13333333,100.0,2.0,80.0,60.0,0,False,False,False,False,False
2025-02-07 10:30:00,0.0,1.0,1.0,68.2,52.0,0.0,1.0,1.0,62.56666667,1.0,1.0,0.0,53.0,44.96666667,70.0,68.06666667,100.0,2.0,80.0,60.0,0,False,False,False,False,False
2025-02-07 10:45:00,0.0,1.0,1.0,68.2,52.0,0.0,1.0,1.0,63.3,1.0,1.0,0.0,52.33333333,44.83333333,70.0,69.93333333,100.0,2.0,80.0,60.0,0,False,False,False,False,False
2025-02-07 11:00:00,0.0,1.0,1.0,68.2,52.0,16.66666667,1.333333333,1.0,62.46666667,1.0,1.0,0.0,51.66666667,44.76666667,70.0,68.0,100.0,2.0,80.0,60.0,0,False,False,False,False,False
2025-02-07 11:15:00,0.0,1.0,1.0,68.2,52.0,0.0,1.0,1.0,63.36666667,1.0,1.0,0.0,51.33333333,44.43333333,70.0,70.23333333,100.0,2.0,80.0,60.0,1,False,False,False,False,False
2025-02-07 11:30:00,0.0,1.0,1.0,68.2,52.0,0.0,1.0,1.0,62.4,1.0,1.0,0.0,51.0,44.26666667,70.0,68.1,100.0,2.0,80.0,60.0,0,False,False,False,False,False
2025-02-07 11:45:00,0.0,1.0,1.0,68.2,52.0,16.66666667,1.333333333,1.0,63.1,1.0,1.0,0.0,52.0,43.6,70.0,69.3,100.0,2.0,80.0,60.0,0,False,False,False,False,False
2025-02-07 12:00:00,0.0,1.0,1.0,68.2,52.0,0.0,1.0,1.0,62.4,1.0,1.0,0.0,52.33333333,44.63333333,70.0,68.23333333,100.0,2.0,80.0,60.0,0,False,False,False,False,False
2025-02-07 12:15:00,0.0,1.0,1.0,68.2,52.0,16.66666667,1.333333333,1.0,63.03333333,1.0,1.0,0.0,52.0,42.7,70.0,69.43333333,100.0,2.0,80.0,60.0,0,False,False,False,False,False
2025-02-07 12:30:00,0.0,1.0,1.0,68.2,52.0,0.0,1.0,1.0,75.86666667,1.0,1.0,0.0,53.0,43.63333333,70.0,68.3,100.0,2.0,80.0,60.0,0,False,False,False,False,False
2025-02-07 12:45:00,0.0,1.0,1.0,68.2,52.0,16.66666667,1.333333333,1.0,63.03333333,1.0,1.0,0.0,54.66666667,43.56666667,70.0,69.4,100.0,2.0,80.0,60.0,0,False,False,False,False,False
2025-02-07 13:00:00,0.0,1.0,1.0,68.2,52.0,0.0,1.0,1.0,62.76666667,1.0,1.0,0.0,55.0,45.36666667,70.0,68.46666667,100.0,2.0,80.0,60.0,0,False,False,False,False,False
2025-02-07 13:15:00,0.0,1.0,1.0,68.2,52.0,0.0,1.0,1.0,62.73333333,1.0,1.0,0.0,54.33333333,44.23333333,70.0,68.23333333,100.0,2.0,80.0,60.0,0,False,False,False,False,False
2025-02-07 13:30:00,0.0,1.0,1.0,68.2,52.0,0.0,1.0,1.0,63.36666667,1.0,1.0,0.0,52.0,45.03333333,70.0,69.7,100.0,2.0,80.0,60.0,0,False,False,False,False,False
2025-02-07 13:45:00,0.0,1.0,1.0,68.2,52.0,0.0,1.0,1.0,62.9,1.0,1.0,0.0,51.0,46.26666667,70.0,68.53333333,100.0,2.0,80.0,60.0,0,False,False,False,False,False
2025-02-07 14:00:00,0.0,1.0,1.0,68.2,52.0,0.0,1.0,1.0,63.13333333,1.0,1.0,0.0,50.66666667,48.03333333,70.0,68.4,100.0,2.0,80.0,60.0,0,False,False,False,False,False
2025-02-07 14:15:00,0.0,1.0,1.0,68.2,52.0,0.0,1.0,1.0,63.4,1.0,1.0,0.0,48.0,47.93333333,70.0,68.4,100.0,2.0,80.0,60.0,0,False,False,False,False,False
2025-02-07 14:30:00,0.0,1.0,1.0,68.2,52.0,0.0,1.0,1.0,63.5,1.0,1.0,0.0,45.66666667,48.2,70.0,68.76666667,100.0,2.0,80.0,60.0,0,False,False,False,False,False
2025-02-07 14:45:00,0.0,1.0,1.0,68.2,52.0,0.0,1.0,1.0,63.73333333,1.0,1.0,0.0,42.66666667,48.46666667,70.0,68.9,100.0,2.0,80.0,60.0,0,False,False,False,False,False
2025-02-07 15:00:00,0.0,1.0,1.0,68.2,52.0,0.0,1.0,1.0,63.73333333,1.0,1.0,0.0,38.66666667,49.2,70.0,68.96666667,100.0,2.0,80.0,60.0,0,False,False,False,False,False
2025-02-07 15:15:00,0.0,1.0,1.0,68.2,52.0,0.0,1.0,1.0,63.73333333,1.0,1.0,0.0,37.0,49.26666667,70.0,69.0,100.0,2.0,80.0,60.0,0,False,False,False,False,False
2025-02-07 15:30:00,0.0,1.0,1.0,68.2,52.0,0.0,1.0,1.0,63.86666667,1.0,1.0,0.0,36.0,50.6,70.0,69.53333333,100.0,2.0,80.0,60.0,0,False,False,False,False,False
2025-02-07 15:45:00,0.0,1.0,1.0,68.2,52.0,0.0,1.0,1.0,63.93333333,1.0,1.0,0.0,35.33333333,50.66666667,70.0,70.0,100.0,2.0,80.0,60.0,0,False,False,False,False,False
2025-02-07 16:00:00,0.0,1.0,1.0,68.2,52.0,0.0,1.0,1.0,64.23333333,1.0,1.0,0.0,34.0,51.63333333,70.0,70.0,100.0,2.0,80.0,60.0,0,False,False,False,False,False
2025-02-07 16:15:00,0.0,1.0,1.0,68.2,52.0,0.0,1.0,1.0,64.5,1.0,1.0,0.0,31.66666667,52.7,70.0,70.03333333,100.0,2.0,80.0,60.0,0,False,False,False,False,False
2025-02-07 16:30:00,0.0,1.0,1.0,68.2,52.0,0.0,1.0,1.0,64.5,1.0,1.0,0.0,30.0,54.16666667,70.0,70.1,100.0,2.0,80.0,60.0,0,False,False,False,False,False
2025-02-07 16:45:00,0.0,1.0,1.0,68.2,52.0,0.0,1.0,1.0,64.5,1.0,1.0,0.0,30.0,55.23333333,70.0,70.1,100.0,2.0,80.0,60.0,0,False,False,False,False,False
2025-02-07 17:00:00,0.0,1.0,1.0,68.2,52.0,0.0,1.0,1.0,64.6,1.0,1.0,0.0,29.0,55.76666667,70.0,70.1,100.0,2.0,80.0,60.0,0,False,False,False,False,False
2025-02-07 17:15:00,0.0,1.0,1.0,68.2,52.0,0.0,1.0,1.0,65.0,1.0,1.0,0.0,29.66666667,54.66666667,70.0,70.1,100.0,2.0,80.0,60.0,0,False,False,False,False,False
2025-02-07 17:30:00,0.0,1.0,1.0,68.2,52.0,0.0,1.0,1.0,65.0,1.0,1.0,0.0,27.66666667,54.9,70.0,70.1,100.0,2.0,80.0,60.0,0,False,False,False,False,False
2025-02-07 17:45:00,0.0,1.0,1.0,68.2,52.0,0.0,1.0,1.0,64.8,1.0,1.0,0.0,27.0,55.53333333,70.0,70.1,100.0,2.0,80.0,60.0,0,False,False,False,False,False
2025-02-07 18:00:00,0.0,1.0,1.0,68.2,52.0,0.0,1.0,1.0,65.26666667,1.0,1.0,0.0,26.0,57.23333333,70.0,70.23333333,100.0,2.0,80.0,60.0,0,False,False,False,False,False
2025-02-07 18:15:00,0.0,1.0,1.0,68.2,52.0,0.0,1.0,1.0,65.76666667,1.0,1.0,0.0,24.33333333,57.5,70.0,70.6,100.0,2.0,80.0,60.0,0,False,False,False,False,False
2025-02-07 18:30:00,0.0,1.0,1.0,68.2,52.0,0.0,1.0,1.0,66.2,1.0,1.0,0.0,24.66666667,58.23333333,70.0,70.9,100.0,2.0,80.0,60.0,0,False,False,False,False,False
2025-02-07 18:45:00,0.0,1.0,1.0,68.2,52.0,0.0,1.0,1.0,66.3,1.0,1.0,0.0,24.0,59.3,70.0,71.2,100.0,2.0,80.0,60.0,0,False,False,False,False,False
2025-02-07 19:00:00,0.0,1.0,1.0,68.2,52.0,0.0,1.0,1.0,65.86666667,1.0,1.0,0.0,24.0,60.16666667,70.0,71.16666667,100.0,2.0,80.0,60.0,0,False,False,False,False,False
2025-02-07 19:15:00,0.0,1.0,1.0,68.2,52.0,0.0,1.0,1.0,65.8,1.0,1.0,0.0,24.0,60.13333333,70.0,70.66666667,100.0,2.0,80.0,60.0,0,False,False,False,False,False
2025-02-07 19:30:00,0.0,1.0,1.0,68.2,52.0,0.0,1.0,1.0,65.6,1.0,1.0,0.0,24.0,59.26666667,70.0,70.53333333,100.0,2.0,80.0,60.0,0,False,False,False,False,False
2025-02-07 19:45:00,0.0,1.0,1.0,68.2,52.0,0.0,1.0,1.0,65.76666667,1.0,1.0,0.0,23.0,61.43333333,70.0,70.3,100.0,2.0,80.0,60.0,0,False,False,False,False,False
2025-02-07 20:00:00,0.0,1.0,1.0,68.2,52.0,0.0,1.0,1.0,65.53333333,1.0,1.0,0.0,22.33333333,61.03333333,70.0,70.1,100.0,2.0,80.0,60.0,0,False,False,False,False,False
2025-02-07 20:15:00,0.0,1.0,1.0,68.2,52.0,0.0,1.0,1.0,65.3,1.0,1.0,0.0,22.0,58.2,70.0,70.1,100.0,2.0,80.0,60.0,0,False,False,False,False,False
2025-02-07 20:30:00,0.0,1.0,1.0,68.2,52.0,0.0,1.0,1.0,65.16666667,1.0,1.0,0.0,23.66666667,55.8,70.0,70.03333333,100.0,2.0,80.0,60.0,0,False,False,False,False,False
2025-02-07 20:45:00,0.0,1.0,1.0,68.2,52.0,0.0,1.0,1.0,65.0,1.0,1.0,0.0,25.0,57.26666667,70.0,70.0,100.0,2.0,80.0,60.0,0,False,False,False,False,False
2025-02-07 21:00:00,0.0,1.0,1.0,68.2,52.0,0.0,1.0,1.0,65.0,1.0,1.0,0.0,25.0,57.7,70.0,69.93333333,100.0,2.0,80.0,60.0,0,False,False,False,False,False
2025-02-07 21:15:00,0.0,1.0,1.0,68.2,52.0,0.0,1.0,1.0,65.0,1.0,1.0,0.0,25.0,57.2,70.0,69.63333333,100.0,2.0,80.0,60.0,0,False,False,False,False,False
2025-02-07 21:30:00,0.0,1.0,1.0,68.2,52.0,0.0,1.0,1.0,65.0,1.0,1.0,0.0,24.33333333,56.73333333,70.0,69.4,100.0,2.0,80.0,60.0,0,False,False,False,False,False
2025-02-07 21:45:00,0.0,1.0,1.0,68.2,52.0,0.0,1.0,1.0,64.93333333,1.0,1.0,0.0,25.33333333,56.33333333,70.0,69.2,100.0,2.0,80.0,60.0,0,False,False,False,False,False
2025-02-07 22:00:00,0.0,1.0,1.0,68.2,52.0,0.0,1.0,1.0,64.8,1.0,1.0,0.0,26.0,55.83333333,70.0,69.2,100.0,2.0,80.0,60.0,0,False,False,False,False,False
2025-02-07 22:15:00,0.0,1.0,1.0,68.2,52.0,0.0,1.0,1.0,64.66666667,1.0,1.0,0.0,26.0,55.43333333,70.0,69.0,100.0,2.0,80.0,60.0,0,False,False,False,False,False
2025-02-07 22:30:00,0.0,1.0,1.0,68.2,52.0,0.0,1.0,1.0,64.6,1.0,1.0,0.0,26.0,55.6,70.0,68.96666667,100.0,2.0,80.0,60.0,0,False,False,False,False,False
2025-02-07 22:45:00,0.0,1.0,1.0,68.2,52.0,0.0,1.0,1.0,64.6,1.0,1.0,0.0,27.33333333,55.1,70.0,68.9,100.0,2.0,80.0,60.0,0,False,False,False,False,False
2025-02-07 23:00:00,0.0,1.0,1.0,68.2,52.0,0.0,1.0,1.0,64.6,1.0,1.0,0.0,28.0,55.1,70.0,68.9,100.0,2.0,80.0,60.0,0,False,False,False,False,False
2025-02-07 23:15:00,0.0,1.0,1.0,68.2,52.0,0.0,1.0,1.0,64.6,1.0,1.0,0.0,28.0,55.23333333,70.0,68.7,100.0,2.0,80.0,60.0,0,False,False,False,False,False
2025-02-07 23:30:00,0.0,1.0,1.0,68.2,52.0,0.0,1.0,1.0,64.6,1.0,1.0,0.0,28.0,54.86666667,70.0,68.66666667,100.0,2.0,80.0,60.0,0,False,False,False,False,False
2025-02-07 23:45:00,0.0,1.0,1.0,68.2,52.0,0.0,1.0,1.0,64.6,1.0,1.0,0.0,29.33333333,54.23333333,70.0,68.6,100.0,2.0,80.0,60.0,0,False,False,False,False,False
2025-02-08 00:00:00,0.0,1.0,1.0,68.2,52.0,0.0,1.0,1.0,64.6,1.0,1.0,0.0,31.0,54.23333333,70.0,68.6,100.0,2.0,80.0,60.0,0,False,False,False,False,False
2025-02-08 00:15:00,0.0,1.0,1.0,68.2,52.0,0.0,1.0,1.0,64.43333333,1.0,1.0,0.0,32.66666667,53.13333333,70.0,68.4,100.0,2.0,80.0,60.0,0,False,False,False,False,False
2025-02-08 00:30:00,0.0,1.0,1.0,68.2,52.0,0.0,1.0,1.0,64.3,1.0,1.0,0.0,34.66666667,52.96666667,70.0,68.4,100.0,2.0,80.0,60.0,0,False,False,False,False,False
2025-02-08 00:45:00,0.0,1.0,1.0,68.2,52.0,0.0,1.0,1.0,64.2,1.0,1.0,0.0,36.66666667,53.0,70.0,68.36666667,100.0,2.0,80.0,60.0,0,False,False,False,False,False
2025-02-08 01:00:00,0.0,1.0,1.0,68.2,52.0,0.0,1.0,1.0,64.2,1.0,1.0,0.0,38.66666667,52.73333333,70.0,68.3,100.0,2.0,80.0,60.0,0,False,False,False,False,False
2025-02-08 01:15:00,0.0,1.0,1.0,68.2,52.0,0.0,1.0,1.0,64.2,1.0,1.0,0.0,38.66666667,53.03333333,70.0,68.3,100.0,2.0,80.0,60.0,0,False,False,False,False,False
2025-02-08 01:30:00,0.0,1.0,1.0,68.2,52.0,0.0,1.0,1.0,64.13333333,1.0,1.0,0.0,38.66666667,53.06666667,70.0,68.3,100.0,2.0,80.0,60.0,0,False,False,False,False,False
2025-02-08 01:45:00,0.0,1.0,1.0,68.2,52.0,0.0,1.0,1.0,64.0,1.0,1.0,0.0,39.33333333,52.26666667,70.0,68.16666667,100.0,2.0,80.0,60.0,0,False,False,False,False,False
2025-02-08 02:00:00,0.0,1.0,1.0,68.2,52.0,0.0,1.0,1.0,63.8,1.0,1.0,0.0,40.66666667,51.7,70.0,67.9,100.0,2.0,80.0,60.0,0,False,False,False,False,False
2025-02-08 02:15:00,0.0,1.0,1.0,68.2,52.0,0.0,1.0,1.0,63.73333333,1.0,1.0,0.0,42.66666667,51.86666667,70.0,67.8,100.0,2.0,80.0,60.0,0,False,False,False,False,False
2025-02-08 02:30:00,0.0,1.0,1.0,68.2,52.0,0.0,1.0,1.0,63.7,1.0,1.0,0.0,42.0,51.63333333,70.0,67.8,100.0,2.0,80.0,60.0,0,False,False,False,False,False
2025-02-08 02:45:00,0.0,1.0,1.0,68.2,52.0,0.0,1.0,1.0,63.7,1.0,1.0,0.0,41.0,52.0,70.0,67.6,100.0,2.0,80.0,60.0,0,False,False,False,False,False
2025-02-08 03:00:00,0.0,1.0,1.0,68.2,52.0,0.0,1.0,1.0,63.7,1.0,1.0,0.0,41.33333333,51.73333333,70.0,67.6,100.0,2.0,80.0,60.0,0,False,False,False,False,False
2025-02-08 03:15:00,0.0,1.0,1.0,68.2,52.0,0.0,1.0,1.0,63.7,1.0,1.0,0.0,41.66666667,51.53333333,70.0,67.56666667,100.0,2.0,80.0,60.0,0,False,False,False,False,False
2025-02-08 03:30:00,0.0,1.0,1.0,68.2,52.0,0.0,1.0,1.0,64.96666667,1.0,1.0,0.0,40.66666667,51.96666667,70.0,69.66666667,100.0,2.0,80.0,60.0,0,False,False,False,False,False
2025-02-08 03:45:00,0.0,1.0,1.0,68.2,52.0,0.0,1.0,1.0,64.16666667,1.0,1.0,0.0,41.66666667,52.36666667,70.0,68.46666667,100.0,2.0,80.0,60.0,0,False,False,False,False,False
2025-02-08 04:00:00,0.0,1.0,1.0,68.2,52.0,0.0,1.0,1.0,63.76666667,1.0,1.0,0.0,42.0,52.03333333,70.0,67.96666667,100.0,2.0,80.0,60.0,0,False,False,False,False,False
2025-02-08 04:15:00,0.0,1.0,1.0,68.2,52.0,16.66666667,1.333333333,1.0,64.0,1.0,1.0,0.0,44.33333333,50.56666667,70.0,68.7,100.0,2.0,80.0,60.0,0,False,False,False,False,False
2025-02-08 04:30:00,0.0,1.0,1.0,68.2,52.0,0.0,1.0,1.0,64.0,1.0,1.0,0.0,48.66666667,51.2,70.0,69.2,100.0,2.0,80.0,60.0,0,False,False,False,False,False
2025-02-08 04:45:00,0.0,1.0,1.0,68.2,52.0,0.0,1.0,1.0,63.36666667,1.0,1.0,0.0,50.66666667,50.36666667,70.0,68.1,100.0,2.0,80.0,60.0,0,False,False,False,False,False
2025-02-08 05:00:00,0.0,1.0,1.0,65.46666667,52.0,0.0,1.0,1.0,63.36666667,1.333333333,1.333333333,0.0,53.66666667,49.16666667,70.0,67.9,100.0,2.0,80.0,60.0,0,False,False,False,False,False
2025-02-08 05:15:00,0.0,1.0,1.0,60.0,52.0,0.0,1.0,1.0,76.33333333,2.0,2.0,0.0,57.66666667,48.3,70.0,69.33333333,0.0,1.0,80.0,60.0,0,False,False,False,False,False
2025-02-08 05:30:00,0.0,1.0,1.0,60.0,52.0,0.0,1.0,1.0,76.53333333,2.0,2.0,0.0,51.0,46.43333333,70.0,68.56666667,0.0,1.0,80.0,60.0,0,False,False,False,False,False
2025-02-08 05:45:00,0.0,1.0,1.0,60.0,52.0,0.0,1.0,1.0,72.9,2.0,2.0,0.0,50.33333333,45.76666667,70.0,68.36666667,0.0,1.0,80.0,60.0,0,False,False,False,False,False
2025-02-08 06:00:00,0.0,1.0,1.0,60.0,52.0,0.0,1.0,1.0,69.2,2.0,2.0,0.0,51.66666667,45.33333333,70.0,68.3,0.0,1.0,80.0,60.0,0,False,False,False,False,False
2025-02-08 06:15:00,0.0,1.0,1.0,60.0,52.0,0.0,1.0,1.0,66.06666667,2.0,2.0,0.0,51.66666667,44.33333333,70.0,68.16666667,0.0,1.0,80.0,60.0,0,False,False,False,False,False
2025-02-08 06:30:00,0.0,1.0,1.0,60.0,52.0,0.0,1.0,1.0,63.03333333,2.0,2.0,0.0,55.33333333,43.66666667,70.0,68.1,0.0,1.0,80.0,60.0,0,False,False,False,False,False
2025-02-08 06:45:00,0.0,1.0,1.0,60.0,52.0,0.0,1.0,1.0,61.4,2.0,2.0,0.0,56.0,43.66666667,70.0,68.1,0.0,1.0,80.0,60.0,0,False,False,False,False,False
2025-02-08 07:00:00,0.0,1.0,1.0,60.0,52.0,0.0,1.0,1.0,59.9,2.0,2.0,0.0,56.0,43.6,70.0,67.96666667,0.0,1.0,80.0,60.0,0,False,False,False,False,False
2025-02-08 07:15:00,0.0,1.0,1.0,60.0,52.0,0.0,1.0,1.0,58.7,2.0,2.0,0.0,56.33333333,43.2,70.0,67.9,0.0,1.0,80.0,60.0,0,False,False,False,False,False
2025-02-08 07:30:00,0.0,1.0,1.0,60.0,52.0,0.0,1.0,1.0,57.6,2.0,2.0,0.0,57.5,43.1,70.0,67.9,0.0,1.0,80.0,60.0,0,False,False,False,False,False
2025-02-08 07:45:00,0.0,1.0,1.0,60.0,52.0,0.0,1.0,1.0,56.73333333,2.0,2.0,0.0,57.66666667,43.1,70.0,67.83333333,0.0,1.0,80.0,60.0,0,False,False,False,False,False
2025-02-08 08:00:00,0.0,1.0,1.0,60.0,52.0,0.0,1.0,1.0,56.13333333,2.0,2.0,0.0,56.66666667,43.13333333,70.0,67.8,0.0,1.0,80.0,60.0,0,False,False,False,False,False
2025-02-08 08:15:00,0.0,1.0,1.0,60.0,52.0,0.0,1.0,1.0,54.5,2.0,2.0,0.0,56.33333333,43.2,70.0,67.8,0.0,1.0,80.0,60.0,0,False,False,False,False,False
2025-02-08 08:30:00,0.0,1.0,1.0,60.0,52.0,0.0,1.0,1.0,51.63333333,2.0,2.0,0.0,56.66666667,43.2,70.0,67.6,0.0,1.0,80.0,60.0,0,False,False,False,False,False
2025-02-08 08:45:00,0.0,1.0,1.0,60.0,52.0,0.0,1.0,1.0,55.2,2.0,2.0,0.0,57.0,43.2,70.0,67.6,0.0,1.0,80.0,60.0,0,False,False,False,False,False
2025-02-08 09:00:00,0.0,1.0,1.0,60.0,52.0,0.0,1.0,1.0,56.36666667,2.0,2.0,0.0,56.0,43.2,70.0,67.6,0.0,1.0,80.0,60.0,0,False,False,False,False,False
2025-02-08 09:15:00,0.0,1.0,1.0,60.0,52.0,0.0,1.0,1.0,56.9,2.0,2.0,0.0,56.66666667,43.2,70.0,67.6,0.0,1.0,80.0,60.0,0,False,False,False,False,False
2025-02-08 09:30:00,0.0,1.0,1.0,60.0,52.0,0.0,1.0,1.0,56.83333333,2.0,2.0,0.0,57.33333333,43.23333333,70.0,67.6,0.0,1.0,80.0,60.0,0,False,False,False,False,False
2025-02-08 09:45:00,0.0,1.0,1.0,60.0,52.0,0.0,1.0,1.0,57.3,2.0,2.0,0.0,56.66666667,43.63333333,70.0,67.6,0.0,1.0,80.0,60.0,0,False,False,False,False,False
2025-02-08 10:00:00,0.0,1.0,1.0,60.0,52.0,0.0,1.0,1.0,57.8,2.0,2.0,0.0,54.33333333,43.76666667,70.0,67.5,0.0,1.0,80.0,60.0,0,False,False,False,False,False
2025-02-08 10:15:00,0.0,1.0,1.0,60.0,52.0,0.0,1.0,1.0,58.0,2.0,2.0,0.0,55.0,43.6,70.0,67.5,0.0,1.0,80.0,60.0,0,False,False,False,False,False
2025-02-08 10:30:00,0.0,1.0,1.0,60.0,52.0,0.0,1.0,1.0,58.33333333,2.0,2.0,0.0,55.0,43.6,70.0,67.5,0.0,1.0,80.0,60.0,0,False,False,False,False,False
2025-02-08 10:45:00,0.0,1.0,1.0,60.0,52.0,0.0,1.0,1.0,58.3,2.0,2.0,0.0,55.66666667,43.63333333,70.0,67.5,0.0,1.0,80.0,60.0,0,False,False,False,False,False
2025-02-08 11:00:00,0.0,1.0,1.0,60.0,52.0,0.0,1.0,1.0,58.56666667,2.0,2.0,0.0,55.66666667,44.03333333,70.0,67.5,0.0,1.0,80.0,60.0,0,False,False,False,False,False
2025-02-08 11:15:00,0.0,1.0,1.0,60.0,52.0,0.0,1.0,1.0,59.1,2.0,2.0,0.0,55.0,44.26666667,70.0,67.5,0.0,1.0,80.0,60.0,0,False,False,False,False,False
2025-02-08 11:30:00,0.0,1.0,1.0,60.0,52.0,0.0,1.0,1.0,59.13333333,2.0,2.0,0.0,54.66666667,44.4,70.0,67.5,0.0,1.0,80.0,60.0,0,False,False,False,False,False
2025-02-08 11:45:00,0.0,1.0,1.0,60.0,52.0,0.0,1.0,1.0,59.46666667,2.0,2.0,0.0,54.0,44.43333333,70.0,67.5,0.0,1.0,80.0,60.0,0,False,False,False,False,False
2025-02-08 12:00:00,0.0,1.0,1.0,60.0,52.0,0.0,1.0,1.0,59.5,2.0,2.0,0.0,55.0,44.16666667,70.0,67.5,0.0,1.0,80.0,60.0,0,False,False,False,False,False
2025-02-08 12:15:00,0.0,1.0,1.0,60.0,52.0,0.0,1.0,1.0,59.5,2.0,2.0,0.0,55.0,44.16666667,70.0,67.36666667,0.0,1.0,80.0,60.0,0,False,False,False,False,False
2025-02-08 12:30:00,0.0,1.0,1.0,60.0,52.0,0.0,1.0,1.0,59.7,2.0,2.0,0.0,55.33333333,44.4,70.0,67.3,0.0,1.0,80.0,60.0,0,False,False,False,False,False
2025-02-08 12:45:00,0.0,1.0,1.0,60.0,52.0,0.0,1.0,1.0,59.5,1.666666667,2.0,0.0,55.0,44.53333333,70.0,67.3,0.0,1.0,80.0,60.0,0,False,False,False,False,False
2025-02-08 13:00:00,0.0,1.0,1.0,68.2,52.0,16.66666667,1.333333333,1.0,63.86666667,1.0,1.0,0.0,55.0,47.63333333,70.0,69.53333333,100.0,2.0,80.0,60.0,0,False,False,False,False,False
2025-02-08 13:15:00,0.0,1.0,1.0,68.2,52.0,0.0,1.0,1.0,63.36666667,1.0,1.0,0.0,60.0,49.53333333,70.0,68.56666667,100.0,2.0,80.0,60.0,0,False,False,False,False,False
2025-02-08 13:30:00,0.0,1.0,1.0,68.2,52.0,0.0,1.0,1.0,63.56666667,1.0,1.0,0.0,61.0,50.73333333,70.0,69.4,100.0,2.0,80.0,60.0,0,False,False,False,False,False
2025-02-08 13:45:00,0.0,1.0,1.0,68.2,52.0,16.66666667,1.333333333,1.0,63.56666667,1.0,1.0,0.0,62.66666667,50.13333333,70.0,68.9,100.0,2.0,80.0,60.0,0,False,False,False,False,False
2025-02-08 14:00:00,0.0,1.0,1.0,68.2,52.0,0.0,1.0,1.0,63.2,1.0,1.0,0.0,62.33333333,51.13333333,70.0,68.3,100.0,2.0,80.0,60.0,0,False,False,False,False,False
2025-02-08 14:15:00,0.0,1.0,1.0,68.2,52.0,16.66666667,1.333333333,1.0,63.8,1.0,1.0,0.0,63.0,50.93333333,70.0,69.06666667,100.0,2.0,80.0,60.0,0,False,False,False,False,False
2025-02-08 14:30:00,0.0,1.0,1.0,68.2,52.0,0.0,1.0,1.0,63.2,1.0,1.0,0.0,62.66666667,51.8,70.0,68.23333333,100.0,2.0,80.0,60.0,0,False,False,False,False,False
2025-02-08 14:45:00,0.0,1.0,1.0,68.2,52.0,0.0,1.0,1.0,62.76666667,1.0,1.0,0.0,66.0,49.2,70.0,67.43333333,100.0,2.0,80.0,60.0,0,False,False,False,False,False
2025-02-08 15:00:00,0.0,1.0,1.0,68.2,52.0,16.66666667,1.333333333,1.0,63.36666667,1.0,1.0,0.0,66.33333333,49.56666667,70.0,68.26666667,100.0,2.0,80.0,60.0,0,False,False,False,False,False
2025-02-08 15:15:00,0.0,1.0,1.0,68.2,52.0,0.0,1.0,1.0,63.2,1.0,1.0,0.0,69.33333333,49.13333333,70.0,68.13333333,100.0,2.0,80.0,60.0,0,False,False,False,False,False
2025-02-08 15:30:00,0.0,1.0,1.0,68.2,52.0,16.66666667,1.333333333,1.0,62.76666667,1.0,1.0,0.0,71.33333333,48.0,70.0,67.2,100.0,2.0,80.0,60.0,0,False,False,False,False,False
2025-02-08 15:45:00,0.0,1.0,1.0,68.2,52.0,0.0,1.0,1.0,63.86666667,1.0,1.0,0.0,72.0,48.6,70.0,69.53333333,100.0,2.0,80.0,60.0,1,False,False,False,False,False
2025-02-08 16:00:00,0.0,1.0,1.0,68.2,52.0,0.0,1.0,1.0,63.03333333,1.0,1.0,0.0,73.0,48.9,70.0,67.6,100.0,2.0,80.0,60.0,0,False,False,False,False,False
2025-02-08 16:15:00,0.0,1.0,1.0,68.2,52.0,16.66666667,1.333333333,1.0,63.3,1.0,1.0,0.0,73.0,48.96666667,70.0,68.13333333,100.0,2.0,80.0,60.0,0,False,False,False,False,False
2025-02-08 16:30:00,0.0,1.0,1.0,68.2,52.0,0.0,1.0,1.0,63.73333333,1.0,1.0,0.0,73.33333333,50.7,70.0,68.66666667,100.0,2.0,80.0,60.0,0,False,False,False,False,False
2025-02-08 16:45:00,0.0,1.0,1.0,68.2,52.0,0.0,1.0,1.0,63.4,1.0,1.0,0.0,73.0,50.76666667,70.0,67.33333333,100.0,2.0,80.0,60.0,0,False,False,False,False,False
2025-02-08 17:00:00,0.0,1.0,1.0,68.2,52.0,16.66666667,1.333333333,1.0,64.36666667,1.0,1.0,0.0,72.66666667,53.73333333,70.0,68.73333333,100.0,2.0,80.0,60.0,0,False,False,False,False,False
2025-02-08 17:15:00,0.0,1.0,1.0,68.2,52.0,0.0,1.0,1.0,64.16666667,1.0,1.0,0.0,70.0,56.03333333,70.0,68.26666667,100.0,2.0,80.0,60.0,0,False,False,False,False,False
2025-02-08 17:30:00,0.0,1.0,1.0,68.2,52.0,0.0,1.0,1.0,64.06666667,1.0,1.0,0.0,70.33333333,57.16666667,70.0,67.66666667,100.0,2.0,80.0,60.0,0,False,False,False,False,False
2025-02-08 17:45:00,0.0,1.0,1.0,68.2,52.0,0.0,1.0,1.0,64.2,1.0,1.0,0.0,67.66666667,58.63333333,70.0,67.6,100.0,2.0,80.0,60.0,0,False,False,False,False,False
2025-02-08 18:00:00,0.0,1.0,1.0,68.2,52.0,0.0,1.0,1.0,64.93333333,1.0,1.0,0.0,67.0,59.56666667,70.0,68.46666667,100.0,2.0,80.0,60.0,0,False,False,False,False,False
2025-02-08 18:15:00,0.0,1.0,1.0,68.2,52.0,0.0,1.0,1.0,64.9,1.0,1.0,0.0,67.66666667,59.56666667,70.0,68.8,100.0,2.0,80.0,60.0,0,False,False,False,False,False
2025-02-08 18:30:00,0.0,1.0,1.0,68.2,52.0,0.0,1.0,1.0,64.6,1.0,1.0,0.0,69.66666667,58.6,70.0,67.93333333,100.0,2.0,80.0,60.0,0,False,False,False,False,False
2025-02-08 18:45:00,0.0,1.0,1.0,68.2,52.0,0.0,1.0,1.0,65.1,1.0,1.0,0.0,70.0,59.1,70.0,68.36666667,100.0,2.0,80.0,60.0,0,False,False,False,False,False
2025-02-08 19:00:00,0.0,1.0,1.0,68.2,52.0,0.0,1.0,1.0,65.3,1.0,1.0,0.0,69.66666667,61.36666667,70.0,69.36666667,100.0,2.0,80.0,60.0,0,False,False,False,False,False
2025-02-08 19:15:00,0.0,1.0,1.0,68.2,52.0,0.0,1.0,1.0,64.66666667,1.0,1.0,0.0,72.0,59.63333333,70.0,68.1,100.0,2.0,80.0,60.0,0,False,False,False,False,False
2025-02-08 19:30:00,0.0,1.0,1.0,68.2,52.0,0.0,1.0,1.0,64.6,1.0,1.0,0.0,73.0,60.63333333,70.0,67.83333333,100.0,2.0,80.0,60.0,0,False,False,False,False,False
2025-02-08 19:45:00,0.0,1.0,1.0,68.2,52.0,16.66666667,1.333333333,1.0,66.06666667,1.0,1.0,0.0,73.0,62.8,70.0,69.36666667,100.0,2.0,80.0,60.0,0,False,False,False,False,False
2025-02-08 20:00:00,0.0,1.0,1.0,68.2,52.0,0.0,1.0,1.0,65.83333333,1.0,1.0,0.0,73.0,64.6,70.0,68.7,100.0,2.0,80.0,60.0,0,False,False,False,False,False
2025-02-08 20:15:00,0.0,1.0,1.0,68.2,52.0,0.0,1.0,1.0,65.6,1.0,1.0,0.0,73.33333333,64.6,70.0,68.33333333,100.0,2.0,80.0,60.0,0,False,False,False,False,False
2025-02-08 20:30:00,0.0,1.0,1.0,68.2,52.0,0.0,1.0,1.0,65.6,1.0,1.0,0.0,74.66666667,64.6,70.0,68.1,100.0,2.0,80.0,60.0,0,False,False,False,False,False
2025-02-08 20:45:00,0.0,1.0,1.0,68.2,52.0,0.0,1.0,1.0,65.6,1.0,1.0,0.0,75.0,64.6,70.0,68.1,100.0,2.0,80.0,60.0,0,False,False,False,False,False
2025-02-08 21:00:00,0.0,1.0,1.0,68.2,52.0,0.0,1.0,1.0,65.66666667,1.0,1.0,0.0,75.0,64.23333333,70.0,67.96666667,100.0,2.0,80.0,60.0,0,False,False,False,False,False
2025-02-08 21:15:00,0.0,1.0,1.0,68.2,52.0,0.0,1.0,1.0,65.33333333,1.0,1.0,0.0,73.66666667,61.5,70.0,67.9,100.0,2.0,80.0,60.0,0,False,False,False,False,False
2025-02-08 21:30:00,0.0,1.0,1.0,60.0,52.0,0.0,1.0,1.0,65.6,2.0,2.0,0.0,74.66666667,63.13333333,70.0,67.9,0.0,1.0,80.0,60.0,0,False,False,False,False,False
2025-02-08 21:45:00,0.0,1.0,1.0,60.0,52.0,0.0,1.0,1.0,65.6,2.0,2.0,0.0,72.33333333,63.53333333,70.0,67.9,0.0,1.0,80.0,60.0,0,False,False,False,False,False
2025-02-08 22:00:00,0.0,1.0,1.0,60.0,52.0,0.0,1.0,1.0,65.6,2.0,2.0,0.0,71.66666667,63.9,70.0,67.9,0.0,1.0,80.0,60.0,1,False,False,False,False,False
2025-02-08 22:15:00,0.0,1.0,1.0,60.0,52.0,0.0,1.0,1.0,65.6,2.0,2.0,0.0,68.66666667,63.13333333,70.0,67.96666667,0.0,1.0,80.0,60.0,1,False,False,False,False,False
2025-02-08 22:30:00,0.0,1.0,1.0,60.0,52.0,0.0,1.0,1.0,65.26666667,2.0,2.0,0.0,65.33333333,59.23333333,70.0,68.1,0.0,1.0,80.0,60.0,1,False,False,False,False,False
2025-02-08 22:45:00,0.0,1.0,1.0,60.0,52.0,0.0,1.0,1.0,64.8,2.0,2.0,0.0,64.66666667,58.9,70.0,68.1,0.0,1.0,80.0,60.0,1,False,False,False,False,False
2025-02-08 23:00:00,0.0,1.0,1.0,60.0,52.0,0.0,1.0,1.0,64.36666667,2.0,2.0,0.0,63.66666667,58.53333333,70.0,68.1,0.0,1.0,80.0,60.0,1,False,False,False,False,False
2025-02-08 23:15:00,0.0,1.0,1.0,60.0,52.0,0.0,1.0,1.0,64.13333333,2.0,2.0,0.0,64.0,57.1,70.0,68.1,0.0,1.0,80.0,60.0,1,False,False,False,False,False
2025-02-08 23:30:00,0.0,1.0,1.0,60.0,52.0,0.0,1.0,1.0,63.76666667,2.0,2.0,0.0,64.0,56.16666667,70.0,68.1,0.0,1.0,80.0,60.0,1,False,False,False,False,False
2025-02-08 23:45:00,0.0,1.0,1.0,60.0,52.0,0.0,1.0,1.0,63.33333333,2.0,2.0,0.0,63.33333333,55.76666667,70.0,68.1,0.0,1.0,80.0,60.0,1,False,False,False,False,False
2025-02-09 00:00:00,0.0,1.0,1.0,60.0,52.0,0.0,1.0,1.0,63.0,2.0,2.0,0.0,62.0,53.93333333,70.0,68.1,0.0,1.0,80.0,60.0,1,False,False,False,False,False
2025-02-09 00:15:00,0.0,1.0,1.0,60.0,52.0,0.0,1.0,1.0,62.83333333,2.0,2.0,0.0,63.0,53.36666667,70.0,68.1,0.0,1.0,80.0,60.0,0,False,False,False,False,False
2025-02-09 00:30:00,0.0,1.0,1.0,60.0,52.0,0.0,1.0,1.0,62.66666667,2.0,2.0,0.0,63.33333333,52.6,70.0,68.1,0.0,1.0,80.0,60.0,0,False,False,False,False,False
2025-02-09 00:45:00,0.0,1.0,1.0,60.0,52.0,0.0,1.0,1.0,62.4,2.0,2.0,0.0,63.33333333,51.53333333,70.0,68.1,0.0,1.0,80.0,60.0,0,False,False,False,False,False
2025-02-09 01:00:00,0.0,1.0,1.0,60.0,52.0,0.0,1.0,1.0,62.16666667,2.0,2.0,0.0,63.0,50.66666667,70.0,68.1,0.0,1.0,80.0,60.0,0,False,False,False,False,False
2025-02-09 01:15:00,0.0,1.0,1.0,60.0,52.0,0.0,1.0,1.0,61.66666667,2.0,2.0,0.0,63.0,50.33333333,70.0,68.1,0.0,1.0,80.0,60.0,0,False,False,False,False,False
2025-02-09 01:30:00,0.0,1.0,1.0,60.0,52.0,0.0,1.0,1.0,61.23333333,2.0,2.0,0.0,63.0,49.83333333,70.0,68.1,0.0,1.0,80.0,60.0,0,False,False,False,False,False
2025-02-09 01:45:00,0.0,1.0,1.0,60.0,52.0,0.0,1.0,1.0,61.1,2.0,2.0,0.0,63.0,49.23333333,70.0,67.96666667,0.0,1.0,80.0,60.0,0,False,False,False,False,False
2025-02-09 02:00:00,0.0,1.0,1.0,60.0,52.0,0.0,1.0,1.0,60.9,2.0,2.0,0.0,63.0,48.7,70.0,67.9,0.0,1.0,80.0,60.0,0,False,False,False,False,False
2025-02-09 02:15:00,0.0,1.0,1.0,60.0,52.0,0.0,1.0,1.0,60.73333333,2.0,2.0,0.0,62.66666667,48.0,70.0,67.9,0.0,1.0,80.0,60.0,0,False,False,False,False,False
2025-02-09 02:30:00,0.0,1.0,1.0,60.0,52.0,0.0,1.0,1.0,60.7,2.0,2.0,0.0,63.0,47.1,70.0,67.86666667,0.0,1.0,80.0,60.0,0,False,False,False,False,False
2025-02-09 02:45:00,0.0,1.0,1.0,60.0,52.0,0.0,1.0,1.0,60.63333333,2.0,2.0,0.0,63.0,46.13333333,70.0,67.8,0.0,1.0,80.0,60.0,0,False,False,False,False,False
2025-02-09 03:00:00,0.0,1.0,1.0,60.0,52.0,0.0,1.0,1.0,60.33333333,2.0,2.0,0.0,63.0,45.03333333,70.0,67.8,0.0,1.0,80.0,60.0,0,False,False,False,False,False
2025-02-09 03:15:00,0.0,1.0,1.0,60.0,52.0,0.0,1.0,1.0,60.03333333,2.0,2.0,0.0,63.33333333,44.43333333,70.0,67.8,0.0,1.0,80.0,60.0,0,False,False,False,False,False
2025-02-09 03:30:00,0.0,1.0,1.0,60.0,52.0,0.0,1.0,1.0,59.5,2.0,2.0,0.0,63.33333333,44.26666667,70.0,67.8,0.0,1.0,80.0,60.0,0,False,False,False,False,False
2025-02-09 03:45:00,0.0,1.0,1.0,60.0,52.0,0.0,1.0,1.0,58.8,2.0,2.0,0.0,64.0,44.1,70.0,67.8,0.0,1.0,80.0,60.0,0,False,False,False,False,False
2025-02-09 04:00:00,0.0,1.0,1.0,60.0,52.0,0.0,1.0,1.0,58.33333333,2.0,2.0,0.0,63.0,44.1,70.0,67.8,0.0,1.0,80.0,60.0,0,False,False,False,False,False
2025-02-09 04:15:00,0.0,1.0,1.0,60.0,52.0,0.0,1.0,1.0,58.23333333,2.0,2.0,0.0,62.33333333,43.96666667,70.0,67.8,0.0,1.0,80.0,60.0,0,False,False,False,False,False
2025-02-09 04:30:00,0.0,1.0,1.0,60.0,52.0,0.0,1.0,1.0,58.0,2.0,2.0,0.0,62.66666667,43.83333333,70.0,67.6,0.0,1.0,80.0,60.0,0,False,False,False,False,False
2025-02-09 04:45:00,0.0,1.0,1.0,60.0,52.0,0.0,1.0,1.0,57.8,2.0,2.0,0.0,62.0,43.53333333,70.0,67.6,0.0,1.0,80.0,60.0,0,False,False,False,False,False
2025-02-09 05:00:00,0.0,1.0,1.0,60.0,52.0,0.0,1.0,1.0,58.1,2.0,2.0,0.0,62.33333333,42.96666667,70.0,67.6,0.0,1.0,80.0,60.0,0,False,False,False,False,False
2025-02-09 05:15:00,0.0,1.0,1.0,60.0,52.0,0.0,1.0,1.0,58.9,2.0,2.0,0.0,63.0,42.6,70.0,67.6,0.0,1.0,80.0,60.0,0,False,False,False,False,False
2025-02-09 05:30:00,0.0,1.0,1.0,60.0,52.0,0.0,1.0,1.0,59.1,2.0,2.0,0.0,62.33333333,42.33333333,70.0,67.6,0.0,1.0,80.0,60.0,0,False,False,False,False,False
2025-02-09 05:45:00,0.0,1.0,1.0,60.0,52.0,0.0,1.0,1.0,59.16666667,2.0,2.0,0.0,62.66666667,42.1,70.0,67.53333333,0.0,1.0,80.0,60.0,0,False,False,False,False,False
2025-02-09 06:00:00,0.0,1.0,1.0,60.0,52.0,0.0,1.0,1.0,59.2,2.0,2.0,0.0,62.0,42.1,70.0,67.5,0.0,1.0,80.0,60.0,0,False,False,False,False,False
2025-02-09 06:15:00,0.0,1.0,1.0,60.0,52.0,0.0,1.0,1.0,58.9,2.0,2.0,0.0,62.66666667,42.1,70.0,67.5,0.0,1.0,80.0,60.0,0,False,False,False,False,False
2025-02-09 06:30:00,0.0,1.0,1.0,60.0,52.0,0.0,1.0,1.0,58.9,2.0,2.0,0.0,61.0,42.03333333,70.0,67.5,0.0,1.0,80.0,60.0,0,False,False,False,False,False
2025-02-09 06:45:00,0.0,1.0,1.0,60.0,52.0,0.0,1.0,1.0,58.9,2.0,2.0,0.0,61.66666667,41.83333333,70.0,67.5,0.0,1.0,80.0,60.0,0,False,False,False,False,False
2025-02-09 07:00:00,0.0,1.0,1.0,60.0,52.0,0.0,1.0,1.0,58.66666667,2.0,2.0,0.0,61.33333333,41.7,70.0,67.5,0.0,1.0,80.0,60.0,0,False,False,False,False,False
2025-02-09 07:15:00,0.0,1.0,1.0,60.0,52.0,0.0,1.0,1.0,58.6,2.0,2.0,0.0,62.33333333,41.53333333,70.0,67.5,0.0,1.0,80.0,60.0,0,False,False,False,False,False
2025-02-09 07:30:00,0.0,1.0,1.0,60.0,52.0,0.0,1.0,1.0,58.3,2.0,2.0,0.0,62.33333333,41.4,70.0,67.3,0.0,1.0,80.0,60.0,0,False,False,False,False,False
2025-02-09 07:45:00,0.0,1.0,1.0,60.0,52.0,0.0,1.0,1.0,57.96666667,2.0,2.0,0.0,61.0,41.4,70.0,67.3,0.0,1.0,80.0,60.0,0,False,False,False,False,False
2025-02-09 08:00:00,0.0,1.0,1.0,60.0,52.0,0.0,1.0,1.0,57.8,2.0,2.0,0.0,60.66666667,41.4,70.0,67.3,0.0,1.0,80.0,60.0,0,False,False,False,False,False
2025-02-09 08:15:00,0.0,1.0,1.0,60.0,52.0,0.0,1.0,1.0,57.53333333,2.0,2.0,0.0,61.66666667,41.4,70.0,67.3,0.0,1.0,80.0,60.0,0,False,False,False,False,False
2025-02-09 08:30:00,0.0,1.0,1.0,60.0,52.0,0.0,1.0,1.0,57.26666667,2.0,2.0,0.0,61.66666667,41.53333333,70.0,67.3,0.0,1.0,80.0,60.0,0,False,False,False,False,False
2025-02-09 08:45:00,0.0,1.0,1.0,60.0,52.0,0.0,1.0,1.0,57.2,2.0,2.0,0.0,60.0,41.6,70.0,67.3,0.0,1.0,80.0,60.0,0,False,False,False,False,False
2025-02-09 09:00:00,0.0,1.0,1.0,60.0,52.0,0.0,1.0,1.0,57.53333333,2.0,2.0,0.0,60.0,41.6,70.0,67.2,0.0,1.0,80.0,60.0,0,False,False,False,False,False
2025-02-09 09:15:00,0.0,1.0,1.0,60.0,52.0,0.0,1.0,1.0,57.53333333,2.0,2.0,0.0,61.33333333,41.33333333,70.0,67.2,0.0,1.0,80.0,60.0,0,False,False,False,False,False
2025-02-09 09:30:00,0.0,1.0,1.0,60.0,52.0,0.0,1.0,1.0,57.3,2.0,2.0,0.0,62.0,41.2,70.0,67.2,0.0,1.0,80.0,60.0,0,False,False,False,False,False
2025-02-09 09:45:00,0.0,1.0,1.0,60.0,52.0,0.0,1.0,1.0,57.1,2.0,2.0,0.0,61.0,41.2,70.0,67.2,0.0,1.0,80.0,60.0,0,False,False,False,False,False
2025-02-09 10:00:00,0.0,1.0,1.0,60.0,52.0,0.0,1.0,1.0,56.9,2.0,2.0,0.0,60.66666667,41.33333333,70.0,67.2,0.0,1.0,80.0,60.0,0,False,False,False,False,False
2025-02-09 10:15:00,0.0,1.0,1.0,60.0,52.0,0.0,1.0,1.0,56.9,2.0,2.0,0.0,60.33333333,41.4,70.0,67.2,0.0,1.0,80.0,60.0,0,False,False,False,False,False
2025-02-09 10:30:00,0.0,1.0,1.0,60.0,52.0,0.0,1.0,1.0,56.9,2.0,2.0,0.0,59.33333333,41.4,70.0,67.2,0.0,1.0,80.0,60.0,0,False,False,False,False,False
2025-02-09 10:45:00,0.0,1.0,1.0,60.0,52.0,0.0,1.0,1.0,56.9,2.0,2.0,0.0,60.66666667,41.4,70.0,67.06666667,0.0,1.0,80.0,60.0,0,False,False,False,False,False
2025-02-09 11:00:00,0.0,1.0,1.0,60.0,52.0,0.0,1.0,1.0,56.9,2.0,2.0,0.0,59.66666667,41.26666667,70.0,67.0,0.0,1.0,80.0,60.0,0,False,False,False,False,False
2025-02-09 11:15:00,0.0,1.0,1.0,60.0,52.0,0.0,1.0,1.0,56.9,2.0,2.0,0.0,59.0,41.2,70.0,67.0,0.0,1.0,80.0,60.0,0,False,False,False,False,False
2025-02-09 11:30:00,0.0,1.0,1.0,60.0,52.0,0.0,1.0,1.0,56.9,2.0,2.0,0.0,59.66666667,41.06666667,70.0,67.0,0.0,1.0,80.0,60.0,0,False,False,False,False,False
2025-02-09 11:45:00,0.0,1.0,1.0,60.0,52.0,0.0,1.0,1.0,57.1,2.0,2.0,0.0,60.33333333,40.9,70.0,67.0,0.0,1.0,80.0,60.0,0,False,False,False,False,False
2025-02-09 12:00:00,0.0,1.0,1.0,60.0,52.0,0.0,1.0,1.0,56.83333333,2.0,2.0,0.0,61.33333333,40.96666667,70.0,67.0,0.0,1.0,80.0,60.0,0,False,False,False,False,False
2025-02-09 12:15:00,0.0,1.0,1.0,60.0,52.0,0.0,1.0,1.0,56.7,2.0,2.0,0.0,59.66666667,41.16666667,70.0,67.0,0.0,1.0,80.0,60.0,0,False,False,False,False,False
2025-02-09 12:30:00,0.0,1.0,1.0,60.0,52.0,0.0,1.0,1.0,57.23333333,2.0,2.0,0.0,59.0,41.13333333,70.0,67.0,0.0,1.0,80.0,60.0,0,False,False,False,False,False
2025-02-09 12:45:00,0.0,1.0,1.0,60.0,52.0,0.0,1.0,1.0,57.6,2.0,2.0,0.0,60.0,41.2,70.0,67.0,0.0,1.0,80.0,60.0,0,False,False,False,False,False
2025-02-09 13:00:00,0.0,1.0,1.0,60.0,52.0,0.0,1.0,1.0,57.83333333,2.0,2.0,0.0,60.66666667,41.2,70.0,67.0,0.0,1.0,80.0,60.0,0,False,False,False,False,False
2025-02-09 13:15:00,0.0,1.0,1.0,60.0,52.0,0.0,1.0,1.0,57.96666667,2.0,2.0,0.0,59.33333333,41.16666667,70.0,67.0,0.0,1.0,80.0,60.0,0,False,False,False,False,False
2025-02-09 13:30:00,0.0,1.0,1.0,60.0,52.0,0.0,1.0,1.0,58.16666667,2.0,2.0,0.0,60.33333333,41.3,70.0,67.0,0.0,1.0,80.0,60.0,0,False,False,False,False,False
2025-02-09 13:45:00,0.0,1.0,1.0,60.0,52.0,0.0,1.0,1.0,58.33333333,2.0,2.0,0.0,59.66666667,41.9,70.0,66.8,0.0,1.0,80.0,60.0,0,False,False,False,False,False
2025-02-09 14:00:00,0.0,1.0,1.0,60.0,52.0,0.0,1.0,1.0,58.4,2.0,2.0,0.0,58.33333333,42.33333333,70.0,66.8,0.0,1.0,80.0,60.0,0,False,False,False,False,False
2025-02-09 14:15:00,0.0,1.0,1.0,60.0,52.0,0.0,1.0,1.0,58.63333333,2.0,2.0,0.0,59.0,43.3,70.0,66.8,0.0,1.0,80.0,60.0,0,False,False,False,False,False
2025-02-09 14:30:00,0.0,1.0,1.0,60.0,52.0,0.0,1.0,1.0,58.96666667,2.0,2.0,0.0,56.66666667,44.06666667,70.0,66.8,0.0,1.0,80.0,60.0,0,False,False,False,False,False
2025-02-09 14:45:00,0.0,1.0,1.0,60.0,52.0,0.0,1.0,1.0,59.1,2.0,2.0,0.0,56.0,44.33333333,70.0,66.8,0.0,1.0,80.0,60.0,0,False,False,False,False,False
2025-02-09 15:00:00,0.0,1.0,1.0,60.0,52.0,0.0,1.0,1.0,59.1,2.0,2.0,0.0,56.33333333,44.2,70.0,66.8,0.0,1.0,80.0,60.0,0,False,False,False,False,False
2025-02-09 15:15:00,0.0,1.0,1.0,60.0,52.0,0.0,1.0,1.0,59.1,2.0,2.0,0.0,56.0,45.13333333,70.0,66.8,0.0,1.0,80.0,60.0,0,False,False,False,False,False
2025-02-09 15:30:00,0.0,1.0,1.0,60.0,52.0,0.0,1.0,1.0,59.23333333,2.0,2.0,0.0,55.33333333,46.26666667,70.0,66.8,0.0,1.0,80.0,60.0,0,False,False,False,False,False
2025-02-09 15:45:00,0.0,1.0,1.0,60.0,52.0,0.0,1.0,1.0,59.56666667,2.0,2.0,0.0,54.33333333,46.16666667,70.0,66.8,0.0,1.0,80.0,60.0,0,False,False,False,False,False
2025-02-09 16:00:00,0.0,1.0,1.0,60.0,52.0,0.0,1.0,1.0,59.76666667,2.0,2.0,0.0,55.66666667,46.76666667,70.0,66.8,0.0,1.0,80.0,60.0,0,False,False,False,False,False
2025-02-09 16:15:00,0.0,1.0,1.0,60.0,52.0,0.0,1.0,1.0,60.13333333,2.0,2.0,0.0,52.0,47.86666667,70.0,66.8,0.0,1.0,80.0,60.0,0,False,False,False,False,False
2025-02-09 16:30:00,0.0,1.0,1.0,60.0,52.0,0.0,1.0,1.0,60.23333333,2.0,2.0,0.0,53.0,48.63333333,70.0,66.8,0.0,1.0,80.0,60.0,0,False,False,False,False,False
2025-02-09 16:45:00,0.0,1.0,1.0,60.0,52.0,0.0,1.0,1.0,60.3,2.0,2.0,0.0,52.0,47.73333333,70.0,66.8,0.0,1.0,80.0,60.0,0,False,False,False,False,False
2025-02-09 17:00:00,0.0,1.0,1.0,60.0,52.0,0.0,1.0,1.0,60.3,2.0,2.0,0.0,52.33333333,47.86666667,70.0,66.8,0.0,1.0,80.0,60.0,0,False,False,False,False,False
2025-02-09 17:15:00,0.0,1.0,1.0,60.0,52.0,0.0,1.0,1.0,60.3,2.0,2.0,0.0,51.33333333,48.46666667,70.0,66.8,0.0,1.0,80.0,60.0,0,False,False,False,False,False
2025-02-09 17:30:00,0.0,1.0,1.0,60.0,52.0,0.0,1.0,1.0,60.3,2.0,2.0,0.0,50.66666667,47.0,70.0,66.8,0.0,1.0,80.0,60.0,0,False,False,False,False,False
2025-02-09 17:45:00,0.0,1.0,1.0,60.0,52.0,0.0,1.0,1.0,60.3,2.0,2.0,0.0,51.66666667,47.46666667,70.0,66.8,0.0,1.0,80.0,60.0,0,False,False,False,False,False
2025-02-09 18:00:00,0.0,1.0,1.0,60.0,52.0,0.0,1.0,1.0,60.53333333,2.0,2.0,0.0,49.66666667,49.06666667,70.0,66.8,0.0,1.0,80.0,60.0,0,False,False,False,False,False
2025-02-09 18:15:00,0.0,1.0,1.0,60.0,52.0,0.0,1.0,1.0,60.8,2.0,2.0,0.0,50.33333333,49.16666667,70.0,66.8,0.0,1.0,80.0,60.0,0,False,False,False,False,False
2025-02-09 18:30:00,0.0,1.0,1.0,60.0,52.0,0.0,1.0,1.0,61.0,2.0,2.0,0.0,49.66666667,48.96666667,70.0,66.8,0.0,1.0,80.0,60.0,0,False,False,False,False,False
2025-02-09 18:45:00,0.0,1.0,1.0,60.0,52.0,0.0,1.0,1.0,61.0,2.0,2.0,0.0,49.0,48.83333333,70.0,66.8,0.0,1.0,80.0,60.0,0,False,False,False,False,False
2025-02-09 19:00:00,0.0,1.0,1.0,60.0,52.0,0.0,1.0,1.0,60.76666667,2.0,2.0,0.0,49.66666667,47.76666667,70.0,66.8,0.0,1.0,80.0,60.0,0,False,False,False,False,False
2025-02-09 19:15:00,0.0,1.0,1.0,60.0,52.0,0.0,1.0,1.0,60.36666667,2.0,2.0,0.0,50.66666667,47.56666667,70.0,66.8,0.0,1.0,80.0,60.0,0,False,False,False,False,False
2025-02-09 19:30:00,0.0,1.0,1.0,60.0,52.0,0.0,1.0,1.0,60.13333333,2.0,2.0,0.0,48.66666667,46.46666667,70.0,66.8,0.0,1.0,80.0,60.0,0,False,False,False,False,False
2025-02-09 19:45:00,0.0,1.0,1.0,60.0,52.0,0.0,1.0,1.0,60.0,2.0,2.0,0.0,51.0,46.36666667,70.0,66.8,0.0,1.0,80.0,60.0,0,False,False,False,False,False
2025-02-09 20:00:00,0.0,1.0,1.0,60.0,52.0,0.0,1.0,1.0,60.26666667,2.0,2.0,0.0,50.66666667,47.46666667,70.0,66.8,0.0,1.0,80.0,60.0,0,False,False,False,False,False
2025-02-09 20:15:00,0.0,1.0,1.0,60.0,52.0,0.0,1.0,1.0,60.3,2.0,2.0,0.0,49.66666667,48.2,70.0,66.8,0.0,1.0,80.0,60.0,0,False,False,False,False,False
2025-02-09 20:30:00,0.0,1.0,1.0,60.0,52.0,0.0,1.0,1.0,60.3,2.0,2.0,0.0,50.0,47.8,70.0,66.8,0.0,1.0,80.0,60.0,0,False,False,False,False,False
2025-02-09 20:45:00,0.0,1.0,1.0,60.0,52.0,0.0,1.0,1.0,60.43333333,2.0,2.0,0.0,48.66666667,47.93333333,70.0,66.8,0.0,1.0,80.0,60.0,0,False,False,False,False,False
2025-02-09 21:00:00,0.0,1.0,1.0,60.0,52.0,0.0,1.0,1.0,60.5,2.0,2.0,0.0,50.0,47.73333333,70.0,66.8,0.0,1.0,80.0,60.0,0,False,False,False,False,False
2025-02-09 21:15:00,0.0,1.0,1.0,60.0,52.0,0.0,1.0,1.0,60.26666667,2.0,2.0,0.0,50.33333333,47.7,70.0,66.8,0.0,1.0,80.0,60.0,0,False,False,False,False,False
2025-02-09 21:30:00,0.0,1.0,1.0,60.0,52.0,0.0,1.0,1.0,60.13333333,2.0,2.0,0.0,51.0,46.93333333,70.0,66.8,0.0,1.0,80.0,60.0,0,False,False,False,False,False
2025-02-09 21:45:00,0.0,1.0,1.0,60.0,52.0,0.0,1.0,1.0,59.93333333,2.0,2.0,0.0,51.66666667,46.53333333,70.0,66.8,0.0,1.0,80.0,60.0,0,False,False,False,False,False
2025-02-09 22:00:00,0.0,1.0,1.0,60.0,52.0,0.0,1.0,1.0,59.56666667,2.0,2.0,0.0,52.0,45.86666667,70.0,66.8,0.0,1.0,80.0,60.0,0,False,False,False,False,False
2025-02-09 22:15:00,0.0,1.0,1.0,60.0,52.0,0.0,1.0,1.0,59.46666667,2.0,2.0,0.0,51.33333333,45.33333333,70.0,66.8,0.0,1.0,80.0,60.0,0,False,False,False,False,False
2025-02-09 22:30:00,0.0,1.0,1.0,60.0,52.0,0.0,1.0,1.0,59.13333333,2.0,2.0,0.0,52.33333333,44.7,70.0,66.73333333,0.0,1.0,80.0,60.0,0,False,False,False,False,False
2025-02-09 22:45:00,0.0,1.0,1.0,60.0,52.0,0.0,1.0,1.0,58.83333333,2.0,2.0,0.0,54.66666667,44.26666667,70.0,66.7,0.0,1.0,80.0,60.0,0,False,False,False,False,False
2025-02-09 23:00:00,0.0,1.0,1.0,68.2,52.0,16.66666667,1.333333333,1.0,62.63333333,1.0,1.0,0.0,45.66666667,46.73333333,70.0,69.03333333,100.0,2.0,80.0,60.0,0,False,False,False,False,False
2025-02-09 23:15:00,0.0,1.0,1.0,68.2,52.0,16.66666667,1.333333333,1.0,62.46666667,1.0,1.0,0.0,45.0,48.43333333,70.0,68.66666667,100.0,2.0,80.0,60.0,0,False,False,False,False,False
2025-02-09 23:30:00,0.0,1.0,1.0,68.2,52.0,16.66666667,1.333333333,1.0,62.2,1.0,1.0,0.0,45.0,49.13333333,70.0,68.56666667,100.0,2.0,80.0,60.0,0,False,False,False,False,False
2025-02-09 23:45:00,0.0,1.0,1.0,68.2,52.0,0.0,1.0,1.0,62.9,1.0,1.0,0.0,45.0,49.3,70.0,69.6,100.0,2.0,80.0,60.0,1,False,False,False,False,False
2025-02-10 00:00:00,0.0,1.0,1.0,68.2,52.0,16.66666667,1.333333333,1.0,62.6,1.0,1.0,0.0,44.33333333,49.26666667,70.0,68.66666667,100.0,2.0,80.0,60.0,1,False,False,False,False,False
2025-02-10 00:15:00,0.0,1.0,1.0,68.2,52.0,16.66666667,1.333333333,1.0,62.2,1.0,1.0,0.0,44.0,49.66666667,70.0,68.2,100.0,2.0,80.0,60.0,1,False,False,False,False,False
2025-02-10 00:30:00,0.0,1.0,1.0,68.2,52.0,0.0,1.0,1.0,62.96666667,1.0,1.0,0.0,44.0,49.36666667,70.0,69.66666667,100.0,2.0,80.0,60.0,1,False,False,False,False,False
2025-02-10 00:45:00,0.0,1.0,1.0,68.2,52.0,33.33333333,1.666666667,1.0,62.73333333,1.0,1.0,0.0,44.0,49.2,70.0,68.73333333,100.0,2.0,80.0,60.0,1,False,False,False,False,False
2025-02-10 01:00:00,0.0,1.0,1.0,68.2,52.0,16.66666667,1.333333333,1.0,62.36666667,1.0,1.0,0.0,44.0,48.76666667,70.0,68.3,100.0,2.0,80.0,60.0,1,False,False,False,False,False
2025-02-10 01:15:00,0.0,1.0,1.0,68.2,52.0,0.0,1.0,1.0,63.0,1.0,1.0,0.0,44.0,47.83333333,70.0,69.56666667,100.0,2.0,80.0,60.0,1,False,False,False,False,False
2025-02-10 01:30:00,0.0,1.0,1.0,68.2,52.0,0.0,1.0,1.0,61.86666667,1.0,1.0,0.0,44.33333333,48.2,70.0,67.5,100.0,2.0,80.0,60.0,1,False,False,False,False,False
2025-02-10 01:45:00,0.0,1.0,1.0,68.2,52.0,16.66666667,1.333333333,1.0,62.7,1.0,1.0,0.0,45.0,47.3,70.0,68.46666667,100.0,2.0,80.0,60.0,1,False,False,False,False,False
2025-02-10 02:00:00,0.0,1.0,1.0,68.2,52.0,0.0,1.0,1.0,62.0,1.0,1.0,0.0,45.0,48.26666667,70.0,67.8,100.0,2.0,80.0,60.0,1,False,False,False,False,False
2025-02-10 02:15:00,0.0,1.0,1.0,68.2,52.0,16.66666667,1.333333333,1.0,62.43333333,1.0,1.0,0.0,45.0,47.53333333,70.0,67.93333333,100.0,2.0,80.0,60.0,1,False,False,False,False,False
2025-02-10 02:30:00,0.0,1.0,1.0,68.2,52.0,0.0,1.0,1.0,62.2,1.0,1.0,0.0,45.0,48.43333333,70.0,68.1,100.0,2.0,80.0,60.0,1,False,False,False,False,False
2025-02-10 02:45:00,0.0,1.0,1.0,68.2,52.0,16.66666667,1.333333333,1.0,62.3,1.0,1.0,0.0,46.0,46.86666667,70.0,67.86666667,100.0,2.0,80.0,60.0,1,False,False,False,False,False
2025-02-10 03:00:00,0.0,1.0,1.0,68.2,52.0,0.0,1.0,1.0,62.36666667,1.0,1.0,0.0,46.0,47.96666667,70.0,68.46666667,100.0,2.0,80.0,60.0,1,False,False,False,False,False
2025-02-10 03:15:00,0.0,1.0,1.0,68.2,52.0,0.0,1.0,1.0,62.13333333,1.0,1.0,0.0,46.33333333,46.46666667,70.0,67.53333333,100.0,2.0,80.0,60.0,1,False,False,False,False,False
2025-02-10 03:30:00,0.0,1.0,1.0,68.2,52.0,0.0,1.0,1.0,62.56666667,1.0,1.0,0.0,47.0,47.03333333,70.0,68.86666667,100.0,2.0,80.0,60.0,1,False,False,False,False,False
2025-02-10 03:45:00,0.0,1.0,1.0,68.2,52.0,0.0,1.0,1.0,62.03333333,1.0,1.0,0.0,47.33333333,45.76666667,70.0,67.36666667,100.0,2.0,80.0,60.0,0,False,False,False,False,False
2025-02-10 04:00:00,0.0,1.0,1.0,68.2,52.0,0.0,1.0,1.0,62.56666667,1.0,1.0,0.0,47.66666667,47.4,70.0,68.96666667,100.0,2.0,80.0,60.0,0,False,False,False,False,False
2025-02-10 04:15:00,0.0,1.0,1.0,68.2,52.0,16.66666667,1.333333333,1.0,61.63333333,1.0,1.0,0.0,47.0,46.3,70.0,67.03333333,100.0,2.0,80.0,60.0,0,False,False,False,False,False
2025-02-10 04:30:00,0.0,1.0,1.0,68.2,52.0,0.0,1.0,1.0,62.66666667,1.0,1.0,0.0,47.0,46.8,70.0,69.3,100.0,2.0,80.0,60.0,1,False,False,False,False,False
2025-02-10 04:45:00,0.0,1.0,1.0,68.2,52.0,0.0,1.0,1.0,61.6,1.0,1.0,0.0,47.0,46.4,70.0,67.23333333,100.0,2.0,80.0,60.0,0,False,False,False,False,False
2025-02-10 05:00:00,0.0,1.0,1.0,68.2,52.0,0.0,1.0,1.0,62.83333333,1.0,1.0,0.0,48.0,46.3,70.0,69.16666667,100.0,2.0,80.0,60.0,0,False,False,False,False,False
2025-02-10 05:15:00,0.0,1.0,1.0,68.2,52.0,0.0,1.0,1.0,61.56666667,1.0,1.0,0.0,47.0,46.2,70.0,67.36666667,100.0,2.0,80.0,60.0,0,False,False,False,False,False
2025-02-10 05:30:00,0.0,1.0,1.0,68.2,52.0,0.0,1.0,1.0,62.46666667,1.0,1.0,0.0,48.0,45.26666667,70.0,68.7,100.0,2.0,80.0,60.0,0,False,False,False,False,False
2025-02-10 05:45:00,0.0,1.0,1.0,68.2,52.0,0.0,1.0,1.0,61.46666667,1.0,1.0,0.0,48.0,45.26666667,70.0,67.36666667,100.0,2.0,80.0,60.0,0,False,False,False,False,False
2025-02-10 06:00:00,0.0,1.0,1.0,68.2,52.0,0.0,1.0,1.0,62.56666667,1.0,1.0,0.0,48.0,45.03333333,70.0,69.03333333,100.0,2.0,80.0,60.0,0,False,False,False,False,False
2025-02-10 06:15:00,0.0,1.0,1.0,68.2,52.0,16.66666667,1.333333333,1.0,61.3,1.0,1.0,0.0,48.0,44.73333333,70.0,67.23333333,100.0,2.0,80.0,60.0,0,False,False,False,False,False
2025-02-10 06:30:00,0.0,1.0,1.0,68.2,52.0,0.0,1.0,1.0,62.56666667,1.0,1.0,0.0,48.0,43.96666667,70.0,69.3,100.0,2.0,80.0,60.0,1,False,False,False,False,False
2025-02-10 06:45:00,0.0,1.0,1.0,68.2,52.0,16.66666667,1.333333333,1.0,61.06666667,1.0,1.0,0.0,48.0,43.8,70.0,67.23333333,100.0,2.0,80.0,60.0,0,False,False,False,False,False
2025-02-10 07:00:00,0.0,1.0,1.0,68.2,52.0,0.0,1.0,1.0,62.26666667,1.0,1.0,0.0,48.0,43.83333333,70.0,69.1,100.0,2.0,80.0,60.0,1,False,False,False,False,False
2025-02-10 07:15:00,0.0,1.0,1.0,68.2,52.0,16.66666667,1.333333333,1.0,61.16666667,1.0,1.0,0.0,48.0,43.66666667,70.0,67.1,100.0,2.0,80.0,60.0,0,False,False,False,False,False
2025-02-10 07:30:00,0.0,1.0,1.0,68.2,52.0,0.0,1.0,1.0,62.1,1.0,1.0,0.0,47.66666667,42.93333333,70.0,69.13333333,100.0,2.0,80.0,60.0,1,False,False,False,False,False
2025-02-10 07:45:00,0.0,1.0,1.0,68.2,52.0,0.0,1.0,1.0,61.2,1.0,1.0,0.0,47.33333333,41.9,70.0,67.33333333,100.0,2.0,80.0,60.0,0,False,False,False,False,False
2025-02-10 08:00:00,0.0,1.0,1.0,68.2,52.0,0.0,1.0,1.0,61.66666667,1.0,1.0,0.0,47.66666667,42.33333333,70.0,68.9,100.0,2.0,80.0,60.0,0,False,False,False,False,False
2025-02-10 08:15:00,0.0,1.0,1.0,68.2,52.0,16.66666667,1.333333333,1.0,61.3,1.0,1.0,0.0,47.0,41.46666667,70.0,67.6,100.0,2.0,80.0,60.0,0,False,False,False,False,False
2025-02-10 08:30:00,0.0,1.0,1.0,68.2,52.0,0.0,1.0,1.0,61.33333333,1.0,1.0,0.0,47.0,43.03333333,70.0,68.33333333,100.0,2.0,80.0,60.0,0,False,False,False,False,False
2025-02-10 08:45:00,0.0,1.0,1.0,68.2,52.0,16.66666667,1.333333333,1.0,61.46666667,1.0,1.0,0.0,47.0,41.73333333,70.0,68.03333333,100.0,2.0,80.0,60.0,0,False,False,False,False,False
2025-02-10 09:00:00,0.0,1.0,1.0,68.2,52.0,0.0,1.0,1.0,61.2,1.0,1.0,0.0,47.0,42.36666667,70.0,68.13333333,100.0,2.0,80.0,60.0,0,False,False,False,False,False
2025-02-10 09:15:00,0.0,1.0,1.0,68.2,52.0,0.0,1.0,1.0,61.86666667,1.0,1.0,0.0,48.0,41.4,70.0,68.83333333,100.0,2.0,80.0,60.0,0,False,False,False,False,False
2025-02-10 09:30:00,0.0,1.0,1.0,68.2,52.0,16.66666667,1.333333333,1.0,60.73333333,1.0,1.0,0.0,48.0,41.83333333,70.0,67.16666667,100.0,2.0,80.0,60.0,0,False,False,False,False,False
2025-02-10 09:45:00,0.0,1.0,1.0,68.2,52.0,0.0,1.0,1.0,61.8,1.0,1.0,0.0,48.0,41.76666667,70.0,69.13333333,100.0,2.0,80.0,60.0,1,False,False,False,False,False
2025-02-10 10:00:00,0.0,1.0,1.0,68.2,52.0,0.0,1.0,1.0,61.03333333,1.0,1.0,0.0,47.33333333,41.03333333,70.0,67.46666667,100.0,2.0,80.0,60.0,0,False,False,False,False,False
2025-02-10 10:15:00,0.0,1.0,1.0,68.2,52.0,0.0,1.0,1.0,61.4,1.0,1.0,0.0,48.0,42.06666667,70.0,68.6,100.0,2.0,80.0,60.0,0,False,False,False,False,False
2025-02-10 10:30:00,0.0,1.0,1.0,68.2,52.0,33.33333333,1.666666667,1.0,61.16666667,1.0,1.0,0.0,48.0,40.76666667,70.0,67.93333333,100.0,2.0,80.0,60.0,0,False,False,False,False,False
2025-02-10 10:45:00,0.0,1.0,1.0,68.2,52.0,0.0,1.0,1.0,60.73333333,1.0,1.0,0.0,48.0,41.23333333,70.0,67.56666667,100.0,2.0,80.0,60.0,0,False,False,False,False,False
2025-02-10 11:00:00,0.0,1.0,1.0,68.2,52.0,0.0,1.0,1.0,61.66666667,1.0,1.0,0.0,48.0,40.43333333,70.0,68.96666667,100.0,2.0,80.0,60.0,0,False,False,False,False,False
2025-02-10 11:15:00,0.0,1.0,1.0,68.2,52.0,0.0,1.0,1.0,60.76666667,1.0,1.0,0.0,48.0,40.16666667,70.0,67.36666667,100.0,2.0,80.0,60.0,0,False,False,False,False,False
2025-02-10 11:30:00,0.0,1.0,1.0,68.2,52.0,0.0,1.0,1.0,61.3,1.0,1.0,0.0,48.0,40.53333333,70.0,68.73333333,100.0,2.0,80.0,60.0,0,False,False,False,False,False
2025-02-10 11:45:00,0.0,1.0,1.0,68.2,52.0,33.33333333,1.666666667,1.0,61.06666667,1.0,1.0,0.0,48.0,39.8,70.0,67.86666667,100.0,2.0,80.0,60.0,0,False,False,False,False,False
2025-02-10 12:00:00,0.0,1.0,1.0,68.2,52.0,16.66666667,1.333333333,1.0,60.7,1.0,1.0,0.0,48.0,40.56666667,70.0,67.56666667,100.0,2.0,80.0,60.0,0,False,False,False,False,False
2025-02-10 12:15:00,0.0,1.0,1.0,68.2,52.0,0.0,1.0,1.0,61.66666667,1.0,1.0,0.0,48.0,40.16666667,70.0,68.9,100.0,2.0,80.0,60.0,1,False,False,False,False,False
2025-02-10 12:30:00,0.0,1.0,1.0,68.2,52.0,16.66666667,1.333333333,1.0,60.86666667,1.0,1.0,0.0,48.0,40.23333333,70.0,67.53333333,100.0,2.0,80.0,60.0,0,False,False,False,False,False
2025-02-10 12:45:00,0.0,1.0,1.0,68.2,52.0,0.0,1.0,1.0,61.2,1.0,1.0,0.0,48.0,41.06666667,70.0,68.4,100.0,2.0,80.0,60.0,0,False,False,False,False,False
2025-02-10 13:00:00,0.0,1.0,1.0,68.2,52.0,16.66666667,1.333333333,1.0,61.33333333,1.0,1.0,0.0,47.33333333,40.1,70.0,68.2,100.0,2.0,80.0,60.0,0,False,False,False,False,False
2025-02-10 13:15:00,0.0,1.0,1.0,68.2,52.0,0.0,1.0,1.0,61.23333333,1.0,1.0,0.0,47.33333333,41.46666667,70.0,67.83333333,100.0,2.0,80.0,60.0,0,False,False,False,False,False
2025-02-10 13:30:00,0.0,1.0,1.0,68.2,52.0,16.66666667,1.333333333,1.0,61.43333333,1.0,1.0,0.0,47.33333333,41.23333333,70.0,67.93333333,100.0,2.0,80.0,60.0,0,False,False,False,False,False
2025-02-10 13:45:00,0.0,1.0,1.0,68.2,52.0,0.0,1.0,1.0,61.76666667,1.0,1.0,0.0,46.66666667,42.9,70.0,68.4,100.0,2.0,80.0,60.0,0,False,False,False,False,False
2025-02-10 14:00:00,0.0,1.0,1.0,68.2,52.0,0.0,1.0,1.0,61.06666667,1.0,1.0,0.0,45.0,43.63333333,70.0,67.36666667,100.0,2.0,80.0,60.0,0,False,False,False,False,False
2025-02-10 14:15:00,0.0,1.0,1.0,68.2,52.0,0.0,1.0,1.0,62.36666667,1.0,1.0,0.0,44.33333333,44.46666667,70.0,69.16666667,100.0,2.0,80.0,60.0,0,False,False,False,False,False
2025-02-10 14:30:00,0.0,1.0,1.0,68.2,52.0,0.0,1.0,1.0,61.86666667,1.0,1.0,0.0,43.33333333,46.23333333,70.0,68.2,100.0,2.0,80.0,60.0,0,False,False,False,False,False
2025-02-10 14:45:00,0.0,1.0,1.0,68.2,52.0,0.0,1.0,1.0,61.46666667,1.0,1.0,0.0,42.33333333,46.43333333,70.0,67.73333333,100.0,2.0,80.0,60.0,0,False,False,False,False,False
2025-02-10 15:00:00,0.0,1.0,1.0,68.2,52.0,16.66666667,1.333333333,1.0,60.86666667,1.0,1.0,0.0,42.33333333,44.96666667,70.0,67.4,100.0,2.0,80.0,60.0,0,False,False,False,False,False
2025-02-10 15:15:00,0.0,1.0,1.0,68.2,52.0,0.0,1.0,1.0,62.56666667,1.0,1.0,0.0,43.0,47.23333333,70.0,69.6,100.0,2.0,80.0,60.0,1,False,False,False,False,False
2025-02-10 15:30:00,0.0,1.0,1.0,68.2,52.0,0.0,1.0,1.0,61.66666667,1.0,1.0,0.0,41.0,48.23333333,70.0,68.23333333,100.0,2.0,80.0,60.0,0,False,False,False,False,False
2025-02-10 15:45:00,0.0,1.0,1.0,68.2,52.0,0.0,1.0,1.0,61.6,1.0,1.0,0.0,40.0,47.53333333,70.0,67.9,100.0,2.0,80.0,60.0,0,False,False,False,False,False
2025-02-10 16:00:00,0.0,1.0,1.0,68.2,52.0,0.0,1.0,1.0,61.6,1.0,1.0,0.0,39.0,48.1,70.0,67.9,100.0,2.0,80.0,60.0,0,False,False,False,False,False
2025-02-10 16:15:00,0.0,1.0,1.0,68.2,52.0,0.0,1.0,1.0,61.73333333,1.0,1.0,0.0,39.0,49.43333333,70.0,67.9,100.0,2.0,80.0,60.0,0,False,False,False,False,False
2025-02-10 16:30:00,0.0,1.0,1.0,68.2,52.0,0.0,1.0,1.0,62.16666667,1.0,1.0,0.0,37.66666667,50.63333333,70.0,67.96666667,100.0,2.0,80.0,60.0,0,False,False,False,False,False
2025-02-10 16:45:00,0.0,1.0,1.0,68.2,52.0,0.0,1.0,1.0,62.4,1.0,1.0,0.0,35.66666667,50.7,70.0,68.33333333,100.0,2.0,80.0,60.0,0,False,False,False,False,False
2025-02-10 17:00:00,0.0,1.0,1.0,68.2,52.0,0.0,1.0,1.0,62.4,1.0,1.0,0.0,35.0,50.53333333,70.0,68.46666667,100.0,2.0,80.0,60.0,0,False,False,False,False,False
2025-02-10 17:15:00,0.0,1.0,1.0,68.2,52.0,0.0,1.0,1.0,62.66666667,1.0,1.0,0.0,34.33333333,49.0,70.0,68.6,100.0,2.0,80.0,60.0,0,False,False,False,False,False
2025-02-10 17:30:00,0.0,1.0,1.0,68.2,52.0,0.0,1.0,1.0,62.73333333,1.0,1.0,0.0,33.0,49.73333333,70.0,68.6,100.0,2.0,80.0,60.0,0,False,False,False,False,False
2025-02-10 17:45:00,0.0,1.0,1.0,68.2,52.0,0.0,1.0,1.0,62.83333333,1.0,1.0,0.0,32.0,51.6,70.0,68.7,100.0,2.0,80.0,60.0,0,False,False,False,False,False
2025-02-10 18:00:00,0.0,1.0,1.0,68.2,52.0,0.0,1.0,1.0,62.8,1.0,1.0,0.0,32.33333333,53.2,70.0,68.76666667,100.0,2.0,80.0,60.0,0,False,False,False,False,False
2025-02-10 18:15:00,0.0,1.0,1.0,68.2,52.0,0.0,1.0,1.0,63.13333333,1.0,1.0,0.0,32.66666667,54.1,70.0,68.93333333,100.0,2.0,80.0,60.0,0,False,False,False,False,False
2025-02-10 18:30:00,0.0,1.0,1.0,68.2,52.0,0.0,1.0,1.0,63.46666667,1.0,1.0,0.0,32.0,54.7,70.0,69.33333333,100.0,2.0,80.0,60.0,0,False,False,False,False,False
2025-02-10 18:45:00,0.0,1.0,1.0,68.2,52.0,0.0,1.0,1.0,63.13333333,1.0,1.0,0.0,33.33333333,54.56666667,70.0,69.4,100.0,2.0,80.0,60.0,0,False,False,False,False,False
2025-02-10 19:00:00,0.0,1.0,1.0,68.2,52.0,0.0,1.0,1.0,63.33333333,1.0,1.0,0.0,31.33333333,54.83333333,70.0,69.4,100.0,2.0,80.0,60.0,0,False,False,False,False,False
2025-02-10 19:15:00,0.0,1.0,1.0,68.2,52.0,0.0,1.0,1.0,63.43333333,1.0,1.0,0.0,30.66666667,55.26666667,70.0,69.06666667,100.0,2.0,80.0,60.0,0,False,False,False,False,False
2025-02-10 19:30:00,0.0,1.0,1.0,68.2,52.0,0.0,1.0,1.0,63.53333333,1.0,1.0,0.0,30.0,56.43333333,70.0,68.96666667,100.0,2.0,80.0,60.0,0,False,False,False,False,False
2025-02-10 19:45:00,0.0,1.0,1.0,68.2,52.0,0.0,1.0,1.0,63.9,1.0,1.0,0.0,29.0,56.43333333,70.0,68.9,100.0,2.0,80.0,60.0,0,False,False,False,False,False
2025-02-10 20:00:00,0.0,1.0,1.0,68.2,52.0,0.0,1.0,1.0,63.83333333,1.0,1.0,0.0,29.0,56.83333333,70.0,68.9,100.0,2.0,80.0,60.0,0,False,False,False,False,False
2025-02-10 20:15:00,0.0,1.0,1.0,68.2,52.0,0.0,1.0,1.0,63.7,1.0,1.0,0.0,28.0,55.46666667,70.0,68.9,100.0,2.0,80.0,60.0,0,False,False,False,False,False
2025-02-10 20:30:00,0.0,1.0,1.0,68.2,52.0,0.0,1.0,1.0,64.2,1.0,1.0,0.0,28.0,57.03333333,70.0,68.83333333,100.0,2.0,80.0,60.0,0,False,False,False,False,False
2025-02-10 20:45:00,0.0,1.0,1.0,68.2,52.0,0.0,1.0,1.0,63.9,1.0,1.0,0.0,27.0,56.36666667,70.0,68.7,100.0,2.0,80.0,60.0,0,False,False,False,False,False
2025-02-10 21:00:00,0.0,1.0,1.0,68.2,52.0,0.0,1.0,1.0,64.06666667,1.0,1.0,0.0,27.0,57.2,70.0,68.53333333,100.0,2.0,80.0,60.0,0,False,False,False,False,False
2025-02-10 21:15:00,0.0,1.0,1.0,68.2,52.0,0.0,1.0,1.0,63.8,1.0,1.0,0.0,27.33333333,56.1,70.0,68.26666667,100.0,2.0,80.0,60.0,0,False,False,False,False,False
2025-02-10 21:30:00,0.0,1.0,1.0,68.2,52.0,0.0,1.0,1.0,63.7,1.0,1.0,0.0,28.0,55.7,70.0,67.9,100.0,2.0,80.0,60.0,0,False,False,False,False,False
2025-02-10 21:45:00,0.0,1.0,1.0,68.2,52.0,0.0,1.0,1.0,63.5,1.0,1.0,0.0,27.0,55.1,70.0,67.73333333,100.0,2.0,80.0,60.0,0,False,False,False,False,False
2025-02-10 22:00:00,0.0,1.0,1.0,68.2,52.0,0.0,1.0,1.0,63.33333333,1.0,1.0,0.0,27.0,54.03333333,70.0,67.56666667,100.0,2.0,80.0,60.0,0,False,False,False,False,False
2025-02-10 22:15:00,0.0,1.0,1.0,68.2,52.0,0.0,1.0,1.0,63.2,1.0,1.0,0.0,27.0,53.06666667,70.0,67.5,100.0,2.0,80.0,60.0,0,False,False,False,False,False
2025-02-10 22:30:00,0.0,1.0,1.0,68.2,52.0,0.0,1.0,1.0,63.43333333,1.0,1.0,0.0,27.33333333,51.6,70.0,67.63333333,100.0,2.0,80.0,60.0,0,False,False,False,False,False
2025-02-10 22:45:00,0.0,1.0,1.0,68.2,52.0,0.0,1.0,1.0,63.93333333,1.0,1.0,0.0,28.0,52.33333333,70.0,69.46666667,100.0,2.0,80.0,60.0,0,False,False,False,False,False
2025-02-10 23:00:00,0.0,1.0,1.0,68.2,52.0,0.0,1.0,1.0,63.13333333,1.0,1.0,0.0,28.33333333,51.2,70.0,68.06666667,100.0,2.0,80.0,60.0,0,False,False,False,False,False
2025-02-10 23:15:00,0.0,1.0,1.0,68.2,52.0,0.0,1.0,1.0,62.7,1.0,1.0,0.0,30.0,50.1,70.0,67.53333333,100.0,2.0,80.0,60.0,0,False,False,False,False,False
2025-02-10 23:30:00,0.0,1.0,1.0,68.2,52.0,16.66666667,1.333333333,1.0,63.16666667,1.0,1.0,0.0,31.33333333,49.9,70.0,67.96666667,100.0,2.0,80.0,60.0,0,False,False,False,False,False
2025-02-10 23:45:00,0.0,1.0,1.0,68.2,52.0,0.0,1.0,1.0,63.43333333,1.0,1.0,0.0,31.0,51.53333333,70.0,68.96666667,100.0,2.0,80.0,60.0,0,False,False,False,False,False
2025-02-11 00:00:00,0.0,1.0,1.0,68.2,52.0,0.0,1.0,1.0,62.76666667,1.0,1.0,0.0,31.0,50.63333333,70.0,67.66666667,100.0,2.0,80.0,60.0,0,False,False,False,False,False
2025-02-11 00:15:00,0.0,1.0,1.0,68.2,52.0,16.66666667,1.333333333,1.0,62.6,1.0,1.0,0.0,31.0,49.76666667,70.0,67.3,100.0,2.0,80.0,60.0,0,False,False,False,False,False
2025-02-11 00:30:00,0.0,1.0,1.0,68.2,52.0,0.0,1.0,1.0,63.86666667,1.0,1.0,0.0,31.0,50.46666667,70.0,69.6,100.0,2.0,80.0,60.0,1,False,False,False,False,False
2025-02-11 00:45:00,0.0,1.0,1.0,68.2,52.0,0.0,1.0,1.0,62.9,1.0,1.0,0.0,31.0,50.36666667,70.0,67.93333333,100.0,2.0,80.0,60.0,0,False,False,False,False,False
2025-02-11 01:00:00,0.0,1.0,1.0,68.2,52.0,0.0,1.0,1.0,62.53333333,1.0,1.0,0.0,31.0,49.36666667,70.0,67.4,100.0,2.0,80.0,60.0,0,False,False,False,False,False
2025-02-11 01:15:00,0.0,1.0,1.0,68.2,52.0,16.66666667,1.333333333,1.0,63.33333333,1.0,1.0,0.0,31.66666667,49.16666667,70.0,68.53333333,100.0,2.0,80.0,60.0,0,False,False,False,False,False
2025-02-11 01:30:00,0.0,1.0,1.0,68.2,52.0,0.0,1.0,1.0,63.03333333,1.0,1.0,0.0,32.66666667,50.1,70.0,68.26666667,100.0,2.0,80.0,60.0,0,False,False,False,False,False
2025-02-11 01:45:00,0.0,1.0,1.0,68.2,52.0,0.0,1.0,1.0,62.53333333,1.0,1.0,0.0,32.0,49.4,70.0,67.46666667,100.0,2.0,80.0,60.0,0,False,False,False,False,False
2025-02-11 02:00:00,0.0,1.0,1.0,68.2,52.0,16.66666667,1.333333333,1.0,63.4,1.0,1.0,0.0,32.33333333,49.4,70.0,68.63333333,100.0,2.0,80.0,60.0,0,False,False,False,False,False
2025-02-11 02:15:00,0.0,1.0,1.0,68.2,52.0,0.0,1.0,1.0,63.16666667,1.0,1.0,0.0,33.0,50.6,70.0,68.26666667,100.0,2.0,80.0,60.0,0,False,False,False,False,False
2025-02-11 02:30:00,0.0,1.0,1.0,68.2,52.0,0.0,1.0,1.0,62.66666667,1.0,1.0,0.0,33.0,50.2,70.0,67.46666667,100.0,2.0,80.0,60.0,0,False,False,False,False,False
2025-02-11 02:45:00,0.0,1.0,1.0,68.2,52.0,16.66666667,1.333333333,1.0,63.0,1.0,1.0,0.0,33.0,49.4,70.0,68.13333333,100.0,2.0,80.0,60.0,0,False,False,False,False,False
2025-02-11 03:00:00,0.0,1.0,1.0,68.2,52.0,0.0,1.0,1.0,63.36666667,1.0,1.0,0.0,33.33333333,50.8,70.0,68.96666667,100.0,2.0,80.0,60.0,0,False,False,False,False,False
2025-02-11 03:15:00,0.0,1.0,1.0,68.2,52.0,0.0,1.0,1.0,62.56666667,1.0,1.0,0.0,34.33333333,49.43333333,70.0,67.56666667,100.0,2.0,80.0,60.0,0,False,False,False,False,False
2025-02-11 03:30:00,0.0,1.0,1.0,68.2,52.0,16.66666667,1.333333333,1.0,62.36666667,1.0,1.0,0.0,34.66666667,48.7,70.0,67.3,100.0,2.0,80.0,60.0,0,False,False,False,False,False
2025-02-11 03:45:00,0.0,1.0,1.0,68.2,52.0,0.0,1.0,1.0,63.8,1.0,1.0,0.0,34.0,49.73333333,70.0,69.7,100.0,2.0,80.0,60.0,1,False,False,False,False,False
2025-02-11 04:00:00,0.0,1.0,1.0,68.2,52.0,0.0,1.0,1.0,62.86666667,1.0,1.0,0.0,33.66666667,49.66666667,70.0,67.86666667,100.0,2.0,80.0,60.0,0,False,False,False,False,False
2025-02-11 04:15:00,0.0,1.0,1.0,68.2,52.0,0.0,1.0,1.0,62.53333333,1.0,1.0,0.0,33.0,48.83333333,70.0,67.43333333,100.0,2.0,80.0,60.0,0,False,False,False,False,False
2025-02-11 04:30:00,0.0,1.0,1.0,68.2,52.0,0.0,1.0,1.0,63.1,1.0,1.0,0.0,32.0,48.73333333,70.0,68.36666667,100.0,2.0,80.0,60.0,0,False,False,False,False,False
2025-02-11 04:45:00,0.0,1.0,1.0,68.2,52.0,0.0,1.0,1.0,63.2,1.0,1.0,0.0,32.0,49.76666667,70.0,68.43333333,100.0,2.0,80.0,60.0,0,False,False,False,False,False
2025-02-11 05:00:00,0.0,1.0,1.0,68.2,52.0,16.66666667,1.333333333,1.0,63.63333333,1.0,1.0,0.0,32.0,49.63333333,70.0,69.23333333,100.0,2.0,80.0,60.0,0,False,False,False,False,False
2025-02-11 05:15:00,0.0,1.0,1.0,68.2,52.0,0.0,1.0,1.0,63.3,1.0,1.0,0.0,31.0,50.33333333,70.0,68.46666667,100.0,2.0,80.0,60.0,0,False,False,False,False,False
2025-02-11 05:30:00,0.0,1.0,1.0,68.2,52.0,16.66666667,1.333333333,1.0,63.2,1.0,1.0,0.0,31.33333333,48.76666667,70.0,68.7,100.0,2.0,80.0,60.0,0,False,False,False,False,False
2025-02-11 05:45:00,0.0,1.0,1.0,68.2,52.0,0.0,1.0,1.0,63.4,1.0,1.0,0.0,33.0,49.06666667,70.0,69.03333333,100.0,2.0,80.0,60.0,0,False,False,False,False,False
2025-02-11 06:00:00,0.0,1.0,1.0,68.2,52.0,0.0,1.0,1.0,62.83333333,1.0,1.0,0.0,33.0,48.73333333,70.0,67.96666667,100.0,2.0,80.0,60.0,1,False,False,False,False,False
2025-02-11 06:15:00,0.0,1.0,1.0,68.2,52.0,16.66666667,1.333333333,1.0,63.36666667,1.0,1.0,0.0,34.0,48.5,70.0,68.9,100.0,2.0,80.0,60.0,1,False,False,False,False,False
2025-02-11 06:30:00,0.0,1.0,1.0,68.2,52.0,0.0,1.0,1.0,63.23333333,1.0,1.0,0.0,34.0,49.66666667,70.0,68.56666667,100.0,2.0,80.0,60.0,1,False,False,False,False,False
2025-02-11 06:45:00,0.0,1.0,1.0,68.2,52.0,16.66666667,1.333333333,1.0,63.1,1.0,1.0,0.0,35.0,48.43333333,70.0,68.56666667,100.0,2.0,80.0,60.0,1,False,False,False,False,False
2025-02-11 07:00:00,0.0,1.0,1.0,68.2,52.0,0.0,1.0,1.0,63.36666667,1.0,1.0,0.0,37.0,48.4,70.0,68.9,100.0,2.0,80.0,60.0,1,False,False,False,False,False
2025-02-11 07:15:00,0.0,1.0,1.0,68.2,52.0,16.66666667,1.333333333,1.0,63.2,1.0,1.0,0.0,36.33333333,48.93333333,70.0,68.7,100.0,2.0,80.0,60.0,1,False,False,False,False,False
2025-02-11 07:30:00,0.0,1.0,1.0,68.2,52.0,0.0,1.0,1.0,63.36666667,1.0,1.0,0.0,35.66666667,49.53333333,70.0,68.8,100.0,2.0,80.0,60.0,1,False,False,False,False,False
2025-02-11 07:45:00,0.0,1.0,1.0,68.2,52.0,16.66666667,1.333333333,1.0,62.76666667,1.0,1.0,0.0,36.33333333,48.76666667,70.0,67.76666667,100.0,2.0,80.0,60.0,1,False,False,False,False,False
2025-02-11 08:00:00,0.0,1.0,1.0,68.2,52.0,0.0,1.0,1.0,63.63333333,1.0,1.0,0.0,36.66666667,49.26666667,70.0,69.46666667,100.0,2.0,80.0,60.0,1,False,False,False,False,False
2025-02-11 08:15:00,0.0,1.0,1.0,68.2,52.0,16.66666667,1.333333333,1.0,62.83333333,1.0,1.0,0.0,36.33333333,49.06666667,70.0,67.86666667,100.0,2.0,80.0,60.0,1,False,False,False,False,False
2025-02-11 08:30:00,0.0,1.0,1.0,68.2,52.0,0.0,1.0,1.0,63.96666667,1.0,1.0,0.0,36.33333333,49.63333333,70.0,70.2,100.0,2.0,80.0,60.0,1,False,False,False,False,False
2025-02-11 08:45:00,0.0,1.0,1.0,68.2,52.0,0.0,1.0,1.0,63.03333333,1.0,1.0,0.0,36.33333333,50.06666667,70.0,68.33333333,100.0,2.0,80.0,60.0,1,False,False,False,False,False
2025-02-11 09:00:00,0.0,1.0,1.0,68.2,52.0,16.66666667,1.333333333,1.0,62.7,1.0,1.0,0.0,36.66666667,48.63333333,70.0,67.7,100.0,2.0,80.0,60.0,1,False,False,False,False,False
2025-02-11 09:15:00,0.0,1.0,1.0,68.2,52.0,0.0,1.0,1.0,63.56666667,1.0,1.0,0.0,42.0,47.26666667,70.0,69.63333333,100.0,2.0,80.0,60.0,1,False,False,False,False,False
2025-02-11 09:30:00,0.0,1.0,1.0,68.2,52.0,0.0,1.0,1.0,62.5,1.0,1.0,0.0,54.0,43.63333333,70.0,68.5,100.0,2.0,80.0,60.0,1,False,False,False,False,False
2025-02-11 09:45:00,0.0,1.0,1.0,68.2,52.0,0.0,1.0,1.0,62.46666667,1.0,1.0,0.0,61.0,43.03333333,70.0,69.13333333,100.0,2.0,80.0,60.0,1,False,False,False,False,False
2025-02-11 10:00:00,0.0,1.0,1.0,68.2,52.0,0.0,1.0,1.0,63.05,1.0,1.0,0.0,63.0,42.55,70.0,70.05,100.0,2.0,80.0,60.0,1,False,False,False,False,False
2025-02-11 10:15:00,0.0,1.0,1.0,68.2,52.0,0.0,1.0,1.0,62.26666667,1.0,1.0,0.0,62.33333333,43.4,70.0,68.23333333,100.0,2.0,80.0,60.0,1,False,False,False,False,False
2025-02-11 10:30:00,0.0,1.0,1.0,68.2,52.0,0.0,1.0,1.0,62.9,1.0,1.0,0.0,59.66666667,44.43333333,70.0,69.9,100.0,2.0,80.0,60.0,1,False,False,False,False,False
2025-02-11 10:45:00,0.0,1.0,1.0,68.2,52.0,0.0,1.0,1.0,62.2,1.0,1.0,0.0,57.0,44.23333333,70.0,68.16666667,100.0,2.0,80.0,60.0,1,False,False,False,False,False
2025-02-11 11:00:00,0.0,1.0,1.0,68.2,52.0,0.0,1.0,1.0,62.76666667,1.0,1.0,0.0,56.0,44.1,70.0,69.53333333,100.0,2.0,80.0,60.0,1,False,False,False,False,False
2025-02-11 11:15:00,0.0,1.0,1.0,68.2,52.0,0.0,1.0,1.0,62.36666667,1.0,1.0,0.0,56.66666667,43.76666667,70.0,68.6,100.0,2.0,80.0,60.0,1,False,False,False,False,False
2025-02-11 11:30:00,0.0,1.0,1.0,68.2,52.0,0.0,1.0,1.0,62.26666667,1.0,1.0,0.0,57.0,44.56666667,70.0,68.33333333,100.0,2.0,80.0,60.0,1,False,False,False,False,False
2025-02-11 11:45:00,0.0,1.0,1.0,68.2,52.0,0.0,1.0,1.0,61.76666667,1.0,1.0,0.0,57.0,43.7,70.0,67.4,100.0,2.0,80.0,60.0,1,False,False,False,False,False
2025-02-11 12:00:00,0.0,1.0,1.0,68.2,52.0,16.66666667,1.333333333,1.0,62.53333333,1.0,1.0,0.0,57.0,43.7,70.0,69.06666667,100.0,2.0,80.0,60.0,1,False,False,False,False,False
2025-02-11 12:15:00,0.0,1.0,1.0,68.2,52.0,0.0,1.0,1.0,62.46666667,1.0,1.0,0.0,57.0,44.2,70.0,68.66666667,100.0,2.0,80.0,60.0,1,False,False,False,False,False
2025-02-11 12:30:00,0.0,1.0,1.0,68.2,52.0,0.0,1.0,1.0,62.56666667,1.0,1.0,0.0,57.0,44.7,70.0,69.13333333,100.0,2.0,80.0,60.0,1,False,False,False,False,False
2025-02-11 12:45:00,0.0,1.0,1.0,68.2,52.0,16.66666667,1.333333333,1.0,62.33333333,1.0,1.0,0.0,57.0,43.83333333,70.0,68.7,100.0,2.0,80.0,60.0,1,False,False,False,False,False
2025-02-11 13:00:00,0.0,1.0,1.0,68.2,52.0,0.0,1.0,1.0,62.36666667,1.0,1.0,0.0,56.66666667,44.4,70.0,68.43333333,100.0,2.0,80.0,60.0,1,False,False,False,False,False
2025-02-11 13:15:00,0.0,1.0,1.0,68.2,52.0,0.0,1.0,1.0,63.03333333,1.0,1.0,0.0,57.0,44.43333333,70.0,69.76666667,100.0,2.0,80.0,60.0,1,False,False,False,False,False
2025-02-11 13:30:00,0.0,1.0,1.0,68.2,52.0,0.0,1.0,1.0,62.2,1.0,1.0,0.0,56.0,44.53333333,70.0,68.23333333,100.0,2.0,80.0,60.0,1,False,False,False,False,False
2025-02-11 13:45:00,0.0,1.0,1.0,68.2,52.0,16.66666667,1.333333333,1.0,62.33333333,1.0,1.0,0.0,56.66666667,44.23333333,70.0,68.73333333,100.0,2.0,80.0,60.0,1,False,False,False,False,False
2025-02-11 14:00:00,0.0,1.0,1.0,68.2,52.0,0.0,1.0,1.0,62.36666667,1.0,1.0,0.0,56.0,45.23333333,70.0,68.86666667,100.0,2.0,80.0,60.0,1,False,False,False,False,False
2025-02-11 14:15:00,0.0,1.0,1.0,68.2,52.0,0.0,1.0,1.0,62.23333333,1.0,1.0,0.0,56.0,44.83333333,70.0,68.56666667,100.0,2.0,80.0,60.0,0,False,False,False,False,False
2025-02-11 14:30:00,0.0,1.0,1.0,68.2,52.0,0.0,1.0,1.0,62.63333333,1.0,1.0,0.0,56.0,45.6,70.0,69.3,100.0,2.0,80.0,60.0,0,False,False,False,False,False
2025-02-11 14:45:00,0.0,1.0,1.0,68.2,52.0,0.0,1.0,1.0,62.1,1.0,1.0,0.0,56.0,45.56666667,70.0,67.93333333,100.0,2.0,80.0,60.0,0,False,False,False,False,False
2025-02-11 15:00:00,0.0,1.0,1.0,68.2,52.0,16.66666667,1.333333333,1.0,62.66666667,1.0,1.0,0.0,56.0,45.6,70.0,69.13333333,100.0,2.0,80.0,60.0,0,False,False,False,False,False
2025-02-11 15:15:00,0.0,1.0,1.0,68.2,52.0,0.0,1.0,1.0,62.33333333,1.0,1.0,0.0,56.0,47.2,70.0,68.33333333,100.0,2.0,80.0,60.0,0,False,False,False,False,False
2025-02-11 15:30:00,0.0,1.0,1.0,68.2,52.0,16.66666667,1.333333333,1.0,61.9,1.0,1.0,0.0,56.0,46.26666667,70.0,67.86666667,100.0,2.0,80.0,60.0,0,False,False,False,False,False
2025-02-11 15:45:00,0.0,1.0,1.0,68.2,52.0,0.0,1.0,1.0,62.86666667,1.0,1.0,0.0,56.0,46.56666667,70.0,69.73333333,100.0,2.0,80.0,60.0,1,False,False,False,False,False
2025-02-11 16:00:00,0.0,1.0,1.0,68.2,52.0,0.0,1.0,1.0,62.23333333,1.0,1.0,0.0,55.0,46.1,70.0,68.06666667,100.0,2.0,80.0,60.0,0,False,False,False,False,False
2025-02-11 16:15:00,0.0,1.0,1.0,68.2,52.0,0.0,1.0,1.0,62.03333333,1.0,1.0,0.0,55.0,46.46666667,70.0,67.63333333,100.0,2.0,80.0,60.0,0,False,False,False,False,False
2025-02-11 16:30:00,0.0,1.0,1.0,68.2,52.0,16.66666667,1.333333333,1.0,61.8,1.0,1.0,0.0,55.33333333,45.23333333,70.0,67.33333333,100.0,2.0,80.0,60.0,0,False,False,False,False,False
2025-02-11 16:45:00,0.0,1.0,1.0,68.2,52.0,0.0,1.0,1.0,63.0,1.0,1.0,0.0,56.0,46.9,70.0,69.73333333,100.0,2.0,80.0,60.0,1,False,False,False,False,False
2025-02-11 17:00:00,0.0,1.0,1.0,68.2,52.0,0.0,1.0,1.0,62.23333333,1.0,1.0,0.0,55.66666667,47.1,70.0,68.23333333,100.0,2.0,80.0,60.0,0,False,False,False,False,False
2025-02-11 17:15:00,0.0,1.0,1.0,68.2,52.0,0.0,1.0,1.0,61.5,1.0,1.0,0.0,55.0,46.5,70.0,67.43333333,100.0,2.0,80.0,60.0,0,False,False,False,False,False
2025-02-11 17:30:00,0.0,1.0,1.0,68.2,52.0,16.66666667,1.333333333,1.0,61.9,1.0,1.0,0.0,55.33333333,46.03333333,70.0,68.06666667,100.0,2.0,80.0,60.0,0,False,False,False,False,False
2025-02-11 17:45:00,0.0,1.0,1.0,68.2,52.0,0.0,1.0,1.0,62.4,1.0,1.0,0.0,55.66666667,47.23333333,70.0,68.9,100.0,2.0,80.0,60.0,0,False,False,False,False,False
2025-02-11 18:00:00,0.0,1.0,1.0,68.2,52.0,0.0,1.0,1.0,61.9,1.0,1.0,0.0,56.0,47.06666667,70.0,67.83333333,100.0,2.0,80.0,60.0,0,False,False,False,False,False
2025-02-11 18:15:00,0.0,1.0,1.0,68.2,52.0,0.0,1.0,1.0,61.86666667,1.0,1.0,0.0,56.0,46.3,70.0,67.6,100.0,2.0,80.0,60.0,0,False,False,False,False,False
2025-02-11 18:30:00,0.0,1.0,1.0,68.2,52.0,0.0,1.0,1.0,61.8,1.0,1.0,0.0,56.0,45.56666667,70.0,67.66666667,100.0,2.0,80.0,60.0,0,False,False,False,False,False
2025-02-11 18:45:00,0.0,1.0,1.0,68.2,52.0,16.66666667,1.333333333,1.0,61.8,1.0,1.0,0.0,56.0,45.76666667,70.0,67.8,100.0,2.0,80.0,60.0,0,False,False,False,False,False
2025-02-11 19:00:00,0.0,1.0,1.0,68.2,52.0,0.0,1.0,1.0,62.8,1.0,1.0,0.0,56.0,46.9,70.0,69.76666667,100.0,2.0,80.0,60.0,1,False,False,False,False,False
2025-02-11 19:15:00,0.0,1.0,1.0,68.2,52.0,0.0,1.0,1.0,62.36666667,1.0,1.0,0.0,55.0,47.3,70.0,68.46666667,100.0,2.0,80.0,60.0,0,False,False,False,False,False
2025-02-11 19:30:00,0.0,1.0,1.0,68.2,52.0,0.0,1.0,1.0,62.6,1.0,1.0,0.0,56.0,46.36666667,70.0,69.1,100.0,2.0,80.0,60.0,0,False,False,False,False,False
2025-02-11 19:45:00,0.0,1.0,1.0,68.2,52.0,16.66666667,1.333333333,1.0,62.46666667,1.0,1.0,0.0,56.33333333,45.8,70.0,68.73333333,100.0,2.0,80.0,60.0,0,False,False,False,False,False
2025-02-11 20:00:00,0.0,1.0,1.0,68.2,52.0,0.0,1.0,1.0,62.36666667,1.0,1.0,0.0,57.0,46.26666667,70.0,68.93333333,100.0,2.0,80.0,60.0,0,False,False,False,False,False
2025-02-11 20:15:00,0.0,1.0,1.0,68.2,52.0,0.0,1.0,1.0,61.96666667,1.0,1.0,0.0,57.66666667,45.96666667,70.0,67.86666667,100.0,2.0,80.0,60.0,0,False,False,False,False,False
2025-02-11 20:30:00,0.0,1.0,1.0,68.2,52.0,16.66666667,1.333333333,1.0,62.6,1.0,1.0,0.0,58.0,45.16666667,70.0,68.83333333,100.0,2.0,80.0,60.0,0,False,False,False,False,False
2025-02-11 20:45:00,0.0,1.0,1.0,68.2,52.0,0.0,1.0,1.0,62.33333333,1.0,1.0,0.0,58.0,44.86666667,70.0,68.73333333,100.0,2.0,80.0,60.0,0,False,False,False,False,False
2025-02-11 21:00:00,0.0,1.0,1.0,68.2,52.0,0.0,1.0,1.0,61.9,1.0,1.0,0.0,58.33333333,44.4,70.0,67.86666667,100.0,2.0,80.0,60.0,0,False,False,False,False,False
2025-02-11 21:15:00,0.0,1.0,1.0,68.2,52.0,0.0,1.0,1.0,62.83333333,1.0,1.0,0.0,59.0,44.4,70.0,69.53333333,100.0,2.0,80.0,60.0,0,False,False,False,False,False
2025-02-11 21:30:00,0.0,1.0,1.0,68.2,52.0,0.0,1.0,1.0,62.46666667,1.0,1.0,0.0,58.33333333,44.93333333,70.0,68.46666667,100.0,2.0,80.0,60.0,0,False,False,False,False,False
2025-02-11 21:45:00,0.0,1.0,1.0,68.2,52.0,0.0,1.0,1.0,62.73333333,1.0,1.0,0.0,58.0,44.83333333,70.0,69.33333333,100.0,2.0,80.0,60.0,0,False,False,False,False,False
2025-02-11 22:00:00,0.0,1.0,1.0,68.2,52.0,16.66666667,1.333333333,1.0,62.46666667,1.0,1.0,0.0,58.66666667,44.43333333,70.0,68.5,100.0,2.0,80.0,60.0,0,False,False,False,False,False
2025-02-11 22:15:00,0.0,1.0,1.0,68.2,52.0,0.0,1.0,1.0,62.36666667,1.0,1.0,0.0,59.0,44.53333333,70.0,68.73333333,100.0,2.0,80.0,60.0,0,False,False,False,False,False
2025-02-11 22:30:00,0.0,1.0,1.0,68.2,52.0,16.66666667,1.333333333,1.0,62.56666667,1.0,1.0,0.0,59.0,44.63333333,70.0,68.56666667,100.0,2.0,80.0,60.0,0,False,False,False,False,False
2025-02-11 22:45:00,0.0,1.0,1.0,68.2,52.0,0.0,1.0,1.0,62.4,1.0,1.0,0.0,58.66666667,45.66666667,70.0,68.76666667,100.0,2.0,80.0,60.0,0,False,False,False,False,False
2025-02-11 23:00:00,0.0,1.0,1.0,68.2,52.0,16.66666667,1.333333333,1.0,62.7,1.0,1.0,0.0,58.0,44.4,70.0,68.66666667,100.0,2.0,80.0,60.0,0,False,False,False,False,False
2025-02-11 23:15:00,0.0,1.0,1.0,68.2,52.0,0.0,1.0,1.0,62.26666667,1.0,1.0,0.0,58.66666667,45.03333333,70.0,68.5,100.0,2.0,80.0,60.0,0,False,False,False,False,False
2025-02-11 23:30:00,0.0,1.0,1.0,68.2,52.0,0.0,1.333333333,1.0,62.93333333,1.0,1.0,0.0,59.0,44.73333333,70.0,69.26666667,100.0,2.0,80.0,60.0,0,False,False,False,False,False
2025-02-11 23:45:00,0.0,1.0,1.0,68.2,52.0,0.0,1.0,1.0,62.06666667,1.0,1.0,0.0,59.0,44.7,70.0,67.96666667,100.0,2.0,80.0,60.0,0,False,False,False,False,False
2025-02-12 00:00:00,0.0,1.0,1.0,68.2,52.0,16.66666667,1.333333333,1.0,61.66666667,1.0,1.0,0.0,59.0,43.96666667,70.0,67.16666667,100.0,2.0,80.0,60.0,0,False,False,False,False,False
2025-02-12 00:15:00,0.0,1.0,1.0,68.2,52.0,0.0,1.0,1.0,62.8,1.0,1.0,0.0,59.0,44.73333333,70.0,69.46666667,100.0,2.0,80.0,60.0,1,False,False,False,False,False
2025-02-12 00:30:00,0.0,1.0,1.0,68.2,52.0,0.0,1.0,1.0,61.86666667,1.0,1.0,0.0,59.0,44.93333333,70.0,67.36666667,100.0,2.0,80.0,60.0,0,False,False,False,False,False
2025-02-12 00:45:00,0.0,1.0,1.0,68.2,52.0,16.66666667,1.333333333,1.0,62.33333333,1.0,1.0,0.0,59.0,45.1,70.0,68.36666667,100.0,2.0,80.0,60.0,0,False,False,False,False,False
2025-02-12 01:00:00,0.0,1.0,1.0,68.2,52.0,0.0,1.0,1.0,62.1,1.0,1.0,0.0,59.0,44.7,70.0,67.86666667,100.0,2.0,80.0,60.0,0,False,False,False,False,False
2025-02-12 01:15:00,0.0,1.0,1.0,68.2,52.0,16.66666667,1.333333333,1.0,62.0,1.0,1.0,0.0,59.66666667,43.4,70.0,68.03333333,100.0,2.0,80.0,60.0,0,False,False,False,False,False
2025-02-12 01:30:00,0.0,1.0,1.0,68.2,52.0,0.0,1.0,1.0,62.13333333,1.0,1.0,0.0,60.0,44.46666667,70.0,68.16666667,100.0,2.0,80.0,60.0,0,False,False,False,False,False
2025-02-12 01:45:00,0.0,1.0,1.0,68.2,52.0,16.66666667,1.0,1.0,61.93333333,1.0,1.0,0.0,60.0,43.13333333,70.0,67.73333333,100.0,2.0,80.0,60.0,0,False,False,False,False,False
2025-02-12 02:00:00,0.0,1.0,1.0,68.2,52.0,0.0,1.0,1.0,62.3,1.0,1.0,0.0,60.0,43.46666667,70.0,68.63333333,100.0,2.0,80.0,60.0,0,False,False,False,False,False
2025-02-12 02:15:00,0.0,1.0,1.0,68.2,52.0,16.66666667,1.333333333,1.0,61.56666667,1.0,1.0,0.0,59.66666667,43.0,70.0,67.06666667,100.0,2.0,80.0,60.0,0,False,False,False,False,False
2025-02-12 02:30:00,0.0,1.0,1.0,68.2,52.0,0.0,1.0,1.0,62.53333333,1.0,1.0,0.0,60.0,44.36666667,70.0,69.0,100.0,2.0,80.0,60.0,1,False,False,False,False,False
2025-02-12 02:45:00,0.0,1.0,1.0,68.2,52.0,16.66666667,1.333333333,1.0,61.6,1.0,1.0,0.0,60.0,43.23333333,70.0,67.2,100.0,2.0,80.0,60.0,0,False,False,False,False,False
2025-02-12 03:00:00,0.0,1.0,1.0,68.2,52.0,0.0,1.0,1.0,62.56666667,1.0,1.0,0.0,60.0,44.06666667,70.0,69.46666667,100.0,2.0,80.0,60.0,1,False,False,False,False,False
2025-02-12 03:15:00,0.0,1.0,1.0,68.2,52.0,16.66666667,1.333333333,1.0,62.6,1.0,1.0,0.0,60.0,43.46666667,70.0,69.2,100.0,2.0,80.0,60.0,0,False,False,False,False,False
2025-02-12 03:30:00,0.0,1.0,1.0,68.2,52.0,0.0,1.0,1.0,62.2,1.0,1.0,0.0,59.0,44.16666667,70.0,68.43333333,100.0,2.0,80.0,60.0,0,False,False,False,False,False
2025-02-12 03:45:00,0.0,1.0,1.0,68.2,52.0,0.0,1.0,1.0,62.6,1.0,1.0,0.0,59.0,45.1,70.0,69.43333333,100.0,2.0,80.0,60.0,0,False,False,False,False,False
2025-02-12 04:00:00,0.0,1.0,1.0,68.2,52.0,16.66666667,1.333333333,1.0,62.23333333,1.0,1.0,0.0,59.0,43.46666667,70.0,68.63333333,100.0,2.0,80.0,60.0,0,False,False,False,False,False
2025-02-12 04:15:00,0.0,1.0,1.0,68.2,52.0,16.66666667,1.333333333,1.0,62.2,1.0,1.0,0.0,59.0,44.16666667,70.0,68.4,100.0,2.0,80.0,60.0,0,False,False,False,False,False
2025-02-12 04:30:00,0.0,1.0,1.0,68.2,52.0,0.0,1.0,1.0,62.8,1.0,1.0,0.0,59.0,44.63333333,70.0,69.9,100.0,2.0,80.0,60.0,1,False,False,False,False,False
2025-02-12 04:45:00,0.0,1.0,1.0,68.2,52.0,16.66666667,1.333333333,1.0,62.4,1.0,1.0,0.0,59.0,44.9,70.0,68.7,100.0,2.0,80.0,60.0,0,False,False,False,False,False
2025-02-12 05:00:00,0.0,1.0,1.0,68.2,52.0,16.66666667,1.333333333,1.0,62.36666667,1.0,1.0,0.0,58.0,45.9,70.0,68.66666667,100.0,2.0,80.0,60.0,0,False,False,False,False,False
2025-02-12 05:15:00,0.0,1.0,1.0,68.2,52.0,0.0,1.0,1.0,62.86666667,1.0,1.0,0.0,58.66666667,45.5,70.0,70.0,100.0,2.0,80.0,60.0,1,False,False,False,False,False
2025-02-12 05:30:00,0.0,1.0,1.0,68.2,52.0,0.0,1.0,1.0,62.2,1.0,1.0,0.0,59.0,44.16666667,70.0,68.33333333,100.0,2.0,80.0,60.0,0,False,False,False,False,False
2025-02-12 05:45:00,0.0,1.0,1.0,68.2,52.0,0.0,1.0,1.0,62.6,1.0,1.0,0.0,59.0,44.4,70.0,69.33333333,100.0,2.0,80.0,60.0,0,False,False,False,False,False
2025-02-12 06:00:00,0.0,1.0,1.0,68.2,52.0,16.66666667,1.333333333,1.0,62.33333333,1.0,1.0,0.0,59.33333333,44.36666667,70.0,68.7,100.0,2.0,80.0,60.0,0,False,False,False,False,False
2025-02-12 06:15:00,0.0,1.0,1.0,68.2,52.0,0.0,1.0,1.0,62.4,1.0,1.0,0.0,59.33333333,45.56666667,70.0,68.66666667,100.0,2.0,80.0,60.0,0,False,False,False,False,False
2025-02-12 06:30:00,0.0,1.0,1.0,68.2,52.0,0.0,1.0,1.0,62.73333333,1.0,1.0,0.0,59.0,44.43333333,70.0,69.56666667,100.0,2.0,80.0,60.0,0,False,False,False,False,False
2025-02-12 06:45:00,0.0,1.0,1.0,68.2,52.0,16.66666667,1.333333333,1.0,62.33333333,1.0,1.0,0.0,59.0,44.4,70.0,68.66666667,100.0,2.0,80.0,60.0,0,False,False,False,False,False
2025-02-12 07:00:00,0.0,1.0,1.0,68.2,52.0,0.0,1.0,1.0,62.4,1.0,1.0,0.0,59.0,45.7,70.0,68.9,100.0,2.0,80.0,60.0,0,False,False,False,False,False
2025-02-12 07:15:00,0.0,1.0,1.0,68.2,52.0,0.0,1.0,1.0,62.8,1.0,1.0,0.0,58.33333333,45.13333333,70.0,69.66666667,100.0,2.0,80.0,60.0,0,False,False,False,False,False
2025-02-12 07:30:00,0.0,1.0,1.0,68.2,52.0,0.0,1.0,1.0,62.36666667,1.0,1.0,0.0,58.0,45.46666667,70.0,68.4,100.0,2.0,80.0,60.0,0,False,False,False,False,False
2025-02-12 07:45:00,0.0,1.0,1.0,68.2,52.0,0.0,1.0,1.0,62.66666667,1.0,1.0,0.0,58.0,45.96666667,70.0,69.36666667,100.0,2.0,80.0,60.0,0,False,False,False,False,False
2025-02-12 08:00:00,0.0,1.0,1.0,68.2,52.0,16.66666667,1.333333333,1.0,62.7,1.0,1.0,0.0,58.0,45.5,70.0,69.16666667,100.0,2.0,80.0,60.0,0,False,False,False,False,False
2025-02-12 08:15:00,0.0,1.0,1.0,68.2,52.0,16.66666667,1.333333333,1.0,62.26666667,1.0,1.0,0.0,58.33333333,45.73333333,70.0,68.26666667,100.0,2.0,80.0,60.0,0,False,False,False,False,False
2025-02-12 08:30:00,0.0,1.0,1.0,68.2,52.0,0.0,1.0,1.0,62.8,1.0,1.0,0.0,59.0,45.96666667,70.0,69.76666667,100.0,2.0,80.0,60.0,1,False,False,False,False,False
2025-02-12 08:45:00,0.0,1.0,1.0,68.2,52.0,16.66666667,1.333333333,1.0,61.9,1.0,1.0,0.0,58.33333333,45.7,70.0,67.86666667,100.0,2.0,80.0,60.0,0,False,False,False,False,False
2025-02-12 09:00:00,0.0,1.0,1.0,68.2,52.0,16.66666667,1.333333333,1.0,61.63333333,1.0,1.0,0.0,58.0,45.76666667,70.0,68.56666667,100.0,2.0,80.0,60.0,1,False,False,False,False,False
2025-02-12 09:15:00,0.0,1.0,1.0,68.2,52.0,16.66666667,1.333333333,1.0,62.4,1.0,1.0,0.0,58.33333333,45.66666667,70.0,68.73333333,100.0,2.0,80.0,60.0,0,False,False,False,False,False
2025-02-12 09:30:00,0.0,1.0,1.0,68.2,52.0,16.66666667,1.333333333,1.0,62.2,1.0,1.0,0.0,58.66666667,46.3,70.0,68.4,100.0,2.0,80.0,60.0,0,False,False,False,False,False
2025-02-12 09:45:00,0.0,1.0,1.0,68.2,52.0,0.0,1.0,1.0,62.8,1.0,1.0,0.0,58.0,46.13333333,70.0,69.73333333,100.0,2.0,80.0,60.0,1,False,False,False,False,False
2025-02-12 10:00:00,0.0,1.0,1.0,68.2,52.0,16.66666667,1.0,1.0,62.56666667,1.0,1.0,0.0,58.0,45.9,70.0,69.0,100.0,2.0,80.0,60.0,0,False,False,False,False,False
2025-02-12 10:15:00,0.0,1.0,1.0,68.2,52.0,16.66666667,1.333333333,1.0,62.2,1.0,1.0,0.0,58.0,46.26666667,70.0,68.33333333,100.0,2.0,80.0,60.0,0,False,False,False,False,False
2025-02-12 10:30:00,0.0,1.0,1.0,68.2,52.0,0.0,1.0,1.0,62.86666667,1.0,1.0,0.0,58.0,46.53333333,70.0,69.76666667,100.0,2.0,80.0,60.0,1,False,False,False,False,False
2025-02-12 10:45:00,0.0,1.0,1.0,68.2,52.0,16.66666667,1.333333333,1.0,62.46666667,1.0,1.0,0.0,58.0,46.06666667,70.0,68.7,100.0,2.0,80.0,60.0,0,False,False,False,False,False
2025-02-12 11:00:00,0.0,1.0,1.0,68.2,52.0,0.0,1.0,1.0,62.53333333,1.0,1.0,0.0,58.33333333,46.16666667,70.0,68.86666667,100.0,2.0,80.0,60.0,0,False,False,False,False,False
2025-02-12 11:15:00,0.0,1.0,1.0,68.2,52.0,16.66666667,1.333333333,1.0,62.73333333,1.0,1.0,0.0,59.0,45.1,70.0,69.3,100.0,2.0,80.0,60.0,0,False,False,False,False,False
2025-02-12 11:30:00,0.0,1.0,1.0,68.2,52.0,0.0,1.0,1.0,62.26666667,1.0,1.0,0.0,59.0,46.2,70.0,68.36666667,100.0,2.0,80.0,60.0,0,False,False,False,False,False
2025-02-12 11:45:00,0.0,1.0,1.0,68.2,52.0,0.0,1.0,1.0,62.66666667,1.0,1.0,0.0,59.0,46.83333333,70.0,69.43333333,100.0,2.0,80.0,60.0,0,False,False,False,False,False
2025-02-12 12:00:00,0.0,1.0,1.0,68.2,52.0,16.66666667,1.333333333,1.0,62.63333333,1.0,1.0,0.0,58.33333333,45.86666667,70.0,69.3,100.0,2.0,80.0,60.0,0,False,False,False,False,False
2025-02-12 12:15:00,0.0,1.0,1.0,68.2,52.0,16.66666667,1.333333333,1.0,62.26666667,1.0,1.0,0.0,59.0,45.66666667,70.0,68.3,100.0,2.0,80.0,60.0,0,False,False,False,False,False
2025-02-12 12:30:00,0.0,1.0,1.0,68.2,52.0,0.0,1.0,1.0,62.66666667,1.0,1.0,0.0,59.0,46.0,70.0,69.6,100.0,2.0,80.0,60.0,1,False,False,False,False,False
2025-02-12 12:45:00,0.0,1.0,1.0,68.2,52.0,16.66666667,1.333333333,1.0,62.23333333,1.0,1.0,0.0,59.0,45.46666667,70.0,68.66666667,100.0,2.0,80.0,60.0,0,False,False,False,False,False
2025-02-12 13:00:00,0.0,1.0,1.0,68.2,52.0,0.0,1.0,1.0,62.13333333,1.0,1.0,0.0,59.0,46.13333333,70.0,68.56666667,100.0,2.0,80.0,60.0,0,False,False,False,False,False
2025-02-12 13:15:00,0.0,1.0,1.0,68.2,52.0,16.66666667,1.333333333,1.0,62.56666667,1.0,1.0,0.0,59.0,45.33333333,70.0,69.23333333,100.0,2.0,80.0,60.0,0,False,False,False,False,False
2025-02-12 13:30:00,0.0,1.0,1.0,68.2,52.0,16.66666667,1.333333333,1.0,62.03333333,1.0,1.0,0.0,59.0,45.96666667,70.0,68.03333333,100.0,2.0,80.0,60.0,0,False,False,False,False,False
2025-02-12 13:45:00,0.0,1.0,1.0,68.2,52.0,0.0,1.0,1.0,62.73333333,1.0,1.0,0.0,59.66666667,46.56666667,70.0,69.66666667,100.0,2.0,80.0,60.0,1,False,False,False,False,False
2025-02-12 14:00:00,0.0,1.0,1.0,68.2,52.0,16.66666667,1.333333333,1.0,62.66666667,1.0,1.0,0.0,60.0,47.26666667,70.0,69.1,100.0,2.0,80.0,60.0,0,False,False,False,False,False
2025-02-12 14:15:00,0.0,1.0,1.0,68.2,52.0,0.0,1.0,1.0,62.1,1.0,1.0,0.0,59.66666667,47.4,70.0,68.3,100.0,2.0,80.0,60.0,0,False,False,False,False,False
2025-02-12 14:30:00,0.0,1.0,1.0,68.2,52.0,0.0,1.0,1.0,62.93333333,1.0,1.0,0.0,59.66666667,46.86666667,70.0,69.73333333,100.0,2.0,80.0,60.0,0,False,False,False,False,False
2025-02-12 14:45:00,0.0,1.0,1.0,68.2,52.0,0.0,1.0,1.0,62.1,1.0,1.0,0.0,61.66666667,46.76666667,70.0,68.0,100.0,2.0,80.0,60.0,0,False,False,False,False,False
2025-02-12 15:00:00,0.0,1.0,1.0,68.2,52.0,0.0,1.0,1.0,63.2,1.0,1.0,0.0,61.0,47.1,70.0,69.93333333,100.0,2.0,80.0,60.0,0,False,False,False,False,False
2025-02-12 15:15:00,0.0,1.0,1.0,68.2,52.0,0.0,1.0,1.0,62.26666667,1.0,1.0,0.0,60.66666667,47.9,70.0,68.03333333,100.0,2.0,80.0,60.0,0,False,False,False,False,False
2025-02-12 15:30:00,0.0,1.0,1.0,68.2,52.0,50.0,2.0,1.0,62.1,1.0,1.0,0.0,60.0,47.4,70.0,67.6,100.0,2.0,80.0,60.0,0,False,False,False,False,False
2025-02-12 15:45:00,0.0,1.0,1.0,70.6,52.0,0.0,1.0,1.0,62.4,1.0,1.0,0.0,56.66666667,47.63333333,70.0,68.13333333,100.0,2.0,80.0,60.0,1,False,False,False,False,False
2025-02-12 16:00:00,0.0,1.0,1.0,68.2,52.0,0.0,1.0,1.0,63.2,1.0,1.0,0.0,60.66666667,47.4,70.0,69.9,100.0,2.0,80.0,60.0,0,False,False,False,False,False
2025-02-12 16:15:00,0.0,1.0,1.0,68.2,52.0,0.0,1.0,1.0,62.7,1.0,1.0,0.0,62.0,48.26666667,70.0,68.56666667,100.0,2.0,80.0,60.0,0,False,False,False,False,False
2025-02-12 16:30:00,0.0,1.0,1.0,68.2,52.0,0.0,1.0,1.0,63.0,1.0,1.0,0.0,62.0,48.6,70.0,69.36666667,100.0,2.0,80.0,60.0,0,False,False,False,False,False
2025-02-12 16:45:00,0.0,1.0,1.0,68.2,52.0,0.0,1.0,1.0,62.16666667,1.0,1.0,0.0,63.0,48.1,70.0,68.06666667,100.0,2.0,80.0,60.0,1,False,False,False,False,False
2025-02-12 17:00:00,0.0,1.0,1.0,68.2,52.0,0.0,1.0,1.0,63.13333333,1.0,1.0,0.0,63.66666667,47.63333333,70.0,69.56666667,100.0,2.0,80.0,60.0,0,False,False,False,False,False
2025-02-12 17:15:00,0.0,1.0,1.0,68.2,52.0,16.66666667,1.333333333,1.0,62.36666667,1.0,1.0,0.0,65.33333333,47.26666667,70.0,67.93333333,100.0,2.0,80.0,60.0,0,False,False,False,False,False
2025-02-12 17:30:00,0.0,1.0,1.0,68.2,52.0,0.0,1.0,1.0,63.46666667,1.0,1.0,0.0,67.0,47.43333333,70.0,70.13333333,100.0,2.0,80.0,60.0,1,False,False,False,False,False
2025-02-12 17:45:00,0.0,1.0,1.0,68.2,52.0,0.0,1.0,1.0,62.56666667,1.0,1.0,0.0,67.0,47.9,70.0,68.33333333,100.0,2.0,80.0,60.0,0,False,False,False,False,False
2025-02-12 18:00:00,0.0,1.0,1.0,68.2,52.0,16.66666667,1.333333333,1.0,62.5,1.0,1.0,0.0,64.33333333,48.73333333,70.0,67.96666667,100.0,2.0,80.0,60.0,0,False,False,False,False,False
2025-02-12 18:15:00,0.0,1.0,1.0,68.2,52.0,0.0,1.0,1.0,63.26666667,1.0,1.0,0.0,62.66666667,50.1,70.0,69.6,100.0,2.0,80.0,60.0,1,False,False,False,False,False
2025-02-12 18:30:00,0.0,1.0,1.0,68.2,52.0,0.0,1.0,1.0,62.53333333,1.0,1.0,0.0,61.0,49.83333333,70.0,68.4,100.0,2.0,80.0,60.0,0,False,False,False,False,False
2025-02-12 18:45:00,0.0,1.0,1.0,68.2,52.0,0.0,1.0,1.0,62.33333333,1.0,1.0,0.0,62.0,49.43333333,70.0,68.06666667,100.0,2.0,80.0,60.0,0,False,False,False,False,False
2025-02-12 19:00:00,0.0,1.0,1.0,68.2,52.0,0.0,1.0,1.0,62.16666667,1.0,1.0,0.0,62.0,50.0,70.0,67.56666667,100.0,2.0,80.0,60.0,0,False,False,False,False,False
2025-02-12 19:15:00,0.0,1.0,1.0,68.2,52.0,0.0,1.0,1.0,62.3,1.0,1.0,0.0,63.0,51.03333333,70.0,67.23333333,100.0,2.0,80.0,60.0,0,False,False,False,False,False
2025-02-12 19:30:00,0.0,1.0,1.0,68.2,52.0,0.0,1.0,1.0,63.43333333,1.0,1.0,0.0,63.0,50.96666667,70.0,69.4,100.0,2.0,80.0,60.0,0,False,False,False,False,False
2025-02-12 19:45:00,0.0,1.0,1.0,68.2,52.0,0.0,1.0,1.0,62.73333333,1.0,1.0,0.0,61.66666667,51.43333333,70.0,67.86666667,100.0,2.0,80.0,60.0,0,False,False,False,False,False
2025-02-12 20:00:00,0.0,1.0,1.0,68.2,52.0,0.0,1.0,1.0,62.16666667,1.0,1.0,0.0,64.66666667,49.46666667,70.0,67.5,100.0,2.0,80.0,60.0,0,False,False,False,False,False
2025-02-12 20:15:00,0.0,1.0,1.0,68.2,52.0,16.66666667,1.333333333,1.0,62.63333333,1.0,1.0,0.0,66.66666667,49.76666667,70.0,68.33333333,100.0,2.0,80.0,60.0,0,False,False,False,False,False
2025-02-12 20:30:00,0.0,1.0,1.0,68.2,52.0,0.0,1.0,1.0,63.1,1.0,1.0,0.0,66.33333333,51.3,70.0,69.0,100.0,2.0,80.0,60.0,0,False,False,False,False,False
2025-02-12 20:45:00,0.0,1.0,1.0,68.2,52.0,0.0,1.0,1.0,62.63333333,1.0,1.0,0.0,64.0,50.96666667,70.0,68.03333333,100.0,2.0,80.0,60.0,0,False,False,False,False,False
2025-02-12 21:00:00,0.0,1.0,1.0,68.2,52.0,0.0,1.0,1.0,62.4,1.0,1.0,0.0,65.0,50.2,70.0,67.56666667,100.0,2.0,80.0,60.0,0,False,False,False,False,False
2025-02-12 21:15:00,0.0,1.0,1.0,68.2,52.0,16.66666667,1.333333333,1.0,62.83333333,1.0,1.0,0.0,65.33333333,50.36666667,70.0,68.06666667,100.0,2.0,80.0,60.0,0,False,False,False,False,False
2025-02-12 21:30:00,0.0,1.0,1.0,68.2,52.0,0.0,1.0,1.0,63.13333333,1.0,1.0,0.0,66.0,51.4,70.0,68.63333333,100.0,2.0,80.0,60.0,0,False,False,False,False,False
2025-02-12 21:45:00,0.0,1.0,1.0,68.2,52.0,0.0,1.0,1.0,62.43333333,1.0,1.0,0.0,69.0,49.3,70.0,67.33333333,100.0,2.0,80.0,60.0,0,False,False,False,False,False
2025-02-12 22:00:00,0.0,1.0,1.0,68.2,52.0,0.0,1.0,1.0,63.26666667,1.0,1.0,0.0,69.66666667,49.4,70.0,68.56666667,100.0,2.0,80.0,60.0,0,False,False,False,False,False
2025-02-12 22:15:00,0.0,1.0,1.0,68.2,52.0,0.0,1.0,1.0,62.63333333,1.0,1.0,0.0,70.0,49.5,70.0,67.66666667,100.0,2.0,80.0,60.0,0,False,False,False,False,False
2025-02-12 22:30:00,0.0,1.0,1.0,68.2,52.0,33.33333333,1.333333333,1.0,63.06666667,1.0,1.0,0.0,71.0,49.23333333,70.0,68.26666667,100.0,2.0,80.0,60.0,0,False,False,False,False,False
2025-02-12 22:45:00,0.0,1.0,1.0,68.2,52.0,0.0,1.0,1.0,62.93333333,1.0,1.0,0.0,71.0,50.26666667,70.0,68.13333333,100.0,2.0,80.0,60.0,0,False,False,False,False,False
2025-02-12 23:00:00,0.0,1.0,1.0,68.2,52.0,16.66666667,1.333333333,1.0,62.53333333,1.0,1.0,0.0,70.66666667,50.06666667,70.0,67.26666667,100.0,2.0,80.0,60.0,0,False,False,False,False,False
2025-02-12 23:15:00,0.0,1.0,1.0,68.2,52.0,0.0,1.0,1.0,63.63333333,1.0,1.0,0.0,68.33333333,51.33333333,70.0,69.4,100.0,2.0,80.0,60.0,1,False,False,False,False,False
2025-02-12 23:30:00,0.0,1.0,1.0,68.2,52.0,0.0,1.0,1.0,62.6,1.0,1.0,0.0,69.0,51.13333333,70.0,67.5,100.0,2.0,80.0,60.0,0,False,False,False,False,False
2025-02-12 23:45:00,0.0,1.0,1.0,68.2,52.0,16.66666667,1.333333333,1.0,63.33333333,1.0,1.0,0.0,68.33333333,51.16666667,70.0,68.36666667,100.0,2.0,80.0,60.0,0,False,False,False,False,False
2025-02-13 00:00:00,0.0,1.0,1.0,68.2,52.0,0.0,1.0,1.0,62.96666667,1.0,1.0,0.0,68.33333333,51.96666667,70.0,67.93333333,100.0,2.0,80.0,60.0,0,False,False,False,False,False
2025-02-13 00:15:00,0.0,1.0,1.0,68.2,52.0,0.0,1.0,1.0,62.9,1.0,1.0,0.0,69.0,50.93333333,70.0,67.36666667,100.0,2.0,80.0,60.0,0,False,False,False,False,False
2025-02-13 00:30:00,0.0,1.0,1.0,68.2,52.0,0.0,1.0,1.0,63.7,1.0,1.0,0.0,66.33333333,52.6,70.0,69.2,100.0,2.0,80.0,60.0,0,False,False,False,False,False
2025-02-13 00:45:00,0.0,1.0,1.0,68.2,52.0,0.0,1.0,1.0,62.76666667,1.0,1.0,0.0,64.66666667,52.5,70.0,67.5,100.0,2.0,80.0,60.0,0,False,False,False,False,False
2025-02-13 01:00:00,0.0,1.0,1.0,68.2,52.0,16.66666667,1.333333333,1.0,63.4,1.0,1.0,0.0,65.0,51.96666667,70.0,68.53333333,100.0,2.0,80.0,60.0,0,False,False,False,False,False
2025-02-13 01:15:00,0.0,1.0,1.0,68.2,52.0,0.0,1.0,1.0,63.03333333,1.0,1.0,0.0,63.33333333,53.13333333,70.0,67.93333333,100.0,2.0,80.0,60.0,0,False,False,False,False,False
2025-02-13 01:30:00,0.0,1.0,1.0,68.2,52.0,16.66666667,1.333333333,1.0,62.66666667,1.0,1.0,0.0,63.0,52.1,70.0,67.13333333,100.0,2.0,80.0,60.0,0,False,False,False,False,False
2025-02-13 01:45:00,0.0,1.0,1.0,68.2,52.0,0.0,1.0,1.0,63.73333333,1.0,1.0,0.0,63.66666667,53.4,70.0,69.3,100.0,2.0,80.0,60.0,1,False,False,False,False,False
2025-02-13 02:00:00,0.0,1.0,1.0,68.2,52.0,0.0,1.0,1.0,62.86666667,1.0,1.0,0.0,64.0,52.43333333,70.0,67.53333333,100.0,2.0,80.0,60.0,0,False,False,False,False,False
2025-02-13 02:15:00,0.0,1.0,1.0,68.2,52.0,16.66666667,1.333333333,1.0,63.33333333,1.0,1.0,0.0,63.33333333,51.83333333,70.0,68.2,100.0,2.0,80.0,60.0,0,False,False,False,False,False
2025-02-13 02:30:00,0.0,1.0,1.0,68.2,52.0,0.0,1.0,1.0,63.2,1.0,1.0,0.0,63.0,52.46666667,70.0,68.26666667,100.0,2.0,80.0,60.0,0,False,False,False,False,False
2025-02-13 02:45:00,0.0,1.0,1.0,68.2,52.0,16.66666667,1.333333333,1.0,62.7,1.0,1.0,0.0,66.0,52.0,70.0,67.26666667,100.0,2.0,80.0,60.0,0,False,False,False,False,False
2025-02-13 03:00:00,0.0,1.0,1.0,68.2,52.0,0.0,1.0,1.0,64.03333333,1.0,1.0,0.0,66.66666667,52.8,70.0,69.23333333,100.0,2.0,80.0,60.0,1,False,False,False,False,False
2025-02-13 03:15:00,0.0,1.0,1.0,68.2,52.0,0.0,1.0,1.0,62.93333333,1.0,1.0,0.0,65.33333333,49.63333333,70.0,67.6,100.0,2.0,80.0,60.0,0,False,False,False,False,False
2025-02-13 03:30:00,0.0,1.0,1.0,68.2,52.0,16.66666667,1.0,1.0,63.06666667,1.0,1.0,0.0,66.33333333,48.63333333,70.0,67.9,100.0,2.0,80.0,60.0,0,False,False,False,False,False
2025-02-13 03:45:00,0.0,1.0,1.0,68.2,52.0,0.0,1.0,1.0,63.36666667,1.0,1.0,0.0,66.0,49.53333333,70.0,68.96666667,100.0,2.0,80.0,60.0,0,False,False,False,False,False
2025-02-13 04:00:00,0.0,1.0,1.0,68.2,52.0,0.0,1.0,1.0,62.63333333,1.0,1.0,0.0,66.33333333,47.63333333,70.0,67.43333333,100.0,2.0,80.0,60.0,0,False,False,False,False,False
2025-02-13 04:15:00,0.0,1.0,1.0,68.2,52.0,16.66666667,1.333333333,1.0,63.3,1.0,1.0,0.0,67.0,47.73333333,70.0,68.66666667,100.0,2.0,80.0,60.0,0,False,False,False,False,False
2025-02-13 04:30:00,0.0,1.0,1.0,68.2,52.0,0.0,1.0,1.0,62.9,1.0,1.0,0.0,67.0,47.33333333,70.0,68.0,100.0,2.0,80.0,60.0,0,False,False,False,False,False
2025-02-13 04:45:00,0.0,1.0,1.0,68.2,52.0,0.0,1.0,1.0,62.46666667,1.0,1.0,0.0,66.0,46.13333333,70.0,67.23333333,100.0,2.0,80.0,60.0,0,False,False,False,False,False
2025-02-13 05:00:00,0.0,1.0,1.0,68.2,52.0,0.0,1.0,1.0,63.6,1.0,1.0,0.0,66.0,46.5,70.0,69.56666667,100.0,2.0,80.0,60.0,0,False,False,False,False,False
2025-02-13 05:15:00,0.0,1.0,1.0,68.2,52.0,16.66666667,1.333333333,1.0,63.16666667,1.0,1.0,0.0,65.0,46.36666667,70.0,68.7,100.0,2.0,80.0,60.0,0,False,False,False,False,False
2025-02-13 05:30:00,0.0,1.0,1.0,68.2,52.0,0.0,1.0,1.0,63.03333333,1.0,1.0,0.0,65.0,46.1,70.0,69.0,100.0,2.0,80.0,60.0,0,False,False,False,False,False
2025-02-13 05:45:00,0.0,1.0,1.0,68.2,52.0,16.66666667,1.333333333,1.0,62.73333333,1.0,1.0,0.0,65.0,44.36666667,70.0,68.53333333,100.0,2.0,80.0,60.0,0,False,False,False,False,False
2025-02-13 06:00:00,0.0,1.0,1.0,68.2,52.0,0.0,1.0,1.0,62.93333333,1.0,1.0,0.0,64.66666667,45.5,70.0,68.76666667,100.0,2.0,80.0,60.0,0,False,False,False,False,False
2025-02-13 06:15:00,0.0,1.0,1.0,68.2,52.0,0.0,1.0,1.0,62.3,1.0,1.0,0.0,63.33333333,45.86666667,70.0,67.43333333,100.0,2.0,80.0,60.0,0,False,False,False,False,False
2025-02-13 06:30:00,0.0,1.0,1.0,68.2,52.0,16.66666667,1.333333333,1.0,62.9,1.0,1.0,0.0,63.66666667,44.8,70.0,68.66666667,100.0,2.0,80.0,60.0,0,False,False,False,False,False
2025-02-13 06:45:00,0.0,1.0,1.0,68.2,52.0,0.0,1.0,1.0,62.43333333,1.0,1.0,0.0,64.0,44.73333333,70.0,67.73333333,100.0,2.0,80.0,60.0,0,False,False,False,False,False
2025-02-13 07:00:00,0.0,1.0,1.0,68.2,52.0,16.66666667,1.333333333,1.0,62.53333333,1.0,1.0,0.0,64.0,44.36666667,70.0,67.93333333,100.0,2.0,80.0,60.0,0,False,False,False,False,False
2025-02-13 07:15:00,0.0,1.0,1.0,68.2,52.0,0.0,1.0,1.0,62.66666667,1.0,1.0,0.0,63.0,44.93333333,70.0,68.3,100.0,2.0,80.0,60.0,0,False,False,False,False,False
2025-02-13 07:30:00,0.0,1.0,1.0,68.2,52.0,16.66666667,1.333333333,1.0,62.1,1.0,1.0,0.0,63.0,43.73333333,70.0,67.16666667,100.0,2.0,80.0,60.0,0,False,False,False,False,False
2025-02-13 07:45:00,0.0,1.0,1.0,68.2,52.0,0.0,1.0,1.0,63.1,1.0,1.0,0.0,63.0,44.33333333,70.0,69.4,100.0,2.0,80.0,60.0,1,False,False,False,False,False
2025-02-13 08:00:00,0.0,1.0,1.0,68.2,52.0,0.0,1.0,1.0,62.03333333,1.0,1.0,0.0,62.33333333,42.3,70.0,67.36666667,100.0,2.0,80.0,60.0,0,False,False,False,False,False
2025-02-13 08:15:00,0.0,1.0,1.0,68.2,52.0,16.66666667,1.333333333,1.0,62.73333333,1.0,1.0,0.0,63.0,41.96666667,70.0,68.86666667,100.0,2.0,80.0,60.0,0,False,False,False,False,False
2025-02-13 08:30:00,0.0,1.0,1.0,68.2,52.0,0.0,1.0,1.0,62.6,1.0,1.0,0.0,62.0,43.23333333,70.0,68.56666667,100.0,2.0,80.0,60.0,0,False,False,False,False,False
2025-02-13 08:45:00,0.0,1.0,1.0,68.2,52.0,0.0,1.0,1.0,62.73333333,1.0,1.0,0.0,61.0,44.1,70.0,69.2,100.0,2.0,80.0,60.0,0,False,False,False,False,False
2025-02-13 09:00:00,0.0,1.0,1.0,68.2,52.0,0.0,1.0,1.0,62.5,1.0,1.0,0.0,61.0,43.3,70.0,68.56666667,100.0,2.0,80.0,60.0,0,False,False,False,False,False
2025-02-13 09:15:00,0.0,1.0,1.0,68.2,52.0,16.66666667,1.0,1.0,62.63333333,1.0,1.0,0.0,61.0,43.83333333,70.0,68.76666667,100.0,2.0,80.0,60.0,0,False,False,False,False,False
2025-02-13 09:30:00,0.0,1.0,1.0,68.2,52.0,0.0,1.0,1.0,62.83333333,1.0,1.0,0.0,59.0,45.33333333,70.0,69.1,100.0,2.0,80.0,60.0,0,False,False,False,False,False
2025-02-13 09:45:00,0.0,1.0,1.0,68.2,52.0,16.66666667,1.333333333,1.0,62.76666667,1.0,1.0,0.0,58.66666667,42.73333333,70.0,68.83333333,100.0,2.0,80.0,60.0,0,False,False,False,False,False
2025-02-13 10:00:00,0.0,1.0,1.0,68.2,52.0,16.66666667,1.333333333,1.0,62.2,1.0,1.0,0.0,59.0,41.96666667,70.0,68.2,100.0,2.0,80.0,60.0,0,False,False,False,False,False
2025-02-13 10:15:00,0.0,1.0,1.0,68.2,52.0,0.0,1.0,1.0,62.8,1.0,1.0,0.0,59.0,41.73333333,70.0,69.7,100.0,2.0,80.0,60.0,1,False,False,False,False,False
2025-02-13 10:30:00,0.0,1.0,1.0,68.2,52.0,16.66666667,1.333333333,1.0,62.53333333,1.0,1.0,0.0,59.66666667,41.8,70.0,69.0,100.0,2.0,80.0,60.0,0,False,False,False,False,False
2025-02-13 10:45:00,0.0,1.0,1.0,68.2,52.0,16.66666667,1.333333333,1.0,62.33333333,1.0,1.0,0.0,57.66666667,43.16666667,70.0,68.2,100.0,2.0,80.0,60.0,0,False,False,False,False,False
2025-02-13 11:00:00,0.0,1.0,1.0,68.2,52.0,0.0,1.0,1.0,63.06666667,1.0,1.0,0.0,55.66666667,43.66666667,70.0,70.0,100.0,2.0,80.0,60.0,1,False,False,False,False,False
2025-02-13 11:15:00,0.0,1.0,1.0,68.2,52.0,16.66666667,1.333333333,1.0,62.4,1.0,1.0,0.0,55.0,42.9,70.0,68.66666667,100.0,2.0,80.0,60.0,0,False,False,False,False,False
2025-02-13 11:30:00,0.0,1.0,1.0,68.2,52.0,0.0,1.0,1.0,62.33333333,1.0,1.0,0.0,54.66666667,43.8,70.0,68.66666667,100.0,2.0,80.0,60.0,0,False,False,False,False,False
2025-02-13 11:45:00,0.0,1.0,1.0,68.2,52.0,0.0,1.0,1.0,62.83333333,1.0,1.0,0.0,54.0,42.56666667,70.0,69.76666667,100.0,2.0,80.0,60.0,0,False,False,False,False,False
2025-02-13 12:00:00,0.0,1.0,1.0,68.2,52.0,16.66666667,1.333333333,1.0,62.33333333,1.0,1.0,0.0,53.66666667,42.06666667,70.0,68.8,100.0,2.0,80.0,60.0,0,False,False,False,False,False
2025-02-13 12:15:00,0.0,1.0,1.0,68.2,52.0,16.66666667,1.333333333,1.0,62.2,1.0,1.0,0.0,52.33333333,42.4,70.0,68.6,100.0,2.0,80.0,60.0,0,False,False,False,False,False
2025-02-13 12:30:00,0.0,1.0,1.0,68.2,52.0,0.0,1.0,1.0,62.63333333,1.0,1.0,0.0,51.33333333,43.33333333,70.0,69.76666667,100.0,2.0,80.0,60.0,1,False,False,False,False,False
2025-02-13 12:45:00,0.0,1.0,1.0,68.2,52.0,16.66666667,1.333333333,1.0,62.3,1.0,1.0,0.0,51.0,42.16666667,70.0,68.73333333,100.0,2.0,80.0,60.0,0,False,False,False,False,False
2025-02-13 13:00:00,0.0,1.0,1.0,68.2,52.0,16.66666667,1.333333333,1.0,61.93333333,1.0,1.0,0.0,51.0,42.2,70.0,68.33333333,100.0,2.0,80.0,60.0,0,False,False,False,False,False
2025-02-13 13:15:00,0.0,1.0,1.0,68.2,52.0,0.0,1.0,1.0,62.56666667,1.0,1.0,0.0,51.33333333,42.23333333,70.0,69.83333333,100.0,2.0,80.0,60.0,1,False,False,False,False,False
2025-02-13 13:30:00,0.0,1.0,1.0,68.2,52.0,16.66666667,1.333333333,1.0,62.2,1.0,1.0,0.0,51.0,42.9,70.0,68.66666667,100.0,2.0,80.0,60.0,0,False,False,False,False,False
2025-02-13 13:45:00,0.0,1.0,1.0,68.2,52.0,0.0,1.0,1.0,62.1,1.0,1.0,0.0,50.0,43.96666667,70.0,68.56666667,100.0,2.0,80.0,60.0,0,False,False,False,False,False
2025-02-13 14:00:00,0.0,1.0,1.0,68.2,52.0,0.0,1.0,1.0,62.66666667,1.0,1.0,0.0,50.0,42.86666667,70.0,69.6,100.0,2.0,80.0,60.0,0,False,False,False,False,False
2025-02-13 14:15:00,0.0,1.0,1.0,68.2,52.0,0.0,1.0,1.0,61.93333333,1.0,1.0,0.0,49.66666667,42.9,70.0,68.03333333,100.0,2.0,80.0,60.0,0,False,False,False,False,False
2025-02-13 14:30:00,0.0,1.0,1.0,68.2,52.0,0.0,1.0,1.0,62.3,1.0,1.0,0.0,48.33333333,43.3,70.0,69.56666667,100.0,2.0,80.0,60.0,0,False,False,False,False,False
2025-02-13 14:45:00,0.0,1.0,1.0,68.2,52.0,16.66666667,1.333333333,1.0,62.06666667,1.0,1.0,0.0,48.0,42.96666667,70.0,68.73333333,100.0,2.0,80.0,60.0,0,False,False,False,False,False
2025-02-13 15:00:00,0.0,1.0,1.0,68.2,52.0,0.0,1.0,1.0,62.0,1.0,1.0,0.0,47.0,43.4,70.0,68.43333333,100.0,2.0,80.0,60.0,0,False,False,False,False,False
2025-02-13 15:15:00,0.0,1.0,1.0,68.2,52.0,0.0,1.0,1.0,62.63333333,1.0,1.0,0.0,46.66666667,43.86666667,70.0,69.86666667,100.0,2.0,80.0,60.0,0,False,False,False,False,False
2025-02-13 15:30:00,0.0,1.0,1.0,68.2,52.0,0.0,1.0,1.0,61.6,1.0,1.0,0.0,46.0,42.7,70.0,68.2,100.0,2.0,80.0,60.0,0,False,False,False,False,False
2025-02-13 15:45:00,0.0,1.0,1.0,68.2,52.0,16.66666667,1.333333333,1.0,61.4,1.0,1.0,0.0,46.33333333,40.86666667,70.0,67.9,100.0,2.0,80.0,60.0,0,False,False,False,False,False
2025-02-13 16:00:00,0.0,1.0,1.0,68.2,52.0,0.0,1.0,1.0,62.3,1.0,1.0,0.0,46.0,42.03333333,70.0,69.43333333,100.0,2.0,80.0,60.0,1,False,False,False,False,False
2025-02-13 16:15:00,0.0,1.0,1.0,68.2,52.0,16.66666667,1.333333333,1.0,61.96666667,1.0,1.0,0.0,46.0,41.96666667,70.0,68.76666667,100.0,2.0,80.0,60.0,0,False,False,False,False,False
2025-02-13 16:30:00,0.0,1.0,1.0,68.2,52.0,0.0,1.0,1.0,61.86666667,1.0,1.0,0.0,45.33333333,42.8,70.0,68.5,100.0,2.0,80.0,60.0,0,False,False,False,False,False
2025-02-13 16:45:00,0.0,1.0,1.0,68.2,52.0,0.0,1.0,1.0,61.73333333,1.0,1.0,0.0,45.33333333,40.86666667,70.0,68.43333333,100.0,2.0,80.0,60.0,0,False,False,False,False,False
2025-02-13 17:00:00,0.0,1.0,1.0,68.2,52.0,0.0,1.0,1.0,61.8,1.0,1.0,0.0,46.33333333,40.36666667,70.0,69.13333333,100.0,2.0,80.0,60.0,0,False,False,False,False,False
2025-02-13 17:15:00,0.0,1.0,1.0,68.2,52.0,0.0,1.0,1.0,61.2,1.0,1.0,0.0,46.66666667,40.46666667,70.0,67.5,100.0,2.0,80.0,60.0,0,False,False,False,False,False
2025-02-13 17:30:00,0.0,1.0,1.0,68.2,52.0,16.66666667,1.333333333,1.0,61.5,1.0,1.0,0.0,47.33333333,40.76666667,70.0,68.33333333,100.0,2.0,80.0,60.0,0,False,False,False,False,False
2025-02-13 17:45:00,0.0,1.0,1.0,68.2,52.0,0.0,1.0,1.0,61.46666667,1.0,1.0,0.0,46.33333333,41.9,70.0,68.2,100.0,2.0,80.0,60.0,0,False,False,False,False,False
2025-02-13 18:00:00,0.0,1.0,1.0,68.2,52.0,0.0,1.0,1.0,60.8,1.0,1.0,0.0,46.0,40.1,70.0,67.36666667,100.0,2.0,80.0,60.0,0,False,False,False,False,False
2025-02-13 18:15:00,0.0,1.0,1.0,68.2,52.0,16.66666667,1.333333333,1.0,61.53333333,1.0,1.0,0.0,46.33333333,39.93333333,70.0,68.7,100.0,2.0,80.0,60.0,0,False,False,False,False,False
2025-02-13 18:30:00,0.0,1.0,1.0,68.2,52.0,0.0,1.0,1.0,61.36666667,1.0,1.0,0.0,46.0,40.9,70.0,68.76666667,100.0,2.0,80.0,60.0,0,False,False,False,False,False
2025-02-13 18:45:00,0.0,1.0,1.0,68.2,52.0,0.0,1.0,1.0,60.8,1.0,1.0,0.0,45.0,40.9,70.0,68.0,100.0,2.0,80.0,60.0,0,False,False,False,False,False
2025-02-13 19:00:00,0.0,1.0,1.0,68.2,52.0,0.0,1.0,1.0,60.7,1.0,1.0,0.0,45.0,40.4,70.0,67.26666667,100.0,2.0,80.0,60.0,0,False,False,False,False,False
2025-02-13 19:15:00,0.0,1.0,1.0,68.2,52.0,16.66666667,1.333333333,1.0,61.4,1.0,1.0,0.0,45.0,41.33333333,70.0,68.1,100.0,2.0,80.0,60.0,0,False,False,False,False,False
2025-02-13 19:30:00,0.0,1.0,1.0,68.2,52.0,0.0,1.0,1.0,61.06666667,1.0,1.0,0.0,45.0,41.83333333,70.0,67.63333333,100.0,2.0,80.0,60.0,0,False,False,False,False,False
2025-02-13 19:45:00,0.0,1.0,1.0,68.2,52.0,16.66666667,1.333333333,1.0,61.76666667,1.0,1.0,0.0,45.0,41.36666667,70.0,68.6,100.0,2.0,80.0,60.0,0,False,False,False,False,False
2025-02-13 20:00:00,0.0,1.0,1.0,68.2,52.0,0.0,1.0,1.0,61.4,1.0,1.0,0.0,44.0,42.36666667,70.0,68.1,100.0,2.0,80.0,60.0,0,False,False,False,False,False
2025-02-13 20:15:00,0.0,1.0,1.0,68.2,52.0,0.0,1.0,1.0,62.03333333,1.0,1.0,0.0,43.0,44.4,70.0,69.4,100.0,2.0,80.0,60.0,0,False,False,False,False,False
2025-02-13 20:30:00,0.0,1.0,1.0,68.2,52.0,16.66666667,1.333333333,1.0,61.66666667,1.0,1.0,0.0,43.0,44.63333333,70.0,68.56666667,100.0,2.0,80.0,60.0,0,False,False,False,False,False
2025-02-13 20:45:00,0.0,1.0,1.0,68.2,52.0,0.0,1.0,1.0,61.86666667,1.0,1.0,0.0,42.0,45.3,70.0,69.26666667,100.0,2.0,80.0,60.0,0,False,False,False,False,False
2025-02-13 21:00:00,0.0,1.0,1.0,68.2,52.0,16.66666667,1.333333333,1.0,61.16666667,1.0,1.0,0.0,42.0,44.7,70.0,67.8,100.0,2.0,80.0,60.0,0,False,False,False,False,False
2025-02-13 21:15:00,0.0,1.0,1.0,68.2,52.0,0.0,1.0,1.0,62.23333333,1.0,1.0,0.0,41.66666667,44.86666667,70.0,69.46666667,100.0,2.0,80.0,60.0,1,False,False,False,False,False
2025-02-13 21:30:00,0.0,1.0,1.0,68.2,52.0,16.66666667,1.333333333,1.0,62.16666667,1.0,1.0,0.0,41.66666667,43.3,70.0,68.96666667,100.0,2.0,80.0,60.0,0,False,False,False,False,False
2025-02-13 21:45:00,0.0,1.0,1.0,68.2,52.0,16.66666667,1.0,1.0,61.8,1.0,1.0,0.0,41.33333333,43.46666667,70.0,68.33333333,100.0,2.0,80.0,60.0,0,False,False,False,False,False
2025-02-13 22:00:00,0.0,1.0,1.0,68.2,52.0,0.0,1.0,1.0,62.16666667,1.0,1.0,0.0,42.0,43.56666667,70.0,69.46666667,100.0,2.0,80.0,60.0,1,False,False,False,False,False
2025-02-13 22:15:00,0.0,1.0,1.0,68.2,52.0,0.0,1.0,1.0,62.26666667,1.0,1.0,0.0,41.66666667,43.53333333,70.0,69.53333333,100.0,2.0,80.0,60.0,0,False,False,False,False,False
2025-02-13 22:30:00,0.0,1.0,1.0,68.2,52.0,16.66666667,1.333333333,1.0,61.53333333,1.0,1.0,0.0,40.33333333,42.6,70.0,68.03333333,100.0,2.0,80.0,60.0,0,False,False,False,False,False
2025-02-13 22:45:00,0.0,1.0,1.0,68.2,52.0,0.0,1.0,1.0,61.86666667,1.0,1.0,0.0,40.0,42.7,70.0,69.46666667,100.0,2.0,80.0,60.0,1,False,False,False,False,False
2025-02-13 23:00:00,0.0,1.0,1.0,68.2,52.0,16.66666667,1.333333333,1.0,61.46666667,1.0,1.0,0.0,41.0,41.63333333,70.0,68.46666667,100.0,2.0,80.0,60.0,0,False,False,False,False,False
2025-02-13 23:15:00,0.0,1.0,1.0,68.2,52.0,0.0,1.0,1.0,61.23333333,1.0,1.0,0.0,41.0,41.3,70.0,68.26666667,100.0,2.0,80.0,60.0,0,False,False,False,False,False
2025-02-13 23:30:00,0.0,1.0,1.0,68.2,52.0,16.66666667,1.333333333,1.0,60.96666667,1.0,1.0,0.0,41.66666667,38.73333333,70.0,67.8,100.0,2.0,80.0,60.0,0,False,False,False,False,False
2025-02-13 23:45:00,0.0,1.0,1.0,68.2,52.0,0.0,1.0,1.0,60.86666667,1.0,1.0,0.0,42.0,38.3,70.0,68.46666667,100.0,2.0,80.0,60.0,0,False,False,False,False,False
2025-02-14 00:00:00,0.0,1.0,1.0,68.2,52.0,16.66666667,1.333333333,1.0,60.73333333,1.0,1.0,0.0,42.33333333,37.1,70.0,67.8,100.0,2.0,80.0,60.0,0,False,False,False,False,False
2025-02-14 00:15:00,0.0,1.0,1.0,68.2,52.0,0.0,1.0,1.0,60.63333333,1.0,1.0,0.0,42.66666667,39.5,70.0,68.06666667,100.0,2.0,80.0,60.0,0,False,False,False,False,False
2025-02-14 00:30:00,0.0,1.0,1.0,68.2,52.0,16.66666667,1.333333333,1.0,61.0,1.0,1.0,0.0,42.0,39.76666667,70.0,68.46666667,100.0,2.0,80.0,60.0,0,False,False,False,False,False
2025-02-14 00:45:00,0.0,1.0,1.0,68.2,52.0,16.66666667,1.0,1.0,60.26666667,1.0,1.0,0.0,42.0,39.6,70.0,67.26666667,100.0,2.0,80.0,60.0,0,False,False,False,False,False
2025-02-14 01:00:00,0.0,1.0,1.0,68.2,52.0,0.0,1.0,1.0,61.23333333,1.0,1.0,0.0,43.0,38.96666667,70.0,69.3,100.0,2.0,80.0,60.0,1,False,False,False,False,False
2025-02-14 01:15:00,0.0,1.0,1.0,68.2,52.0,0.0,1.0,1.0,59.76666667,1.0,1.0,0.0,42.0,38.53333333,70.0,66.8,100.0,2.0,80.0,60.0,0,False,False,False,False,False
2025-02-14 01:30:00,0.0,1.0,1.0,68.2,52.0,0.0,1.0,1.0,60.9,1.0,1.0,0.0,43.66666667,38.3,70.0,68.96666667,100.0,2.0,80.0,60.0,0,False,False,False,False,False
2025-02-14 01:45:00,0.0,1.0,1.0,68.2,52.0,16.66666667,1.333333333,1.0,60.16666667,1.0,1.0,0.0,43.33333333,37.83333333,70.0,67.73333333,100.0,2.0,80.0,60.0,0,False,False,False,False,False
2025-02-14 02:00:00,0.0,1.0,1.0,68.2,52.0,0.0,1.0,1.0,60.43333333,1.0,1.0,0.0,44.0,39.36666667,70.0,68.0,100.0,2.0,80.0,60.0,0,False,False,False,False,False
2025-02-14 02:15:00,0.0,1.0,1.0,68.2,52.0,16.66666667,1.333333333,1.0,60.83333333,1.0,1.0,0.0,44.0,37.73333333,70.0,68.86666667,100.0,2.0,80.0,60.0,0,False,False,False,False,False
2025-02-14 02:30:00,0.0,1.0,1.0,68.2,52.0,0.0,1.0,1.0,60.2,1.0,1.0,0.0,43.66666667,37.66666667,70.0,67.3,100.0,2.0,80.0,60.0,0,False,False,False,False,False
2025-02-14 02:45:00,0.0,1.0,1.0,68.2,52.0,0.0,1.0,1.0,61.1,1.0,1.0,0.0,43.66666667,38.43333333,70.0,69.16666667,100.0,2.0,80.0,60.0,0,False,False,False,False,False
2025-02-14 03:00:00,0.0,1.0,1.0,68.2,52.0,16.66666667,1.333333333,1.0,59.93333333,1.0,1.0,0.0,42.33333333,37.26666667,70.0,67.3,100.0,2.0,80.0,60.0,0,False,False,False,False,False
2025-02-14 03:15:00,0.0,1.0,1.0,68.2,52.0,0.0,1.0,1.0,60.53333333,1.0,1.0,0.0,42.66666667,36.4,70.0,68.63333333,100.0,2.0,80.0,60.0,0,False,False,False,False,False
2025-02-14 03:30:00,0.0,1.0,1.0,68.2,52.0,16.66666667,1.333333333,1.0,60.43333333,1.0,1.0,0.0,43.33333333,35.43333333,70.0,68.66666667,100.0,2.0,80.0,60.0,0,False,False,False,False,False
2025-02-14 03:45:00,0.0,1.0,1.0,68.2,52.0,0.0,1.0,1.0,59.66666667,1.0,1.0,0.0,43.0,36.76666667,70.0,67.36666667,100.0,2.0,80.0,60.0,0,False,False,False,False,False
2025-02-14 04:00:00,0.0,1.0,1.0,68.2,52.0,0.0,1.0,1.0,60.46666667,1.0,1.0,0.0,43.66666667,36.3,70.0,68.86666667,100.0,2.0,80.0,60.0,0,False,False,False,False,False
2025-02-14 04:15:00,0.0,1.0,1.0,68.2,52.0,16.66666667,1.333333333,1.0,59.66666667,1.0,1.0,0.0,44.0,36.66666667,70.0,66.93333333,100.0,2.0,80.0,60.0,0,False,False,False,False,False
2025-02-14 04:30:00,0.0,1.0,1.0,68.2,52.0,0.0,1.0,1.0,60.33333333,1.0,1.0,0.0,44.0,36.33333333,70.0,68.66666667,100.0,2.0,80.0,60.0,1,False,False,False,False,False
2025-02-14 04:45:00,0.0,1.0,1.0,68.2,52.0,0.0,1.0,1.0,60.3,1.0,1.0,0.0,43.66666667,35.3,70.0,68.4,100.0,2.0,80.0,60.0,0,False,False,False,False,False
2025-02-14 05:00:00,0.0,1.0,1.0,68.2,52.0,0.0,1.0,1.0,59.96666667,1.0,1.0,0.0,43.0,36.33333333,70.0,67.56666667,100.0,2.0,80.0,60.0,0,False,False,False,False,False
2025-02-14 05:15:00,0.0,1.0,1.0,68.2,52.0,0.0,1.0,1.0,60.33333333,1.0,1.0,0.0,42.33333333,35.5,70.0,68.66666667,100.0,2.0,80.0,60.0,0,False,False,False,False,False
2025-02-14 05:30:00,0.0,1.0,1.0,68.2,52.0,16.66666667,1.333333333,1.0,59.96666667,1.0,1.0,0.0,42.33333333,34.83333333,70.0,67.83333333,100.0,2.0,80.0,60.0,0,False,False,False,False,False
2025-02-14 05:45:00,0.0,1.0,1.0,68.2,52.0,0.0,1.0,1.0,59.8,1.0,1.0,0.0,41.66666667,34.8,70.0,67.6,100.0,2.0,80.0,60.0,0,False,False,False,False,False
2025-02-14 06:00:00,0.0,1.0,1.0,68.2,52.0,16.66666667,1.333333333,1.0,60.46666667,1.0,1.0,0.0,42.66666667,34.2,70.0,68.7,100.0,2.0,80.0,60.0,0,False,False,False,False,False
2025-02-14 06:15:00,0.0,1.0,1.0,68.2,52.0,16.66666667,1.333333333,1.0,59.76666667,1.0,1.0,0.0,41.33333333,33.53333333,70.0,67.2,100.0,2.0,80.0,60.0,0,False,False,False,False,False
2025-02-14 06:30:00,0.0,1.0,1.0,68.2,52.0,0.0,1.0,1.0,60.13333333,1.0,1.0,0.0,41.0,33.53333333,70.0,68.4,100.0,2.0,80.0,60.0,0,False,False,False,False,False
2025-02-14 06:45:00,0.0,1.0,1.0,68.2,52.0,16.66666667,1.333333333,1.0,60.3,1.0,1.0,0.0,41.0,34.43333333,70.0,68.66666667,100.0,2.0,80.0,60.0,0,False,False,False,False,False
2025-02-14 07:00:00,0.0,1.0,1.0,68.2,52.0,16.66666667,1.333333333,1.0,59.76666667,1.0,1.0,0.0,41.0,33.9,70.0,67.2,100.0,2.0,80.0,60.0,0,False,False,False,False,False
2025-02-14 07:15:00,0.0,1.0,1.0,68.2,52.0,0.0,1.0,1.0,59.86666667,1.0,1.0,0.0,42.0,33.26666667,70.0,68.1,100.0,2.0,80.0,60.0,0,False,False,False,False,False
2025-02-14 07:30:00,0.0,1.0,1.0,68.2,52.0,16.66666667,1.333333333,1.0,60.4,1.0,1.0,0.0,43.0,34.33333333,70.0,68.73333333,100.0,2.0,80.0,60.0,0,False,False,False,False,False
2025-02-14 07:45:00,0.0,1.0,1.0,68.2,52.0,16.66666667,1.333333333,1.0,59.6,1.0,1.0,0.0,41.66666667,32.46666667,70.0,67.8,100.0,2.0,80.0,60.0,0,False,False,False,False,False
2025-02-14 08:00:00,0.0,1.0,1.0,68.2,52.0,0.0,1.0,1.0,59.76666667,1.0,1.0,0.0,42.0,33.83333333,70.0,67.76666667,100.0,2.0,80.0,60.0,0,False,False,False,False,False
2025-02-14 08:15:00,0.0,1.0,1.0,68.2,52.0,0.0,1.0,1.0,60.33333333,1.0,1.0,0.0,41.33333333,35.0,70.0,68.9,100.0,2.0,80.0,60.0,0,False,False,False,False,False
2025-02-14 08:30:00,0.0,1.0,1.0,68.2,52.0,0.0,1.0,1.0,59.96666667,1.0,1.0,0.0,40.66666667,34.8,70.0,67.96666667,100.0,2.0,80.0,60.0,0,False,False,False,False,False
2025-02-14 08:45:00,0.0,1.0,1.0,68.2,52.0,16.66666667,1.333333333,1.0,59.66666667,1.0,1.0,0.0,40.33333333,34.96666667,70.0,67.36666667,100.0,2.0,80.0,60.0,0,False,False,False,False,False
2025-02-14 09:00:00,0.0,1.0,1.0,68.2,52.0,0.0,1.0,1.0,60.3,1.0,1.0,0.0,40.66666667,34.7,70.0,69.2,100.0,2.0,80.0,60.0,1,False,False,False,False,False
2025-02-14 09:15:00,0.0,1.0,1.0,68.2,52.0,16.66666667,1.333333333,1.0,60.06666667,1.0,1.0,0.0,40.0,34.7,70.0,68.56666667,100.0,2.0,80.0,60.0,0,False,False,False,False,False
2025-02-14 09:30:00,0.0,1.0,1.0,68.2,52.0,33.33333333,1.666666667,1.0,59.46666667,1.0,1.0,0.0,39.0,34.8,70.0,67.13333333,100.0,2.0,80.0,60.0,0,False,False,False,False,False
2025-02-14 09:45:00,0.0,1.0,1.0,68.2,52.0,0.0,1.0,1.0,59.86666667,1.0,1.0,0.0,39.66666667,35.16666667,70.0,68.33333333,100.0,2.0,80.0,60.0,1,False,False,False,False,False
2025-02-14 10:00:00,0.0,1.0,1.0,68.2,52.0,16.66666667,1.333333333,1.0,59.86666667,1.0,1.0,0.0,39.0,33.96666667,70.0,68.46666667,100.0,2.0,80.0,60.0,0,False,False,False,False,False
2025-02-14 10:15:00,0.0,1.0,1.0,68.2,52.0,16.66666667,1.333333333,1.0,59.8,1.0,1.0,0.0,39.33333333,33.86666667,70.0,68.03333333,100.0,2.0,80.0,60.0,0,False,False,False,False,False
2025-02-14 10:30:00,0.0,1.0,1.0,68.2,52.0,0.0,1.0,1.0,59.43333333,1.0,1.0,0.0,39.0,34.53333333,70.0,67.46666667,100.0,2.0,80.0,60.0,0,False,False,False,False,False
2025-02-14 10:45:00,0.0,1.0,1.0,68.2,52.0,0.0,1.0,1.0,59.9,1.0,1.0,0.0,40.0,33.2,70.0,68.7,100.0,2.0,80.0,60.0,0,False,False,False,False,False
2025-02-14 11:00:00,0.0,1.0,1.0,68.2,52.0,0.0,1.0,1.0,59.93333333,1.0,1.0,0.0,40.66666667,33.4,70.0,68.56666667,100.0,2.0,80.0,60.0,0,False,False,False,False,False
2025-02-14 11:15:00,0.0,1.0,1.0,68.2,52.0,16.66666667,1.333333333,1.0,59.16666667,1.0,1.0,0.0,39.0,32.43333333,70.0,67.16666667,100.0,2.0,80.0,60.0,0,False,False,False,False,False
2025-02-14 11:30:00,0.0,1.0,1.0,68.2,52.0,0.0,1.0,1.0,59.63333333,1.0,1.0,0.0,40.66666667,33.13333333,70.0,68.23333333,100.0,2.0,80.0,60.0,1,False,False,False,False,False
2025-02-14 11:45:00,0.0,1.0,1.0,68.2,52.0,16.66666667,1.333333333,1.0,59.86666667,1.0,1.0,0.0,40.33333333,33.4,70.0,68.66666667,100.0,2.0,80.0,60.0,0,False,False,False,False,False
2025-02-14 12:00:00,0.0,1.0,1.0,68.2,52.0,16.66666667,1.333333333,1.0,59.53333333,1.0,1.0,0.0,41.0,32.93333333,70.0,67.56666667,100.0,2.0,80.0,60.0,0,False,False,False,False,False
2025-02-14 12:15:00,0.0,1.0,1.0,68.2,52.0,16.66666667,1.333333333,1.0,59.36666667,1.0,1.0,0.0,40.0,33.93333333,70.0,67.56666667,100.0,2.0,80.0,60.0,0,False,False,False,False,False
2025-02-14 12:30:00,0.0,1.0,1.0,68.2,52.0,0.0,1.0,1.0,59.9,1.0,1.0,0.0,40.0,34.0,70.0,68.83333333,100.0,2.0,80.0,60.0,1,False,False,False,False,False
2025-02-14 12:45:00,0.0,1.0,1.0,68.2,52.0,0.0,1.0,1.0,59.7,1.0,1.0,0.0,41.0,33.66666667,70.0,68.36666667,100.0,2.0,80.0,60.0,0,False,False,False,False,False
2025-02-14 13:00:00,0.0,1.0,1.0,68.2,52.0,0.0,1.0,1.0,59.36666667,1.0,1.0,0.0,40.66666667,34.7,70.0,67.43333333,100.0,2.0,80.0,60.0,0,False,False,False,False,False
2025-02-14 13:15:00,0.0,1.0,1.0,68.2,52.0,0.0,1.0,1.0,60.33333333,1.0,1.0,0.0,41.0,35.9,70.0,69.0,100.0,2.0,80.0,60.0,0,False,False,False,False,False
2025-02-14 13:30:00,0.0,1.0,1.0,68.2,52.0,16.66666667,1.333333333,1.0,59.73333333,1.0,1.0,0.0,40.33333333,35.3,70.0,67.43333333,100.0,2.0,80.0,60.0,0,False,False,False,False,False
2025-02-14 13:45:00,0.0,1.0,1.0,68.2,52.0,0.0,1.0,1.0,60.23333333,1.0,1.0,0.0,42.66666667,35.56666667,70.0,68.46666667,100.0,2.0,80.0,60.0,0,False,False,False,False,False
2025-02-14 14:00:00,0.0,1.0,1.0,68.2,52.0,16.66666667,1.333333333,1.0,60.06666667,1.0,1.0,0.0,40.66666667,36.66666667,70.0,67.76666667,100.0,2.0,80.0,60.0,0,False,False,False,False,False
2025-02-14 14:15:00,0.0,1.0,1.0,68.2,52.0,0.0,1.0,1.0,60.56666667,1.0,1.0,0.0,38.0,39.06666667,70.0,68.56666667,100.0,2.0,80.0,60.0,0,False,False,False,False,False
2025-02-14 14:30:00,0.0,1.0,1.0,68.2,52.0,0.0,1.0,1.0,59.56666667,1.0,1.0,0.0,41.0,36.6,70.0,67.36666667,100.0,2.0,80.0,60.0,0,False,False,False,False,False
2025-02-14 14:45:00,0.0,1.0,1.0,68.2,52.0,16.66666667,1.333333333,1.0,60.9,1.0,1.0,0.0,40.0,39.23333333,70.0,69.2,100.0,2.0,80.0,60.0,0,False,False,False,False,False
2025-02-14 15:00:00,0.0,1.0,1.0,68.2,52.0,0.0,1.0,1.0,60.46666667,1.0,1.0,0.0,37.66666667,40.63333333,70.0,68.36666667,100.0,2.0,80.0,60.0,0,False,False,False,False,False
2025-02-14 15:15:00,0.0,1.0,1.0,68.2,52.0,0.0,1.0,1.0,60.3,1.0,1.0,0.0,35.0,40.83333333,70.0,67.96666667,100.0,2.0,80.0,60.0,0,False,False,False,False,False
2025-02-14 15:30:00,0.0,1.0,1.0,68.2,52.0,0.0,1.0,1.0,60.13333333,1.0,1.0,0.0,36.0,40.93333333,70.0,67.9,100.0,2.0,80.0,60.0,0,False,False,False,False,False
2025-02-14 15:45:00,0.0,1.0,1.0,68.2,52.0,0.0,1.0,1.0,61.43333333,1.0,1.0,0.0,35.66666667,41.4,70.0,69.9,100.0,2.0,80.0,60.0,0,False,False,False,False,False
2025-02-14 16:00:00,0.0,1.0,1.0,68.2,52.0,0.0,1.0,1.0,60.76666667,1.0,1.0,0.0,36.0,42.23333333,70.0,68.93333333,100.0,2.0,80.0,60.0,0,False,False,False,False,False
2025-02-14 16:15:00,0.0,1.0,1.0,68.2,52.0,0.0,1.0,1.0,60.7,1.0,1.0,0.0,33.0,43.46666667,70.0,68.66666667,100.0,2.0,80.0,60.0,0,False,False,False,False,False
2025-02-14 16:30:00,0.0,1.0,1.0,68.2,52.0,0.0,1.0,1.0,60.73333333,1.0,1.0,0.0,32.33333333,44.36666667,70.0,68.6,100.0,2.0,80.0,60.0,0,False,False,False,False,False
2025-02-14 16:45:00,0.0,1.0,1.0,68.2,52.0,0.0,1.0,1.0,60.7,1.0,1.0,0.0,32.66666667,44.43333333,70.0,68.46666667,100.0,2.0,80.0,60.0,0,False,False,False,False,False
2025-02-14 17:00:00,0.0,1.0,1.0,68.2,52.0,0.0,1.0,1.0,60.9,1.0,1.0,0.0,31.66666667,44.36666667,70.0,68.4,100.0,2.0,80.0,60.0,0,False,False,False,False,False
2025-02-14 17:15:00,0.0,1.0,1.0,68.2,52.0,0.0,1.0,1.0,60.96666667,1.0,1.0,0.0,31.66666667,45.43333333,70.0,68.4,100.0,2.0,80.0,60.0,0,False,False,False,False,False
2025-02-14 17:30:00,0.0,1.0,1.0,68.2,52.0,0.0,1.0,1.0,61.03333333,1.0,1.0,0.0,29.66666667,46.33333333,70.0,68.4,100.0,2.0,80.0,60.0,0,False,False,False,False,False
2025-02-14 17:45:00,0.0,1.0,1.0,68.2,52.0,0.0,1.0,1.0,61.03333333,1.0,1.0,0.0,29.0,46.1,70.0,68.4,100.0,2.0,80.0,60.0,0,False,False,False,False,False
2025-02-14 18:00:00,0.0,1.0,1.0,68.2,52.0,0.0,1.0,1.0,61.46666667,1.0,1.0,0.0,28.0,46.83333333,70.0,68.4,100.0,2.0,80.0,60.0,0,False,False,False,False,False
2025-02-14 18:15:00,0.0,1.0,1.0,68.2,52.0,0.0,1.0,1.0,61.46666667,1.0,1.0,0.0,29.33333333,48.66666667,70.0,68.4,100.0,2.0,80.0,60.0,0,False,False,False,False,False
2025-02-14 18:30:00,0.0,1.0,1.0,68.2,52.0,0.0,1.0,1.0,61.43333333,1.0,1.0,0.0,30.66666667,48.0,70.0,68.46666667,100.0,2.0,80.0,60.0,0,False,False,False,False,False
2025-02-14 18:45:00,0.0,1.0,1.0,68.2,52.0,0.0,1.0,1.0,61.56666667,1.0,1.0,0.0,31.0,48.66666667,70.0,68.6,100.0,2.0,80.0,60.0,0,False,False,False,False,False
2025-02-14 19:00:00,0.0,1.0,1.0,68.2,52.0,0.0,1.0,1.0,61.56666667,1.0,1.0,0.0,31.66666667,49.53333333,70.0,68.6,100.0,2.0,80.0,60.0,0,False,False,False,False,False
2025-02-14 19:15:00,0.0,1.0,1.0,68.2,52.0,0.0,1.0,1.0,61.6,1.0,1.0,0.0,31.33333333,48.76666667,70.0,68.53333333,100.0,2.0,80.0,60.0,0,False,False,False,False,False
2025-02-14 19:30:00,0.0,1.0,1.0,68.2,52.0,0.0,1.0,1.0,61.56666667,1.0,1.0,0.0,32.0,47.43333333,70.0,68.33333333,100.0,2.0,80.0,60.0,0,False,False,False,False,False
2025-02-14 19:45:00,0.0,1.0,1.0,68.2,52.0,0.0,1.0,1.0,61.5,1.0,1.0,0.0,33.66666667,46.93333333,70.0,67.9,100.0,2.0,80.0,60.0,0,False,False,False,False,False
2025-02-14 20:00:00,0.0,1.0,1.0,68.2,52.0,0.0,1.0,1.0,61.3,1.0,1.0,0.0,33.66666667,47.43333333,70.0,67.53333333,100.0,2.0,80.0,60.0,0,False,False,False,False,False
2025-02-14 20:15:00,0.0,1.0,1.0,68.2,52.0,0.0,1.0,1.0,61.56666667,1.0,1.0,0.0,33.0,48.6,70.0,67.5,100.0,2.0,80.0,60.0,0,False,False,False,False,False
2025-02-14 20:30:00,0.0,1.0,1.0,68.2,52.0,0.0,1.0,1.0,61.53333333,1.0,1.0,0.0,33.33333333,47.66666667,70.0,67.36666667,100.0,2.0,80.0,60.0,0,False,False,False,False,False
2025-02-14 20:45:00,0.0,1.0,1.0,68.2,52.0,0.0,1.0,1.0,62.76666667,1.0,1.0,0.0,32.33333333,48.76666667,70.0,69.23333333,100.0,2.0,80.0,60.0,0,False,False,False,False,False
2025-02-14 21:00:00,0.0,1.0,1.0,68.2,52.0,0.0,1.0,1.0,62.16666667,1.0,1.0,0.0,33.66666667,48.43333333,70.0,68.0,100.0,2.0,80.0,60.0,0,False,False,False,False,False
2025-02-14 21:15:00,0.0,1.0,1.0,68.2,52.0,0.0,1.0,1.0,61.76666667,1.0,1.0,0.0,35.0,47.26666667,70.0,67.3,100.0,2.0,80.0,60.0,0,False,False,False,False,False
2025-02-14 21:30:00,0.0,1.0,1.0,68.2,52.0,0.0,1.0,1.0,62.93333333,1.0,1.0,0.0,35.0,48.9,70.0,69.16666667,100.0,2.0,80.0,60.0,0,False,False,False,False,False
2025-02-14 21:45:00,0.0,1.0,1.0,68.2,52.0,0.0,1.0,1.0,62.26666667,1.0,1.0,0.0,33.33333333,48.6,70.0,67.9,100.0,2.0,80.0,60.0,0,False,False,False,False,False
2025-02-14 22:00:00,0.0,1.0,1.0,68.2,52.0,0.0,1.0,1.0,61.66666667,1.0,1.0,0.0,34.33333333,47.6,70.0,67.3,100.0,2.0,80.0,60.0,0,False,False,False,False,False
2025-02-14 22:15:00,0.0,1.0,1.0,68.2,52.0,0.0,1.0,1.0,62.76666667,1.0,1.0,0.0,35.0,47.93333333,70.0,69.0,100.0,2.0,80.0,60.0,0,False,False,False,False,False
2025-02-14 22:30:00,0.0,1.0,1.0,68.2,52.0,0.0,1.0,1.0,62.03333333,1.0,1.0,0.0,35.0,48.63333333,70.0,67.73333333,100.0,2.0,80.0,60.0,0,False,False,False,False,False
2025-02-14 22:45:00,0.0,1.0,1.0,68.2,52.0,16.66666667,1.333333333,1.0,62.0,1.0,1.0,0.0,36.0,46.73333333,70.0,67.46666667,100.0,2.0,80.0,60.0,0,False,False,False,False,False
2025-02-14 23:00:00,0.0,1.0,1.0,68.2,52.0,0.0,1.0,1.0,62.5,1.0,1.0,0.0,37.0,46.83333333,70.0,68.86666667,100.0,2.0,80.0,60.0,0,False,False,False,False,False
2025-02-14 23:15:00,0.0,1.0,1.0,68.2,52.0,16.66666667,1.333333333,1.0,61.63333333,1.0,1.0,0.0,37.66666667,46.0,70.0,67.1,100.0,2.0,80.0,60.0,0,False,False,False,False,False
2025-02-14 23:30:00,0.0,1.0,1.0,68.2,52.0,0.0,1.0,1.0,62.66666667,1.0,1.0,0.0,39.0,46.56666667,70.0,68.96666667,100.0,2.0,80.0,60.0,1,False,False,False,False,False
2025-02-14 23:45:00,0.0,1.0,1.0,68.2,52.0,16.66666667,1.333333333,1.0,61.86666667,1.0,1.0,0.0,39.33333333,46.36666667,70.0,67.26666667,100.0,2.0,80.0,60.0,0,False,False,False,False,False
2025-02-15 00:00:00,0.0,1.0,1.0,68.2,52.0,0.0,1.0,1.0,62.7,1.0,1.0,0.0,40.0,45.96666667,70.0,69.06666667,100.0,2.0,80.0,60.0,1,False,False,False,False,False
2025-02-15 00:15:00,0.0,1.0,1.0,68.2,52.0,0.0,1.0,1.0,61.93333333,1.0,1.0,0.0,40.33333333,46.2,70.0,67.26666667,100.0,2.0,80.0,60.0,0,False,False,False,False,False
2025-02-15 00:30:00,0.0,1.0,1.0,68.2,52.0,0.0,1.0,1.0,62.9,1.0,1.0,0.0,40.0,46.76666667,70.0,69.2,100.0,2.0,80.0,60.0,0,False,False,False,False,False
2025-02-15 00:45:00,0.0,1.0,1.0,68.2,52.0,0.0,1.0,1.0,61.96666667,1.0,1.0,0.0,40.0,47.26666667,70.0,67.56666667,100.0,2.0,80.0,60.0,0,False,False,False,False,False
2025-02-15 01:00:00,0.0,1.0,1.0,68.2,52.0,16.66666667,1.333333333,1.0,62.66666667,1.0,1.0,0.0,39.66666667,46.53333333,70.0,68.73333333,100.0,2.0,80.0,60.0,0,False,False,False,False,False
2025-02-15 01:15:00,0.0,1.0,1.0,68.2,52.0,0.0,1.0,1.0,62.13333333,1.0,1.0,0.0,40.66666667,46.46666667,70.0,67.76666667,100.0,2.0,80.0,60.0,0,False,False,False,False,False
2025-02-15 01:30:00,0.0,1.0,1.0,68.2,52.0,16.66666667,1.333333333,1.0,62.66666667,1.0,1.0,0.0,41.33333333,45.86666667,70.0,68.66666667,100.0,2.0,80.0,60.0,0,False,False,False,False,False
2025-02-15 01:45:00,0.0,1.0,1.0,68.2,52.0,0.0,1.0,1.0,62.13333333,1.0,1.0,0.0,42.33333333,46.36666667,70.0,67.83333333,100.0,2.0,80.0,60.0,0,False,False,False,False,False
2025-02-15 02:00:00,0.0,1.0,1.0,68.2,52.0,0.0,1.0,1.0,62.53333333,1.0,1.0,0.0,43.33333333,45.36666667,70.0,68.33333333,100.0,2.0,80.0,60.0,0,False,False,False,False,False
2025-02-15 02:15:00,0.0,1.0,1.0,68.2,52.0,0.0,1.0,1.0,62.13333333,1.0,1.0,0.0,44.0,45.96666667,70.0,68.16666667,100.0,2.0,80.0,60.0,0,False,False,False,False,False
2025-02-15 02:30:00,0.0,1.0,1.0,68.2,52.0,0.0,1.0,1.0,62.36666667,1.0,1.0,0.0,44.0,45.83333333,70.0,68.1,100.0,2.0,80.0,60.0,0,False,False,False,False,False
2025-02-15 02:45:00,0.0,1.0,1.0,68.2,52.0,0.0,1.0,1.0,62.13333333,1.0,1.0,0.0,43.33333333,47.86666667,70.0,68.13333333,100.0,2.0,80.0,60.0,0,False,False,False,False,False
2025-02-15 03:00:00,0.0,1.0,1.0,68.2,52.0,16.66666667,1.333333333,1.0,62.2,1.0,1.0,0.0,43.0,47.33333333,70.0,67.5,100.0,2.0,80.0,60.0,0,False,False,False,False,False
2025-02-15 03:15:00,0.0,1.0,1.0,68.2,52.0,0.0,1.0,1.0,62.3,1.0,1.0,0.0,42.0,49.06666667,70.0,68.46666667,100.0,2.0,80.0,60.0,0,False,False,False,False,False
2025-02-15 03:30:00,0.0,1.0,1.0,68.2,52.0,16.66666667,1.333333333,1.0,62.2,1.0,1.0,0.0,43.66666667,45.9,70.0,67.63333333,100.0,2.0,80.0,60.0,0,False,False,False,False,False
2025-02-15 03:45:00,0.0,1.0,1.0,68.2,52.0,0.0,1.0,1.0,62.2,1.0,1.0,0.0,45.66666667,46.26666667,70.0,68.3,100.0,2.0,80.0,60.0,0,False,False,False,False,False
2025-02-15 04:00:00,0.0,1.0,1.0,68.2,52.0,16.66666667,1.333333333,1.0,62.46666667,1.0,1.0,0.0,46.0,46.03333333,70.0,67.93333333,100.0,2.0,80.0,60.0,0,False,False,False,False,False
2025-02-15 04:15:00,0.0,1.0,1.0,68.2,52.0,0.0,1.0,1.0,62.23333333,1.0,1.0,0.0,45.33333333,47.9,70.0,68.4,100.0,2.0,80.0,60.0,0,False,False,False,False,False
2025-02-15 04:30:00,0.0,1.0,1.0,68.2,52.0,16.66666667,1.333333333,1.0,62.23333333,1.0,1.0,0.0,43.66666667,47.93333333,70.0,67.5,100.0,2.0,80.0,60.0,0,False,False,False,False,False
2025-02-15 04:45:00,0.0,1.0,1.0,68.2,52.0,0.0,1.0,1.0,62.36666667,1.0,1.0,0.0,45.0,48.2,70.0,68.5,100.0,2.0,80.0,60.0,0,False,False,False,False,False
2025-02-15 05:00:00,0.0,1.0,1.0,60.0,52.0,0.0,1.0,1.0,62.13333333,2.0,2.0,0.0,47.33333333,46.3,70.0,67.2,0.0,1.0,80.0,60.0,0,False,False,False,False,False
2025-02-15 05:15:00,0.0,1.0,1.0,60.0,52.0,0.0,1.0,1.0,61.96666667,2.0,2.0,0.0,46.66666667,45.26666667,70.0,67.2,0.0,1.0,80.0,60.0,0,False,False,False,False,False
2025-02-15 05:30:00,0.0,1.0,1.0,60.0,52.0,0.0,1.0,1.0,61.46666667,2.0,2.0,0.0,43.66666667,45.56666667,70.0,67.2,0.0,1.0,80.0,60.0,0,False,False,False,False,False
2025-02-15 05:45:00,0.0,1.0,1.0,60.0,52.0,0.0,1.0,1.0,60.5,2.0,2.0,0.0,43.66666667,44.16666667,70.0,67.0,0.0,1.0,80.0,60.0,0,False,False,False,False,False
2025-02-15 06:00:00,0.0,1.0,1.0,60.0,52.0,0.0,1.0,1.0,59.86666667,2.0,2.0,0.0,46.66666667,43.66666667,70.0,66.8,0.0,1.0,80.0,60.0,0,False,False,False,False,False
2025-02-15 06:15:00,0.0,1.0,1.0,60.0,52.0,0.0,1.0,1.0,59.43333333,2.0,2.0,0.0,48.33333333,43.73333333,70.0,66.7,0.0,1.0,80.0,60.0,0,False,False,False,False,False
2025-02-15 06:30:00,0.0,1.0,1.0,60.0,52.0,0.0,1.0,1.0,59.26666667,2.0,2.0,0.0,47.33333333,44.43333333,70.0,66.63333333,0.0,1.0,80.0,60.0,0,False,False,False,False,False
2025-02-15 06:45:00,0.0,1.0,1.0,60.0,52.0,0.0,1.0,1.0,59.2,2.0,2.0,0.0,46.0,44.76666667,70.0,66.5,0.0,1.0,80.0,60.0,0,False,False,False,False,False
2025-02-15 07:00:00,0.0,1.0,1.0,60.0,52.0,0.0,1.0,1.0,59.06666667,2.0,2.0,0.0,44.66666667,44.66666667,70.0,66.43333333,0.0,1.0,80.0,60.0,0,False,False,False,False,False
2025-02-15 07:15:00,0.0,1.0,1.0,60.0,52.0,0.0,1.0,1.0,58.76666667,2.0,2.0,0.0,46.33333333,43.96666667,70.0,66.4,0.0,1.0,80.0,60.0,0,False,False,False,False,False
2025-02-15 07:30:00,0.0,1.0,1.0,60.0,52.0,0.0,1.0,1.0,58.53333333,2.0,2.0,0.0,46.33333333,43.4,70.0,66.4,0.0,1.0,80.0,60.0,0,False,False,False,False,False
2025-02-15 07:45:00,0.0,1.0,1.0,60.0,52.0,0.0,1.0,1.0,58.3,2.0,2.0,0.0,49.0,44.06666667,70.0,66.33333333,0.0,1.0,80.0,60.0,0,False,False,False,False,False
2025-02-15 08:00:00,0.0,1.0,1.0,60.0,52.0,0.0,1.0,1.0,58.36666667,2.0,2.0,0.0,48.33333333,44.7,70.0,66.2,0.0,1.0,80.0,60.0,0,False,False,False,False,False
2025-02-15 08:15:00,0.0,1.0,1.0,60.0,52.0,0.0,1.0,1.0,58.4,2.0,2.0,0.0,47.66666667,44.23333333,70.0,66.2,0.0,1.0,80.0,60.0,0,False,False,False,False,False
2025-02-15 08:30:00,0.0,1.0,1.0,60.0,52.0,0.0,1.0,1.0,58.4,2.0,2.0,0.0,48.0,44.2,70.0,66.2,0.0,1.0,80.0,60.0,0,False,False,False,False,False
2025-02-15 08:45:00,0.0,1.0,1.0,60.0,52.0,0.0,1.0,1.0,58.3,2.0,2.0,0.0,48.0,44.33333333,70.0,66.1,0.0,1.0,80.0,60.0,0,False,False,False,False,False
2025-02-15 09:00:00,0.0,1.0,1.0,60.0,52.0,0.0,1.0,1.0,58.3,2.0,2.0,0.0,48.0,44.7,70.0,66.1,0.0,1.0,80.0,60.0,0,False,False,False,False,False
2025-02-15 09:15:00,0.0,1.0,1.0,60.0,52.0,0.0,1.0,1.0,58.1,2.0,2.0,0.0,47.0,43.86666667,70.0,66.1,0.0,1.0,80.0,60.0,0,False,False,False,False,False
2025-02-15 09:30:00,0.0,1.0,1.0,60.0,52.0,0.0,1.0,1.0,57.96666667,2.0,2.0,0.0,48.0,43.23333333,70.0,66.1,0.0,1.0,80.0,60.0,0,False,False,False,False,False
2025-02-15 09:45:00,0.0,1.0,1.0,60.0,52.0,0.0,1.0,1.0,57.83333333,2.0,2.0,0.0,50.66666667,42.26666667,70.0,66.1,0.0,1.0,80.0,60.0,0,False,False,False,False,False
2025-02-15 10:00:00,0.0,1.0,1.0,60.0,52.0,0.0,1.0,1.0,58.56666667,2.0,2.0,0.0,56.66666667,41.9,70.0,65.96666667,0.0,1.0,80.0,60.0,0,False,False,False,False,False
2025-02-15 10:15:00,0.0,1.0,1.0,60.0,52.0,0.0,1.0,1.0,59.1,2.0,2.0,0.0,60.0,41.3,70.0,65.9,0.0,1.0,80.0,60.0,0,False,False,False,False,False
2025-02-15 10:30:00,0.0,1.0,1.0,60.0,52.0,0.0,1.0,1.0,59.1,2.0,2.0,0.0,62.66666667,40.76666667,70.0,65.76666667,0.0,1.0,80.0,60.0,0,False,False,False,False,False
2025-02-15 10:45:00,0.0,1.0,1.0,60.0,52.0,0.0,1.0,1.0,59.03333333,2.0,2.0,0.0,63.0,40.6,70.0,65.7,0.0,1.0,80.0,60.0,0,False,False,False,False,False
2025-02-15 11:00:00,0.0,1.0,1.0,60.0,52.0,0.0,1.0,1.0,58.26666667,2.0,2.0,0.0,62.33333333,40.7,70.0,65.7,0.0,1.0,80.0,60.0,0,False,False,False,False,False
2025-02-15 11:15:00,0.0,1.0,1.0,60.0,52.0,0.0,1.0,1.0,58.03333333,2.0,2.0,0.0,61.33333333,41.4,70.0,65.6,0.0,1.0,80.0,60.0,0,False,False,False,False,False
2025-02-15 11:30:00,0.0,1.0,1.0,60.0,52.0,0.0,1.0,1.0,57.76666667,2.0,2.0,0.0,58.0,41.7,70.0,65.6,0.0,1.0,80.0,60.0,0,False,False,False,False,False
2025-02-15 11:45:00,0.0,1.0,1.0,60.0,52.0,0.0,1.0,1.0,57.33333333,2.0,2.0,0.0,58.0,41.83333333,70.0,65.6,0.0,1.0,80.0,60.0,0,False,False,False,False,False
2025-02-15 12:00:00,0.0,1.0,1.0,60.0,52.0,0.0,1.0,1.0,57.2,2.0,2.0,0.0,56.33333333,42.3,70.0,65.6,0.0,1.0,80.0,60.0,0,False,False,False,False,False
2025-02-15 12:15:00,0.0,1.0,1.0,60.0,52.0,0.0,1.0,1.0,57.2,2.0,2.0,0.0,53.66666667,42.66666667,70.0,65.46666667,0.0,1.0,80.0,60.0,0,False,False,False,False,False
2025-02-15 12:30:00,0.0,1.0,1.0,60.0,52.0,0.0,1.0,1.0,57.2,2.0,2.0,0.0,54.0,43.16666667,70.0,65.4,0.0,1.0,80.0,60.0,0,False,False,False,False,False
2025-02-15 12:45:00,0.0,1.0,1.0,60.0,52.0,0.0,1.0,1.0,57.2,2.0,2.0,0.0,52.33333333,43.1,70.0,65.4,0.0,1.0,80.0,60.0,0,False,False,False,False,False
2025-02-15 13:00:00,0.0,1.0,1.0,68.2,52.0,33.33333333,1.333333333,1.333333333,61.43333333,1.0,1.0,0.0,54.0,44.76666667,70.0,68.4,100.0,2.0,80.0,60.0,0,False,False,False,False,False
2025-02-15 13:15:00,0.0,1.0,1.0,68.2,52.0,16.66666667,1.333333333,1.0,62.06666667,1.0,1.0,0.0,58.0,48.36666667,70.0,68.36666667,100.0,2.0,80.0,60.0,0,False,False,False,False,False
2025-02-15 13:30:00,0.0,1.0,1.0,68.2,52.0,16.66666667,1.333333333,1.0,62.06666667,1.0,1.0,0.0,59.66666667,49.16666667,70.0,68.66666667,100.0,2.0,80.0,60.0,0,False,False,False,False,False
2025-02-15 13:45:00,0.0,1.0,1.0,68.2,52.0,0.0,1.0,1.0,62.26666667,1.0,1.0,0.0,61.0,48.1,70.0,69.03333333,100.0,2.0,80.0,60.0,1,False,False,False,False,False
2025-02-15 14:00:00,0.0,1.0,1.0,68.2,52.0,16.66666667,1.333333333,1.0,62.0,1.0,1.0,0.0,61.66666667,45.53333333,70.0,67.86666667,100.0,2.0,80.0,60.0,0,False,False,False,False,False
2025-02-15 14:15:00,0.0,1.0,1.0,68.2,52.0,0.0,1.0,1.0,61.5,1.0,1.0,0.0,62.66666667,45.63333333,70.0,68.06666667,100.0,2.0,80.0,60.0,0,False,False,False,False,False
2025-02-15 14:30:00,0.0,1.0,1.0,68.2,52.0,16.66666667,1.333333333,1.0,62.2,1.0,1.0,0.0,63.0,46.76666667,70.0,68.56666667,100.0,2.0,80.0,60.0,0,False,False,False,False,False
2025-02-15 14:45:00,0.0,1.0,1.0,68.2,52.0,16.66666667,1.333333333,1.0,61.26666667,1.0,1.0,0.0,63.0,47.63333333,70.0,67.3,100.0,2.0,80.0,60.0,0,False,False,False,False,False
2025-02-15 15:00:00,0.0,1.0,1.0,68.2,52.0,0.0,1.0,1.0,62.36666667,1.0,1.0,0.0,63.0,47.73333333,70.0,69.16666667,100.0,2.0,80.0,60.0,1,False,False,False,False,False
2025-02-15 15:15:00,0.0,1.0,1.0,68.2,52.0,33.33333333,1.666666667,1.0,61.63333333,1.0,1.0,0.0,63.0,47.76666667,70.0,67.13333333,100.0,2.0,80.0,60.0,0,False,False,False,False,False
2025-02-15 15:30:00,0.0,1.0,1.0,68.2,52.0,0.0,1.0,1.0,62.3,1.0,1.0,0.0,63.0,49.4,70.0,68.63333333,100.0,2.0,80.0,60.0,1,False,False,False,False,False
2025-02-15 15:45:00,0.0,1.0,1.0,68.2,52.0,16.66666667,1.333333333,1.0,62.13333333,1.0,1.0,0.0,62.0,49.13333333,70.0,67.86666667,100.0,2.0,80.0,60.0,0,False,False,False,False,False
2025-02-15 16:00:00,0.0,1.0,1.0,68.2,52.0,0.0,1.0,1.0,61.9,1.0,1.0,0.0,64.33333333,48.76666667,70.0,68.2,100.0,2.0,80.0,60.0,0,False,False,False,False,False
2025-02-15 16:15:00,0.0,1.0,1.0,68.2,52.0,16.66666667,1.333333333,1.0,62.3,1.0,1.0,0.0,66.66666667,48.03333333,70.0,68.43333333,100.0,2.0,80.0,60.0,0,False,False,False,False,False
2025-02-15 16:30:00,0.0,1.0,1.0,68.2,52.0,0.0,1.0,1.0,61.63333333,1.0,1.0,0.0,67.0,48.0,70.0,67.5,100.0,2.0,80.0,60.0,0,False,False,False,False,False
2025-02-15 16:45:00,0.0,1.0,1.0,68.2,52.0,0.0,1.0,1.0,62.53333333,1.0,1.0,0.0,69.33333333,47.86666667,70.0,68.83333333,100.0,2.0,80.0,60.0,0,False,False,False,False,False
2025-02-15 17:00:00,0.0,1.0,1.0,68.2,52.0,16.66666667,1.333333333,1.0,61.63333333,1.0,1.0,0.0,70.66666667,47.56666667,70.0,67.03333333,100.0,2.0,80.0,60.0,0,False,False,False,False,False
2025-02-15 17:15:00,0.0,1.0,1.0,68.2,52.0,0.0,1.0,1.0,62.43333333,1.0,1.0,0.0,70.0,48.9,70.0,68.66666667,100.0,2.0,80.0,60.0,1,False,False,False,False,False
2025-02-15 17:30:00,0.0,1.0,1.0,68.2,52.0,16.66666667,1.333333333,1.0,62.53333333,1.0,1.0,0.0,69.0,48.96666667,70.0,67.96666667,100.0,2.0,80.0,60.0,0,False,False,False,False,False
2025-02-15 17:45:00,0.0,1.0,1.0,68.2,52.0,0.0,1.0,1.0,62.23333333,1.0,1.0,0.0,70.33333333,49.83333333,70.0,68.1,100.0,2.0,80.0,60.0,0,False,False,False,False,False
2025-02-15 18:00:00,0.0,1.0,1.0,68.2,52.0,16.66666667,1.333333333,1.0,62.66666667,1.0,1.0,0.0,71.0,49.26666667,70.0,68.63333333,100.0,2.0,80.0,60.0,0,False,False,False,False,False
2025-02-15 18:15:00,0.0,1.0,1.0,68.2,52.0,0.0,1.0,1.0,62.13333333,1.0,1.0,0.0,72.0,49.3,70.0,67.43333333,100.0,2.0,80.0,60.0,0,False,False,False,False,False
2025-02-15 18:30:00,0.0,1.0,1.0,68.2,52.0,0.0,1.0,1.0,63.2,1.0,1.0,0.0,72.33333333,50.63333333,70.0,69.03333333,100.0,2.0,80.0,60.0,0,False,False,False,False,False
2025-02-15 18:45:00,0.0,1.0,1.0,68.2,52.0,0.0,1.0,1.0,62.26666667,1.0,1.0,0.0,71.0,51.56666667,70.0,67.26666667,100.0,2.0,80.0,60.0,0,False,False,False,False,False
2025-02-15 19:00:00,0.0,1.0,1.0,68.2,52.0,0.0,1.0,1.0,63.43333333,1.0,1.0,0.0,70.66666667,53.4,70.0,68.86666667,100.0,2.0,80.0,60.0,0,False,False,False,False,False
2025-02-15 19:15:00,0.0,1.0,1.0,68.2,52.0,0.0,1.0,1.0,62.56666667,1.0,1.0,0.0,69.66666667,53.26666667,70.0,67.26666667,100.0,2.0,80.0,60.0,0,False,False,False,False,False
2025-02-15 19:30:00,0.0,1.0,1.0,68.2,52.0,0.0,1.0,1.0,63.56666667,1.0,1.0,0.0,72.0,53.36666667,70.0,69.1,100.0,2.0,80.0,60.0,0,False,False,False,False,False
2025-02-15 19:45:00,0.0,1.0,1.0,68.2,52.0,0.0,1.0,1.0,62.56666667,1.0,1.0,0.0,71.0,53.56666667,70.0,67.26666667,100.0,2.0,80.0,60.0,0,False,False,False,False,False
2025-02-15 20:00:00,0.0,1.0,1.0,68.2,52.0,0.0,1.0,1.0,63.73333333,1.0,1.0,0.0,71.0,54.46666667,70.0,68.93333333,100.0,2.0,80.0,60.0,0,False,False,False,False,False
2025-02-15 20:15:00,0.0,1.0,1.0,68.2,52.0,16.66666667,1.333333333,1.0,62.8,1.0,1.0,0.0,71.66666667,54.8,70.0,67.33333333,100.0,2.0,80.0,60.0,0,False,False,False,False,False
2025-02-15 20:30:00,0.0,1.0,1.0,68.2,52.0,0.0,1.0,1.0,63.96666667,1.0,1.0,0.0,72.0,55.5,70.0,69.2,100.0,2.0,80.0,60.0,1,False,False,False,False,False
2025-02-15 20:45:00,0.0,1.0,1.0,68.2,52.0,0.0,1.0,1.0,63.03333333,1.0,1.0,0.0,72.33333333,54.83333333,70.0,67.4,100.0,2.0,80.0,60.0,0,False,False,False,False,False
2025-02-15 21:00:00,0.0,1.0,1.0,68.2,52.0,16.66666667,1.333333333,1.0,64.03333333,1.0,1.0,0.0,72.66666667,56.23333333,70.0,68.76666667,100.0,2.0,80.0,60.0,0,False,False,False,False,False
2025-02-15 21:15:00,0.0,1.0,1.0,68.2,52.0,0.0,1.0,1.0,63.36666667,1.0,1.0,0.0,73.0,56.16666667,70.0,67.63333333,100.0,2.0,80.0,60.0,0,False,False,False,False,False
2025-02-15 21:30:00,0.0,1.0,1.0,65.46666667,52.0,16.66666667,1.0,1.0,64.13333333,1.333333333,1.333333333,0.0,72.33333333,56.26666667,70.0,68.86666667,66.66666667,1.666666667,80.0,60.0,0,False,False,False,False,False
2025-02-15 21:45:00,0.0,1.0,1.0,60.0,52.0,0.0,1.0,1.0,66.5,2.0,2.0,0.0,66.66666667,56.3,70.0,68.66666667,0.0,1.0,80.0,60.0,0,False,False,False,False,False
2025-02-15 22:00:00,0.0,1.0,1.0,60.0,52.0,0.0,1.0,1.0,66.66666667,2.0,2.0,0.0,59.66666667,55.96666667,70.0,68.1,0.0,1.0,80.0,60.0,0,False,False,False,False,False
2025-02-15 22:15:00,0.0,1.0,1.0,60.0,52.0,0.0,1.0,1.0,65.86666667,2.0,2.0,0.0,57.0,55.2,70.0,67.66666667,0.0,1.0,80.0,60.0,0,False,False,False,False,False
2025-02-15 22:30:00,0.0,1.0,1.0,60.0,52.0,0.0,1.0,1.0,64.73333333,2.0,2.0,0.0,57.0,54.66666667,70.0,67.43333333,0.0,1.0,80.0,60.0,0,False,False,False,False,False
2025-02-15 22:45:00,0.0,1.0,1.0,60.0,52.0,0.0,1.0,1.0,63.56666667,2.0,2.0,0.0,56.0,53.53333333,70.0,67.23333333,0.0,1.0,80.0,60.0,0,False,False,False,False,False
2025-02-15 23:00:00,0.0,1.0,1.0,60.0,52.0,0.0,1.0,1.0,62.76666667,2.0,2.0,0.0,57.0,52.86666667,70.0,67.0,0.0,1.0,80.0,60.0,0,False,False,False,False,False
2025-02-15 23:15:00,0.0,1.0,1.0,60.0,52.0,0.0,1.0,1.0,62.16666667,2.0,2.0,0.0,64.66666667,52.66666667,70.0,66.86666667,0.0,1.0,80.0,60.0,0,False,False,False,False,False
2025-02-15 23:30:00,0.0,1.0,1.0,60.0,52.0,0.0,1.0,1.0,61.9,2.0,2.0,0.0,64.66666667,52.73333333,70.0,66.76666667,0.0,1.0,80.0,60.0,0,False,False,False,False,False
2025-02-15 23:45:00,0.0,1.0,1.0,60.0,52.0,0.0,1.0,1.0,61.86666667,2.0,2.0,0.0,65.66666667,53.0,70.0,66.7,0.0,1.0,80.0,60.0,0,False,False,False,False,False
2025-02-16 00:00:00,0.0,1.0,1.0,60.0,52.0,0.0,1.0,1.0,61.8,2.0,2.0,0.0,64.0,53.0,70.0,66.56666667,0.0,1.0,80.0,60.0,0,False,False,False,False,False
2025-02-16 00:15:00,0.0,1.0,1.0,60.0,52.0,0.0,1.0,1.0,61.66666667,2.0,2.0,0.0,64.0,53.03333333,70.0,66.5,0.0,1.0,80.0,60.0,0,False,False,False,False,False
2025-02-16 00:30:00,0.0,1.0,1.0,60.0,52.0,0.0,1.0,1.0,61.6,2.0,2.0,0.0,62.0,53.3,70.0,66.5,0.0,1.0,80.0,60.0,0,False,False,False,False,False
2025-02-16 00:45:00,0.0,1.0,1.0,60.0,52.0,0.0,1.0,1.0,61.4,2.0,2.0,0.0,62.33333333,53.0,70.0,66.43333333,0.0,1.0,80.0,60.0,0,False,False,False,False,False
2025-02-16 01:00:00,0.0,1.0,1.0,60.0,52.0,0.0,1.0,1.0,61.1,2.0,2.0,0.0,66.0,53.3,70.0,66.4,0.0,1.0,80.0,60.0,0,False,False,False,False,False
2025-02-16 01:15:00,0.0,1.0,1.0,60.0,52.0,0.0,1.0,1.0,60.8,2.0,2.0,0.0,63.33333333,52.4,70.0,66.4,0.0,1.0,80.0,60.0,0,False,False,False,False,False
2025-02-16 01:30:00,0.0,1.0,1.0,60.0,52.0,0.0,1.0,1.0,60.63333333,2.0,2.0,0.0,63.33333333,51.16666667,70.0,66.4,0.0,1.0,80.0,60.0,0,False,False,False,False,False
2025-02-16 01:45:00,0.0,1.0,1.0,60.0,52.0,0.0,1.0,1.0,60.23333333,2.0,2.0,0.0,63.33333333,50.73333333,70.0,66.33333333,0.0,1.0,80.0,60.0,0,False,False,False,False,False
2025-02-16 02:00:00,0.0,1.0,1.0,60.0,52.0,0.0,1.0,1.0,60.0,2.0,2.0,0.0,64.0,51.2,70.0,66.2,0.0,1.0,80.0,60.0,0,False,False,False,False,False
2025-02-16 02:15:00,0.0,1.0,1.0,60.0,52.0,0.0,1.0,1.0,59.9,2.0,2.0,0.0,62.33333333,51.23333333,70.0,66.2,0.0,1.0,80.0,60.0,0,False,False,False,False,False
2025-02-16 02:30:00,0.0,1.0,1.0,60.0,52.0,0.0,1.0,1.0,59.83333333,2.0,2.0,0.0,61.0,51.53333333,70.0,66.2,0.0,1.0,80.0,60.0,0,False,False,False,False,False
2025-02-16 02:45:00,0.0,1.0,1.0,60.0,52.0,0.0,1.0,1.0,59.63333333,2.0,2.0,0.0,60.33333333,51.63333333,70.0,66.16666667,0.0,1.0,80.0,60.0,0,False,False,False,False,False
2025-02-16 03:00:00,0.0,1.0,1.0,60.0,52.0,0.0,1.0,1.0,59.5,2.0,2.0,0.0,62.0,51.8,70.0,66.1,0.0,1.0,80.0,60.0,0,False,False,False,False,False
2025-02-16 03:15:00,0.0,1.0,1.0,60.0,52.0,0.0,1.0,1.0,59.5,2.0,2.0,0.0,60.33333333,51.93333333,70.0,66.1,0.0,1.0,80.0,60.0,0,False,False,False,False,False
2025-02-16 03:30:00,0.0,1.0,1.0,60.0,52.0,0.0,1.0,1.0,59.5,2.0,2.0,0.0,61.0,51.8,70.0,66.1,0.0,1.0,80.0,60.0,0,False,False,False,False,False
2025-02-16 03:45:00,0.0,1.0,1.0,60.0,52.0,0.0,1.0,1.0,59.5,2.0,2.0,0.0,60.66666667,52.16666667,70.0,66.1,0.0,1.0,80.0,60.0,0,False,False,False,False,False
2025-02-16 04:00:00,0.0,1.0,1.0,60.0,52.0,0.0,1.0,1.0,59.5,2.0,2.0,0.0,61.0,52.1,70.0,66.1,0.0,1.0,80.0,60.0,0,False,False,False,False,False
2025-02-16 04:15:00,0.0,1.0,1.0,60.0,52.0,0.0,1.0,1.0,59.5,2.0,2.0,0.0,61.0,51.9,70.0,66.1,0.0,1.0,80.0,60.0,0,False,False,False,False,False
2025-02-16 04:30:00,0.0,1.0,1.0,60.0,52.0,0.0,1.0,1.0,59.5,2.0,2.0,0.0,60.66666667,52.1,70.0,66.1,0.0,1.0,80.0,60.0,0,False,False,False,False,False
2025-02-16 04:45:00,0.0,1.0,1.0,60.0,52.0,0.0,1.0,1.0,59.5,2.0,2.0,0.0,61.0,50.8,70.0,66.1,0.0,1.0,80.0,60.0,0,False,False,False,False,False
2025-02-16 05:00:00,0.0,1.0,1.0,60.0,52.0,0.0,1.0,1.0,59.43333333,2.0,2.0,0.0,60.33333333,51.03333333,70.0,66.1,0.0,1.0,80.0,60.0,0,False,False,False,False,False
2025-02-16 05:15:00,0.0,1.0,1.0,60.0,52.0,0.0,1.0,1.0,59.26666667,2.0,2.0,0.0,60.0,51.0,70.0,66.1,0.0,1.0,80.0,60.0,0,False,False,False,False,False
2025-02-16 05:30:00,0.0,1.0,1.0,60.0,52.0,0.0,1.0,1.0,59.2,2.0,2.0,0.0,60.66666667,51.0,70.0,66.1,0.0,1.0,80.0,60.0,0,False,False,False,False,False
2025-02-16 05:45:00,0.0,1.0,1.0,60.0,52.0,0.0,1.0,1.0,59.1,2.0,2.0,0.0,60.33333333,50.8,70.0,66.1,0.0,1.0,80.0,60.0,0,False,False,False,False,False
2025-02-16 06:00:00,0.0,1.0,1.0,60.0,52.0,0.0,1.0,1.0,59.1,2.0,2.0,0.0,59.66666667,50.86666667,70.0,66.1,0.0,1.0,80.0,60.0,0,False,False,False,False,False
2025-02-16 06:15:00,0.0,1.0,1.0,60.0,52.0,0.0,1.0,1.0,59.1,2.0,2.0,0.0,59.66666667,50.73333333,70.0,66.1,0.0,1.0,80.0,60.0,0,False,False,False,False,False
2025-02-16 06:30:00,0.0,1.0,1.0,60.0,52.0,0.0,1.0,1.0,59.1,2.0,2.0,0.0,61.0,50.4,70.0,66.1,0.0,1.0,80.0,60.0,0,False,False,False,False,False
2025-02-16 06:45:00,0.0,1.0,1.0,60.0,52.0,0.0,1.0,1.0,59.1,2.0,2.0,0.0,61.33333333,49.33333333,70.0,66.1,0.0,1.0,80.0,60.0,0,False,False,False,False,False
2025-02-16 07:00:00,0.0,1.0,1.0,60.0,52.0,0.0,1.0,1.0,59.03333333,2.0,2.0,0.0,60.66666667,48.73333333,70.0,66.1,0.0,1.0,80.0,60.0,0,False,False,False,False,False
2025-02-16 07:15:00,0.0,1.0,1.0,60.0,52.0,0.0,1.0,1.0,58.76666667,2.0,2.0,0.0,59.33333333,48.73333333,70.0,66.1,0.0,1.0,80.0,60.0,0,False,False,False,False,False
2025-02-16 07:30:00,0.0,1.0,1.0,60.0,52.0,0.0,1.0,1.0,58.63333333,2.0,2.0,0.0,59.0,49.3,70.0,66.1,0.0,1.0,80.0,60.0,0,False,False,False,False,False
2025-02-16 07:45:00,0.0,1.0,1.0,60.0,52.0,0.0,1.0,1.0,58.6,2.0,2.0,0.0,58.33333333,48.93333333,70.0,65.96666667,0.0,1.0,80.0,60.0,0,False,False,False,False,False
2025-02-16 08:00:00,0.0,1.0,1.0,60.0,52.0,0.0,1.0,1.0,58.6,2.0,2.0,0.0,60.33333333,48.93333333,70.0,65.9,0.0,1.0,80.0,60.0,0,False,False,False,False,False
2025-02-16 08:15:00,0.0,1.0,1.0,60.0,52.0,0.0,1.0,1.0,58.46666667,2.0,2.0,0.0,66.33333333,48.46666667,70.0,65.9,0.0,1.0,80.0,60.0,0,False,False,False,False,False
2025-02-16 08:30:00,0.0,1.0,1.0,60.0,52.0,0.0,1.0,1.0,58.4,2.0,2.0,0.0,64.0,48.7,70.0,65.9,0.0,1.0,80.0,60.0,0,False,False,False,False,False
2025-02-16 08:45:00,0.0,1.0,1.0,60.0,52.0,0.0,1.0,1.0,58.4,2.0,2.0,0.0,61.66666667,48.8,70.0,65.9,0.0,1.0,80.0,60.0,0,False,False,False,False,False
2025-02-16 09:00:00,0.0,1.0,1.0,60.0,52.0,0.0,1.0,1.0,58.53333333,2.0,2.0,0.0,59.33333333,49.13333333,70.0,65.9,0.0,1.0,80.0,60.0,0,False,False,False,False,False
2025-02-16 09:15:00,0.0,1.0,1.0,60.0,52.0,0.0,1.0,1.0,58.6,2.0,2.0,0.0,58.0,49.63333333,70.0,65.9,0.0,1.0,80.0,60.0,0,False,False,False,False,False
2025-02-16 09:30:00,0.0,1.0,1.0,60.0,52.0,0.0,1.0,1.0,58.6,2.0,2.0,0.0,59.66666667,48.6,70.0,65.9,0.0,1.0,80.0,60.0,0,False,False,False,False,False
2025-02-16 09:45:00,0.0,1.0,1.0,60.0,52.0,0.0,1.0,1.0,58.6,2.0,2.0,0.0,62.33333333,47.7,70.0,65.9,0.0,1.0,80.0,60.0,0,False,False,False,False,False
2025-02-16 10:00:00,0.0,1.0,1.0,60.0,52.0,0.0,1.0,1.0,58.6,2.0,2.0,0.0,63.33333333,45.26666667,70.0,65.83333333,0.0,1.0,80.0,60.0,0,False,False,False,False,False
2025-02-16 10:15:00,0.0,1.0,1.0,60.0,52.0,0.0,1.0,1.0,58.43333333,2.0,2.0,0.0,64.0,43.9,70.0,65.7,0.0,1.0,80.0,60.0,0,False,False,False,False,False
2025-02-16 10:30:00,0.0,1.0,1.0,60.0,52.0,0.0,1.0,1.0,58.1,2.0,2.0,0.0,64.0,42.36666667,70.0,65.7,0.0,1.0,80.0,60.0,0,False,False,False,False,False
2025-02-16 10:45:00,0.0,1.0,1.0,60.0,52.0,0.0,1.0,1.0,57.76666667,2.0,2.0,0.0,64.0,41.33333333,70.0,65.7,0.0,1.0,80.0,60.0,0,False,False,False,False,False
2025-02-16 11:00:00,0.0,1.0,1.0,60.0,52.0,0.0,1.0,1.0,57.46666667,2.0,2.0,0.0,64.0,40.73333333,70.0,65.66666667,0.0,1.0,80.0,60.0,0,False,False,False,False,False
2025-02-16 11:15:00,0.0,1.0,1.0,60.0,52.0,0.0,1.0,1.0,57.2,2.0,2.0,0.0,64.33333333,39.96666667,70.0,65.6,0.0,1.0,80.0,60.0,0,False,False,False,False,False
2025-02-16 11:30:00,0.0,1.0,1.0,60.0,52.0,0.0,1.0,1.0,56.9,2.0,2.0,0.0,64.66666667,39.66666667,70.0,65.6,0.0,1.0,80.0,60.0,0,False,False,False,False,False
2025-02-16 11:45:00,0.0,1.0,1.0,60.0,52.0,0.0,1.0,1.0,56.43333333,2.0,2.0,0.0,64.0,38.63333333,70.0,65.6,0.0,1.0,80.0,60.0,0,False,False,False,False,False
2025-02-16 12:00:00,0.0,1.0,1.0,60.0,52.0,0.0,1.0,1.0,55.9,2.0,2.0,0.0,64.0,36.46666667,70.0,65.53333333,0.0,1.0,80.0,60.0,0,False,False,False,False,False
2025-02-16 12:15:00,0.0,1.0,1.0,60.0,52.0,0.0,1.0,1.0,55.53333333,2.0,2.0,0.0,64.0,35.3,70.0,65.4,0.0,1.0,80.0,60.0,0,False,False,False,False,False
2025-02-16 12:30:00,0.0,1.0,1.0,60.0,52.0,0.0,1.0,1.0,55.26666667,2.0,2.0,0.0,65.0,34.9,70.0,65.4,0.0,1.0,80.0,60.0,0,False,False,False,False,False
2025-02-16 12:45:00,0.0,1.0,1.0,60.0,52.0,0.0,1.0,1.0,55.2,2.0,2.0,0.0,65.33333333,34.9,70.0,65.4,0.0,1.0,80.0,60.0,0,False,False,False,False,False
2025-02-16 13:00:00,0.0,1.0,1.0,60.0,52.0,0.0,1.0,1.0,55.33333333,2.0,2.0,0.0,66.0,34.76666667,70.0,65.36666667,0.0,1.0,80.0,60.0,0,False,False,False,False,False
2025-02-16 13:15:00,0.0,1.0,1.0,60.0,52.0,0.0,1.0,1.0,55.66666667,2.0,2.0,0.0,67.0,34.7,70.0,65.3,0.0,1.0,80.0,60.0,0,False,False,False,False,False
2025-02-16 13:30:00,0.0,1.0,1.0,60.0,52.0,0.0,1.0,1.0,55.46666667,2.0,2.0,0.0,66.66666667,34.9,70.0,65.3,0.0,1.0,80.0,60.0,0,False,False,False,False,False
2025-02-16 13:45:00,0.0,1.0,1.0,60.0,52.0,0.0,1.0,1.0,55.06666667,2.0,2.0,0.0,67.66666667,34.7,70.0,65.3,0.0,1.0,80.0,60.0,0,False,False,False,False,False
2025-02-16 14:00:00,0.0,1.0,1.0,60.0,52.0,0.0,1.0,1.0,54.9,2.0,2.0,0.0,67.33333333,34.9,70.0,65.3,0.0,1.0,80.0,60.0,0,False,False,False,False,False
2025-02-16 14:15:00,0.0,1.0,1.0,60.0,52.0,0.0,1.0,1.0,54.76666667,2.0,2.0,0.0,66.66666667,35.56666667,70.0,65.3,0.0,1.0,80.0,60.0,0,False,False,False,False,False
2025-02-16 14:30:00,0.0,1.0,1.0,60.0,52.0,0.0,1.0,1.0,54.5,2.0,2.0,0.0,65.0,35.7,70.0,65.3,0.0,1.0,80.0,60.0,0,False,False,False,False,False
2025-02-16 14:45:00,0.0,1.0,1.0,60.0,52.0,0.0,1.0,1.0,54.5,2.0,2.0,0.0,64.0,35.7,70.0,65.3,0.0,1.0,80.0,60.0,1,False,False,False,False,False
2025-02-16 15:00:00,0.0,1.0,1.0,60.0,52.0,0.0,1.0,1.0,54.43333333,2.0,2.0,0.0,64.66666667,35.3,70.0,65.3,0.0,1.0,80.0,60.0,0,False,False,False,False,False
2025-02-16 15:15:00,0.0,1.0,1.0,60.0,52.0,0.0,1.0,1.0,54.4,2.0,2.0,0.0,64.0,35.5,70.0,65.3,0.0,1.0,80.0,60.0,0,False,False,False,False,False
2025-02-16 15:30:00,0.0,1.0,1.0,60.0,52.0,0.0,1.0,1.0,54.4,2.0,2.0,0.0,64.0,35.3,70.0,65.16666667,0.0,1.0,80.0,60.0,0,False,False,False,False,False
2025-02-16 15:45:00,0.0,1.0,1.0,60.0,52.0,0.0,1.0,1.0,54.4,2.0,2.0,0.0,63.0,35.1,70.0,65.1,0.0,1.0,80.0,60.0,0,False,False,False,False,False
2025-02-16 16:00:00,0.0,1.0,1.0,60.0,52.0,0.0,1.0,1.0,54.2,2.0,2.0,0.0,63.66666667,35.23333333,70.0,65.1,0.0,1.0,80.0,60.0,0,False,False,False,False,False
2025-02-16 16:15:00,0.0,1.0,1.0,60.0,52.0,0.0,1.0,1.0,54.33333333,2.0,2.0,0.0,63.33333333,34.9,70.0,65.1,0.0,1.0,80.0,60.0,0,False,False,False,False,False
2025-02-16 16:30:00,0.0,1.0,1.0,60.0,52.0,0.0,1.0,1.0,54.26666667,2.0,2.0,0.0,64.66666667,34.53333333,70.0,65.1,0.0,1.0,80.0,60.0,0,False,False,False,False,False
2025-02-16 16:45:00,0.0,1.0,1.0,60.0,52.0,0.0,1.0,1.0,54.06666667,2.0,2.0,0.0,66.33333333,34.23333333,70.0,65.1,0.0,1.0,80.0,60.0,0,False,False,False,False,False
2025-02-16 17:00:00,0.0,1.0,1.0,60.0,52.0,0.0,1.0,1.0,54.0,2.0,2.0,0.0,65.33333333,34.5,70.0,65.1,0.0,1.0,80.0,60.0,0,False,False,False,False,False
2025-02-16 17:15:00,0.0,1.0,1.0,60.0,52.0,0.0,1.0,1.0,54.0,2.0,2.0,0.0,64.66666667,34.63333333,70.0,65.1,0.0,1.0,80.0,60.0,0,False,False,False,False,False
2025-02-16 17:30:00,0.0,1.0,1.0,60.0,52.0,0.0,1.0,1.0,54.26666667,2.0,2.0,0.0,64.33333333,35.1,70.0,65.1,0.0,1.0,80.0,60.0,0,False,False,False,False,False
2025-02-16 17:45:00,0.0,1.0,1.0,60.0,52.0,0.0,1.0,1.0,54.4,2.0,2.0,0.0,63.66666667,35.43333333,70.0,65.1,0.0,1.0,80.0,60.0,0,False,False,False,False,False
2025-02-16 18:00:00,0.0,1.0,1.0,60.0,52.0,0.0,1.0,1.0,54.4,2.0,2.0,0.0,62.66666667,36.1,70.0,65.1,0.0,1.0,80.0,60.0,0,False,False,False,False,False
2025-02-16 18:15:00,0.0,1.0,1.0,60.0,52.0,0.0,1.0,1.0,54.5,2.0,2.0,0.0,61.0,36.03333333,70.0,65.1,0.0,1.0,80.0,60.0,0,False,False,False,False,False
2025-02-16 18:30:00,0.0,1.0,1.0,60.0,52.0,0.0,1.0,1.0,54.5,2.0,2.0,0.0,60.33333333,35.9,70.0,65.1,0.0,1.0,80.0,60.0,0,False,False,False,False,False
2025-02-16 18:45:00,0.0,1.0,1.0,60.0,52.0,0.0,1.0,1.0,54.63333333,2.0,2.0,0.0,59.66666667,35.76666667,70.0,65.1,0.0,1.0,80.0,60.0,0,False,False,False,False,False
2025-02-16 19:00:00,0.0,1.0,1.0,60.0,52.0,0.0,1.0,1.0,54.56666667,2.0,2.0,0.0,61.66666667,34.76666667,70.0,65.1,0.0,1.0,80.0,60.0,0,False,False,False,False,False
2025-02-16 19:15:00,0.0,1.0,1.0,60.0,52.0,0.0,1.0,1.0,54.06666667,2.0,2.0,0.0,62.66666667,35.03333333,70.0,65.1,0.0,1.0,80.0,60.0,0,False,False,False,False,False
2025-02-16 19:30:00,0.0,1.0,1.0,60.0,52.0,0.0,1.0,1.0,54.0,2.0,2.0,0.0,62.0,35.5,70.0,65.06666667,0.0,1.0,80.0,60.0,0,False,False,False,False,False
2025-02-16 19:45:00,0.0,1.0,1.0,60.0,52.0,0.0,1.0,1.0,54.0,2.0,2.0,0.0,61.66666667,35.5,70.0,65.0,0.0,1.0,80.0,60.0,0,False,False,False,False,False
2025-02-16 20:00:00,0.0,1.0,1.0,60.0,52.0,0.0,1.0,1.0,54.0,2.0,2.0,0.0,61.0,34.76666667,70.0,65.0,0.0,1.0,80.0,60.0,0,False,False,False,False,False
2025-02-16 20:15:00,0.0,1.0,1.0,60.0,52.0,0.0,1.0,1.0,53.9,2.0,2.0,0.0,61.66666667,34.7,70.0,65.0,0.0,1.0,80.0,60.0,0,False,False,False,False,False
2025-02-16 20:30:00,0.0,1.0,1.0,60.0,52.0,0.0,1.0,1.0,53.9,2.0,2.0,0.0,62.0,34.76666667,70.0,65.0,0.0,1.0,80.0,60.0,0,False,False,False,False,False
2025-02-16 20:45:00,0.0,1.0,1.0,60.0,52.0,0.0,1.0,1.0,53.9,2.0,2.0,0.0,61.66666667,35.3,70.0,65.0,0.0,1.0,80.0,60.0,0,False,False,False,False,False
2025-02-16 21:00:00,0.0,1.0,1.0,60.0,52.0,0.0,1.0,1.0,53.9,2.0,2.0,0.0,62.0,35.43333333,70.0,64.93333333,0.0,1.0,80.0,60.0,0,False,False,False,False,False
2025-02-16 21:15:00,0.0,1.0,1.0,60.0,52.0,0.0,1.0,1.0,53.7,2.0,2.0,0.0,60.0,35.5,70.0,64.8,0.0,1.0,80.0,60.0,0,False,False,False,False,False
2025-02-16 21:30:00,0.0,1.0,1.0,60.0,52.0,0.0,1.0,1.0,53.56666667,2.0,2.0,0.0,60.66666667,35.23333333,70.0,64.8,0.0,1.0,80.0,60.0,0,False,False,False,False,False
2025-02-16 21:45:00,0.0,1.0,1.0,60.0,52.0,0.0,1.0,1.0,53.5,2.0,2.0,0.0,61.66666667,35.36666667,70.0,64.8,0.0,1.0,80.0,60.0,0,False,False,False,False,False
2025-02-16 22:00:00,0.0,1.0,1.0,60.0,52.0,0.0,1.0,1.0,53.4,2.0,2.0,0.0,60.66666667,36.03333333,70.0,64.8,0.0,1.0,80.0,60.0,0,False,False,False,False,False
2025-02-16 22:15:00,0.0,1.0,1.0,60.0,52.0,0.0,1.0,1.0,53.4,2.0,2.0,0.0,60.33333333,35.63333333,70.0,64.6,0.0,1.0,80.0,60.0,0,False,False,False,False,False
2025-02-16 22:30:00,0.0,1.0,1.0,60.0,52.0,0.0,1.0,1.0,53.2,2.0,2.0,0.0,61.66666667,35.1,70.0,64.6,0.0,1.0,80.0,60.0,0,False,False,False,False,False
2025-02-16 22:45:00,0.0,1.0,1.0,60.0,52.0,0.0,1.0,1.0,53.3,2.0,2.0,0.0,60.5,34.8,70.0,64.6,0.0,1.0,80.0,60.0,0,False,False,False,False,False
2025-02-16 23:00:00,0.0,1.0,1.0,68.2,52.0,33.33333333,1.333333333,1.666666667,59.03333333,1.0,1.0,0.0,58.0,38.56666667,70.0,68.03333333,100.0,2.0,80.0,60.0,0,False,False,False,False,False
2025-02-16 23:15:00,0.0,1.0,1.0,68.2,52.0,16.66666667,1.333333333,1.0,60.16666667,1.0,1.0,0.0,58.0,39.8,70.0,68.56666667,100.0,2.0,80.0,60.0,0,False,False,False,False,False
2025-02-16 23:30:00,0.0,1.0,1.0,68.2,52.0,16.66666667,1.666666667,1.0,59.8,1.0,1.0,0.0,58.33333333,38.73333333,70.0,68.46666667,100.0,2.0,80.0,60.0,0,False,False,False,False,False
2025-02-16 23:45:00,0.0,1.0,1.0,68.2,52.0,33.33333333,1.666666667,1.0,59.53333333,1.0,1.0,0.0,58.0,39.5,70.0,68.46666667,100.0,2.0,80.0,60.0,0,False,False,False,False,False
2025-02-17 00:00:00,0.0,1.0,1.0,68.2,52.0,16.66666667,1.333333333,1.0,59.43333333,1.0,1.0,0.0,58.0,40.0,70.0,68.66666667,100.0,2.0,80.0,60.0,1,False,False,False,False,False
2025-02-17 00:15:00,0.0,1.0,1.0,68.2,52.0,0.0,1.0,1.0,60.03333333,1.0,1.0,0.0,57.33333333,41.1,70.0,69.23333333,100.0,2.0,80.0,60.0,1,False,False,False,False,False
2025-02-17 00:30:00,0.0,1.0,1.0,68.2,52.0,0.0,1.0,1.0,60.0,1.0,1.0,0.0,56.0,41.13333333,70.0,68.96666667,100.0,2.0,80.0,60.0,0,False,False,False,False,False
2025-02-17 00:45:00,0.0,1.0,1.0,68.2,52.0,0.0,1.0,1.0,59.93333333,1.0,1.0,0.0,54.33333333,41.26666667,70.0,68.33333333,100.0,2.0,80.0,60.0,0,False,False,False,False,False
2025-02-17 01:00:00,0.0,1.0,1.0,68.2,52.0,33.33333333,1.666666667,1.0,59.43333333,1.0,1.0,0.0,52.66666667,41.9,70.0,67.26666667,100.0,2.0,80.0,60.0,0,False,False,False,False,False
2025-02-17 01:15:00,0.0,1.0,1.0,68.2,52.0,0.0,1.0,1.0,60.0,1.0,1.0,0.0,52.0,42.8,70.0,68.03333333,100.0,2.0,80.0,60.0,1,False,False,False,False,False
2025-02-17 01:30:00,0.0,1.0,1.0,68.2,52.0,0.0,1.0,1.0,60.33333333,1.0,1.0,0.0,52.33333333,42.3,70.0,68.56666667,100.0,2.0,80.0,60.0,0,False,False,False,False,False
2025-02-17 01:45:00,0.0,1.0,1.0,68.2,52.0,16.66666667,1.333333333,1.0,60.36666667,1.0,1.0,0.0,52.0,42.33333333,70.0,68.63333333,100.0,2.0,80.0,60.0,0,False,False,False,False,False
2025-02-17 02:00:00,0.0,1.0,1.0,68.2,52.0,16.66666667,1.333333333,1.0,60.3,1.0,1.0,0.0,51.66666667,41.9,70.0,67.83333333,100.0,2.0,80.0,60.0,0,False,False,False,False,False
2025-02-17 02:15:00,0.0,1.0,1.0,68.2,52.0,16.66666667,1.333333333,1.0,59.76666667,1.0,1.0,0.0,51.66666667,41.6,70.0,67.23333333,100.0,2.0,80.0,60.0,0,False,False,False,False,False
2025-02-17 02:30:00,0.0,1.0,1.0,68.2,52.0,0.0,1.0,1.0,59.7,1.0,1.0,0.0,53.0,38.76666667,70.0,68.46666667,100.0,2.0,80.0,60.0,1,False,False,False,False,False
2025-02-17 02:45:00,0.0,1.0,1.0,68.2,52.0,16.66666667,1.333333333,1.0,59.66666667,1.0,1.0,0.0,56.0,37.16666667,70.0,68.53333333,100.0,2.0,80.0,60.0,0,False,False,False,False,False
2025-02-17 03:00:00,0.0,1.0,1.0,68.2,52.0,16.66666667,1.333333333,1.0,59.7,1.0,1.0,0.0,55.0,38.2,70.0,68.06666667,100.0,2.0,80.0,60.0,0,False,False,False,False,False
2025-02-17 03:15:00,0.0,1.0,1.0,68.2,52.0,16.66666667,1.333333333,1.0,59.1,1.0,1.0,0.0,54.0,37.73333333,70.0,67.16666667,100.0,2.0,80.0,60.0,0,False,False,False,False,False
2025-02-17 03:30:00,0.0,1.0,1.0,68.2,52.0,0.0,1.0,1.0,59.63333333,1.0,1.0,0.0,54.0,38.8,70.0,68.13333333,100.0,2.0,80.0,60.0,1,False,False,False,False,False
2025-02-17 03:45:00,0.0,1.0,1.0,68.2,52.0,0.0,1.0,1.0,59.73333333,1.0,1.0,0.0,53.66666667,38.2,70.0,68.53333333,100.0,2.0,80.0,60.0,0,False,False,False,False,False
2025-02-17 04:00:00,0.0,1.0,1.0,68.2,52.0,16.66666667,1.333333333,1.0,59.8,1.0,1.0,0.0,53.0,38.4,70.0,68.63333333,100.0,2.0,80.0,60.0,0,False,False,False,False,False
2025-02-17 04:15:00,0.0,1.0,1.0,68.2,52.0,16.66666667,1.333333333,1.0,59.23333333,1.0,1.0,0.0,52.66666667,36.26666667,70.0,67.26666667,100.0,2.0,80.0,60.0,0,False,False,False,False,False
2025-02-17 04:30:00,0.0,1.0,1.0,68.2,52.0,16.66666667,1.333333333,1.0,59.23333333,1.0,1.0,0.0,53.33333333,36.53333333,70.0,67.9,100.0,2.0,80.0,60.0,0,False,False,False,False,False
2025-02-17 04:45:00,0.0,1.0,1.0,68.2,52.0,0.0,1.0,1.0,59.9,1.0,1.0,0.0,53.0,37.8,70.0,68.76666667,100.0,2.0,80.0,60.0,1,False,False,False,False,False
2025-02-17 05:00:00,0.0,1.0,1.0,68.2,52.0,16.66666667,1.333333333,1.0,60.1,1.0,1.0,0.0,51.33333333,39.53333333,70.0,68.56666667,100.0,2.0,80.0,60.0,0,False,False,False,False,False
2025-02-17 05:15:00,0.0,1.0,1.0,68.2,52.0,16.66666667,1.333333333,1.0,59.7,1.0,1.0,0.0,50.33333333,38.1,70.0,67.66666667,100.0,2.0,80.0,60.0,0,False,False,False,False,False
2025-02-17 05:30:00,0.0,1.0,1.0,68.2,52.0,16.66666667,1.333333333,1.0,59.4,1.0,1.0,0.0,50.33333333,37.3,70.0,67.4,100.0,2.0,80.0,60.0,0,False,False,False,False,False
2025-02-17 05:45:00,0.0,1.0,1.0,68.2,52.0,0.0,1.0,1.0,59.66666667,1.0,1.0,0.0,51.0,36.8,70.0,68.2,100.0,2.0,80.0,60.0,1,False,False,False,False,False
2025-02-17 06:00:00,0.0,1.0,1.0,68.2,52.0,0.0,1.0,1.0,59.86666667,1.0,1.0,0.0,50.33333333,34.46666667,70.0,68.63333333,100.0,2.0,80.0,60.0,0,False,False,False,False,False
2025-02-17 06:15:00,0.0,1.0,1.0,68.2,52.0,0.0,1.0,1.0,59.86666667,1.0,1.0,0.0,50.66666667,34.03333333,70.0,68.43333333,100.0,2.0,80.0,60.0,0,False,False,False,False,False
2025-02-17 06:30:00,0.0,1.0,1.0,68.2,52.0,33.33333333,1.666666667,1.0,59.2,1.0,1.0,0.0,49.33333333,34.33333333,70.0,67.1,100.0,2.0,80.0,60.0,0,False,False,False,False,False
2025-02-17 06:45:00,0.0,1.0,1.0,68.2,52.0,0.0,1.0,1.0,59.7,1.0,1.0,0.0,49.0,35.06666667,70.0,68.13333333,100.0,2.0,80.0,60.0,1,False,False,False,False,False
2025-02-17 07:00:00,0.0,1.0,1.0,68.2,52.0,0.0,1.0,1.0,60.1,1.0,1.0,0.0,49.33333333,35.13333333,70.0,68.8,100.0,2.0,80.0,60.0,0,False,False,False,False,False
2025-02-17 07:15:00,0.0,1.0,1.0,68.2,52.0,0.0,1.0,1.0,59.86666667,1.0,1.0,0.0,48.0,36.8,70.0,68.3,100.0,2.0,80.0,60.0,0,False,False,False,False,False
2025-02-17 07:30:00,0.0,1.0,1.0,68.2,52.0,33.33333333,1.666666667,1.0,59.06666667,1.0,1.0,0.0,48.66666667,34.7,70.0,67.36666667,100.0,2.0,80.0,60.0,0,False,False,False,False,False
2025-02-17 07:45:00,0.0,1.0,1.0,68.2,52.0,0.0,1.0,1.0,59.66666667,1.0,1.0,0.0,48.33333333,34.96666667,70.0,67.96666667,100.0,2.0,80.0,60.0,1,False,False,False,False,False
2025-02-17 08:00:00,0.0,1.0,1.0,68.2,52.0,0.0,1.0,1.0,60.0,1.0,1.0,0.0,48.0,35.23333333,70.0,68.63333333,100.0,2.0,80.0,60.0,0,False,False,False,False,False
2025-02-17 08:15:00,0.0,1.0,1.0,68.2,52.0,0.0,1.0,1.0,59.96666667,1.0,1.0,0.0,48.0,34.66666667,70.0,68.4,100.0,2.0,80.0,60.0,0,False,False,False,False,False
2025-02-17 08:30:00,0.0,1.0,1.0,68.2,52.0,16.66666667,1.333333333,1.0,59.3,1.0,1.0,0.0,47.33333333,33.56666667,70.0,67.53333333,100.0,2.0,80.0,60.0,0,False,False,False,False,False
2025-02-17 08:45:00,0.0,1.0,1.0,68.2,52.0,16.66666667,1.333333333,1.0,59.43333333,1.0,1.0,0.0,47.66666667,35.03333333,70.0,67.8,100.0,2.0,80.0,60.0,0,False,False,False,False,False
2025-02-17 09:00:00,0.0,1.0,1.0,68.2,52.0,0.0,1.0,1.0,60.13333333,1.0,1.0,0.0,47.66666667,35.56666667,70.0,68.8,100.0,2.0,80.0,60.0,1,False,False,False,False,False
2025-02-17 09:15:00,0.0,1.0,1.0,68.2,52.0,16.66666667,1.333333333,1.0,60.0,1.0,1.0,0.0,48.0,35.56666667,70.0,68.43333333,100.0,2.0,80.0,60.0,0,False,False,False,False,False
2025-02-17 09:30:00,0.0,1.0,1.0,68.2,52.0,0.0,1.0,1.0,59.93333333,1.0,1.0,0.0,48.0,35.66666667,70.0,68.36666667,100.0,2.0,80.0,60.0,0,False,False,False,False,False
2025-02-17 09:45:00,0.0,1.0,1.0,68.2,52.0,16.66666667,1.666666667,1.0,59.1,1.0,1.0,0.0,43.33333333,36.8,70.0,67.3,100.0,2.0,80.0,60.0,0,False,False,False,False,False
2025-02-17 10:00:00,0.0,1.0,1.0,68.2,52.0,16.66666667,1.333333333,1.0,58.96666667,1.0,1.0,0.0,43.0,36.43333333,70.0,67.9,100.0,2.0,80.0,60.0,0,False,False,False,False,False
2025-02-17 10:15:00,0.0,1.0,1.0,68.2,52.0,0.0,1.0,1.0,59.56666667,1.0,1.0,0.0,43.0,36.63333333,70.0,68.63333333,100.0,2.0,80.0,60.0,1,False,False,False,False,False
2025-02-17 10:30:00,0.0,1.0,1.0,68.2,52.0,16.66666667,1.333333333,1.0,59.6,1.0,1.0,0.0,42.66666667,36.63333333,70.0,68.56666667,100.0,2.0,80.0,60.0,0,False,False,False,False,False
2025-02-17 10:45:00,0.0,1.0,1.0,68.2,52.0,0.0,1.0,1.0,59.45,1.0,1.0,0.0,42.5,36.95,70.0,68.25,100.0,2.0,80.0,60.0,0,False,False,False,False,False
2025-02-17 11:00:00,0.0,1.0,1.0,68.2,52.0,16.66666667,1.333333333,1.0,58.96666667,1.0,1.0,0.0,42.33333333,37.46666667,70.0,67.53333333,100.0,2.0,80.0,60.0,0,False,False,False,False,False
2025-02-17 11:15:00,0.0,1.0,1.0,68.2,52.0,0.0,1.0,1.0,59.56666667,1.0,1.0,0.0,42.0,37.33333333,70.0,68.5,100.0,2.0,80.0,60.0,0,False,False,False,False,False
2025-02-17 11:30:00,0.0,1.0,1.0,68.2,52.0,16.66666667,1.333333333,1.0,59.5,1.0,1.0,0.0,41.66666667,37.66666667,70.0,68.6,100.0,2.0,80.0,60.0,0,False,False,False,False,False
2025-02-17 11:45:00,0.0,1.0,1.0,68.2,52.0,0.0,1.0,1.0,59.6,1.0,1.0,0.0,41.33333333,36.7,70.0,68.63333333,100.0,2.0,80.0,60.0,0,False,False,False,False,False
2025-02-17 12:00:00,0.0,1.0,1.0,68.2,52.0,16.66666667,1.333333333,1.0,58.93333333,1.0,1.0,0.0,40.66666667,36.96666667,70.0,67.26666667,100.0,2.0,80.0,60.0,0,False,False,False,False,False
2025-02-17 12:15:00,0.0,1.0,1.0,68.2,52.0,16.66666667,1.333333333,1.0,58.86666667,1.0,1.0,0.0,39.66666667,36.46666667,70.0,67.8,100.0,2.0,80.0,60.0,0,False,False,False,False,False
2025-02-17 12:30:00,0.0,1.0,1.0,68.2,52.0,0.0,1.0,1.0,59.36666667,1.0,1.0,0.0,40.33333333,36.46666667,70.0,68.6,100.0,2.0,80.0,60.0,1,False,False,False,False,False
2025-02-17 12:45:00,0.0,1.0,1.0,68.2,52.0,16.66666667,1.333333333,1.0,59.33333333,1.0,1.0,0.0,40.0,36.1,70.0,68.56666667,100.0,2.0,80.0,60.0,0,False,False,False,False,False
2025-02-17 13:00:00,0.0,1.0,1.0,68.2,52.0,0.0,1.0,1.0,59.23333333,1.0,1.0,0.0,40.0,35.9,70.0,68.1,100.0,2.0,80.0,60.0,0,False,False,False,False,False
2025-02-17 13:15:00,0.0,1.0,1.0,68.2,52.0,16.66666667,1.333333333,1.0,58.8,1.0,1.0,0.0,40.0,37.23333333,70.0,67.36666667,100.0,2.0,80.0,60.0,0,False,False,False,False,False
2025-02-17 13:30:00,0.0,1.0,1.0,68.2,52.0,0.0,1.0,1.0,59.5,1.0,1.0,0.0,40.33333333,36.43333333,70.0,68.8,100.0,2.0,80.0,60.0,1,False,False,False,False,False
2025-02-17 13:45:00,0.0,1.0,1.0,68.2,52.0,0.0,1.0,1.0,59.53333333,1.0,1.0,0.0,40.66666667,36.13333333,70.0,68.23333333,100.0,2.0,80.0,60.0,0,False,False,False,False,False
2025-02-17 14:00:00,0.0,1.0,1.0,68.2,52.0,0.0,1.0,1.0,59.43333333,1.0,1.0,0.0,40.33333333,34.03333333,70.0,67.93333333,100.0,2.0,80.0,60.0,0,False,False,False,False,False
2025-02-17 14:15:00,0.0,1.0,1.0,68.2,52.0,0.0,1.0,1.0,59.33333333,1.0,1.0,0.0,39.66666667,35.3,70.0,68.63333333,100.0,2.0,80.0,60.0,0,False,False,False,False,False
2025-02-17 14:30:00,0.0,1.0,1.0,68.2,52.0,0.0,1.0,1.0,59.1,1.0,1.0,0.0,39.33333333,36.6,70.0,67.7,100.0,2.0,80.0,60.0,0,False,False,False,False,False
2025-02-17 14:45:00,0.0,1.0,1.0,68.2,52.0,16.66666667,1.333333333,1.0,60.2,1.0,1.0,0.0,40.0,35.0,70.0,69.03333333,100.0,2.0,80.0,60.0,0,False,False,False,False,False
2025-02-17 15:00:00,0.0,1.0,1.0,68.2,52.0,16.66666667,1.333333333,1.0,59.86666667,1.0,1.0,0.0,37.66666667,38.13333333,70.0,68.2,100.0,2.0,80.0,60.0,0,False,False,False,False,False
2025-02-17 15:15:00,0.0,1.0,1.0,68.2,52.0,0.0,1.0,1.0,60.76666667,1.0,1.0,0.0,37.0,40.3,70.0,69.93333333,100.0,2.0,80.0,60.0,1,False,False,False,False,False
2025-02-17 15:30:00,0.0,1.0,1.0,68.2,52.0,0.0,1.0,1.0,59.8,1.0,1.0,0.0,36.0,37.33333333,70.0,68.4,100.0,2.0,80.0,60.0,0,False,False,False,False,False
2025-02-17 15:45:00,0.0,1.0,1.0,68.2,52.0,0.0,1.0,1.0,59.63333333,1.0,1.0,0.0,36.0,37.36666667,70.0,68.16666667,100.0,2.0,80.0,60.0,0,False,False,False,False,False
2025-02-17 16:00:00,0.0,1.0,1.0,68.2,52.0,0.0,1.0,1.0,59.56666667,1.0,1.0,0.0,36.0,38.5,70.0,68.03333333,100.0,2.0,80.0,60.0,0,False,False,False,False,False
2025-02-17 16:15:00,0.0,1.0,1.0,68.2,52.0,0.0,1.0,1.0,59.43333333,1.0,1.0,0.0,35.0,39.03333333,70.0,67.86666667,100.0,2.0,80.0,60.0,0,False,False,False,False,False
2025-02-17 16:30:00,0.0,1.0,1.0,68.2,52.0,16.66666667,1.333333333,1.0,60.43333333,1.0,1.0,0.0,35.0,41.03333333,70.0,69.63333333,100.0,2.0,80.0,60.0,0,False,False,False,False,False
2025-02-17 16:45:00,0.0,1.0,1.0,68.2,52.0,0.0,1.0,1.0,60.16666667,1.0,1.0,0.0,35.0,41.2,70.0,69.0,100.0,2.0,80.0,60.0,0,False,False,False,False,False
2025-02-17 17:00:00,0.0,1.0,1.0,68.2,52.0,0.0,1.0,1.0,59.83333333,1.0,1.0,0.0,35.0,41.63333333,70.0,68.43333333,100.0,2.0,80.0,60.0,0,False,False,False,False,False
2025-02-17 17:15:00,0.0,1.0,1.0,68.2,52.0,0.0,1.0,1.0,73.23333333,1.0,1.0,0.0,36.0,41.73333333,70.0,68.03333333,100.0,2.0,80.0,60.0,0,False,False,False,False,False
2025-02-17 17:30:00,0.0,1.0,1.0,68.2,52.0,0.0,1.0,1.0,59.7,1.0,1.0,0.0,36.33333333,38.96666667,70.0,67.9,100.0,2.0,80.0,60.0,0,False,False,False,False,False
2025-02-17 17:45:00,0.0,1.0,1.0,68.2,52.0,0.0,1.0,1.0,59.7,1.0,1.0,0.0,37.0,40.2,70.0,67.9,100.0,2.0,80.0,60.0,0,False,False,False,False,False
2025-02-17 18:00:00,0.0,1.0,1.0,68.2,52.0,0.0,1.0,1.0,59.7,1.0,1.0,0.0,37.0,42.0,70.0,67.9,100.0,2.0,80.0,60.0,0,False,False,False,False,False
2025-02-17 18:15:00,0.0,1.0,1.0,68.2,52.0,0.0,1.0,1.0,59.93333333,1.0,1.0,0.0,37.0,42.73333333,70.0,67.9,100.0,2.0,80.0,60.0,0,False,False,False,False,False
2025-02-17 18:30:00,0.0,1.0,1.0,68.2,52.0,0.0,1.0,1.0,60.2,1.0,1.0,0.0,37.0,43.16666667,70.0,68.23333333,100.0,2.0,80.0,60.0,0,False,False,False,False,False
2025-02-17 18:45:00,0.0,1.0,1.0,68.2,52.0,0.0,1.0,1.0,60.13333333,1.0,1.0,0.0,36.0,45.03333333,70.0,68.3,100.0,2.0,80.0,60.0,0,False,False,False,False,False
2025-02-17 19:00:00,0.0,1.0,1.0,68.2,52.0,16.66666667,1.333333333,1.0,59.86666667,1.0,1.0,0.0,36.66666667,43.06666667,70.0,67.76666667,100.0,2.0,80.0,60.0,0,False,False,False,False,False
2025-02-17 19:15:00,0.0,1.0,1.0,68.2,52.0,0.0,1.0,1.0,61.06666667,1.0,1.0,0.0,37.0,42.9,70.0,69.56666667,100.0,2.0,80.0,60.0,1,False,False,False,False,False
2025-02-17 19:30:00,0.0,1.0,1.0,68.2,52.0,33.33333333,1.666666667,1.0,60.33333333,1.0,1.0,0.0,37.33333333,43.03333333,70.0,67.83333333,100.0,2.0,80.0,60.0,0,False,False,False,False,False
2025-02-17 19:45:00,0.0,1.0,1.0,68.2,52.0,0.0,1.0,1.0,61.16666667,1.0,1.0,0.0,37.66666667,45.46666667,70.0,69.3,100.0,2.0,80.0,60.0,1,False,False,False,False,False
2025-02-17 20:00:00,0.0,1.0,1.0,68.2,52.0,0.0,1.0,1.0,61.03333333,1.0,1.0,0.0,37.33333333,45.2,70.0,68.73333333,100.0,2.0,80.0,60.0,0,False,False,False,False,False
2025-02-17 20:15:00,0.0,1.0,1.0,68.2,52.0,0.0,1.0,1.0,61.0,1.0,1.0,0.0,36.0,43.55,70.0,68.8,100.0,2.0,80.0,60.0,0,False,False,False,False,False
2025-02-17 20:30:00,0.0,1.0,1.0,68.2,52.0,0.0,1.0,1.0,60.23333333,1.0,1.0,0.0,36.0,43.7,70.0,67.4,100.0,2.0,80.0,60.0,0,False,False,False,False,False
2025-02-17 20:45:00,0.0,1.0,1.0,68.2,52.0,16.66666667,1.333333333,1.0,60.63333333,1.0,1.0,0.0,36.66666667,41.9,70.0,68.23333333,100.0,2.0,80.0,60.0,0,False,False,False,False,False
2025-02-17 21:00:00,0.0,1.0,1.0,68.2,52.0,0.0,1.0,1.0,60.63333333,1.0,1.0,0.0,37.0,41.3,70.0,68.33333333,100.0,2.0,80.0,60.0,0,False,False,False,False,False
2025-02-17 21:15:00,0.0,1.0,1.0,68.2,52.0,16.66666667,1.333333333,1.0,60.5,1.0,1.0,0.0,37.0,43.96666667,70.0,67.43333333,100.0,2.0,80.0,60.0,0,False,False,False,False,False
2025-02-17 21:30:00,0.0,1.0,1.0,68.2,52.0,0.0,1.0,1.0,61.3,1.0,1.0,0.0,36.33333333,46.63333333,70.0,68.76666667,100.0,2.0,80.0,60.0,0,False,False,False,False,False
2025-02-17 21:45:00,0.0,1.0,1.0,68.2,52.0,16.66666667,1.333333333,1.0,60.5,1.0,1.0,0.0,36.0,44.06666667,70.0,67.03333333,100.0,2.0,80.0,60.0,0,False,False,False,False,False
2025-02-17 22:00:00,0.0,1.0,1.0,68.2,52.0,0.0,1.0,1.0,61.23333333,1.0,1.0,0.0,37.0,44.53333333,70.0,69.16666667,100.0,2.0,80.0,60.0,1,False,False,False,False,False
2025-02-17 22:15:00,0.0,1.0,1.0,68.2,52.0,0.0,1.0,1.0,60.13333333,1.0,1.0,0.0,36.0,43.23333333,70.0,67.1,100.0,2.0,80.0,60.0,0,False,False,False,False,False
2025-02-17 22:30:00,0.0,1.0,1.0,68.2,52.0,0.0,1.0,1.0,61.03333333,1.0,1.0,0.0,37.33333333,41.56666667,70.0,68.73333333,100.0,2.0,80.0,60.0,0,False,False,False,False,False
2025-02-17 22:45:00,0.0,1.0,1.0,68.2,52.0,16.66666667,1.333333333,1.0,60.16666667,1.0,1.0,0.0,37.0,41.36666667,70.0,67.03333333,100.0,2.0,80.0,60.0,0,False,False,False,False,False
2025-02-17 23:00:00,0.0,1.0,1.0,68.2,52.0,0.0,1.0,1.0,61.13333333,1.0,1.0,0.0,38.0,40.03333333,70.0,68.86666667,100.0,2.0,80.0,60.0,1,False,False,False,False,False
2025-02-17 23:15:00,0.0,1.0,1.0,68.2,52.0,33.33333333,1.666666667,1.0,60.23333333,1.0,1.0,0.0,37.66666667,38.56666667,70.0,67.1,100.0,2.0,80.0,60.0,0,False,False,False,False,False
2025-02-17 23:30:00,0.0,1.0,1.0,68.2,52.0,0.0,1.0,1.0,61.03333333,1.0,1.0,0.0,37.66666667,40.26666667,70.0,68.7,100.0,2.0,80.0,60.0,1,False,False,False,False,False
2025-02-17 23:45:00,0.0,1.0,1.0,68.2,52.0,16.66666667,1.333333333,1.0,60.7,1.0,1.0,0.0,38.0,37.96666667,70.0,67.63333333,100.0,2.0,80.0,60.0,0,False,False,False,False,False
2025-02-18 00:00:00,0.0,1.0,1.0,68.2,52.0,0.0,1.0,1.0,60.6,1.0,1.0,0.0,37.33333333,37.03333333,70.0,68.1,100.0,2.0,80.0,60.0,0,False,False,False,False,False
2025-02-18 00:15:00,0.0,1.0,1.0,68.2,52.0,16.66666667,1.333333333,1.0,61.03333333,1.0,1.0,0.0,38.66666667,38.23333333,70.0,68.66666667,100.0,2.0,80.0,60.0,0,False,False,False,False,False
2025-02-18 00:30:00,0.0,1.0,1.0,68.2,52.0,0.0,1.0,1.0,60.3,1.0,1.0,0.0,37.33333333,37.23333333,70.0,67.5,100.0,2.0,80.0,60.0,0,False,False,False,False,False
2025-02-18 00:45:00,0.0,1.0,1.0,68.2,52.0,0.0,1.0,1.0,61.2,1.0,1.0,0.0,37.0,36.83333333,70.0,68.93333333,100.0,2.0,80.0,60.0,0,False,False,False,False,False
2025-02-18 01:00:00,0.0,1.0,1.0,68.2,52.0,16.66666667,1.333333333,1.0,60.06666667,1.0,1.0,0.0,36.0,36.53333333,70.0,67.1,100.0,2.0,80.0,60.0,0,False,False,False,False,False
2025-02-18 01:15:00,0.0,1.0,1.0,68.2,52.0,0.0,1.0,1.0,61.03333333,1.0,1.0,0.0,36.33333333,36.46666667,70.0,68.9,100.0,2.0,80.0,60.0,1,False,False,False,False,False
2025-02-18 01:30:00,0.0,1.0,1.0,68.2,52.0,16.66666667,1.333333333,1.0,60.5,1.0,1.0,0.0,36.66666667,38.43333333,70.0,67.4,100.0,2.0,80.0,60.0,0,False,False,False,False,False
2025-02-18 01:45:00,0.0,1.0,1.0,68.2,52.0,0.0,1.0,1.0,60.6,1.0,1.0,0.0,36.33333333,37.93333333,70.0,68.16666667,100.0,2.0,80.0,60.0,0,False,False,False,False,False
2025-02-18 02:00:00,0.0,1.0,1.0,68.2,52.0,16.66666667,1.333333333,1.0,60.9,1.0,1.0,0.0,36.0,36.6,70.0,68.73333333,100.0,2.0,80.0,60.0,0,False,False,False,False,False
2025-02-18 02:15:00,0.0,1.0,1.0,68.2,52.0,16.66666667,1.333333333,1.0,59.9,1.0,1.0,0.0,36.0,35.7,70.0,67.1,100.0,2.0,80.0,60.0,0,False,False,False,False,False
2025-02-18 02:30:00,0.0,1.0,1.0,68.2,52.0,0.0,1.0,1.0,60.93333333,1.0,1.0,0.0,36.66666667,36.76666667,70.0,68.83333333,100.0,2.0,80.0,60.0,1,False,False,False,False,False
2025-02-18 02:45:00,0.0,1.0,1.0,68.2,52.0,0.0,1.0,1.0,60.86666667,1.0,1.0,0.0,36.66666667,35.96666667,70.0,68.1,100.0,2.0,80.0,60.0,0,False,False,False,False,False
2025-02-18 03:00:00,0.0,1.0,1.0,68.2,52.0,0.0,1.0,1.0,60.3,1.0,1.0,0.0,36.33333333,36.7,70.0,67.73333333,100.0,2.0,80.0,60.0,0,False,False,False,False,False
2025-02-18 03:15:00,0.0,1.0,1.0,68.2,52.0,0.0,1.0,1.0,60.93333333,1.0,1.0,0.0,36.0,37.16666667,70.0,68.63333333,100.0,2.0,80.0,60.0,0,False,False,False,False,False
2025-02-18 03:30:00,0.0,1.0,1.0,68.2,52.0,16.66666667,1.333333333,1.0,60.63333333,1.0,1.0,0.0,36.0,36.93333333,70.0,67.73333333,100.0,2.0,80.0,60.0,0,False,False,False,False,False
2025-02-18 03:45:00,0.0,1.0,1.0,68.2,52.0,0.0,1.0,1.0,60.33333333,1.0,1.0,0.0,36.33333333,38.7,70.0,68.0,100.0,2.0,80.0,60.0,0,False,False,False,False,False
2025-02-18 04:00:00,0.0,1.0,1.0,68.2,52.0,16.66666667,1.333333333,1.0,60.76666667,1.0,1.0,0.0,37.0,37.06666667,70.0,68.63333333,100.0,2.0,80.0,60.0,0,False,False,False,False,False
2025-02-18 04:15:00,0.0,1.0,1.0,68.2,52.0,16.66666667,1.333333333,1.0,59.93333333,1.0,1.0,0.0,37.0,36.76666667,70.0,67.2,100.0,2.0,80.0,60.0,0,False,False,False,False,False
2025-02-18 04:30:00,0.0,1.0,1.0,68.2,52.0,0.0,1.0,1.0,60.6,1.0,1.0,0.0,37.0,36.6,70.0,68.56666667,100.0,2.0,80.0,60.0,1,False,False,False,False,False
2025-02-18 04:45:00,0.0,1.0,1.0,68.2,52.0,0.0,1.0,1.0,60.83333333,1.0,1.0,0.0,37.0,36.2,70.0,68.43333333,100.0,2.0,80.0,60.0,0,False,False,False,False,False
2025-02-18 05:00:00,0.0,1.0,1.0,68.2,52.0,16.66666667,1.333333333,1.0,59.9,1.0,1.0,0.0,37.0,36.9,70.0,67.53333333,100.0,2.0,80.0,60.0,0,False,False,False,False,False
2025-02-18 05:15:00,0.0,1.0,1.0,68.2,52.0,0.0,1.0,1.0,60.76666667,1.0,1.0,0.0,38.0,36.4,70.0,68.73333333,100.0,2.0,80.0,60.0,1,False,False,False,False,False
2025-02-18 05:30:00,0.0,1.0,1.0,68.2,52.0,16.66666667,1.333333333,1.0,60.33333333,1.0,1.0,0.0,37.0,36.66666667,70.0,67.73333333,100.0,2.0,80.0,60.0,0,False,False,False,False,False
2025-02-18 05:45:00,0.0,1.0,1.0,68.2,52.0,0.0,1.0,1.0,60.1,1.0,1.0,0.0,37.0,37.26666667,70.0,68.16666667,100.0,2.0,80.0,60.0,0,False,False,False,False,False
2025-02-18 06:00:00,0.0,1.0,1.0,68.2,52.0,16.66666667,1.333333333,1.0,60.73333333,1.0,1.0,0.0,37.66666667,35.9,70.0,68.7,100.0,2.0,80.0,60.0,0,False,False,False,False,False
2025-02-18 06:15:00,0.0,1.0,1.0,68.2,52.0,0.0,1.0,1.0,59.7,1.0,1.0,0.0,37.66666667,36.7,70.0,67.46666667,100.0,2.0,80.0,60.0,0,False,False,False,False,False
2025-02-18 06:30:00,0.0,1.0,1.0,68.2,52.0,16.66666667,1.0,1.0,60.46666667,1.0,1.0,0.0,37.0,36.63333333,70.0,68.66666667,100.0,2.0,80.0,60.0,0,False,False,False,False,False
2025-02-18 06:45:00,0.0,1.0,1.0,68.2,52.0,16.66666667,1.333333333,1.0,60.13333333,1.0,1.0,0.0,37.0,36.1,70.0,67.8,100.0,2.0,80.0,60.0,0,False,False,False,False,False
2025-02-18 07:00:00,0.0,1.0,1.0,68.2,52.0,0.0,1.0,1.0,59.76666667,1.0,1.0,0.0,37.0,36.96666667,70.0,67.66666667,100.0,2.0,80.0,60.0,0,False,False,False,False,False
2025-02-18 07:15:00,0.0,1.0,1.0,68.2,52.0,0.0,1.0,1.0,60.63333333,1.0,1.0,0.0,38.0,36.96666667,70.0,68.86666667,100.0,2.0,80.0,60.0,0,False,False,False,False,False
2025-02-18 07:30:00,0.0,1.0,1.0,68.2,52.0,0.0,1.0,1.0,60.3,1.0,1.0,0.0,38.66666667,35.86666667,70.0,68.26666667,100.0,2.0,80.0,60.0,0,False,False,False,False,False
2025-02-18 07:45:00,0.0,1.0,1.0,68.2,52.0,0.0,1.0,1.0,60.03333333,1.0,1.0,0.0,39.0,35.9,70.0,67.53333333,100.0,2.0,80.0,60.0,0,False,False,False,False,False
2025-02-18 08:00:00,0.0,1.0,1.0,68.2,52.0,0.0,1.0,1.0,60.63333333,1.0,1.0,0.0,40.0,35.7,70.0,68.66666667,100.0,2.0,80.0,60.0,0,False,False,False,False,False
2025-02-18 08:15:00,0.0,1.0,1.0,68.2,52.0,16.66666667,1.333333333,1.0,60.4,1.0,1.0,0.0,41.66666667,35.03333333,70.0,68.56666667,100.0,2.0,80.0,60.0,0,False,False,False,False,False
2025-02-18 08:30:00,0.0,1.0,1.0,68.2,52.0,16.66666667,1.333333333,1.0,59.6,1.0,1.0,0.0,43.33333333,34.7,70.0,67.13333333,100.0,2.0,80.0,60.0,0,False,False,False,False,False
2025-02-18 08:45:00,0.0,1.0,1.0,68.2,52.0,0.0,1.0,1.0,60.33333333,1.0,1.0,0.0,45.0,35.7,70.0,68.9,100.0,2.0,80.0,60.0,1,False,False,False,False,False
2025-02-18 09:00:00,0.0,1.0,1.0,68.2,52.0,0.0,1.0,1.0,59.86666667,1.0,1.0,0.0,45.66666667,34.9,70.0,67.83333333,100.0,2.0,80.0,60.0,0,False,False,False,False,False
2025-02-18 09:15:00,0.0,1.0,1.0,68.2,52.0,0.0,1.333333333,1.0,59.63333333,1.0,1.0,0.0,46.0,34.76666667,70.0,67.33333333,100.0,2.0,80.0,60.0,1,False,False,False,False,False
2025-02-18 09:30:00,0.0,1.0,1.0,68.2,52.0,0.0,1.0,1.0,60.46666667,1.0,1.0,0.0,46.33333333,35.5,70.0,69.0,100.0,2.0,80.0,60.0,0,False,False,False,False,False
2025-02-18 09:45:00,0.0,1.0,1.0,68.2,52.0,16.66666667,1.333333333,1.0,60.0,1.0,1.0,0.0,46.33333333,34.73333333,70.0,68.06666667,100.0,2.0,80.0,60.0,0,False,False,False,False,False
2025-02-18 10:00:00,0.0,1.0,1.0,68.2,52.0,0.0,1.0,1.0,59.73333333,1.0,1.0,0.0,47.0,36.1,70.0,67.6,100.0,2.0,80.0,60.0,0,False,False,False,False,False
2025-02-18 10:15:00,0.0,1.0,1.0,68.2,52.0,0.0,1.0,1.0,60.4,1.0,1.0,0.0,47.0,34.8,70.0,68.8,100.0,2.0,80.0,60.0,0,False,False,False,False,False
2025-02-18 10:30:00,0.0,1.0,1.0,68.2,52.0,16.66666667,1.333333333,1.0,60.03333333,1.0,1.0,0.0,46.66666667,33.9,70.0,68.1,100.0,2.0,80.0,60.0,0,False,False,False,False,False
2025-02-18 10:45:00,0.0,1.0,1.0,68.2,52.0,16.66666667,1.333333333,1.0,59.63333333,1.0,1.0,0.0,46.33333333,34.5,70.0,67.46666667,100.0,2.0,80.0,60.0,0,False,False,False,False,False
2025-02-18 11:00:00,0.0,1.0,1.0,68.2,52.0,0.0,1.0,1.0,60.3,1.0,1.0,0.0,46.0,34.26666667,70.0,68.93333333,100.0,2.0,80.0,60.0,1,False,False,False,False,False
2025-02-18 11:15:00,0.0,1.0,1.0,68.2,52.0,0.0,1.0,1.0,60.13333333,1.0,1.0,0.0,46.0,34.76666667,70.0,68.4,100.0,2.0,80.0,60.0,0,False,False,False,False,False
2025-02-18 11:30:00,0.0,1.0,1.0,68.2,52.0,16.66666667,1.333333333,1.0,59.53333333,1.0,1.0,0.0,46.0,34.43333333,70.0,67.33333333,100.0,2.0,80.0,60.0,0,False,False,False,False,False
2025-02-18 11:45:00,0.0,1.0,1.0,68.2,52.0,0.0,1.0,1.0,59.86666667,1.0,1.0,0.0,45.33333333,35.03333333,70.0,68.3,100.0,2.0,80.0,60.0,1,False,False,False,False,False
2025-02-18 12:00:00,0.0,1.0,1.0,68.2,52.0,16.66666667,1.333333333,1.0,59.8,1.0,1.0,0.0,44.0,34.03333333,70.0,68.63333333,100.0,2.0,80.0,60.0,0,False,False,False,False,False
2025-02-18 12:15:00,0.0,1.0,1.0,68.2,52.0,16.66666667,1.333333333,1.0,59.43333333,1.0,1.0,0.0,44.0,33.9,70.0,67.46666667,100.0,2.0,80.0,60.0,0,False,False,False,False,False
2025-02-18 12:30:00,0.0,1.0,1.0,68.2,52.0,0.0,1.0,1.0,59.73333333,1.0,1.0,0.0,43.33333333,34.2,70.0,68.26666667,100.0,2.0,80.0,60.0,0,False,False,False,False,False
2025-02-18 12:45:00,0.0,1.0,1.0,68.2,52.0,16.66666667,1.333333333,1.0,59.76666667,1.0,1.0,0.0,43.0,32.73333333,70.0,68.53333333,100.0,2.0,80.0,60.0,0,False,False,False,False,False
2025-02-18 13:00:00,0.0,1.0,1.0,68.2,52.0,16.66666667,1.333333333,1.0,59.43333333,1.0,1.0,0.0,42.66666667,34.1,70.0,67.33333333,100.0,2.0,80.0,60.0,0,False,False,False,False,False
2025-02-18 13:15:00,0.0,1.0,1.0,68.2,52.0,0.0,1.0,1.0,59.73333333,1.0,1.0,0.0,42.0,34.43333333,70.0,68.2,100.0,2.0,80.0,60.0,0,False,False,False,False,False
2025-02-18 13:30:00,0.0,1.0,1.0,68.2,52.0,16.66666667,1.333333333,1.0,59.8,1.0,1.0,0.0,43.33333333,33.63333333,70.0,68.6,100.0,2.0,80.0,60.0,0,False,False,False,False,False
2025-02-18 13:45:00,0.0,1.0,1.0,68.2,52.0,33.33333333,1.666666667,1.0,59.26666667,1.0,1.0,0.0,44.0,34.4,70.0,67.0,100.0,2.0,80.0,60.0,0,False,False,False,False,False
2025-02-18 14:00:00,0.0,1.0,1.0,68.2,52.0,0.0,1.0,1.0,59.8,1.0,1.0,0.0,44.0,35.23333333,70.0,68.56666667,100.0,2.0,80.0,60.0,1,False,False,False,False,False
2025-02-18 14:15:00,0.0,1.0,1.0,68.2,52.0,16.66666667,1.333333333,1.0,59.66666667,1.0,1.0,0.0,45.0,33.76666667,70.0,68.63333333,100.0,2.0,80.0,60.0,0,False,False,False,False,False
2025-02-18 14:30:00,0.0,1.0,1.0,68.2,52.0,16.66666667,1.333333333,1.0,58.96666667,1.0,1.0,0.0,45.33333333,33.33333333,70.0,67.06666667,100.0,2.0,80.0,60.0,0,False,False,False,False,False
2025-02-18 14:45:00,0.0,1.0,1.0,68.2,52.0,0.0,1.0,1.0,59.66666667,1.0,1.0,0.0,46.0,33.46666667,70.0,68.4,100.0,2.0,80.0,60.0,1,False,False,False,False,False
2025-02-18 15:00:00,0.0,1.0,1.0,68.2,52.0,16.66666667,1.333333333,1.0,59.86666667,1.0,1.0,0.0,46.0,33.8,70.0,68.73333333,100.0,2.0,80.0,60.0,0,False,False,False,False,False
2025-02-18 15:15:00,0.0,1.0,1.0,68.2,52.0,16.66666667,1.333333333,1.0,59.2,1.0,1.0,0.0,46.0,34.9,70.0,66.93333333,100.0,2.0,80.0,60.0,0,False,False,False,False,False
2025-02-18 15:30:00,0.0,1.0,1.0,68.2,52.0,0.0,1.0,1.0,59.8,1.0,1.0,0.0,46.0,34.9,70.0,68.96666667,100.0,2.0,80.0,60.0,1,False,False,False,False,False
2025-02-18 15:45:00,0.0,1.0,1.0,68.2,52.0,16.66666667,1.333333333,1.0,58.93333333,1.0,1.0,0.0,45.0,36.16666667,70.0,67.03333333,100.0,2.0,80.0,60.0,0,False,False,False,False,False
2025-02-18 16:00:00,0.0,1.0,1.0,68.2,52.0,0.0,1.0,1.0,60.0,1.0,1.0,0.0,44.66666667,37.63333333,70.0,68.8,100.0,2.0,80.0,60.0,1,False,False,False,False,False
2025-02-18 16:15:00,0.0,1.0,1.0,68.2,52.0,0.0,1.0,1.0,60.23333333,1.0,1.0,0.0,44.0,37.13333333,70.0,68.96666667,100.0,2.0,80.0,60.0,0,False,False,False,False,False
2025-02-18 16:30:00,0.0,1.0,1.0,68.2,52.0,0.0,1.0,1.0,59.8,1.0,1.0,0.0,43.33333333,36.76666667,70.0,68.5,100.0,2.0,80.0,60.0,0,False,False,False,False,False
2025-02-18 16:45:00,0.0,1.0,1.0,68.2,52.0,16.66666667,1.333333333,1.0,59.56666667,1.0,1.0,0.0,43.33333333,36.83333333,70.0,68.0,100.0,2.0,80.0,60.0,0,False,False,False,False,False
2025-02-18 17:00:00,0.0,1.0,1.0,68.2,52.0,0.0,1.0,1.0,59.93333333,1.0,1.0,0.0,42.66666667,38.76666667,70.0,68.4,100.0,2.0,80.0,60.0,0,False,False,False,False,False
2025-02-18 17:15:00,0.0,1.0,1.0,68.2,52.0,16.66666667,1.333333333,1.0,59.6,1.0,1.0,0.0,42.0,37.8,70.0,67.86666667,100.0,2.0,80.0,60.0,0,False,False,False,False,False
2025-02-18 17:30:00,0.0,1.0,1.0,68.2,52.0,0.0,1.0,1.0,59.66666667,1.0,1.0,0.0,41.66666667,38.86666667,70.0,68.23333333,100.0,2.0,80.0,60.0,0,False,False,False,False,False
2025-02-18 17:45:00,0.0,1.0,1.0,68.2,52.0,0.0,1.0,1.0,59.83333333,1.0,1.0,0.0,41.66666667,38.3,70.0,68.6,100.0,2.0,80.0,60.0,0,False,False,False,False,False
2025-02-18 18:00:00,0.0,1.0,1.0,68.2,52.0,0.0,1.0,1.0,59.56666667,1.0,1.0,0.0,42.0,38.13333333,70.0,67.66666667,100.0,2.0,80.0,60.0,0,False,False,False,False,False
2025-02-18 18:15:00,0.0,1.0,1.0,68.2,52.0,0.0,1.0,1.0,59.93333333,1.0,1.0,0.0,42.0,37.8,70.0,68.46666667,100.0,2.0,80.0,60.0,0,False,False,False,False,False
2025-02-18 18:30:00,0.0,1.0,1.0,68.2,52.0,0.0,1.0,1.0,59.5,1.0,1.0,0.0,41.66666667,38.6,70.0,67.8,100.0,2.0,80.0,60.0,0,False,False,False,False,False
2025-02-18 18:45:00,0.0,1.0,1.0,68.2,52.0,0.0,1.0,1.0,59.9,1.0,1.0,0.0,41.0,37.53333333,70.0,68.56666667,100.0,2.0,80.0,60.0,0,False,False,False,False,False
2025-02-18 19:00:00,0.0,1.0,1.0,68.2,52.0,0.0,1.0,1.0,59.76666667,1.0,1.0,0.0,41.66666667,39.0,70.0,67.96666667,100.0,2.0,80.0,60.0,0,False,False,False,False,False
2025-02-18 19:15:00,0.0,1.0,1.0,68.2,52.0,16.66666667,1.333333333,1.0,60.23333333,1.0,1.0,0.0,41.33333333,38.5,70.0,68.46666667,100.0,2.0,80.0,60.0,1,False,False,False,False,False
2025-02-18 19:30:00,0.0,1.0,1.0,68.2,52.0,16.66666667,1.333333333,1.0,59.63333333,1.0,1.0,0.0,41.33333333,37.86666667,70.0,67.3,100.0,2.0,80.0,60.0,0,False,False,False,False,False
2025-02-18 19:45:00,0.0,1.0,1.0,68.2,52.0,0.0,1.0,1.0,60.4,1.0,1.0,0.0,41.66666667,38.6,70.0,68.7,100.0,2.0,80.0,60.0,0,False,False,False,False,False
2025-02-18 20:00:00,0.0,1.0,1.0,68.2,52.0,0.0,1.0,1.0,59.66666667,1.0,1.0,0.0,40.66666667,39.2,70.0,67.6,100.0,2.0,80.0,60.0,0,False,False,False,False,False
2025-02-18 20:15:00,0.0,1.0,1.0,68.2,52.0,0.0,1.0,1.0,60.23333333,1.0,1.0,0.0,40.33333333,40.23333333,70.0,68.76666667,100.0,2.0,80.0,60.0,0,False,False,False,False,False
2025-02-18 20:30:00,0.0,1.0,1.0,68.2,52.0,0.0,1.0,1.0,59.73333333,1.0,1.0,0.0,40.0,40.7,70.0,67.33333333,100.0,2.0,80.0,60.0,0,False,False,False,False,False
2025-02-18 20:45:00,0.0,1.0,1.0,68.2,52.0,0.0,1.0,1.0,60.6,1.0,1.0,0.0,39.33333333,41.3,70.0,68.9,100.0,2.0,80.0,60.0,0,False,False,False,False,False
2025-02-18 21:00:00,0.0,1.0,1.0,68.2,52.0,16.66666667,1.333333333,1.0,60.0,1.0,1.0,0.0,39.0,40.53333333,70.0,67.8,100.0,2.0,80.0,60.0,0,False,False,False,False,False
2025-02-18 21:15:00,0.0,1.0,1.0,68.2,52.0,0.0,1.0,1.0,60.56666667,1.0,1.0,0.0,39.0,41.4,70.0,68.56666667,100.0,2.0,80.0,60.0,0,False,False,False,False,False
2025-02-18 21:30:00,0.0,1.0,1.0,68.2,52.0,16.66666667,1.333333333,1.0,60.16666667,1.0,1.0,0.0,38.66666667,39.96666667,70.0,68.0,100.0,2.0,80.0,60.0,0,False,False,False,False,False
2025-02-18 21:45:00,0.0,1.0,1.0,68.2,52.0,16.66666667,1.333333333,1.0,60.0,1.0,1.0,0.0,38.33333333,39.43333333,70.0,67.66666667,100.0,2.0,80.0,60.0,0,False,False,False,False,False
2025-02-18 22:00:00,0.0,1.0,1.0,68.2,52.0,16.66666667,1.333333333,1.0,60.13333333,1.0,1.0,0.0,37.66666667,38.2,70.0,68.3,100.0,2.0,80.0,60.0,1,False,False,False,False,False
2025-02-18 22:15:00,0.0,1.0,1.0,68.2,52.0,0.0,1.0,1.0,59.63333333,1.0,1.0,0.0,37.66666667,38.03333333,70.0,67.33333333,100.0,2.0,80.0,60.0,0,False,False,False,False,False
2025-02-18 22:30:00,0.0,1.0,1.0,68.2,52.0,0.0,1.0,1.0,60.06666667,1.0,1.0,0.0,38.0,37.53333333,70.0,68.5,100.0,2.0,80.0,60.0,0,False,False,False,False,False
2025-02-18 22:45:00,0.0,1.0,1.0,68.2,52.0,0.0,1.0,1.0,60.26666667,1.0,1.0,0.0,38.0,37.1,70.0,68.46666667,100.0,2.0,80.0,60.0,0,False,False,False,False,False
2025-02-18 23:00:00,0.0,1.0,1.0,68.2,52.0,16.66666667,1.333333333,1.0,59.5,1.0,1.0,0.0,38.0,36.53333333,70.0,67.63333333,100.0,2.0,80.0,60.0,0,False,False,False,False,False
2025-02-18 23:15:00,0.0,1.0,1.0,68.2,52.0,0.0,1.0,1.0,60.16666667,1.0,1.0,0.0,38.0,36.56666667,70.0,68.53333333,100.0,2.0,80.0,60.0,0,False,False,False,False,False
2025-02-18 23:30:00,0.0,1.0,1.0,68.2,52.0,16.66666667,1.333333333,1.0,59.93333333,1.0,1.0,0.0,37.0,35.86666667,70.0,67.9,100.0,2.0,80.0,60.0,0,False,False,False,False,False
2025-02-18 23:45:00,0.0,1.0,1.0,68.2,52.0,16.66666667,1.333333333,1.0,59.63333333,1.0,1.0,0.0,37.0,35.9,70.0,67.86666667,100.0,2.0,80.0,60.0,0,False,False,False,False,False
2025-02-19 00:00:00,0.0,1.0,1.0,68.2,52.0,0.0,1.333333333,1.0,60.16666667,1.0,1.0,0.0,37.0,35.56666667,70.0,68.43333333,100.0,2.0,80.0,60.0,0,False,False,False,False,False
2025-02-19 00:15:00,0.0,1.0,1.0,68.2,52.0,16.66666667,1.333333333,1.0,59.8,1.0,1.0,0.0,36.0,35.83333333,70.0,67.83333333,100.0,2.0,80.0,60.0,0,False,False,False,False,False
2025-02-19 00:30:00,0.0,1.0,1.0,68.2,52.0,16.66666667,1.333333333,1.0,59.6,1.0,1.0,0.0,35.33333333,35.9,70.0,67.76666667,100.0,2.0,80.0,60.0,0,False,False,False,False,False
2025-02-19 00:45:00,0.0,1.0,1.0,68.2,52.0,0.0,1.0,1.0,60.16666667,1.0,1.0,0.0,34.66666667,34.93333333,70.0,68.73333333,100.0,2.0,80.0,60.0,0,False,False,False,False,False
2025-02-19 01:00:00,0.0,1.0,1.0,68.2,52.0,16.66666667,1.0,1.0,60.13333333,1.0,1.0,0.0,34.0,35.1,70.0,68.23333333,100.0,2.0,80.0,60.0,0,False,False,False,False,False
2025-02-19 01:15:00,0.0,1.0,1.0,68.2,52.0,16.66666667,1.333333333,1.0,59.66666667,1.0,1.0,0.0,33.0,35.4,70.0,67.6,100.0,2.0,80.0,60.0,0,False,False,False,False,False
2025-02-19 01:30:00,0.0,1.0,1.0,68.2,52.0,16.66666667,1.333333333,1.0,60.2,1.0,1.0,0.0,33.66666667,34.93333333,70.0,68.43333333,100.0,2.0,80.0,60.0,1,False,False,False,False,False
2025-02-19 01:45:00,0.0,1.0,1.0,68.2,52.0,16.66666667,1.333333333,1.0,59.8,1.0,1.0,0.0,33.0,34.76666667,70.0,67.83333333,100.0,2.0,80.0,60.0,0,False,False,False,False,False
2025-02-19 02:00:00,0.0,1.0,1.0,68.2,52.0,16.66666667,1.333333333,1.0,59.8,1.0,1.0,0.0,33.33333333,35.3,70.0,67.9,100.0,2.0,80.0,60.0,0,False,False,False,False,False
2025-02-19 02:15:00,0.0,1.0,1.0,68.2,52.0,16.66666667,1.333333333,1.0,59.83333333,1.0,1.0,0.0,34.33333333,34.43333333,70.0,68.2,100.0,2.0,80.0,60.0,1,False,False,False,False,False
2025-02-19 02:30:00,0.0,1.0,1.0,68.2,52.0,16.66666667,1.333333333,1.0,59.83333333,1.0,1.0,0.0,35.66666667,33.96666667,70.0,68.13333333,100.0,2.0,80.0,60.0,0,False,False,False,False,False
2025-02-19 02:45:00,0.0,1.0,1.0,68.2,52.0,16.66666667,1.333333333,1.0,59.4,1.0,1.0,0.0,38.33333333,34.4,70.0,67.8,100.0,2.0,80.0,60.0,0,False,False,False,False,False
2025-02-19 03:00:00,0.0,1.0,1.0,68.2,52.0,0.0,1.0,1.0,59.7,1.0,1.0,0.0,41.0,33.83333333,70.0,68.46666667,100.0,2.0,80.0,60.0,0,False,False,False,False,False
2025-02-19 03:15:00,0.0,1.0,1.0,68.2,52.0,16.66666667,1.333333333,1.0,59.53333333,1.0,1.0,0.0,42.66666667,33.83333333,70.0,68.4,100.0,2.0,80.0,60.0,1,False,False,False,False,False
2025-02-19 03:30:00,0.0,1.0,1.0,68.2,52.0,16.66666667,1.333333333,1.0,59.4,1.0,1.0,0.0,43.0,33.56666667,70.0,67.76666667,100.0,2.0,80.0,60.0,0,False,False,False,False,False
2025-02-19 03:45:00,0.0,1.0,1.0,68.2,52.0,0.0,1.0,1.0,59.33333333,1.0,1.0,0.0,44.0,34.2,70.0,68.16666667,100.0,2.0,80.0,60.0,0,False,False,False,False,False
2025-02-19 04:00:00,0.0,1.0,1.0,68.2,52.0,16.66666667,1.333333333,1.0,59.46666667,1.0,1.0,0.0,44.33333333,33.26666667,70.0,68.3,100.0,2.0,80.0,60.0,1,False,False,False,False,False
2025-02-19 04:15:00,0.0,1.0,1.0,68.2,52.0,16.66666667,1.333333333,1.0,59.23333333,1.0,1.0,0.0,45.0,32.53333333,70.0,67.93333333,100.0,2.0,80.0,60.0,0,False,False,False,False,False
2025-02-19 04:30:00,0.0,1.0,1.0,68.2,52.0,16.66666667,1.333333333,1.0,59.1,1.0,1.0,0.0,45.0,32.33333333,70.0,67.93333333,100.0,2.0,80.0,60.0,0,False,False,False,False,False
2025-02-19 04:45:00,0.0,1.0,1.0,68.2,52.0,0.0,1.0,1.0,59.2,1.0,1.0,0.0,45.33333333,31.76666667,70.0,68.43333333,100.0,2.0,80.0,60.0,0,False,False,False,False,False
2025-02-19 05:00:00,0.0,1.0,1.0,68.2,52.0,0.0,1.0,1.0,59.23333333,1.0,1.0,0.0,46.0,31.7,70.0,68.26666667,100.0,2.0,80.0,60.0,0,False,False,False,False,False
2025-02-19 05:15:00,0.0,1.0,1.0,68.2,52.0,16.66666667,1.333333333,1.0,59.1,1.0,1.0,0.0,45.33333333,31.43333333,70.0,67.86666667,100.0,2.0,80.0,60.0,0,False,False,False,False,False
2025-02-19 05:30:00,0.0,1.0,1.0,68.2,52.0,16.66666667,1.333333333,1.0,58.96666667,1.0,1.0,0.0,45.33333333,31.1,70.0,68.06666667,100.0,2.0,80.0,60.0,0,False,False,False,False,False
2025-02-19 05:45:00,0.0,1.0,1.0,68.2,52.0,16.66666667,1.333333333,1.0,59.03333333,1.0,1.0,0.0,46.0,31.0,70.0,68.03333333,100.0,2.0,80.0,60.0,1,False,False,False,False,False
2025-02-19 06:00:00,0.0,1.0,1.0,68.2,52.0,0.0,1.0,1.0,59.06666667,1.0,1.0,0.0,46.0,31.66666667,70.0,68.23333333,100.0,2.0,80.0,60.0,0,False,False,False,False,False
2025-02-19 06:15:00,0.0,1.0,1.0,68.2,52.0,0.0,1.0,1.0,58.93333333,1.0,1.0,0.0,45.0,31.33333333,70.0,67.83333333,100.0,2.0,80.0,60.0,0,False,False,False,False,False
2025-02-19 06:30:00,0.0,1.0,1.0,68.2,52.0,0.0,1.0,1.0,59.03333333,1.0,1.0,0.0,45.0,31.33333333,70.0,68.33333333,100.0,2.0,80.0,60.0,0,False,False,False,False,False
2025-02-19 06:45:00,0.0,1.0,1.0,68.2,52.0,16.66666667,1.333333333,1.0,59.03333333,1.0,1.0,0.0,45.0,29.86666667,70.0,68.1,100.0,2.0,80.0,60.0,1,False,False,False,False,False
2025-02-19 07:00:00,0.0,1.0,1.0,68.2,52.0,16.66666667,1.333333333,1.0,59.0,1.0,1.0,0.0,45.66666667,29.66666667,70.0,68.2,100.0,2.0,80.0,60.0,0,False,False,False,False,False
2025-02-19 07:15:00,0.0,1.0,1.0,68.2,52.0,0.0,1.0,1.0,58.83333333,1.0,1.0,0.0,46.33333333,29.96666667,70.0,67.93333333,100.0,2.0,80.0,60.0,0,False,False,False,False,False
2025-02-19 07:30:00,0.0,1.0,1.0,68.2,52.0,16.66666667,1.333333333,1.0,59.03333333,1.0,1.0,0.0,46.66666667,30.63333333,70.0,68.13333333,100.0,2.0,80.0,60.0,0,False,False,False,False,False
2025-02-19 07:45:00,0.0,1.0,1.0,68.2,52.0,16.66666667,1.333333333,1.0,58.96666667,1.0,1.0,0.0,45.66666667,31.16666667,70.0,67.96666667,100.0,2.0,80.0,60.0,1,False,False,False,False,False
2025-02-19 08:00:00,0.0,1.0,1.0,68.2,52.0,16.66666667,1.333333333,1.0,58.9,1.0,1.0,0.0,45.66666667,30.23333333,70.0,68.16666667,100.0,2.0,80.0,60.0,0,False,False,False,False,False
2025-02-19 08:15:00,0.0,1.0,1.0,68.2,52.0,16.66666667,1.333333333,1.0,58.96666667,1.0,1.0,0.0,46.0,30.63333333,70.0,68.13333333,100.0,2.0,80.0,60.0,0,False,False,False,False,False
2025-02-19 08:30:00,0.0,1.0,1.0,68.2,52.0,16.66666667,1.333333333,1.0,58.66666667,1.0,1.0,0.0,45.66666667,31.03333333,70.0,67.93333333,100.0,2.0,80.0,60.0,0,False,False,False,False,False
2025-02-19 08:45:00,0.0,1.0,1.0,68.2,52.0,0.0,1.0,1.0,59.0,1.0,1.0,0.0,45.0,31.36666667,70.0,68.16666667,100.0,2.0,80.0,60.0,0,False,False,False,False,False
2025-02-19 09:00:00,0.0,1.0,1.0,68.2,52.0,0.0,1.0,1.0,58.86666667,1.0,1.0,0.0,45.0,30.86666667,70.0,67.9,100.0,2.0,80.0,60.0,0,False,False,False,False,False
2025-02-19 09:15:00,0.0,1.0,1.0,68.2,52.0,16.66666667,1.333333333,1.0,58.9,1.0,1.0,0.0,45.0,30.5,70.0,68.13333333,100.0,2.0,80.0,60.0,0,False,False,False,False,False
2025-02-19 09:30:00,0.0,1.0,1.0,68.2,52.0,16.66666667,1.333333333,1.0,58.7,1.0,1.0,0.0,45.0,30.96666667,70.0,67.83333333,100.0,2.0,80.0,60.0,0,False,False,False,False,False
2025-02-19 09:45:00,0.0,1.0,1.0,68.2,52.0,0.0,1.0,1.0,58.96666667,1.0,1.0,0.0,44.66666667,31.16666667,70.0,68.26666667,100.0,2.0,80.0,60.0,0,False,False,False,False,False
2025-02-19 10:00:00,0.0,1.0,1.0,68.2,52.0,16.66666667,1.333333333,1.0,58.76666667,1.0,1.0,0.0,44.0,30.13333333,70.0,68.1,100.0,2.0,80.0,60.0,1,False,False,False,False,False
2025-02-19 10:15:00,0.0,1.0,1.0,68.2,52.0,0.0,1.0,1.0,58.93333333,1.0,1.0,0.0,44.0,30.0,70.0,68.46666667,100.0,2.0,80.0,60.0,0,False,False,False,False,False
2025-02-19 10:30:00,0.0,1.0,1.0,68.2,52.0,16.66666667,1.333333333,1.0,58.63333333,1.0,1.0,0.0,44.0,30.56666667,70.0,68.0,100.0,2.0,80.0,60.0,0,False,False,False,False,False
2025-02-19 10:45:00,0.0,1.0,1.0,68.2,52.0,16.66666667,1.333333333,1.0,58.73333333,1.0,1.0,0.0,44.0,30.56666667,70.0,67.96666667,100.0,2.0,80.0,60.0,0,False,False,False,False,False
2025-02-19 11:00:00,0.0,1.0,1.0,68.2,52.0,0.0,1.0,1.0,58.86666667,1.0,1.0,0.0,44.0,29.6,70.0,68.16666667,100.0,2.0,80.0,60.0,0,False,False,False,False,False
2025-02-19 11:15:00,0.0,1.0,1.0,68.2,52.0,16.66666667,1.333333333,1.0,58.83333333,1.0,1.0,0.0,44.66666667,29.9,70.0,68.16666667,100.0,2.0,80.0,60.0,1,False,False,False,False,False
2025-02-19 11:30:00,0.0,1.0,1.0,68.2,52.0,16.66666667,1.333333333,1.0,58.73333333,1.0,1.0,0.0,45.0,29.2,70.0,68.06666667,100.0,2.0,80.0,60.0,0,False,False,False,False,False
2025-02-19 11:45:00,0.0,1.0,1.0,68.2,52.0,0.0,1.0,1.0,58.76666667,1.0,1.0,0.0,44.33333333,29.93333333,70.0,67.9,100.0,2.0,80.0,60.0,0,False,False,False,False,False
2025-02-19 12:00:00,0.0,1.0,1.0,68.2,52.0,16.66666667,1.333333333,1.0,58.83333333,1.0,1.0,0.0,44.0,30.3,70.0,68.2,100.0,2.0,80.0,60.0,0,False,False,False,False,False
2025-02-19 12:15:00,0.0,1.0,1.0,68.2,52.0,16.66666667,1.333333333,1.0,58.96666667,1.0,1.0,0.0,44.0,31.06666667,70.0,68.26666667,100.0,2.0,80.0,60.0,1,False,False,False,False,False
2025-02-19 12:30:00,0.0,1.0,1.0,68.2,52.0,0.0,1.0,1.0,58.83333333,1.0,1.0,0.0,43.0,31.06666667,70.0,68.0,100.0,2.0,80.0,60.0,0,False,False,False,False,False
2025-02-19 12:45:00,0.0,1.0,1.0,68.2,52.0,16.66666667,1.333333333,1.0,58.8,1.0,1.0,0.0,43.0,30.96666667,70.0,68.16666667,100.0,2.0,80.0,60.0,0,False,False,False,False,False
2025-02-19 13:00:00,0.0,1.0,1.0,68.2,52.0,16.66666667,1.333333333,1.0,58.73333333,1.0,1.0,0.0,43.0,30.9,70.0,68.0,100.0,2.0,80.0,60.0,0,False,False,False,False,False
2025-02-19 13:15:00,0.0,1.0,1.0,68.2,52.0,0.0,1.0,1.0,59.0,1.0,1.0,0.0,42.33333333,31.43333333,70.0,68.4,100.0,2.0,80.0,60.0,0,False,False,False,False,False
2025-02-19 13:30:00,0.0,1.0,1.0,68.2,52.0,16.66666667,1.333333333,1.0,59.0,1.0,1.0,0.0,41.33333333,31.03333333,70.0,68.33333333,100.0,2.0,80.0,60.0,1,False,False,False,False,False
2025-02-19 13:45:00,0.0,1.0,1.0,68.2,52.0,0.0,1.0,1.0,59.13333333,1.0,1.0,0.0,41.66666667,32.6,70.0,67.73333333,100.0,2.0,80.0,60.0,0,False,False,False,False,False
2025-02-19 14:00:00,0.0,1.0,1.0,68.2,52.0,0.0,1.0,1.0,59.5,1.0,1.0,0.0,40.0,33.6,70.0,68.73333333,100.0,2.0,80.0,60.0,0,False,False,False,False,False
2025-02-19 14:15:00,0.0,1.0,1.0,68.2,52.0,16.66666667,1.333333333,1.0,59.1,1.0,1.0,0.0,39.66666667,33.4,70.0,67.83333333,100.0,2.0,80.0,60.0,0,False,False,False,False,False
2025-02-19 14:30:00,0.0,1.0,1.0,68.2,52.0,0.0,1.0,1.0,58.56666667,1.0,1.0,0.0,39.66666667,33.16666667,70.0,67.93333333,100.0,2.0,80.0,60.0,0,False,False,False,False,False
2025-02-19 14:45:00,0.0,1.0,1.0,68.2,52.0,16.66666667,1.333333333,1.0,59.06666667,1.0,1.0,0.0,40.0,33.7,70.0,68.46666667,100.0,2.0,80.0,60.0,1,False,False,False,False,False
2025-02-19 15:00:00,0.0,1.0,1.0,68.2,52.0,0.0,1.0,1.0,59.1,1.0,1.0,0.0,39.66666667,34.8,70.0,67.76666667,100.0,2.0,80.0,60.0,0,False,False,False,False,False
2025-02-19 15:15:00,0.0,1.0,1.0,68.2,52.0,0.0,1.0,1.0,59.2,1.0,1.0,0.0,38.66666667,35.5,70.0,68.43333333,100.0,2.0,80.0,60.0,0,False,False,False,False,False
2025-02-19 15:30:00,0.0,1.0,1.0,68.2,52.0,0.0,1.0,1.0,59.43333333,1.0,1.0,0.0,38.0,35.6,70.0,68.43333333,100.0,2.0,80.0,60.0,0,False,False,False,False,False
2025-02-19 15:45:00,0.0,1.0,1.0,68.2,52.0,0.0,1.0,1.0,59.5,1.0,1.0,0.0,37.0,38.33333333,70.0,68.13333333,100.0,2.0,80.0,60.0,0,False,False,False,False,False
2025-02-19 16:00:00,0.0,1.0,1.0,68.2,52.0,0.0,1.0,1.0,59.3,1.0,1.0,0.0,36.66666667,39.76666667,70.0,67.4,100.0,2.0,80.0,60.0,0,False,False,False,False,False
2025-02-19 16:15:00,0.0,1.0,1.0,68.2,52.0,16.66666667,1.333333333,1.0,60.03333333,1.0,1.0,0.0,35.66666667,40.43333333,70.0,68.93333333,100.0,2.0,80.0,60.0,1,False,False,False,False,False
2025-02-19 16:30:00,0.0,1.0,1.0,68.2,52.0,0.0,1.0,1.0,59.16666667,1.0,1.0,0.0,35.33333333,38.96666667,70.0,68.26666667,100.0,2.0,80.0,60.0,0,False,False,False,False,False
2025-02-19 16:45:00,0.0,1.0,1.0,68.2,52.0,0.0,1.0,1.0,58.9,1.0,1.0,0.0,36.33333333,39.36666667,70.0,67.46666667,100.0,2.0,80.0,60.0,0,False,False,False,False,False
2025-02-19 17:00:00,0.0,1.0,1.0,68.2,52.0,0.0,1.0,1.0,59.8,1.0,1.0,0.0,36.66666667,39.26666667,70.0,68.33333333,100.0,2.0,80.0,60.0,0,False,False,False,False,False
2025-02-19 17:15:00,0.0,1.0,1.0,68.2,52.0,0.0,1.0,1.0,59.8,1.0,1.0,0.0,35.33333333,40.7,70.0,68.66666667,100.0,2.0,80.0,60.0,0,False,False,False,False,False
2025-02-19 17:30:00,0.0,1.0,1.0,68.2,52.0,0.0,1.0,1.0,59.06666667,1.0,1.0,0.0,35.66666667,38.46666667,70.0,67.7,100.0,2.0,80.0,60.0,0,False,False,False,False,False
2025-02-19 17:45:00,0.0,1.0,1.0,68.2,52.0,0.0,1.0,1.0,58.73333333,1.0,1.0,0.0,36.33333333,38.76666667,70.0,67.36666667,100.0,2.0,80.0,60.0,0,False,False,False,False,False
2025-02-19 18:00:00,0.0,1.0,1.0,68.2,52.0,16.66666667,1.333333333,1.0,59.83333333,1.0,1.0,0.0,35.66666667,40.4,70.0,68.9,100.0,2.0,80.0,60.0,1,False,False,False,False,False
2025-02-19 18:15:00,0.0,1.0,1.0,68.2,52.0,0.0,1.0,1.0,59.33333333,1.0,1.0,0.0,35.66666667,40.03333333,70.0,68.23333333,100.0,2.0,80.0,60.0,0,False,False,False,False,False
2025-02-19 18:30:00,0.0,1.0,1.0,68.2,52.0,0.0,1.0,1.0,59.16666667,1.0,1.0,0.0,35.66666667,40.76666667,70.0,67.73333333,100.0,2.0,80.0,60.0,0,False,False,False,False,False
2025-02-19 18:45:00,0.0,1.0,1.0,68.2,52.0,16.66666667,1.333333333,1.0,58.9,1.0,1.0,0.0,36.66666667,38.13333333,70.0,67.43333333,100.0,2.0,80.0,60.0,0,False,False,False,False,False
2025-02-19 19:00:00,0.0,1.0,1.0,68.2,52.0,0.0,1.0,1.0,59.96666667,1.0,1.0,0.0,37.0,40.13333333,70.0,68.73333333,100.0,2.0,80.0,60.0,0,False,False,False,False,False
2025-02-19 19:15:00,0.0,1.0,1.0,68.2,52.0,0.0,1.0,1.0,59.63333333,1.0,1.0,0.0,37.33333333,38.76666667,70.0,67.93333333,100.0,2.0,80.0,60.0,0,False,False,False,False,False
2025-02-19 19:30:00,0.0,1.0,1.0,68.2,52.0,0.0,1.0,1.0,59.86666667,1.0,1.0,0.0,37.66666667,38.66666667,70.0,68.53333333,100.0,2.0,80.0,60.0,0,False,False,False,False,False
2025-02-19 19:45:00,0.0,1.0,1.0,68.2,52.0,16.66666667,1.0,1.0,59.93333333,1.0,1.0,0.0,38.66666667,38.2,70.0,68.0,100.0,2.0,80.0,60.0,0,False,False,False,False,False
2025-02-19 20:00:00,0.0,1.0,1.0,68.2,52.0,0.0,1.0,1.0,59.73333333,1.0,1.0,0.0,37.66666667,38.53333333,70.0,67.96666667,100.0,2.0,80.0,60.0,0,False,False,False,False,False
2025-02-19 20:15:00,0.0,1.0,1.0,68.2,52.0,0.0,1.0,1.0,59.96666667,1.0,1.0,0.0,36.66666667,39.6,70.0,68.7,100.0,2.0,80.0,60.0,0,False,False,False,False,False
2025-02-19 20:30:00,0.0,1.0,1.0,68.2,52.0,0.0,1.0,1.0,59.63333333,1.0,1.0,0.0,36.0,40.06666667,70.0,67.63333333,100.0,2.0,80.0,60.0,0,False,False,False,False,False
2025-02-19 20:45:00,0.0,1.0,1.0,68.2,52.0,16.66666667,1.333333333,1.0,59.93333333,1.0,1.0,0.0,36.0,39.2,70.0,68.43333333,100.0,2.0,80.0,60.0,1,False,False,False,False,False
2025-02-19 21:00:00,0.0,1.0,1.0,68.2,52.0,16.66666667,1.333333333,1.0,59.6,1.0,1.0,0.0,36.0,38.46666667,70.0,67.4,100.0,2.0,80.0,60.0,0,False,False,False,False,False
2025-02-19 21:15:00,0.0,1.0,1.0,68.2,52.0,0.0,1.0,1.0,60.06666667,1.0,1.0,0.0,36.0,38.56666667,70.0,68.73333333,100.0,2.0,80.0,60.0,0,False,False,False,False,False
2025-02-19 21:30:00,0.0,1.0,1.0,68.2,52.0,16.66666667,1.333333333,1.0,59.86666667,1.0,1.0,0.0,36.0,38.0,70.0,67.93333333,100.0,2.0,80.0,60.0,0,False,False,False,False,False
2025-02-19 21:45:00,0.0,1.0,1.0,68.2,52.0,0.0,1.0,1.0,59.93333333,1.0,1.0,0.0,36.0,37.93333333,70.0,68.0,100.0,2.0,80.0,60.0,0,False,False,False,False,False
2025-02-19 22:00:00,0.0,1.0,1.0,68.2,52.0,16.66666667,1.333333333,1.0,60.16666667,1.0,1.0,0.0,36.66666667,37.6,70.0,68.36666667,100.0,2.0,80.0,60.0,1,False,False,False,False,False
2025-02-19 22:15:00,0.0,1.0,1.0,68.2,52.0,0.0,1.0,1.0,59.9,1.0,1.0,0.0,37.0,35.8,70.0,67.53333333,100.0,2.0,80.0,60.0,0,False,False,False,False,False
2025-02-19 22:30:00,0.0,1.0,1.0,68.2,52.0,0.0,1.0,1.0,60.175,1.0,1.0,0.0,38.0,35.2,70.0,68.85,100.0,2.0,80.0,60.0,0,False,False,False,False,False
2025-02-19 22:45:00,0.0,1.0,1.0,68.2,52.0,0.0,1.0,1.0,59.86666667,1.0,1.0,0.0,38.33333333,34.93333333,70.0,67.93333333,100.0,2.0,80.0,60.0,0,False,False,False,False,False
2025-02-19 23:00:00,0.0,1.0,1.0,68.2,52.0,16.66666667,1.333333333,1.0,59.63333333,1.0,1.0,0.0,38.0,35.03333333,70.0,67.56666667,100.0,2.0,80.0,60.0,0,False,False,False,False,False
2025-02-19 23:15:00,0.0,1.0,1.0,68.2,52.0,0.0,1.0,1.0,60.13333333,1.0,1.0,0.0,38.0,35.03333333,70.0,68.8,100.0,2.0,80.0,60.0,0,False,False,False,False,False
2025-02-19 23:30:00,0.0,1.0,1.0,68.2,52.0,16.66666667,1.333333333,1.0,59.76666667,1.0,1.0,0.0,38.66666667,34.16666667,70.0,67.9,100.0,2.0,80.0,60.0,0,False,False,False,False,False
2025-02-19 23:45:00,0.0,1.0,1.0,68.2,52.0,16.66666667,1.333333333,1.0,59.56666667,1.0,1.0,0.0,39.0,33.76666667,70.0,67.8,100.0,2.0,80.0,60.0,0,False,False,False,False,False
2025-02-20 00:00:00,0.0,1.0,1.0,68.2,52.0,16.66666667,1.333333333,1.0,59.93333333,1.0,1.0,0.0,39.0,34.06666667,70.0,68.33333333,100.0,2.0,80.0,60.0,1,False,False,False,False,False
2025-02-20 00:15:00,0.0,1.0,1.0,68.2,52.0,16.66666667,1.333333333,1.0,59.6,1.0,1.0,0.0,39.0,34.4,70.0,67.83333333,100.0,2.0,80.0,60.0,0,False,False,False,False,False
2025-02-20 00:30:00,0.0,1.0,1.0,68.2,52.0,16.66666667,1.333333333,1.0,59.53333333,1.0,1.0,0.0,38.33333333,34.8,70.0,68.16666667,100.0,2.0,80.0,60.0,0,False,False,False,False,False
2025-02-20 00:45:00,0.0,1.0,1.0,68.2,52.0,16.66666667,1.333333333,1.0,59.73333333,1.0,1.0,0.0,38.0,34.2,70.0,68.2,100.0,2.0,80.0,60.0,1,False,False,False,False,False
2025-02-20 01:00:00,0.0,1.0,1.0,68.2,52.0,16.66666667,1.333333333,1.0,59.73333333,1.0,1.0,0.0,38.0,33.63333333,70.0,67.9,100.0,2.0,80.0,60.0,0,False,False,False,False,False
2025-02-20 01:15:00,0.0,1.0,1.0,68.2,52.0,0.0,1.0,1.0,59.8,1.0,1.0,0.0,38.0,33.86666667,70.0,68.0,100.0,2.0,80.0,60.0,0,False,False,False,False,False
2025-02-20 01:30:00,0.0,1.0,1.0,68.2,52.0,16.66666667,1.333333333,1.0,59.86666667,1.0,1.0,0.0,38.0,33.86666667,70.0,68.2,100.0,2.0,80.0,60.0,1,False,False,False,False,False
2025-02-20 01:45:00,0.0,1.0,1.0,68.2,52.0,16.66666667,1.333333333,1.0,59.76666667,1.0,1.0,0.0,38.0,33.53333333,70.0,67.96666667,100.0,2.0,80.0,60.0,0,False,False,False,False,False
2025-02-20 02:00:00,0.0,1.0,1.0,68.2,52.0,0.0,1.0,1.0,59.63333333,1.0,1.0,0.0,38.0,33.53333333,70.0,68.03333333,100.0,2.0,80.0,60.0,0,False,False,False,False,False
2025-02-20 02:15:00,0.0,1.0,1.0,68.2,52.0,16.66666667,1.333333333,1.0,59.63333333,1.0,1.0,0.0,38.0,33.6,70.0,68.16666667,100.0,2.0,80.0,60.0,1,False,False,False,False,False
2025-02-20 02:30:00,0.0,1.0,1.0,68.2,52.0,16.66666667,1.333333333,1.0,59.46666667,1.0,1.0,0.0,38.0,33.06666667,70.0,67.86666667,100.0,2.0,80.0,60.0,0,False,False,False,False,False
2025-02-20 02:45:00,0.0,1.0,1.0,68.2,52.0,16.66666667,1.333333333,1.0,59.43333333,1.0,1.0,0.0,39.0,33.53333333,70.0,67.66666667,100.0,2.0,80.0,60.0,0,False,False,False,False,False
2025-02-20 03:00:00,0.0,1.0,1.0,68.2,52.0,0.0,1.0,1.0,59.7,1.0,1.0,0.0,41.66666667,32.06666667,70.0,68.46666667,100.0,2.0,80.0,60.0,0,False,False,False,False,False
2025-02-20 03:15:00,0.0,1.0,1.0,68.2,52.0,0.0,1.0,1.0,59.6,1.0,1.0,0.0,42.66666667,32.4,70.0,68.13333333,100.0,2.0,80.0,60.0,0,False,False,False,False,False
2025-02-20 03:30:00,0.0,1.0,1.0,68.2,52.0,16.66666667,1.333333333,1.0,59.1,1.0,1.0,0.0,43.33333333,32.3,70.0,67.6,100.0,2.0,80.0,60.0,0,False,False,False,False,False
2025-02-20 03:45:00,0.0,1.0,1.0,68.2,52.0,0.0,1.0,1.0,59.53333333,1.0,1.0,0.0,45.0,31.9,70.0,68.43333333,100.0,2.0,80.0,60.0,0,False,False,False,False,False
2025-02-20 04:00:00,0.0,1.0,1.0,68.2,52.0,16.66666667,1.333333333,1.0,59.43333333,1.0,1.0,0.0,45.0,31.23333333,70.0,68.46666667,100.0,2.0,80.0,60.0,1,False,False,False,False,False
2025-02-20 04:15:00,0.0,1.0,1.0,68.2,52.0,0.0,1.0,1.0,59.16666667,1.0,1.0,0.0,45.33333333,30.9,70.0,67.8,100.0,2.0,80.0,60.0,0,False,False,False,False,False
2025-02-20 04:30:00,0.0,1.0,1.0,68.2,52.0,0.0,1.0,1.0,59.4,1.0,1.0,0.0,46.0,31.03333333,70.0,68.2,100.0,2.0,80.0,60.0,0,False,False,False,False,False
2025-02-20 04:45:00,0.0,1.0,1.0,68.2,52.0,16.66666667,1.333333333,1.0,59.36666667,1.0,1.0,0.0,46.0,30.5,70.0,68.13333333,100.0,2.0,80.0,60.0,1,False,False,False,False,False
2025-02-20 05:00:00,0.0,1.0,1.0,68.2,52.0,16.66666667,1.333333333,1.0,59.26666667,1.0,1.0,0.0,46.66666667,30.0,70.0,67.83333333,100.0,2.0,80.0,60.0,0,False,False,False,False,False
2025-02-20 05:15:00,0.0,1.0,1.0,68.2,52.0,0.0,1.0,1.0,59.2,1.0,1.0,0.0,47.33333333,30.03333333,70.0,67.86666667,100.0,2.0,80.0,60.0,0,False,False,False,False,False
2025-02-20 05:30:00,0.0,1.0,1.0,68.2,52.0,0.0,1.0,1.0,59.36666667,1.0,1.0,0.0,47.0,30.03333333,70.0,68.23333333,100.0,2.0,80.0,60.0,0,False,False,False,False,False
2025-02-20 05:45:00,0.0,1.0,1.0,68.2,52.0,16.66666667,1.333333333,1.0,59.5,1.0,1.0,0.0,46.66666667,29.43333333,70.0,68.33333333,100.0,2.0,80.0,60.0,1,False,False,False,False,False
2025-02-20 06:00:00,0.0,1.0,1.0,68.2,52.0,16.66666667,1.333333333,1.0,58.86666667,1.0,1.0,0.0,46.0,28.73333333,70.0,67.56666667,100.0,2.0,80.0,60.0,0,False,False,False,False,False
2025-02-20 06:15:00,0.0,1.0,1.0,68.2,52.0,16.66666667,1.333333333,1.0,59.06666667,1.0,1.0,0.0,46.0,28.6,70.0,68.13333333,100.0,2.0,80.0,60.0,0,False,False,False,False,False
2025-02-20 06:30:00,0.0,1.0,1.0,68.2,52.0,16.66666667,1.333333333,1.0,59.26666667,1.0,1.0,0.0,47.0,28.86666667,70.0,68.16666667,100.0,2.0,80.0,60.0,1,False,False,False,False,False
2025-02-20 06:45:00,0.0,1.0,1.0,68.2,52.0,0.0,1.0,1.0,59.23333333,1.0,1.0,0.0,47.33333333,28.73333333,70.0,67.96666667,100.0,2.0,80.0,60.0,0,False,False,False,False,False
2025-02-20 07:00:00,0.0,1.0,1.0,68.2,52.0,0.0,1.0,1.0,59.06666667,1.0,1.0,0.0,47.33333333,30.3,70.0,67.8,100.0,2.0,80.0,60.0,0,False,False,False,False,False
2025-02-20 07:15:00,0.0,1.0,1.0,68.2,52.0,0.0,1.0,1.0,59.06666667,1.0,1.0,0.0,47.33333333,28.73333333,70.0,68.3,100.0,2.0,80.0,60.0,0,False,False,False,False,False
2025-02-20 07:30:00,0.0,1.0,1.0,68.2,52.0,16.66666667,1.333333333,1.0,58.8,1.0,1.0,0.0,47.0,28.06666667,70.0,68.03333333,100.0,2.0,80.0,60.0,1,False,False,False,False,False
2025-02-20 07:45:00,0.0,1.0,1.0,68.2,52.0,0.0,1.0,1.0,58.96666667,1.0,1.0,0.0,47.0,28.13333333,70.0,68.2,100.0,2.0,80.0,60.0,0,False,False,False,False,False
2025-02-20 08:00:00,0.0,1.0,1.0,68.2,52.0,0.0,1.0,1.0,58.7,1.0,1.0,0.0,46.66666667,27.76666667,70.0,67.96666667,100.0,2.0,80.0,60.0,0,False,False,False,False,False
2025-02-20 08:15:00,0.0,1.0,1.0,68.2,52.0,16.66666667,1.333333333,1.0,58.66666667,1.0,1.0,0.0,47.33333333,27.6,70.0,68.13333333,100.0,2.0,80.0,60.0,0,False,False,False,False,False
2025-02-20 08:30:00,0.0,1.0,1.0,68.2,52.0,16.66666667,1.333333333,1.0,58.56666667,1.0,1.0,0.0,48.0,26.76666667,70.0,68.0,100.0,2.0,80.0,60.0,1,False,False,False,False,False
2025-02-20 08:45:00,0.0,1.0,1.0,68.2,52.0,0.0,1.0,1.0,58.73333333,1.0,1.0,0.0,48.0,26.56666667,70.0,68.5,100.0,2.0,80.0,60.0,0,False,False,False,False,False
2025-02-20 09:00:00,0.0,1.0,1.0,68.2,52.0,16.66666667,1.333333333,1.0,58.86666667,1.0,1.0,0.0,47.33333333,26.93333333,70.0,68.8,100.0,2.0,80.0,60.0,0,False,False,False,False,False
2025-02-20 09:15:00,0.0,1.0,1.0,68.2,52.0,16.66666667,1.333333333,1.0,59.0,1.0,1.0,0.0,47.33333333,26.6,70.0,69.43333333,100.0,2.0,80.0,60.0,0,False,False,False,False,False
2025-02-20 09:30:00,0.0,1.0,1.0,68.2,52.0,16.66666667,1.333333333,1.0,58.9,1.0,1.0,0.0,46.66666667,27.0,70.0,69.26666667,100.0,2.0,80.0,60.0,0,False,False,False,False,False
2025-02-20 09:45:00,0.0,1.0,1.0,68.2,52.0,16.66666667,1.333333333,1.0,58.76666667,1.0,1.0,0.0,46.33333333,27.96666667,70.0,69.33333333,100.0,2.0,80.0,60.0,0,False,False,False,False,False
2025-02-20 10:00:00,0.0,1.0,1.0,68.2,52.0,16.66666667,1.333333333,1.0,58.73333333,1.0,1.0,0.0,45.66666667,26.46666667,70.0,69.4,100.0,2.0,80.0,60.0,0,False,False,False,False,False
2025-02-20 10:15:00,0.0,1.0,1.0,68.2,52.0,0.0,1.0,1.0,58.73333333,1.0,1.0,0.0,45.33333333,26.16666667,70.0,69.23333333,100.0,2.0,80.0,60.0,0,False,False,False,False,False
2025-02-20 10:30:00,0.0,1.0,1.0,68.2,52.0,0.0,1.0,1.0,58.73333333,1.0,1.0,0.0,44.66666667,24.46666667,70.0,69.2,100.0,2.0,80.0,60.0,0,False,False,False,False,False
2025-02-20 10:45:00,0.0,1.0,1.0,68.2,52.0,16.66666667,1.333333333,1.0,58.5,1.0,1.0,0.0,44.33333333,24.43333333,70.0,69.0,100.0,2.0,80.0,60.0,0,False,False,False,False,False
2025-02-20 11:00:00,0.0,1.0,1.0,68.2,52.0,16.66666667,1.333333333,1.0,58.4,1.0,1.0,0.0,44.33333333,25.83333333,70.0,68.8,100.0,2.0,80.0,60.0,0,False,False,False,False,False
2025-02-20 11:15:00,0.0,1.0,1.0,68.2,52.0,16.66666667,1.333333333,1.0,58.56666667,1.0,1.0,0.0,43.33333333,27.06666667,70.0,68.96666667,100.0,2.0,80.0,60.0,0,False,False,False,False,False
2025-02-20 11:30:00,0.0,1.0,1.0,68.2,52.0,16.66666667,1.333333333,1.0,58.63333333,1.0,1.0,0.0,44.0,24.16666667,70.0,69.1,100.0,2.0,80.0,60.0,0,False,False,False,False,False
2025-02-20 11:45:00,0.0,1.0,1.0,68.2,52.0,16.66666667,1.333333333,1.0,58.5,1.0,1.0,0.0,43.33333333,25.0,70.0,68.83333333,100.0,2.0,80.0,60.0,1,False,False,False,False,False
2025-02-20 12:00:00,0.0,1.0,1.0,68.2,52.0,16.66666667,1.333333333,1.0,58.36666667,1.0,1.0,0.0,42.66666667,24.63333333,70.0,68.83333333,100.0,2.0,80.0,60.0,1,False,False,False,False,False
2025-02-20 12:15:00,0.0,1.0,1.0,68.2,52.0,16.66666667,1.333333333,1.0,58.03333333,1.0,1.0,0.0,42.66666667,24.56666667,70.0,68.86666667,100.0,2.0,80.0,60.0,1,False,False,False,False,False
2025-02-20 12:30:00,0.0,1.0,1.0,68.2,52.0,16.66666667,1.333333333,1.0,57.96666667,1.0,1.0,0.0,43.33333333,23.83333333,70.0,68.93333333,100.0,2.0,80.0,60.0,1,False,False,False,False,False
2025-02-20 12:45:00,0.0,1.0,1.0,68.2,52.0,16.66666667,1.333333333,1.0,58.0,1.0,1.0,0.0,43.33333333,23.0,70.0,69.1,100.0,2.0,80.0,60.0,1,False,False,False,False,False
2025-02-20 13:00:00,0.0,1.0,1.0,68.2,52.0,16.66666667,1.333333333,1.0,57.83333333,1.0,1.0,0.0,43.0,22.4,70.0,69.2,100.0,2.0,80.0,60.0,1,False,False,False,False,False
2025-02-20 13:15:00,0.0,1.0,1.0,68.2,52.0,0.0,1.0,1.0,57.73333333,1.0,1.0,0.0,42.33333333,21.36666667,70.0,69.1,100.0,2.0,80.0,60.0,0,False,False,False,False,False
2025-02-20 13:30:00,0.0,1.0,1.0,68.2,52.0,0.0,1.0,1.0,58.23333333,1.0,1.0,0.0,42.33333333,22.76666667,70.0,69.33333333,100.0,2.0,80.0,60.0,0,False,False,False,False,False
2025-02-20 13:45:00,0.0,1.0,1.0,68.2,52.33333333,16.66666667,1.333333333,1.0,58.56666667,1.0,1.0,0.0,41.0,24.53333333,70.0,69.03333333,100.0,2.0,80.0,60.0,0,False,False,False,False,False
2025-02-20 14:00:00,0.0,1.0,1.0,68.2,52.0,16.66666667,1.333333333,1.0,58.5,1.0,1.0,0.0,41.0,26.8,70.0,69.23333333,100.0,2.0,80.0,60.0,0,False,False,False,False,False
2025-02-20 14:15:00,0.0,1.0,1.0,68.2,52.0,16.66666667,1.333333333,1.0,58.03333333,1.0,1.0,0.0,40.66666667,25.56666667,70.0,69.3,100.0,2.0,80.0,60.0,0,False,False,False,False,False
2025-02-20 14:30:00,0.0,1.0,1.0,68.2,52.0,16.66666667,1.333333333,1.0,57.7,1.0,1.0,0.0,41.33333333,24.36666667,70.0,69.1,100.0,2.0,80.0,60.0,0,False,False,False,False,False
2025-02-20 14:45:00,0.0,1.0,1.0,68.2,52.0,16.66666667,1.333333333,1.0,58.06666667,1.0,1.0,0.0,41.33333333,24.46666667,70.0,69.03333333,100.0,2.0,80.0,60.0,0,False,False,False,False,False
2025-02-20 15:00:00,0.0,1.0,1.0,68.2,52.0,16.66666667,1.333333333,1.0,58.1,1.0,1.0,0.0,41.0,26.7,70.0,68.83333333,100.0,2.0,80.0,60.0,0,False,False,False,False,False
2025-02-20 15:15:00,0.0,1.0,1.0,68.2,52.0,0.0,1.0,1.0,58.46666667,1.0,1.0,0.0,41.0,27.56666667,70.0,69.2,100.0,2.0,80.0,60.0,0,False,False,False,False,False
2025-02-20 15:30:00,0.0,1.0,1.0,68.2,52.0,16.66666667,1.333333333,1.0,58.8,1.0,1.0,0.0,39.33333333,26.43333333,70.0,69.26666667,100.0,2.0,80.0,60.0,1,False,False,False,False,False
2025-02-20 15:45:00,0.0,1.0,1.0,68.2,52.0,0.0,1.0,1.0,58.46666667,1.0,1.0,0.0,38.0,26.23333333,70.0,68.2,100.0,2.0,80.0,60.0,0,False,False,False,False,False
2025-02-20 16:00:00,0.0,1.0,1.0,68.2,52.0,16.66666667,1.333333333,1.0,59.16666667,1.0,1.0,0.0,37.66666667,26.1,70.0,69.23333333,100.0,2.0,80.0,60.0,1,False,False,False,False,False
2025-02-20 16:15:00,0.0,1.0,1.0,68.2,52.0,0.0,1.0,1.0,58.66666667,1.0,1.0,0.0,37.0,29.6,70.0,68.3,100.0,2.0,80.0,60.0,0,False,False,False,False,False
2025-02-20 16:30:00,0.0,1.0,1.0,68.2,52.0,16.66666667,1.333333333,1.0,58.86666667,1.0,1.0,0.0,37.0,31.23333333,70.0,69.03333333,100.0,2.0,80.0,60.0,1,False,False,False,False,False
2025-02-20 16:45:00,0.0,1.0,1.0,68.2,52.0,0.0,1.0,1.0,58.36666667,1.0,1.0,0.0,37.0,32.93333333,70.0,68.26666667,100.0,2.0,80.0,60.0,0,False,False,False,False,False
2025-02-20 17:00:00,0.0,1.0,1.0,68.2,52.0,0.0,1.0,1.0,59.06666667,1.0,1.0,0.0,36.33333333,34.56666667,70.0,69.33333333,100.0,2.0,80.0,60.0,0,False,False,False,False,False
2025-02-20 17:15:00,0.0,1.0,1.0,68.2,52.0,16.66666667,1.333333333,1.0,58.83333333,1.0,1.0,0.0,35.66666667,34.46666667,70.0,68.73333333,100.0,2.0,80.0,60.0,0,False,False,False,False,False
2025-02-20 17:30:00,0.0,1.0,1.0,68.2,52.0,0.0,1.0,1.0,59.13333333,1.0,1.0,0.0,36.0,33.76666667,70.0,68.96666667,100.0,2.0,80.0,60.0,0,False,False,False,False,False
2025-02-20 17:45:00,0.0,1.0,1.0,68.2,52.0,0.0,1.0,1.0,58.76666667,1.0,1.0,0.0,34.66666667,34.1,70.0,68.36666667,100.0,2.0,80.0,60.0,0,False,False,False,False,False
2025-02-20 18:00:00,0.0,1.0,1.0,68.2,52.0,0.0,1.0,1.0,58.63333333,1.0,1.0,0.0,34.33333333,32.73333333,70.0,68.3,100.0,2.0,80.0,60.0,0,False,False,False,False,False
2025-02-20 18:15:00,0.0,1.0,1.0,68.2,52.0,0.0,1.0,1.0,58.6,1.0,1.0,0.0,35.0,33.0,70.0,68.3,100.0,2.0,80.0,60.0,0,False,False,False,False,False
2025-02-20 18:30:00,0.0,1.0,1.0,68.2,52.0,0.0,1.0,1.0,58.5,1.0,1.0,0.0,35.0,34.33333333,70.0,68.3,100.0,2.0,80.0,60.0,0,False,False,False,False,False
2025-02-20 18:45:00,0.0,1.0,1.0,68.2,52.0,0.0,1.0,1.0,58.3,1.0,1.0,0.0,34.0,35.76666667,70.0,68.23333333,100.0,2.0,80.0,60.0,0,False,False,False,False,False
2025-02-20 19:00:00,0.0,1.0,1.0,68.2,52.0,0.0,1.0,1.0,58.16666667,1.0,1.0,0.0,34.0,36.23333333,70.0,67.93333333,100.0,2.0,80.0,60.0,0,False,False,False,False,False
2025-02-20 19:15:00,0.0,1.0,1.0,68.2,52.0,0.0,1.0,1.0,58.23333333,1.0,1.0,0.0,33.66666667,37.23333333,70.0,67.63333333,100.0,2.0,80.0,60.0,0,False,False,False,False,False
2025-02-20 19:30:00,0.0,1.0,1.0,68.2,52.0,16.66666667,1.333333333,1.0,59.16666667,1.0,1.0,0.0,33.0,36.6,70.0,69.0,100.0,2.0,80.0,60.0,1,False,False,False,False,False
2025-02-20 19:45:00,0.0,1.0,1.0,68.2,52.0,0.0,1.0,1.0,59.26666667,1.0,1.0,0.0,34.0,38.6,70.0,68.73333333,100.0,2.0,80.0,60.0,0,False,False,False,False,False
2025-02-20 20:00:00,0.0,1.0,1.0,68.2,52.0,0.0,1.0,1.0,59.43333333,1.0,1.0,0.0,33.33333333,38.33333333,70.0,69.1,100.0,2.0,80.0,60.0,0,False,False,False,False,False
2025-02-20 20:15:00,0.0,1.0,1.0,68.2,52.0,16.66666667,1.333333333,1.0,59.4,1.0,1.0,0.0,33.0,37.4,70.0,69.16666667,100.0,2.0,80.0,60.0,1,False,False,False,False,False
2025-02-20 20:30:00,0.0,1.0,1.0,68.2,52.0,0.0,1.333333333,1.0,59.7,1.0,1.0,0.0,33.33333333,37.66666667,70.0,68.76666667,100.0,2.0,80.0,60.0,0,False,False,False,False,False
2025-02-20 20:45:00,0.0,1.0,1.0,68.2,52.0,0.0,1.333333333,1.0,59.66666667,1.0,1.0,0.0,32.66666667,38.4,70.0,69.06666667,100.0,2.0,80.0,60.0,0,False,False,False,False,False
2025-02-20 21:00:00,0.0,1.0,1.0,68.2,52.0,16.66666667,1.333333333,1.0,59.73333333,1.0,1.0,0.0,33.0,38.43333333,70.0,69.06666667,100.0,2.0,80.0,60.0,1,False,False,False,False,False
2025-02-20 21:15:00,0.0,1.0,1.0,68.2,52.0,0.0,1.0,1.0,59.96666667,1.0,1.0,0.0,33.0,38.56666667,70.0,68.83333333,100.0,2.0,80.0,60.0,0,False,False,False,False,False
2025-02-20 21:30:00,0.0,1.0,1.0,68.2,52.0,16.66666667,1.333333333,1.0,60.16666667,1.0,1.0,0.0,32.33333333,38.73333333,70.0,69.1,100.0,2.0,80.0,60.0,0,False,False,False,False,False
2025-02-20 21:45:00,0.0,1.0,1.0,68.2,52.0,0.0,1.0,1.0,60.13333333,1.0,1.0,0.0,32.0,38.46666667,70.0,68.96666667,100.0,2.0,80.0,60.0,0,False,False,False,False,False
2025-02-20 22:00:00,0.0,1.0,1.0,68.2,52.0,0.0,1.0,1.0,59.93333333,1.0,1.0,0.0,31.33333333,38.26666667,70.0,69.16666667,100.0,2.0,80.0,60.0,0,False,False,False,False,False
2025-02-20 22:15:00,0.0,1.0,1.0,68.2,52.0,16.66666667,1.333333333,1.0,59.7,1.0,1.0,0.0,32.0,37.33333333,70.0,68.96666667,100.0,2.0,80.0,60.0,1,False,False,False,False,False
2025-02-20 22:30:00,0.0,1.0,1.0,68.2,52.0,0.0,1.0,1.0,60.06666667,1.0,1.0,0.0,32.0,36.2,70.0,69.1,100.0,2.0,80.0,60.0,0,False,False,False,False,False
2025-02-20 22:45:00,0.0,1.0,1.0,68.2,52.0,16.66666667,1.333333333,1.0,59.66666667,1.0,1.0,0.0,32.33333333,34.7,70.0,68.8,100.0,2.0,80.0,60.0,0,False,False,False,False,False
2025-02-20 23:00:00,0.0,1.0,1.0,68.2,52.0,0.0,1.0,1.0,59.03333333,1.0,1.0,0.0,32.33333333,34.03333333,70.0,68.66666667,100.0,2.0,80.0,60.0,0,False,False,False,False,False
2025-02-20 23:15:00,0.0,1.0,1.0,68.2,52.0,0.0,1.0,1.0,59.03333333,1.0,1.0,0.0,33.0,32.43333333,70.0,68.33333333,100.0,2.0,80.0,60.0,0,False,False,False,False,False
2025-02-20 23:30:00,0.0,1.0,1.0,68.2,52.0,16.66666667,1.333333333,1.0,58.43333333,1.0,1.0,0.0,33.0,32.23333333,70.0,67.63333333,100.0,2.0,80.0,60.0,0,False,False,False,False,False
2025-02-20 23:45:00,0.0,1.0,1.0,68.2,52.0,0.0,1.0,1.0,59.43333333,1.0,1.0,0.0,33.66666667,33.0,70.0,68.33333333,100.0,2.0,80.0,60.0,0,False,False,False,False,False
2025-02-21 00:00:00,0.0,1.0,1.0,68.2,52.0,25.0,1.5,1.0,58.75,1.0,1.0,0.0,33.0,33.1,70.0,67.0,100.0,2.0,80.0,60.0,0,False,False,False,False,False
2025-02-21 00:15:00,0.0,1.0,1.0,68.2,52.0,0.0,1.0,1.0,59.26666667,1.0,1.0,0.0,33.66666667,33.56666667,70.0,68.26666667,100.0,2.0,80.0,60.0,0,False,False,False,False,False
2025-02-21 00:30:00,0.0,1.0,1.0,68.2,52.0,0.0,1.0,1.0,59.2,1.0,1.0,0.0,33.33333333,30.36666667,70.0,68.23333333,100.0,2.0,80.0,60.0,0,False,False,False,False,False
2025-02-21 00:45:00,0.0,1.0,1.0,68.2,52.0,16.66666667,1.333333333,1.0,58.83333333,1.0,1.0,0.0,34.66666667,27.5,70.0,68.43333333,100.0,2.0,80.0,60.0,1,False,False,False,False,False
2025-02-21 01:00:00,0.0,1.0,1.0,68.2,52.0,16.66666667,1.333333333,1.0,58.8,1.0,1.0,0.0,35.0,26.8,70.0,68.0,100.0,2.0,80.0,60.0,0,False,False,False,False,False
2025-02-21 01:15:00,0.0,1.0,1.0,68.2,52.0,16.66666667,1.333333333,1.0,58.5,1.0,1.0,0.0,35.0,27.16666667,70.0,67.76666667,100.0,2.0,80.0,60.0,0,False,False,False,False,False
2025-02-21 01:30:00,0.0,1.0,1.0,68.2,52.0,0.0,1.0,1.0,58.76666667,1.0,1.0,0.0,35.66666667,25.76666667,70.0,68.3,100.0,2.0,80.0,60.0,0,False,False,False,False,False
2025-02-21 01:45:00,0.0,1.0,1.0,68.2,52.0,0.0,1.0,1.0,58.7,1.0,1.0,0.0,35.66666667,25.9,70.0,68.36666667,100.0,2.0,80.0,60.0,0,False,False,False,False,False
2025-02-21 02:00:00,0.0,1.0,1.0,68.2,52.0,16.66666667,1.333333333,1.0,58.56666667,1.0,1.0,0.0,35.33333333,27.56666667,70.0,67.93333333,100.0,2.0,80.0,60.0,0,False,False,False,False,False
2025-02-21 02:15:00,0.0,1.0,1.0,68.2,52.0,16.66666667,1.333333333,1.0,58.46666667,1.0,1.0,0.0,35.66666667,27.96666667,70.0,67.83333333,100.0,2.0,80.0,60.0,0,False,False,False,False,False
2025-02-21 02:30:00,0.0,1.0,1.0,68.2,52.0,0.0,1.0,1.0,58.7,1.0,1.0,0.0,35.33333333,26.1,70.0,68.36666667,100.0,2.0,80.0,60.0,0,False,False,False,False,False
2025-02-21 02:45:00,0.0,1.0,1.0,68.2,52.0,16.66666667,1.333333333,1.0,58.8,1.0,1.0,0.0,35.33333333,28.56666667,70.0,68.23333333,100.0,2.0,80.0,60.0,1,False,False,False,False,False
2025-02-21 03:00:00,0.0,1.0,1.0,68.2,52.0,16.66666667,1.333333333,1.0,58.66666667,1.0,1.0,0.0,34.66666667,29.83333333,70.0,67.83333333,100.0,2.0,80.0,60.0,0,False,False,False,False,False
2025-02-21 03:15:00,0.0,1.0,1.0,68.2,52.0,16.66666667,1.333333333,1.0,58.7,1.0,1.0,0.0,34.33333333,30.33333333,70.0,67.8,100.0,2.0,80.0,60.0,0,False,False,False,False,False
2025-02-21 03:30:00,0.0,1.0,1.0,68.2,52.0,0.0,1.0,1.0,58.8,1.0,1.0,0.0,34.33333333,29.1,70.0,68.43333333,100.0,2.0,80.0,60.0,0,False,False,False,False,False
2025-02-21 03:45:00,0.0,1.0,1.0,68.2,52.0,16.66666667,1.333333333,1.0,58.8,1.0,1.0,0.0,35.0,28.86666667,70.0,68.26666667,100.0,2.0,80.0,60.0,1,False,False,False,False,False
2025-02-21 04:00:00,0.0,1.0,1.0,68.2,52.0,16.66666667,1.333333333,1.0,58.73333333,1.0,1.0,0.0,35.0,29.73333333,70.0,68.0,100.0,2.0,80.0,60.0,0,False,False,False,False,False
2025-02-21 04:15:00,0.0,1.0,1.0,68.2,52.0,16.66666667,1.333333333,1.0,58.36666667,1.0,1.0,0.0,35.33333333,27.43333333,70.0,67.76666667,100.0,2.0,80.0,60.0,0,False,False,False,False,False
2025-02-21 04:30:00,0.0,1.0,1.0,68.2,52.0,0.0,1.0,1.0,58.76666667,1.0,1.0,0.0,36.0,26.56666667,70.0,68.4,100.0,2.0,80.0,60.0,0,False,False,False,False,False
2025-02-21 04:45:00,0.0,1.0,1.0,68.2,52.0,16.66666667,1.333333333,1.0,58.6,1.0,1.0,0.0,35.66666667,26.86666667,70.0,68.3,100.0,2.0,80.0,60.0,1,False,False,False,False,False
2025-02-21 05:00:00,0.0,1.0,1.0,68.2,52.0,16.66666667,1.333333333,1.0,58.46666667,1.0,1.0,0.0,35.33333333,28.33333333,70.0,68.06666667,100.0,2.0,80.0,60.0,0,False,False,False,False,False
2025-02-21 05:15:00,0.0,1.0,1.0,68.2,52.0,16.66666667,1.333333333,1.0,58.36666667,1.0,1.0,0.0,34.66666667,28.93333333,70.0,67.8,100.0,2.0,80.0,60.0,0,False,False,False,False,False
2025-02-21 05:30:00,0.0,1.0,1.0,68.2,52.0,0.0,1.0,1.0,58.56666667,1.0,1.0,0.0,35.0,28.73333333,70.0,68.26666667,100.0,2.0,80.0,60.0,0,False,False,False,False,False
2025-02-21 05:45:00,0.0,1.0,1.0,68.2,52.0,16.66666667,1.333333333,1.0,58.43333333,1.0,1.0,0.0,35.33333333,27.86666667,70.0,68.4,100.0,2.0,80.0,60.0,1,False,False,False,False,False
2025-02-21 06:00:00,0.0,1.0,1.0,68.2,52.0,16.66666667,1.333333333,1.0,58.26666667,1.0,1.0,0.0,35.0,27.93333333,70.0,67.96666667,100.0,2.0,80.0,60.0,0,False,False,False,False,False
2025-02-21 06:15:00,0.0,1.0,1.0,68.2,52.0,16.66666667,1.333333333,1.0,58.3,1.0,1.0,0.0,34.66666667,27.43333333,70.0,67.93333333,100.0,2.0,80.0,60.0,0,False,False,False,False,False
2025-02-21 06:30:00,0.0,1.0,1.0,68.2,52.0,0.0,1.0,1.0,58.36666667,1.0,1.0,0.0,35.33333333,28.03333333,70.0,68.3,100.0,2.0,80.0,60.0,0,False,False,False,False,False
2025-02-21 06:45:00,0.0,1.0,1.0,68.2,52.0,16.66666667,1.333333333,1.0,58.33333333,1.0,1.0,0.0,36.0,28.46666667,70.0,68.1,100.0,2.0,80.0,60.0,1,False,False,False,False,False
2025-02-21 07:00:00,0.0,1.0,1.0,68.2,52.0,16.66666667,1.333333333,1.0,58.26666667,1.0,1.0,0.0,35.66666667,27.96666667,70.0,67.9,100.0,2.0,80.0,60.0,0,False,False,False,False,False
2025-02-21 07:15:00,0.0,1.0,1.0,68.2,52.0,16.66666667,1.333333333,1.0,58.1,1.0,1.0,0.0,36.0,28.13333333,70.0,68.1,100.0,2.0,80.0,60.0,0,False,False,False,False,False
2025-02-21 07:30:00,0.0,1.0,1.0,68.2,52.0,16.66666667,1.333333333,1.0,58.26666667,1.0,1.0,0.0,36.0,28.33333333,70.0,68.03333333,100.0,2.0,80.0,60.0,0,False,False,False,False,False
2025-02-21 07:45:00,0.0,1.0,1.0,68.2,52.0,0.0,1.0,1.0,58.3,1.0,1.0,0.0,36.0,27.8,70.0,68.26666667,100.0,2.0,80.0,60.0,0,False,False,False,False,False
2025-02-21 08:00:00,0.0,1.0,1.0,68.2,52.0,0.0,1.0,1.0,58.63333333,1.0,1.0,0.0,36.33333333,27.8,70.0,68.76666667,100.0,2.0,80.0,60.0,0,False,False,False,False,False
2025-02-21 08:15:00,0.0,1.0,1.0,68.2,52.0,0.0,1.0,1.0,58.53333333,1.0,1.0,0.0,36.33333333,28.2,70.0,68.3,100.0,2.0,80.0,60.0,0,False,False,False,False,False
2025-02-21 08:30:00,0.0,1.0,1.0,68.2,52.0,16.66666667,1.333333333,1.0,58.13333333,1.0,1.0,0.0,36.66666667,28.33333333,70.0,68.06666667,100.0,2.0,80.0,60.0,0,False,False,False,False,False
2025-02-21 08:45:00,0.0,1.0,1.0,68.2,52.0,16.66666667,1.333333333,1.0,58.1,1.0,1.0,0.0,37.0,27.8,70.0,67.93333333,100.0,2.0,80.0,60.0,0,False,False,False,False,False
2025-02-21 09:00:00,0.0,1.0,1.0,68.2,52.0,0.0,1.0,1.0,58.26666667,1.0,1.0,0.0,37.33333333,27.66666667,70.0,68.2,100.0,2.0,80.0,60.0,0,False,False,False,False,False
2025-02-21 09:15:00,0.0,1.0,1.0,68.2,52.0,16.66666667,1.333333333,1.0,58.2,1.0,1.0,0.0,37.33333333,28.96666667,70.0,68.23333333,100.0,2.0,80.0,60.0,1,False,False,False,False,False
2025-02-21 09:30:00,0.0,1.0,1.0,68.2,52.0,0.0,1.0,1.0,58.13333333,1.0,1.0,0.0,37.33333333,27.86666667,70.0,68.16666667,100.0,2.0,80.0,60.0,0,False,False,False,False,False
2025-02-21 09:45:00,0.0,1.0,1.0,68.2,52.0,16.66666667,1.333333333,1.0,58.13333333,1.0,1.0,0.0,37.66666667,26.0,70.0,68.13333333,100.0,2.0,80.0,60.0,0,False,False,False,False,False
2025-02-21 10:00:00,0.0,1.0,1.0,68.2,52.0,16.66666667,1.333333333,1.0,58.2,1.0,1.0,0.0,37.33333333,26.66666667,70.0,67.93333333,100.0,2.0,80.0,60.0,0,False,False,False,False,False
2025-02-21 10:15:00,0.0,1.0,1.0,68.2,52.0,16.66666667,1.333333333,1.0,58.16666667,1.0,1.0,0.0,37.66666667,26.5,70.0,68.2,100.0,2.0,80.0,60.0,0,False,False,False,False,False
2025-02-21 10:30:00,0.0,1.0,1.0,68.2,52.0,16.66666667,1.333333333,1.0,58.3,1.0,1.0,0.0,38.0,26.3,70.0,68.16666667,100.0,2.0,80.0,60.0,1,False,False,False,False,False
2025-02-21 10:45:00,0.0,1.0,1.0,68.2,52.0,16.66666667,1.333333333,1.0,58.4,1.0,1.0,0.0,38.33333333,26.33333333,70.0,68.3,100.0,2.0,80.0,60.0,1,False,False,False,False,False
2025-02-21 11:00:00,0.0,1.0,1.0,68.2,52.0,16.66666667,1.333333333,1.0,58.06666667,1.0,1.0,0.0,37.33333333,26.86666667,70.0,67.93333333,100.0,2.0,80.0,60.0,0,False,False,False,False,False
2025-02-21 11:15:00,0.0,1.0,1.0,68.2,52.0,0.0,1.0,1.0,57.9,1.0,1.0,0.0,37.66666667,28.13333333,70.0,68.1,100.0,2.0,80.0,60.0,0,False,False,False,False,False
2025-02-21 11:30:00,0.0,1.0,1.0,68.2,52.0,16.66666667,1.333333333,1.0,57.93333333,1.0,1.0,0.0,38.33333333,27.63333333,70.0,67.9,100.0,2.0,80.0,60.0,0,False,False,False,False,False
2025-02-21 11:45:00,0.0,1.0,1.0,68.2,52.0,0.0,1.0,1.0,57.8,1.0,1.0,0.0,38.66666667,25.8,70.0,68.03333333,100.0,2.0,80.0,60.0,0,False,False,False,False,False
2025-02-21 12:00:00,0.0,1.0,1.0,68.2,52.33333333,16.66666667,1.333333333,1.0,57.9,1.0,1.0,0.0,38.33333333,26.8,70.0,68.06666667,100.0,2.0,80.0,60.0,1,False,False,False,False,False
2025-02-21 12:15:00,0.0,1.0,1.0,68.2,52.0,0.0,1.0,1.0,58.13333333,1.0,1.0,0.0,38.33333333,26.43333333,70.0,68.33333333,100.0,2.0,80.0,60.0,0,False,False,False,False,False
2025-02-21 12:30:00,0.0,1.0,1.0,68.2,52.0,16.66666667,1.333333333,1.0,58.03333333,1.0,1.0,0.0,38.33333333,26.1,70.0,67.93333333,100.0,2.0,80.0,60.0,0,False,False,False,False,False
2025-02-21 12:45:00,0.0,1.0,1.0,68.2,52.0,0.0,1.0,1.0,58.06666667,1.0,1.0,0.0,38.33333333,26.6,70.0,68.03333333,100.0,2.0,80.0,60.0,0,False,False,False,False,False
2025-02-21 13:00:00,0.0,1.0,1.0,68.2,52.0,0.0,1.0,1.0,58.2,1.0,1.0,0.0,37.66666667,27.9,70.0,68.23333333,100.0,2.0,80.0,60.0,0,False,False,False,False,False
2025-02-21 13:15:00,0.0,1.0,1.0,68.2,52.0,16.66666667,1.333333333,1.0,58.26666667,1.0,1.0,0.0,37.66666667,29.2,70.0,68.16666667,100.0,2.0,80.0,60.0,1,False,False,False,False,False
2025-02-21 13:30:00,0.0,1.0,1.0,68.2,52.0,16.66666667,1.333333333,1.0,58.5,1.0,1.0,0.0,37.0,29.2,70.0,68.03333333,100.0,2.0,80.0,60.0,0,False,False,False,False,False
2025-02-21 13:45:00,0.0,1.0,1.0,68.2,52.0,16.66666667,1.0,1.0,58.76666667,1.0,1.0,0.0,36.66666667,31.16666667,70.0,67.73333333,100.0,2.0,80.0,60.0,0,False,False,False,False,False
2025-02-21 14:00:00,0.0,1.0,1.0,68.2,52.0,0.0,1.0,1.0,59.4,1.0,1.0,0.0,36.33333333,33.63333333,70.0,68.8,100.0,2.0,80.0,60.0,0,False,False,False,False,False
2025-02-21 14:15:00,0.0,1.0,1.0,68.2,52.0,16.66666667,1.333333333,1.0,58.83333333,1.0,1.0,0.0,35.66666667,32.93333333,70.0,67.86666667,100.0,2.0,80.0,60.0,0,False,False,False,False,False
2025-02-21 14:30:00,0.0,1.0,1.0,68.2,52.0,0.0,1.0,1.0,59.3,1.0,1.0,0.0,35.33333333,34.93333333,70.0,68.73333333,100.0,2.0,80.0,60.0,0,False,False,False,False,False
2025-02-21 14:45:00,0.0,1.0,1.0,68.2,52.0,0.0,1.0,1.0,59.16666667,1.0,1.0,0.0,36.0,36.56666667,70.0,67.73333333,100.0,2.0,80.0,60.0,0,False,False,False,False,False
2025-02-21 15:00:00,0.0,1.0,1.0,68.2,52.0,0.0,1.0,1.0,59.8,1.0,1.0,0.0,35.33333333,38.06666667,70.0,68.73333333,100.0,2.0,80.0,60.0,0,False,False,False,False,False
2025-02-21 15:15:00,0.0,1.0,1.0,68.2,52.0,16.66666667,1.333333333,1.0,59.23333333,1.0,1.0,0.0,34.0,38.1,70.0,67.36666667,100.0,2.0,80.0,60.0,0,False,False,False,False,False
2025-02-21 15:30:00,0.0,1.0,1.0,68.2,52.0,16.66666667,1.333333333,1.0,60.06666667,1.0,1.0,0.0,33.66666667,39.6,70.0,68.76666667,100.0,2.0,80.0,60.0,1,False,False,False,False,False
2025-02-21 15:45:00,0.0,1.0,1.0,68.2,52.0,0.0,1.0,1.0,59.86666667,1.0,1.0,0.0,33.0,40.46666667,70.0,68.56666667,100.0,2.0,80.0,60.0,0,False,False,False,False,False
2025-02-21 16:00:00,0.0,1.0,1.0,68.2,52.0,0.0,1.0,1.0,59.56666667,1.0,1.0,0.0,32.66666667,40.1,70.0,68.1,100.0,2.0,80.0,60.0,0,False,False,False,False,False
2025-02-21 16:15:00,0.0,1.0,1.0,68.2,52.0,0.0,1.0,1.0,59.56666667,1.0,1.0,0.0,32.0,40.4,70.0,67.86666667,100.0,2.0,80.0,60.0,0,False,False,False,False,False
2025-02-21 16:30:00,0.0,1.0,1.0,68.2,52.0,0.0,1.0,1.0,59.7,1.0,1.0,0.0,32.0,40.4,70.0,67.8,100.0,2.0,80.0,60.0,0,False,False,False,False,False
2025-02-21 16:45:00,0.0,1.0,1.0,68.2,52.0,0.0,1.0,1.0,59.56666667,1.0,1.0,0.0,32.0,40.96666667,70.0,67.8,100.0,2.0,80.0,60.0,0,False,False,False,False,False
2025-02-21 17:00:00,0.0,1.0,1.0,68.2,52.0,0.0,1.0,1.0,59.7,1.0,1.0,0.0,32.0,41.26666667,70.0,67.8,100.0,2.0,80.0,60.0,0,False,False,False,False,False
2025-02-21 17:15:00,0.0,1.0,1.0,68.2,52.0,0.0,1.0,1.0,60.16666667,1.0,1.0,0.0,32.33333333,42.56666667,70.0,68.03333333,100.0,2.0,80.0,60.0,0,False,False,False,False,False
2025-02-21 17:30:00,0.0,1.0,1.0,68.2,52.0,0.0,1.0,1.0,61.23333333,1.0,1.0,0.0,32.66666667,44.06666667,70.0,69.83333333,100.0,2.0,80.0,60.0,0,False,False,False,False,False
2025-02-21 17:45:00,0.0,1.0,1.0,68.2,52.0,0.0,1.0,1.0,60.76666667,1.0,1.0,0.0,32.33333333,43.7,70.0,68.56666667,100.0,2.0,80.0,60.0,0,False,False,False,False,False
2025-02-21 18:00:00,0.0,1.0,1.0,68.2,52.0,0.0,1.0,1.0,60.36666667,1.0,1.0,0.0,33.0,44.53333333,70.0,68.16666667,100.0,2.0,80.0,60.0,0,False,False,False,False,False
2025-02-21 18:15:00,0.0,1.0,1.0,68.2,52.0,0.0,1.0,1.0,60.3,1.0,1.0,0.0,33.0,45.43333333,70.0,68.1,100.0,2.0,80.0,60.0,0,False,False,False,False,False
2025-02-21 18:30:00,0.0,1.0,1.0,68.2,52.0,0.0,1.0,1.0,60.3,1.0,1.0,0.0,33.0,46.93333333,70.0,68.1,100.0,2.0,80.0,60.0,0,False,False,False,False,False
2025-02-21 18:45:00,0.0,1.0,1.0,68.2,52.0,0.0,1.0,1.0,60.3,1.0,1.0,0.0,33.0,45.9,70.0,68.1,100.0,2.0,80.0,60.0,0,False,False,False,False,False
2025-02-21 19:00:00,0.0,1.0,1.0,68.2,52.0,0.0,1.0,1.0,60.3,1.0,1.0,0.0,33.0,45.93333333,70.0,68.1,100.0,2.0,80.0,60.0,0,False,False,False,False,False
2025-02-21 19:15:00,0.0,1.0,1.0,68.2,52.0,0.0,1.0,1.0,60.3,1.0,1.0,0.0,33.0,47.13333333,70.0,68.03333333,100.0,2.0,80.0,60.0,0,False,False,False,False,False
2025-02-21 19:30:00,0.0,1.0,1.0,68.2,52.0,0.0,1.0,1.0,60.36666667,1.0,1.0,0.0,32.66666667,47.9,70.0,67.7,100.0,2.0,80.0,60.0,0,False,False,False,False,False
2025-02-21 19:45:00,0.0,1.0,1.0,68.2,52.0,16.66666667,1.333333333,1.0,61.43333333,1.0,1.0,0.0,33.66666667,49.4,70.0,69.2,100.0,2.0,80.0,60.0,1,False,False,False,False,False
2025-02-21 20:00:00,0.0,1.0,1.0,68.2,52.0,0.0,1.0,1.0,61.16666667,1.0,1.0,0.0,33.0,50.23333333,70.0,68.46666667,100.0,2.0,80.0,60.0,0,False,False,False,False,False
2025-02-21 20:15:00,0.0,1.0,1.0,68.2,52.0,0.0,1.0,1.0,60.8,1.0,1.0,0.0,33.0,49.9,70.0,67.86666667,100.0,2.0,80.0,60.0,0,False,False,False,False,False
2025-02-21 20:30:00,0.0,1.0,1.0,68.2,52.0,16.66666667,1.333333333,1.0,61.66666667,1.0,1.0,0.0,34.33333333,50.6,70.0,69.03333333,100.0,2.0,80.0,60.0,1,False,False,False,False,False
2025-02-21 20:45:00,0.0,1.0,1.0,68.2,52.0,16.66666667,1.333333333,1.0,61.56666667,1.0,1.0,0.0,33.33333333,51.46666667,70.0,68.03333333,100.0,2.0,80.0,60.0,0,False,False,False,False,False
2025-02-21 21:00:00,0.0,1.0,1.0,68.2,52.0,0.0,1.0,1.0,61.73333333,1.0,1.0,0.0,33.66666667,51.33333333,70.0,68.86666667,100.0,2.0,80.0,60.0,0,False,False,False,False,False
2025-02-21 21:15:00,0.0,1.0,1.0,68.2,52.0,0.0,1.0,1.0,61.13333333,1.0,1.0,0.0,34.66666667,51.7,70.0,67.6,100.0,2.0,80.0,60.0,0,False,False,False,False,False
2025-02-21 21:30:00,0.0,1.0,1.0,68.2,52.0,16.66666667,1.333333333,1.0,61.76666667,1.0,1.0,0.0,34.0,51.33333333,70.0,68.73333333,100.0,2.0,80.0,60.0,1,False,False,False,False,False
2025-02-21 21:45:00,0.0,1.0,1.0,68.2,52.0,0.0,1.0,1.0,61.23333333,1.0,1.0,0.0,35.0,50.2,70.0,67.8,100.0,2.0,80.0,60.0,0,False,False,False,False,False
2025-02-21 22:00:00,0.0,1.0,1.0,68.2,52.0,0.0,1.0,1.0,61.6,1.0,1.0,0.0,35.66666667,50.26666667,70.0,68.26666667,100.0,2.0,80.0,60.0,0,False,False,False,False,False
2025-02-21 22:15:00,0.0,1.0,1.0,68.2,52.0,0.0,1.0,1.0,61.3,1.0,1.0,0.0,34.66666667,49.76666667,70.0,68.03333333,100.0,2.0,80.0,60.0,0,False,False,False,False,False
2025-02-21 22:30:00,0.0,1.0,1.0,68.2,52.0,16.66666667,1.333333333,1.0,61.13333333,1.0,1.0,0.0,34.66666667,47.1,70.0,67.9,100.0,2.0,80.0,60.0,0,False,False,False,False,False
2025-02-21 22:45:00,0.0,1.0,1.0,68.2,52.0,0.0,1.0,1.0,61.23333333,1.0,1.0,0.0,35.0,46.56666667,70.0,68.3,100.0,2.0,80.0,60.0,0,False,False,False,False,False
2025-02-21 23:00:00,0.0,1.0,1.0,68.2,52.0,16.66666667,1.333333333,1.0,61.23333333,1.0,1.0,0.0,35.66666667,44.53333333,70.0,68.2,100.0,2.0,80.0,60.0,0,False,False,False,False,False
2025-02-21 23:15:00,0.0,1.0,1.0,68.2,52.0,0.0,1.0,1.0,61.03333333,1.0,1.0,0.0,36.0,44.36666667,70.0,68.06666667,100.0,2.0,80.0,60.0,0,False,False,False,False,False
2025-02-21 23:30:00,0.0,1.0,1.0,68.2,52.0,16.66666667,1.333333333,1.0,61.13333333,1.0,1.0,0.0,36.0,43.23333333,70.0,68.53333333,100.0,2.0,80.0,60.0,1,False,False,False,False,False
2025-02-21 23:45:00,0.0,1.0,1.0,68.2,52.0,16.66666667,1.333333333,1.0,60.7,1.0,1.0,0.0,36.0,43.5,70.0,67.56666667,100.0,2.0,80.0,60.0,0,False,False,False,False,False
2025-02-22 00:00:00,0.0,1.0,1.0,68.2,52.0,16.66666667,1.333333333,1.0,61.1,1.0,1.0,0.0,36.66666667,42.4,70.0,68.46666667,100.0,2.0,80.0,60.0,1,False,False,False,False,False
2025-02-22 00:15:00,0.0,1.0,1.0,68.2,52.0,16.66666667,1.333333333,1.0,60.6,1.0,1.0,0.0,38.0,41.86666667,70.0,67.6,100.0,2.0,80.0,60.0,0,False,False,False,False,False
2025-02-22 00:30:00,0.0,1.0,1.0,68.2,52.0,0.0,1.0,1.0,60.9,1.0,1.0,0.0,42.66666667,40.4,70.0,68.46666667,100.0,2.0,80.0,60.0,0,False,False,False,False,False
2025-02-22 00:45:00,0.0,1.0,1.0,68.2,52.0,0.0,1.0,1.0,60.76666667,1.0,1.0,0.0,44.66666667,39.9,70.0,68.36666667,100.0,2.0,80.0,60.0,0,False,False,False,False,False
2025-02-22 01:00:00,0.0,1.0,1.0,68.2,52.0,16.66666667,1.333333333,1.0,60.4,1.0,1.0,0.0,45.33333333,39.7,70.0,67.53333333,100.0,2.0,80.0,60.0,0,False,False,False,False,False
2025-02-22 01:15:00,0.0,1.0,1.0,68.2,52.0,0.0,1.0,1.0,60.73333333,1.0,1.0,0.0,46.0,39.4,70.0,68.5,100.0,2.0,80.0,60.0,1,False,False,False,False,False
2025-02-22 01:30:00,0.0,1.0,1.0,68.2,52.0,0.0,1.0,1.0,60.66666667,1.0,1.0,0.0,47.0,38.93333333,70.0,68.16666667,100.0,2.0,80.0,60.0,0,False,False,False,False,False
2025-02-22 01:45:00,0.0,1.0,1.0,68.2,52.0,16.66666667,1.333333333,1.0,60.3,1.0,1.0,0.0,46.66666667,39.13333333,70.0,67.63333333,100.0,2.0,80.0,60.0,0,False,False,False,False,False
2025-02-22 02:00:00,0.0,1.0,1.0,68.2,52.0,16.66666667,1.333333333,1.0,60.76666667,1.0,1.0,0.0,46.0,39.03333333,70.0,68.53333333,100.0,2.0,80.0,60.0,1,False,False,False,False,False
2025-02-22 02:15:00,0.0,1.0,1.0,68.2,52.0,16.66666667,1.333333333,1.0,60.46666667,1.0,1.0,0.0,45.33333333,39.1,70.0,67.83333333,100.0,2.0,80.0,60.0,0,False,False,False,False,False
2025-02-22 02:30:00,0.0,1.0,1.0,68.2,52.0,0.0,1.0,1.0,60.56666667,1.0,1.0,0.0,45.0,39.2,70.0,68.36666667,100.0,2.0,80.0,60.0,0,False,False,False,False,False
2025-02-22 02:45:00,0.0,1.0,1.0,68.2,52.0,16.66666667,1.333333333,1.0,60.43333333,1.0,1.0,0.0,46.0,38.0,70.0,68.36666667,100.0,2.0,80.0,60.0,1,False,False,False,False,False
2025-02-22 03:00:00,0.0,1.0,1.0,68.2,52.0,0.0,1.0,1.0,60.33333333,1.0,1.0,0.0,46.66666667,38.26666667,70.0,67.96666667,100.0,2.0,80.0,60.0,0,False,False,False,False,False
2025-02-22 03:15:00,0.0,1.0,1.0,68.2,52.0,0.0,1.0,1.0,60.73333333,1.0,1.0,0.0,47.0,38.26666667,70.0,68.36666667,100.0,2.0,80.0,60.0,0,False,False,False,False,False
2025-02-22 03:30:00,0.0,1.0,1.0,68.2,52.0,16.66666667,1.333333333,1.0,60.73333333,1.0,1.0,0.0,48.66666667,37.6,70.0,68.5,100.0,2.0,80.0,60.0,1,False,False,False,False,False
2025-02-22 03:45:00,0.0,1.0,1.0,68.2,52.0,0.0,1.0,1.0,60.36666667,1.0,1.0,0.0,50.33333333,37.03333333,70.0,67.76666667,100.0,2.0,80.0,60.0,0,False,False,False,False,False
2025-02-22 04:00:00,0.0,1.0,1.0,68.2,52.0,0.0,1.0,1.0,60.43333333,1.0,1.0,0.0,51.0,36.43333333,70.0,68.36666667,100.0,2.0,80.0,60.0,0,False,False,False,False,False
2025-02-22 04:15:00,0.0,1.0,1.0,68.2,52.0,16.66666667,1.333333333,1.0,60.46666667,1.0,1.0,0.0,51.66666667,35.9,70.0,68.5,100.0,2.0,80.0,60.0,1,False,False,False,False,False
2025-02-22 04:30:00,0.0,1.0,1.0,68.2,52.0,0.0,1.0,1.0,60.73333333,1.0,1.0,0.0,52.0,36.03333333,70.0,69.1,100.0,2.0,80.0,60.0,0,False,False,False,False,False
2025-02-22 04:45:00,0.0,1.0,1.0,68.2,52.0,0.0,1.0,1.0,60.6,1.0,1.0,0.0,52.66666667,35.43333333,70.0,69.16666667,100.0,2.0,80.0,60.0,0,False,False,False,False,False
2025-02-22 05:00:00,0.0,1.0,1.0,62.73333333,52.0,0.0,1.0,1.0,59.6,1.666666667,2.0,0.0,54.33333333,34.33333333,70.0,68.63333333,33.33333333,1.0,80.0,60.0,0,False,False,False,False,False
2025-02-22 05:15:00,0.0,1.0,1.0,60.0,52.0,0.0,1.0,1.0,56.9,2.0,2.0,0.0,52.33333333,31.96666667,70.0,68.06666667,0.0,1.0,80.0,60.0,0,False,False,False,False,False
2025-02-22 05:30:00,0.0,1.0,1.0,60.0,52.0,0.0,1.0,1.0,54.46666667,2.0,2.0,0.0,51.66666667,31.1,70.0,67.53333333,0.0,1.0,80.0,60.0,0,False,False,False,False,False
2025-02-22 05:45:00,0.0,1.0,1.0,60.0,52.0,0.0,1.0,1.0,51.9,2.0,2.0,0.0,52.0,29.96666667,70.0,67.0,0.0,1.0,80.0,60.0,0,False,False,False,False,False
2025-02-22 06:00:00,0.0,1.0,1.0,60.0,52.0,0.0,1.0,1.0,47.43333333,2.0,2.0,0.0,52.0,29.43333333,70.0,66.66666667,0.0,1.0,80.0,60.0,0,False,False,False,False,False
2025-02-22 06:15:00,0.0,1.0,1.0,60.0,52.0,0.0,1.0,1.0,45.6,2.0,2.0,0.0,51.33333333,29.06666667,70.0,66.26666667,0.0,1.0,80.0,60.0,0,False,False,False,False,False
2025-02-22 06:30:00,0.0,1.0,1.0,60.0,52.0,0.0,1.0,1.0,52.2,2.0,2.0,0.0,50.33333333,28.86666667,70.0,66.13333333,0.0,1.0,80.0,60.0,0,False,False,False,False,False
2025-02-22 06:45:00,0.0,1.0,1.0,60.0,52.0,0.0,1.0,1.0,52.26666667,2.0,2.0,0.0,50.0,28.8,70.0,65.83333333,0.0,1.0,80.0,60.0,0,False,False,False,False,False
2025-02-22 07:00:00,0.0,1.0,1.0,60.0,52.0,0.0,1.0,1.0,51.46666667,2.0,2.0,0.0,50.0,28.6,70.0,65.6,0.0,1.0,80.0,60.0,0,False,False,False,False,False
2025-02-22 07:15:00,0.0,1.0,1.0,60.0,52.0,0.0,1.0,1.0,49.96666667,2.0,2.0,0.0,51.0,28.46666667,70.0,65.36666667,0.0,1.0,80.0,60.0,0,False,False,False,False,False
2025-02-22 07:30:00,0.0,1.0,1.0,60.0,52.0,0.0,1.0,1.0,51.3,2.0,2.0,0.0,51.0,28.4,70.0,65.23333333,0.0,1.0,80.0,60.0,0,False,False,False,False,False
2025-02-22 07:45:00,0.0,1.0,1.0,60.0,52.0,0.0,1.0,1.0,50.6,2.0,2.0,0.0,51.33333333,28.33333333,70.0,65.03333333,0.0,1.0,80.0,60.0,0,False,False,False,False,False
2025-02-22 08:00:00,0.0,1.0,1.0,60.0,52.0,0.0,1.0,1.0,49.3,2.0,2.0,0.0,51.0,28.0,70.0,64.93333333,0.0,1.0,80.0,60.0,0,False,False,False,False,False
2025-02-22 08:15:00,0.0,1.0,1.0,60.0,52.0,0.0,1.0,1.0,51.33333333,2.0,2.0,0.0,50.33333333,27.8,70.0,64.73333333,0.0,1.0,80.0,60.0,0,False,False,False,False,False
2025-02-22 08:30:00,0.0,1.0,1.0,60.0,52.0,0.0,1.0,1.0,51.0,2.0,2.0,0.0,50.0,27.8,70.0,64.6,0.0,1.0,80.0,60.0,0,False,False,False,False,False
2025-02-22 08:45:00,0.0,1.0,1.0,60.0,52.0,0.0,1.0,1.0,52.36666667,2.0,2.0,0.0,49.33333333,27.8,70.0,64.53333333,0.0,1.0,80.0,60.0,0,False,False,False,False,False
2025-02-22 09:00:00,0.0,1.0,1.0,60.0,52.0,0.0,1.0,1.0,52.3,2.0,2.0,0.0,47.66666667,27.8,70.0,64.5,0.0,1.0,80.0,60.0,0,False,False,False,False,False
2025-02-22 09:15:00,0.0,1.0,1.0,60.0,52.0,0.0,1.0,1.0,52.06666667,2.0,2.0,0.0,47.0,27.8,70.0,64.36666667,0.0,1.0,80.0,60.0,0,False,False,False,False,False
2025-02-22 09:30:00,0.0,1.0,1.0,60.0,52.0,0.0,1.0,1.0,51.66666667,2.0,2.0,0.0,46.33333333,27.8,70.0,64.3,0.0,1.0,80.0,60.0,0,False,False,False,False,False
2025-02-22 09:45:00,0.0,1.0,1.0,60.0,52.0,0.0,1.0,1.0,51.16666667,2.0,2.0,0.0,47.33333333,27.8,70.0,64.23333333,0.0,1.0,80.0,60.0,0,False,False,False,False,False
2025-02-22 10:00:00,0.0,1.0,1.0,60.0,52.0,0.0,1.0,1.0,51.46666667,2.0,2.0,0.0,48.66666667,27.6,70.0,64.2,0.0,1.0,80.0,60.0,0,False,False,False,False,False
2025-02-22 10:15:00,0.0,1.0,1.0,60.0,52.0,0.0,1.0,1.0,52.93333333,2.0,2.0,0.0,46.33333333,27.4,70.0,64.13333333,0.0,1.0,80.0,60.0,0,False,False,False,False,False
2025-02-22 10:30:00,0.0,1.0,1.0,60.0,52.0,0.0,1.0,1.0,53.26666667,2.0,2.0,0.0,46.0,27.26666667,70.0,64.0,0.0,1.0,80.0,60.0,0,False,False,False,False,False
2025-02-22 10:45:00,0.0,1.0,1.0,60.0,52.0,0.0,1.0,1.0,53.53333333,2.0,2.0,0.0,46.33333333,27.26666667,70.0,63.93333333,0.0,1.0,80.0,60.0,0,False,False,False,False,False
2025-02-22 11:00:00,0.0,1.0,1.0,60.0,52.33333333,0.0,1.0,1.0,53.63333333,2.0,2.0,0.0,45.0,27.2,70.0,63.8,0.0,1.0,80.0,60.0,0,False,False,False,False,False
2025-02-22 11:15:00,0.0,1.0,1.0,60.0,52.33333333,0.0,1.0,1.0,53.5,2.0,2.0,0.0,45.0,27.13333333,70.0,63.8,0.0,1.0,80.0,60.0,0,False,False,False,False,False
2025-02-22 11:30:00,0.0,1.0,1.0,60.0,52.0,0.0,1.0,1.0,53.63333333,2.0,2.0,0.0,44.33333333,27.53333333,70.0,63.73333333,0.0,1.0,80.0,60.0,0,False,False,False,False,False
2025-02-22 11:45:00,0.0,1.0,1.0,60.0,52.33333333,0.0,1.0,1.0,53.83333333,2.0,2.0,0.0,45.33333333,27.4,70.0,63.7,0.0,1.0,80.0,60.0,0,False,False,False,False,False
2025-02-22 12:00:00,0.0,1.0,1.0,60.0,52.0,0.0,1.0,1.0,53.43333333,2.0,2.0,0.0,45.66666667,27.46666667,70.0,63.56666667,0.0,1.0,80.0,60.0,0,False,False,False,False,False
2025-02-22 12:15:00,0.0,1.0,1.0,60.0,52.33333333,0.0,1.0,1.0,53.06666667,2.0,2.0,0.0,47.0,27.53333333,70.0,63.5,0.0,1.0,80.0,60.0,0,False,False,False,False,False
2025-02-22 12:30:00,0.0,1.0,1.0,60.0,52.0,0.0,1.0,1.0,53.8,2.0,2.0,0.0,45.0,28.13333333,70.0,63.5,0.0,1.0,80.0,60.0,0,False,False,False,False,False
2025-02-22 12:45:00,0.0,1.0,1.0,60.0,52.0,0.0,1.0,1.0,54.43333333,2.0,2.0,0.0,43.66666667,28.4,70.0,63.5,0.0,1.0,80.0,60.0,0,False,False,False,False,False
2025-02-22 13:00:00,0.0,1.0,1.0,62.73333333,52.0,33.33333333,1.333333333,1.333333333,55.3,1.666666667,1.666666667,0.0,40.0,29.1,70.0,63.6,33.33333333,1.333333333,80.0,60.0,0,False,False,False,False,False
2025-02-22 13:15:00,0.0,1.0,1.0,68.2,52.0,33.33333333,1.666666667,1.333333333,60.16666667,1.0,1.0,0.0,37.33333333,36.0,70.0,68.96666667,100.0,2.0,80.0,60.0,1,False,False,False,False,False
2025-02-22 13:30:00,0.0,1.0,1.0,68.2,52.0,16.66666667,1.333333333,1.0,59.76666667,1.0,1.0,0.0,43.33333333,39.76666667,70.0,68.6,100.0,2.0,80.0,60.0,1,False,False,False,False,False
2025-02-22 13:45:00,0.0,1.0,1.0,68.2,52.0,16.66666667,1.333333333,1.0,59.93333333,1.0,1.0,0.0,44.33333333,40.73333333,70.0,68.7,100.0,2.0,80.0,60.0,1,False,False,False,False,False
2025-02-22 14:00:00,0.0,1.0,1.0,68.2,52.0,16.66666667,1.333333333,1.0,60.1,1.0,1.0,0.0,45.0,41.8,70.0,68.86666667,100.0,2.0,80.0,60.0,1,False,False,False,False,False
2025-02-22 14:15:00,0.0,1.0,1.0,68.2,52.0,16.66666667,1.333333333,1.0,60.2,1.0,1.0,0.0,44.33333333,41.83333333,70.0,69.1,100.0,2.0,80.0,60.0,1,False,False,False,False,False
2025-02-22 14:30:00,0.0,1.0,1.0,68.2,52.0,0.0,1.0,1.0,60.4,1.0,1.0,0.0,44.33333333,43.83333333,70.0,69.03333333,100.0,2.0,80.0,60.0,0,False,False,False,False,False
2025-02-22 14:45:00,0.0,1.0,1.0,68.2,52.0,16.66666667,1.0,1.0,60.56666667,1.0,1.0,0.0,44.0,43.83333333,70.0,69.0,100.0,2.0,80.0,60.0,0,False,False,False,False,False
2025-02-22 15:00:00,0.0,1.0,1.0,68.2,52.0,16.66666667,1.333333333,1.0,60.8,1.0,1.0,0.0,44.0,45.3,70.0,69.0,100.0,2.0,80.0,60.0,0,False,False,False,False,False
2025-02-22 15:15:00,0.0,1.0,1.0,68.2,52.0,16.66666667,1.333333333,1.0,60.9,1.0,1.0,0.0,42.66666667,45.8,70.0,69.2,100.0,2.0,80.0,60.0,0,False,False,False,False,False
2025-02-22 15:30:00,0.0,1.0,1.0,68.2,52.0,0.0,1.0,1.0,61.3,1.0,1.0,0.0,42.33333333,47.03333333,70.0,69.16666667,100.0,2.0,80.0,60.0,0,False,False,False,False,False
2025-02-22 15:45:00,0.0,1.0,1.0,68.2,52.0,0.0,1.0,1.0,61.3,1.0,1.0,0.0,41.0,49.1,70.0,69.2,100.0,2.0,80.0,60.0,0,False,False,False,False,False
2025-02-22 16:00:00,0.0,1.0,1.0,68.2,52.0,16.66666667,1.333333333,1.0,61.5,1.0,1.0,0.0,39.33333333,50.93333333,70.0,69.13333333,100.0,2.0,80.0,60.0,1,False,False,False,False,False
2025-02-22 16:15:00,0.0,1.0,1.0,68.2,52.0,16.66666667,1.333333333,1.0,61.2,1.0,1.0,0.0,37.66666667,48.73333333,70.0,68.8,100.0,2.0,80.0,60.0,0,False,False,False,False,False
2025-02-22 16:30:00,0.0,1.0,1.0,68.2,52.0,0.0,1.0,1.0,61.6,1.0,1.0,0.0,37.66666667,45.46666667,70.0,69.33333333,100.0,2.0,80.0,60.0,0,False,False,False,False,False
2025-02-22 16:45:00,0.0,1.0,1.0,68.2,52.0,0.0,1.333333333,1.0,60.9,1.0,1.0,0.0,36.0,47.4,70.0,68.0,100.0,2.0,80.0,60.0,0,False,False,False,False,False
2025-02-22 17:00:00,0.0,1.0,1.0,68.2,52.0,16.66666667,1.333333333,1.0,61.93333333,1.0,1.0,0.0,35.66666667,47.06666667,70.0,69.23333333,100.0,2.0,80.0,60.0,1,False,False,False,False,False
2025-02-22 17:15:00,0.0,1.0,1.0,68.2,52.0,0.0,1.0,1.0,61.33333333,1.0,1.0,0.0,35.0,49.36666667,70.0,68.43333333,100.0,2.0,80.0,60.0,0,False,False,False,False,False
2025-02-22 17:30:00,0.0,1.0,1.0,68.2,52.0,0.0,1.0,1.0,60.96666667,1.0,1.0,0.0,34.66666667,49.2,70.0,67.83333333,100.0,2.0,80.0,60.0,0,False,False,False,False,False
2025-02-22 17:45:00,0.0,1.0,1.0,68.2,52.0,16.66666667,1.333333333,1.0,61.96666667,1.0,1.0,0.0,33.33333333,47.93333333,70.0,69.46666667,100.0,2.0,80.0,60.0,1,False,False,False,False,False
2025-02-22 18:00:00,0.0,1.0,1.0,68.2,52.0,0.0,1.0,1.0,61.5,1.0,1.0,0.0,33.0,50.1,70.0,68.5,100.0,2.0,80.0,60.0,0,False,False,False,False,False
2025-02-22 18:15:00,0.0,1.0,1.0,68.2,52.0,0.0,1.0,1.0,61.06666667,1.0,1.0,0.0,32.66666667,50.9,70.0,67.93333333,100.0,2.0,80.0,60.0,0,False,False,False,False,False
2025-02-22 18:30:00,0.0,1.0,1.0,68.2,52.0,0.0,1.333333333,1.0,61.83333333,1.0,1.0,0.0,32.66666667,50.1,70.0,68.9,100.0,2.0,80.0,60.0,0,False,False,False,False,False
2025-02-22 18:45:00,0.0,1.0,1.0,68.2,52.0,0.0,1.0,1.0,62.1,1.0,1.0,0.0,32.66666667,53.83333333,70.0,69.26666667,100.0,2.0,80.0,60.0,0,False,False,False,False,False
2025-02-22 19:00:00,0.0,1.0,1.0,68.2,52.0,0.0,1.0,1.0,61.36666667,1.0,1.0,0.0,32.66666667,53.4,70.0,68.2,100.0,2.0,80.0,60.0,0,False,False,False,False,False
2025-02-22 19:15:00,0.0,1.0,1.0,68.2,52.0,0.0,1.0,1.0,61.3,1.0,1.0,0.0,32.33333333,53.6,70.0,67.83333333,100.0,2.0,80.0,60.0,0,False,False,False,False,False
2025-02-22 19:30:00,0.0,1.0,1.0,68.2,52.0,16.66666667,1.333333333,1.0,62.03333333,1.0,1.0,0.0,33.66666667,53.46666667,70.0,69.36666667,100.0,2.0,80.0,60.0,1,False,False,False,False,False
2025-02-22 19:45:00,0.0,1.0,1.0,68.2,52.0,0.0,1.0,1.0,61.43333333,1.0,1.0,0.0,34.0,52.2,70.0,68.36666667,100.0,2.0,80.0,60.0,0,False,False,False,False,False
2025-02-22 20:00:00,0.0,1.0,1.0,68.2,52.0,0.0,1.0,1.0,61.83333333,1.0,1.0,0.0,35.0,50.46666667,70.0,69.03333333,100.0,2.0,80.0,60.0,0,False,False,False,False,False
2025-02-22 20:15:00,0.0,1.0,1.0,68.2,52.0,0.0,1.0,1.0,61.4,1.0,1.0,0.0,35.0,49.36666667,70.0,68.0,100.0,2.0,80.0,60.0,0,False,False,False,False,False
2025-02-22 20:30:00,0.0,1.0,1.0,68.2,52.0,16.66666667,1.333333333,1.0,61.43333333,1.0,1.0,0.0,35.33333333,50.83333333,70.0,67.93333333,100.0,2.0,80.0,60.0,0,False,False,False,False,False
2025-02-22 20:45:00,0.0,1.0,1.0,68.2,52.0,0.0,1.0,1.0,62.2,1.0,1.0,0.0,35.0,54.2,70.0,68.8,100.0,2.0,80.0,60.0,0,False,False,False,False,False
2025-02-22 21:00:00,0.0,1.0,1.0,68.2,52.0,16.66666667,1.333333333,1.0,61.23333333,1.0,1.0,0.0,34.0,53.63333333,70.0,67.16666667,100.0,2.0,80.0,60.0,0,False,False,False,False,False
2025-02-22 21:15:00,0.0,1.0,1.0,68.2,52.0,0.0,1.0,1.0,62.16666667,1.0,1.0,0.0,34.66666667,53.9,70.0,68.63333333,100.0,2.0,80.0,60.0,0,False,False,False,False,False
2025-02-22 21:30:00,0.0,1.0,1.0,62.73333333,52.0,0.0,1.0,1.0,62.5,1.666666667,2.0,0.0,37.0,53.36666667,70.0,67.8,33.33333333,1.333333333,80.0,60.0,0,False,False,False,False,False
2025-02-22 21:45:00,0.0,1.0,1.0,60.0,52.0,0.0,1.0,1.0,61.56666667,2.0,2.0,0.0,37.0,47.3,70.0,67.8,0.0,1.0,80.0,60.0,0,False,False,False,False,False
2025-02-22 22:00:00,0.0,1.0,1.0,60.0,52.0,0.0,1.0,1.0,59.43333333,2.0,2.0,0.0,37.33333333,46.26666667,70.0,67.56666667,0.0,1.0,80.0,60.0,0,False,False,False,False,False
2025-02-22 22:15:00,0.0,1.0,1.0,60.0,52.0,0.0,1.0,1.0,57.63333333,2.0,2.0,0.0,36.66666667,45.1,70.0,67.33333333,0.0,1.0,80.0,60.0,0,False,False,False,False,False
2025-02-22 22:30:00,0.0,1.0,1.0,60.0,52.0,0.0,1.0,1.0,55.43333333,2.0,2.0,0.0,38.0,44.0,70.0,67.13333333,0.0,1.0,80.0,60.0,0,False,False,False,False,False
2025-02-22 22:45:00,0.0,1.0,1.0,60.0,52.0,0.0,1.0,1.0,52.06666667,2.0,2.0,0.0,38.33333333,43.33333333,70.0,66.93333333,0.0,1.0,80.0,60.0,0,False,False,False,False,False
2025-02-22 23:00:00,0.0,1.0,1.0,60.0,52.0,0.0,1.0,1.0,49.4,2.0,2.0,0.0,38.66666667,43.0,70.0,66.73333333,0.0,1.0,80.0,60.0,0,False,False,False,False,False
2025-02-22 23:15:00,0.0,1.0,1.0,60.0,52.0,0.0,1.0,1.0,51.86666667,2.0,2.0,0.0,38.66666667,42.63333333,70.0,66.56666667,0.0,1.0,80.0,60.0,0,False,False,False,False,False
2025-02-22 23:30:00,0.0,1.0,1.0,60.0,52.0,0.0,1.0,1.0,52.66666667,2.0,2.0,0.0,38.66666667,42.2,70.0,66.43333333,0.0,1.0,80.0,60.0,0,False,False,False,False,False
2025-02-22 23:45:00,0.0,1.0,1.0,60.0,52.0,0.0,1.0,1.0,53.0,2.0,2.0,0.0,38.0,41.9,70.0,66.33333333,0.0,1.0,80.0,60.0,0,False,False,False,False,False
2025-02-23 00:00:00,0.0,1.0,1.0,60.0,52.0,0.0,1.0,1.0,53.06666667,2.0,2.0,0.0,39.33333333,41.56666667,70.0,66.2,0.0,1.0,80.0,60.0,0,False,False,False,False,False
2025-02-23 00:15:00,0.0,1.0,1.0,60.0,52.0,0.0,1.0,1.0,53.0,2.0,2.0,0.0,39.66666667,41.33333333,70.0,66.13333333,0.0,1.0,80.0,60.0,0,False,False,False,False,False
2025-02-23 00:30:00,0.0,1.0,1.0,60.0,52.0,0.0,1.0,1.0,52.83333333,2.0,2.0,0.0,38.33333333,41.1,70.0,66.03333333,0.0,1.0,80.0,60.0,0,False,False,False,False,False
2025-02-23 00:45:00,0.0,1.0,1.0,60.0,52.0,0.0,1.0,1.0,52.93333333,2.0,2.0,0.0,39.33333333,40.7,70.0,65.9,0.0,1.0,80.0,60.0,0,False,False,False,False,False
2025-02-23 01:00:00,0.0,1.0,1.0,60.0,52.0,0.0,1.0,1.0,52.76666667,2.0,2.0,0.0,39.0,40.5,70.0,65.9,0.0,1.0,80.0,60.0,0,False,False,False,False,False
2025-02-23 01:15:00,0.0,1.0,1.0,60.0,52.0,0.0,1.0,1.0,52.7,2.0,2.0,0.0,39.33333333,40.36666667,70.0,65.7,0.0,1.0,80.0,60.0,0,False,False,False,False,False
2025-02-23 01:30:00,0.0,1.0,1.0,60.0,52.0,0.0,1.0,1.0,53.1,2.0,2.0,0.0,39.66666667,40.3,70.0,65.66666667,0.0,1.0,80.0,60.0,0,False,False,False,False,False
2025-02-23 01:45:00,0.0,1.0,1.0,60.0,52.0,0.0,1.0,1.0,52.63333333,2.0,2.0,0.0,39.33333333,40.1,70.0,65.6,0.0,1.0,80.0,60.0,0,False,False,False,False,False
2025-02-23 02:00:00,0.0,1.0,1.0,60.0,52.0,0.0,1.0,1.0,52.93333333,2.0,2.0,0.0,40.66666667,39.86666667,70.0,65.6,0.0,1.0,80.0,60.0,0,False,False,False,False,False
2025-02-23 02:15:00,0.0,1.0,1.0,60.0,52.0,0.0,1.0,1.0,52.63333333,2.0,2.0,0.0,40.0,39.5,70.0,65.6,0.0,1.0,80.0,60.0,0,False,False,False,False,False
2025-02-23 02:30:00,0.0,1.0,1.0,60.0,52.0,0.0,1.0,1.0,52.8,2.0,2.0,0.0,40.0,38.5,70.0,65.46666667,0.0,1.0,80.0,60.0,0,False,False,False,False,False
2025-02-23 02:45:00,0.0,1.0,1.0,60.0,52.0,0.0,1.0,1.0,53.5,2.0,2.0,0.0,41.33333333,37.86666667,70.0,65.4,0.0,1.0,80.0,60.0,0,False,False,False,False,False
2025-02-23 03:00:00,0.0,1.0,1.0,60.0,52.0,0.0,1.0,1.0,53.43333333,2.0,2.0,0.0,42.0,37.06666667,70.0,65.33333333,0.0,1.0,80.0,60.0,0,False,False,False,False,False
2025-02-23 03:15:00,0.0,1.0,1.0,60.0,52.0,0.0,1.0,1.0,53.3,2.0,2.0,0.0,42.0,36.5,70.0,65.3,0.0,1.0,80.0,60.0,0,False,False,False,False,False
2025-02-23 03:30:00,0.0,1.0,1.0,60.0,52.0,0.0,1.0,1.0,54.03333333,2.0,2.0,0.0,42.0,36.3,70.0,65.16666667,0.0,1.0,80.0,60.0,0,False,False,False,False,False
2025-02-23 03:45:00,0.0,1.0,1.0,60.0,52.0,0.0,1.0,1.0,55.23333333,2.0,2.0,0.0,42.0,36.1,70.0,65.1,0.0,1.0,80.0,60.0,0,False,False,False,False,False
2025-02-23 04:00:00,0.0,1.0,1.0,60.0,52.0,0.0,1.0,1.0,55.66666667,2.0,2.0,0.0,41.33333333,35.9,70.0,65.06666667,0.0,1.0,80.0,60.0,0,False,False,False,False,False
2025-02-23 04:15:00,0.0,1.0,1.0,60.0,52.0,0.0,1.0,1.0,55.7,2.0,2.0,0.0,41.33333333,35.56666667,70.0,65.0,0.0,1.0,80.0,60.0,0,False,False,False,False,False
2025-02-23 04:30:00,0.0,1.0,1.0,60.0,52.0,0.0,1.0,1.0,55.7,2.0,2.0,0.0,42.66666667,35.16666667,70.0,65.0,0.0,1.0,80.0,60.0,0,False,False,False,False,False
2025-02-23 04:45:00,0.0,1.0,1.0,60.0,52.0,0.0,1.0,1.0,55.7,2.0,2.0,0.0,42.33333333,34.9,70.0,64.8,0.0,1.0,80.0,60.0,0,False,False,False,False,False
2025-02-23 05:00:00,0.0,1.0,1.0,60.0,52.0,0.0,1.0,1.0,55.7,2.0,2.0,0.0,42.0,34.7,70.0,64.8,0.0,1.0,80.0,60.0,0,False,False,False,False,False
2025-02-23 05:15:00,0.0,1.0,1.0,60.0,52.0,0.0,1.0,1.0,55.7,2.0,2.0,0.0,42.0,34.36666667,70.0,64.66666667,0.0,1.0,80.0,60.0,0,False,False,False,False,False
2025-02-23 05:30:00,0.0,1.0,1.0,60.0,52.0,0.0,1.0,1.0,55.7,2.0,2.0,0.0,42.33333333,34.23333333,70.0,64.6,0.0,1.0,80.0,60.0,0,False,False,False,False,False
2025-02-23 05:45:00,0.0,1.0,1.0,60.0,52.0,0.0,1.0,1.0,55.7,2.0,2.0,0.0,42.33333333,34.2,70.0,64.6,0.0,1.0,80.0,60.0,0,False,False,False,False,False
2025-02-23 06:00:00,0.0,1.0,1.0,60.0,52.0,0.0,1.0,1.0,55.66666667,2.0,2.0,0.0,43.0,33.93333333,70.0,64.53333333,0.0,1.0,80.0,60.0,0,False,False,False,False,False
2025-02-23 06:15:00,0.0,1.0,1.0,60.0,52.0,0.0,1.0,1.0,55.6,2.0,2.0,0.0,42.33333333,33.66666667,70.0,64.5,0.0,1.0,80.0,60.0,0,False,False,False,False,False
2025-02-23 06:30:00,0.0,1.0,1.0,60.0,52.0,0.0,1.0,1.0,55.6,2.0,2.0,0.0,42.33333333,33.6,70.0,64.5,0.0,1.0,80.0,60.0,0,False,False,False,False,False
2025-02-23 06:45:00,0.0,1.0,1.0,60.0,52.0,0.0,1.0,1.0,55.6,2.0,2.0,0.0,43.33333333,33.53333333,70.0,64.5,0.0,1.0,80.0,60.0,0,False,False,False,False,False
2025-02-23 07:00:00,0.0,1.0,1.0,60.0,52.0,0.0,1.0,1.0,55.4,2.0,2.0,0.0,43.66666667,33.26666667,70.0,64.43333333,0.0,1.0,80.0,60.0,0,False,False,False,False,False
2025-02-23 07:15:00,0.0,1.0,1.0,60.0,52.0,0.0,1.0,1.0,55.4,2.0,2.0,0.0,43.0,33.06666667,70.0,64.3,0.0,1.0,80.0,60.0,0,False,False,False,False,False
2025-02-23 07:30:00,0.0,1.0,1.0,60.0,52.0,0.0,1.0,1.0,55.4,2.0,2.0,0.0,42.66666667,32.86666667,70.0,64.3,0.0,1.0,80.0,60.0,0,False,False,False,False,False
2025-02-23 07:45:00,0.0,1.0,1.0,60.0,52.0,0.0,1.0,1.0,55.33333333,2.0,2.0,0.0,42.33333333,32.66666667,70.0,64.26666667,0.0,1.0,80.0,60.0,0,False,False,False,False,False
2025-02-23 08:00:00,0.0,1.0,1.0,60.0,52.0,0.0,1.0,1.0,54.06666667,2.0,2.0,0.0,43.0,32.26666667,70.0,64.2,0.0,1.0,80.0,60.0,0,False,False,False,False,False
2025-02-23 08:15:00,0.0,1.0,1.0,60.0,52.0,0.0,1.0,1.0,52.9,2.0,2.0,0.0,44.0,32.2,70.0,64.2,0.0,1.0,80.0,60.0,0,False,False,False,False,False
2025-02-23 08:30:00,0.0,1.0,1.0,60.0,52.0,0.0,1.0,1.0,52.96666667,2.0,2.0,0.0,43.33333333,32.06666667,70.0,64.06666667,0.0,1.0,80.0,60.0,0,False,False,False,False,False
2025-02-23 08:45:00,0.0,1.0,1.0,60.0,52.0,0.0,1.0,1.0,52.96666667,2.0,2.0,0.0,43.33333333,32.0,70.0,64.0,0.0,1.0,80.0,60.0,0,False,False,False,False,False
2025-02-23 09:00:00,0.0,1.0,1.0,60.0,52.0,0.0,1.0,1.0,52.83333333,2.0,2.0,0.0,44.0,31.93333333,70.0,64.0,0.0,1.0,80.0,60.0,0,False,False,False,False,False
2025-02-23 09:15:00,0.0,1.0,1.0,60.0,52.0,0.0,1.0,1.0,52.53333333,2.0,2.0,0.0,44.0,31.8,70.0,63.86666667,0.0,1.0,80.0,60.0,0,False,False,False,False,False
2025-02-23 09:30:00,0.0,1.0,1.0,60.0,52.0,0.0,1.0,1.0,52.2,2.0,2.0,0.0,43.0,31.73333333,70.0,63.8,0.0,1.0,80.0,60.0,0,False,False,False,False,False
2025-02-23 09:45:00,0.0,1.0,1.0,60.0,52.0,0.0,1.0,1.0,52.0,2.0,2.0,0.0,44.33333333,31.63333333,70.0,63.8,0.0,1.0,80.0,60.0,0,False,False,False,False,False
2025-02-23 10:00:00,0.0,1.0,1.0,60.0,52.0,0.0,1.0,1.0,52.0,2.0,2.0,0.0,44.33333333,31.43333333,70.0,63.8,0.0,1.0,80.0,60.0,0,False,False,False,False,False
2025-02-23 10:15:00,0.0,1.0,1.0,60.0,52.0,0.0,1.0,1.0,51.9,2.0,2.0,0.0,44.33333333,31.3,70.0,63.76666667,0.0,1.0,80.0,60.0,0,False,False,False,False,False
2025-02-23 10:30:00,0.0,1.0,1.0,60.0,52.0,0.0,1.0,1.0,51.7,2.0,2.0,0.0,45.66666667,31.03333333,70.0,63.7,0.0,1.0,80.0,60.0,0,False,False,False,False,False
2025-02-23 10:45:00,0.0,1.0,1.0,60.0,52.0,0.0,1.0,1.0,51.63333333,2.0,2.0,0.0,45.0,30.9,70.0,63.7,0.0,1.0,80.0,60.0,0,False,False,False,False,False
2025-02-23 11:00:00,0.0,1.0,1.0,60.0,52.0,0.0,1.0,1.0,51.56666667,2.0,2.0,0.0,44.33333333,30.9,70.0,63.63333333,0.0,1.0,80.0,60.0,0,False,False,False,False,False
2025-02-23 11:15:00,0.0,1.0,1.0,60.0,52.0,0.0,1.0,1.0,51.56666667,2.0,2.0,0.0,46.0,30.9,70.0,63.5,0.0,1.0,80.0,60.0,0,False,False,False,False,False
2025-02-23 11:30:00,0.0,1.0,1.0,60.0,52.0,0.0,1.0,1.0,51.5,2.0,2.0,0.0,45.0,30.7,70.0,63.5,0.0,1.0,80.0,60.0,0,False,False,False,False,False
2025-02-23 11:45:00,0.0,1.0,1.0,60.0,52.0,0.0,1.0,1.0,51.36666667,2.0,2.0,0.0,45.33333333,30.7,70.0,63.46666667,0.0,1.0,80.0,60.0,0,False,False,False,False,False
2025-02-23 12:00:00,0.0,1.0,1.0,60.0,52.0,0.0,1.0,1.0,50.86666667,2.0,2.0,0.0,45.66666667,30.56666667,70.0,63.4,0.0,1.0,80.0,60.0,0,False,False,False,False,False
2025-02-23 12:15:00,0.0,1.0,1.0,60.0,52.0,0.0,1.0,1.0,50.56666667,2.0,2.0,0.0,48.0,30.36666667,70.0,63.4,0.0,1.0,80.0,60.0,0,False,False,False,False,False
2025-02-23 12:30:00,0.0,1.0,1.0,60.0,52.0,0.0,1.0,1.0,50.66666667,2.0,2.0,0.0,47.33333333,30.36666667,70.0,63.4,0.0,1.0,80.0,60.0,0,False,False,False,False,False
2025-02-23 12:45:00,0.0,1.0,1.0,60.0,52.0,0.0,1.0,1.0,51.16666667,2.0,2.0,0.0,47.0,31.03333333,70.0,63.2,0.0,1.0,80.0,60.0,0,False,False,False,False,False
2025-02-23 13:00:00,0.0,1.0,1.0,60.0,52.0,0.0,1.0,1.0,52.46666667,2.0,2.0,0.0,43.66666667,32.23333333,70.0,63.2,0.0,1.0,80.0,60.0,0,False,False,False,False,False
2025-02-23 13:15:00,0.0,1.0,1.0,60.0,52.0,0.0,1.0,1.0,53.4,2.0,2.0,0.0,40.66666667,33.66666667,70.0,63.2,0.0,1.0,80.0,60.0,0,False,False,False,False,False
2025-02-23 13:30:00,0.0,1.0,1.0,60.0,52.0,0.0,1.0,1.0,53.56666667,2.0,2.0,0.0,40.33333333,35.1,70.0,63.4,0.0,1.0,80.0,60.0,0,False,False,False,False,False
2025-02-23 13:45:00,0.0,1.0,1.0,60.0,52.0,0.0,1.0,1.0,53.7,2.0,2.0,0.0,39.0,36.6,70.0,63.43333333,0.0,1.0,80.0,60.0,0,False,False,False,False,False
2025-02-23 14:00:00,0.0,1.0,1.0,60.0,52.0,0.0,1.0,1.0,54.4,2.0,2.0,0.0,39.33333333,38.6,70.0,63.63333333,0.0,1.0,80.0,60.0,0,False,False,False,False,False
2025-02-23 14:15:00,0.0,1.0,1.0,60.0,52.0,0.0,1.0,1.0,56.23333333,2.0,2.0,0.0,34.66666667,40.7,70.0,63.83333333,0.0,1.0,80.0,60.0,0,False,False,False,False,False
2025-02-23 14:30:00,0.0,1.0,1.0,60.0,52.0,0.0,1.0,1.0,57.36666667,2.0,2.0,0.0,31.33333333,42.5,70.0,64.13333333,0.0,1.0,80.0,60.0,0,False,False,False,False,False
2025-02-23 14:45:00,0.0,1.0,1.0,60.0,52.0,0.0,1.0,1.0,57.8,2.0,2.0,0.0,33.0,43.13333333,70.0,64.36666667,0.0,1.0,80.0,60.0,0,False,False,False,False,False
2025-02-23 15:00:00,0.0,1.0,1.0,60.0,52.0,0.0,1.0,1.0,57.8,2.0,2.0,0.0,33.33333333,44.1,70.0,64.63333333,0.0,1.0,80.0,60.0,0,False,False,False,False,False
2025-02-23 15:15:00,0.0,1.0,1.0,60.0,52.0,0.0,1.0,1.0,58.0,2.0,2.0,0.0,34.0,45.13333333,70.0,64.96666667,0.0,1.0,80.0,60.0,0,False,False,False,False,False
2025-02-23 15:30:00,0.0,1.0,1.0,60.0,52.0,0.0,1.0,1.0,58.9,2.0,2.0,0.0,30.66666667,45.53333333,70.0,65.36666667,0.0,1.0,80.0,60.0,0,False,False,False,False,False
2025-02-23 15:45:00,0.0,1.0,1.0,60.0,52.0,0.0,1.0,1.0,60.86666667,2.0,2.0,0.0,29.0,46.33333333,70.0,65.63333333,0.0,1.0,80.0,60.0,0,False,False,False,False,False
2025-02-23 16:00:00,0.0,1.0,1.0,60.0,52.0,0.0,1.0,1.0,62.33333333,2.0,2.0,0.0,28.33333333,47.46666667,70.0,66.03333333,0.0,1.0,80.0,60.0,0,False,False,False,False,False
2025-02-23 16:15:00,0.0,1.0,1.0,60.0,52.0,0.0,1.0,1.0,64.2,2.0,2.0,0.0,26.33333333,48.46666667,70.0,66.33333333,0.0,1.0,80.0,60.0,0,False,False,False,False,False
2025-02-23 16:30:00,0.0,1.0,1.0,60.0,52.0,0.0,1.0,1.0,65.43333333,2.0,2.0,0.0,25.33333333,49.66666667,70.0,66.53333333,0.0,1.0,80.0,60.0,0,False,False,False,False,False
2025-02-23 16:45:00,0.0,1.0,1.0,60.0,52.0,0.0,1.0,1.0,65.9,2.0,2.0,0.0,26.0,50.83333333,70.0,66.83333333,0.0,1.0,80.0,60.0,0,False,False,False,False,False
2025-02-23 17:00:00,0.0,1.0,1.0,60.0,52.0,0.0,1.0,1.0,66.33333333,2.0,2.0,0.0,26.0,51.26666667,70.0,67.13333333,0.0,1.0,80.0,60.0,0,False,False,False,False,False
2025-02-23 17:15:00,0.0,1.0,1.0,60.0,52.0,0.0,1.0,1.0,67.2,2.0,2.0,0.0,25.66666667,51.56666667,70.0,67.26666667,0.0,1.0,80.0,60.0,0,False,False,False,False,False
2025-02-23 17:30:00,0.0,1.0,1.0,60.0,52.0,0.0,1.0,1.0,67.4,2.0,2.0,0.0,25.33333333,51.96666667,70.0,67.43333333,0.0,1.0,80.0,60.0,0,False,False,False,False,False
2025-02-23 17:45:00,0.0,1.0,1.0,60.0,52.0,0.0,1.0,1.0,67.76666667,2.0,2.0,0.0,25.33333333,52.76666667,70.0,67.56666667,0.0,1.0,80.0,60.0,0,False,False,False,False,False
2025-02-23 18:00:00,0.0,1.0,1.0,60.0,52.0,0.0,1.0,1.0,68.5,2.0,2.0,0.0,25.0,53.76666667,70.0,67.66666667,0.0,1.0,80.0,60.0,0,False,False,False,False,False
2025-02-23 18:15:00,0.0,1.0,1.0,60.0,52.0,0.0,1.0,1.0,68.96666667,2.0,2.0,0.0,24.33333333,53.8,70.0,67.8,0.0,1.0,80.0,60.0,0,False,False,False,False,False
2025-02-23 18:30:00,0.0,1.0,1.0,60.0,52.0,0.0,1.0,1.0,68.36666667,2.0,2.0,0.0,26.33333333,55.26666667,70.0,67.83333333,0.0,1.0,80.0,60.0,0,False,False,False,False,False
2025-02-23 18:45:00,0.0,1.0,1.0,60.0,52.0,0.0,1.0,1.0,67.93333333,2.0,2.0,0.0,26.66666667,55.6,70.0,67.9,0.0,1.0,80.0,60.0,1,False,False,False,False,False
2025-02-23 19:00:00,0.0,1.0,1.0,60.0,52.0,0.0,1.0,1.0,68.2,2.0,2.0,0.0,27.66666667,57.93333333,70.0,67.9,0.0,1.0,80.0,60.0,0,False,False,False,False,False
2025-02-23 19:15:00,0.0,1.0,1.0,60.0,52.0,0.0,1.0,1.0,68.2,2.0,2.0,0.0,27.0,57.43333333,70.0,68.1,0.0,1.0,80.0,60.0,0,False,False,False,False,False
2025-02-23 19:30:00,0.0,1.0,1.0,60.0,52.0,0.0,1.0,1.0,69.1,2.0,2.0,0.0,27.33333333,58.76666667,70.0,68.1,0.0,1.0,80.0,60.0,0,False,False,False,False,False
2025-02-23 19:45:00,0.0,1.0,1.0,60.0,52.0,0.0,1.0,1.0,69.26666667,2.0,2.0,0.0,28.0,58.9,70.0,68.1,0.0,1.0,80.0,60.0,0,False,False,False,False,False
2025-02-23 20:00:00,0.0,1.0,1.0,60.0,52.0,0.0,1.0,1.0,69.66666667,2.0,2.0,0.0,28.66666667,59.86666667,70.0,68.1,0.0,1.0,80.0,60.0,0,False,False,False,False,False
2025-02-23 20:15:00,0.0,1.0,1.0,60.0,52.0,0.0,1.0,1.0,69.66666667,2.0,2.0,0.0,28.33333333,60.33333333,70.0,68.1,0.0,1.0,80.0,60.0,0,False,False,False,False,False
2025-02-23 20:30:00,0.0,1.0,1.0,60.0,52.0,0.0,1.0,1.0,69.4,2.0,2.0,0.0,30.0,59.83333333,70.0,67.86666667,0.0,1.0,80.0,60.0,0,False,False,False,False,False
2025-02-23 20:45:00,0.0,1.0,1.0,60.0,52.0,0.0,1.0,1.0,69.5,2.0,2.0,0.0,30.0,60.2,70.0,67.73333333,0.0,1.0,80.0,60.0,0,False,False,False,False,False
2025-02-23 21:00:00,0.0,1.0,1.0,60.0,52.0,0.0,1.0,1.0,69.66666667,2.0,2.0,0.0,29.66666667,61.43333333,70.0,67.53333333,0.0,1.0,80.0,60.0,0,False,False,False,False,False
2025-02-23 21:15:00,0.0,1.0,1.0,60.0,52.0,0.0,1.0,1.0,69.03333333,2.0,2.0,0.0,29.66666667,60.73333333,70.0,67.36666667,0.0,1.0,80.0,60.0,0,False,False,False,False,False
2025-02-23 21:30:00,0.0,1.0,1.0,60.0,52.0,0.0,1.0,1.0,67.6,2.0,2.0,0.0,30.66666667,59.6,70.0,67.23333333,0.0,1.0,80.0,60.0,0,False,False,False,False,False
2025-02-23 21:45:00,0.0,1.0,1.0,60.0,52.0,0.0,1.0,1.0,65.93333333,2.0,2.0,0.0,31.66666667,58.6,70.0,67.06666667,0.0,1.0,80.0,60.0,0,False,False,False,False,False
2025-02-23 22:00:00,0.0,1.0,1.0,60.0,52.0,0.0,1.0,1.0,64.16666667,2.0,2.0,0.0,32.33333333,57.16666667,70.0,66.86666667,0.0,1.0,80.0,60.0,0,False,False,False,False,False
2025-02-23 22:15:00,0.0,1.0,1.0,60.0,52.0,0.0,1.0,1.0,62.63333333,2.0,2.0,0.0,33.66666667,56.43333333,70.0,66.73333333,0.0,1.0,80.0,60.0,0,False,False,False,False,False
2025-02-23 22:30:00,0.0,1.0,1.0,60.0,52.0,0.0,1.0,1.0,61.5,2.0,2.0,0.0,34.66666667,54.4,70.0,66.63333333,0.0,1.0,80.0,60.0,0,False,False,False,False,False
2025-02-23 22:45:00,0.0,1.0,1.0,60.0,52.0,0.0,1.0,1.0,60.43333333,2.0,2.0,0.0,35.0,52.46666667,70.0,66.46666667,0.0,1.0,80.0,60.0,0,False,False,False,False,False
2025-02-23 23:00:00,0.0,1.0,1.0,65.46666667,52.0,0.0,1.0,1.0,61.46666667,1.333333333,1.333333333,0.0,34.0,52.16666667,70.0,68.33333333,66.66666667,1.666666667,80.0,60.0,0,False,False,False,False,False
2025-02-23 23:15:00,0.0,1.0,1.0,68.2,52.0,16.66666667,1.333333333,1.0,62.5,1.0,1.0,0.0,34.0,54.3,70.0,69.03333333,100.0,2.0,80.0,60.0,0,False,False,False,False,False
2025-02-23 23:30:00,0.0,1.0,1.0,68.2,52.0,16.66666667,1.333333333,1.0,62.53333333,1.0,1.0,0.0,35.0,54.3,70.0,69.13333333,100.0,2.0,80.0,60.0,0,False,False,False,False,False
2025-02-23 23:45:00,0.0,1.0,1.0,68.2,52.0,16.66666667,1.333333333,1.0,62.53333333,1.0,1.0,0.0,35.0,54.26666667,70.0,68.8,100.0,2.0,80.0,60.0,0,False,False,False,False,False
2025-02-24 00:00:00,0.0,1.0,1.0,68.2,52.0,0.0,1.0,1.0,62.56666667,1.0,1.0,0.0,36.0,53.43333333,70.0,69.03333333,100.0,2.0,80.0,60.0,0,False,False,False,False,False
2025-02-24 00:15:00,0.0,1.0,1.0,68.2,52.0,16.66666667,1.333333333,1.0,62.46666667,1.0,1.0,0.0,37.0,53.0,70.0,68.86666667,100.0,2.0,80.0,60.0,1,False,False,False,False,False
2025-02-24 00:30:00,0.0,1.0,1.0,68.2,52.0,0.0,1.0,1.0,62.66666667,1.0,1.0,0.0,37.66666667,52.23333333,70.0,69.26666667,100.0,2.0,80.0,60.0,0,False,False,False,False,False
2025-02-24 00:45:00,0.0,1.0,1.0,68.2,52.0,16.66666667,1.333333333,1.0,62.63333333,1.0,1.0,0.0,37.33333333,52.16666667,70.0,69.06666667,100.0,2.0,80.0,60.0,0,False,False,False,False,False
2025-02-24 01:00:00,0.0,1.0,1.0,68.2,52.0,16.66666667,1.333333333,1.0,62.56666667,1.0,1.0,0.0,38.0,52.16666667,70.0,68.93333333,100.0,2.0,80.0,60.0,0,False,False,False,False,False
2025-02-24 01:15:00,0.0,1.0,1.0,68.2,52.0,16.66666667,1.333333333,1.0,62.83333333,1.0,1.0,0.0,37.66666667,51.96666667,70.0,69.23333333,100.0,2.0,80.0,60.0,1,False,False,False,False,False
2025-02-24 01:30:00,0.0,1.0,1.0,68.2,52.0,0.0,1.0,1.0,62.7,1.0,1.0,0.0,38.0,51.73333333,70.0,69.23333333,100.0,2.0,80.0,60.0,0,False,False,False,False,False
2025-02-24 01:45:00,0.0,1.0,1.0,68.2,52.0,0.0,1.0,1.0,62.16666667,1.0,1.0,0.0,42.66666667,49.53333333,70.0,68.76666667,100.0,2.0,80.0,60.0,0,False,False,False,False,False
2025-02-24 02:00:00,0.0,1.0,1.0,68.2,52.0,16.66666667,1.333333333,1.0,62.26666667,1.0,1.0,0.0,44.0,48.83333333,70.0,69.06666667,100.0,2.0,80.0,60.0,0,False,False,False,False,False
2025-02-24 02:15:00,0.0,1.0,1.0,68.2,52.0,16.66666667,1.333333333,1.0,62.2,1.0,1.0,0.0,44.0,48.36666667,70.0,69.03333333,100.0,2.0,80.0,60.0,1,False,False,False,False,False
2025-02-24 02:30:00,0.0,1.0,1.0,68.2,52.0,0.0,1.0,1.0,62.1,1.0,1.0,0.0,45.0,48.03333333,70.0,68.9,100.0,2.0,80.0,60.0,0,False,False,False,False,False
2025-02-24 02:45:00,0.0,1.0,1.0,68.2,52.0,0.0,1.0,1.0,62.2,1.0,1.0,0.0,46.33333333,47.6,70.0,68.9,100.0,2.0,80.0,60.0,0,False,False,False,False,False
2025-02-24 03:00:00,0.0,1.0,1.0,68.2,52.0,0.0,1.0,1.0,62.2,1.0,1.0,0.0,47.0,47.46666667,70.0,69.2,100.0,2.0,80.0,60.0,0,False,False,False,False,False
2025-02-24 03:15:00,0.0,1.0,1.0,68.2,52.0,16.66666667,1.333333333,1.0,62.13333333,1.0,1.0,0.0,47.0,47.16666667,70.0,69.06666667,100.0,2.0,80.0,60.0,1,False,False,False,False,False
2025-02-24 03:30:00,0.0,1.0,1.0,68.2,52.0,0.0,1.0,1.0,62.26666667,1.0,1.0,0.0,47.66666667,46.83333333,70.0,69.2,100.0,2.0,80.0,60.0,0,False,False,False,False,False
2025-02-24 03:45:00,0.0,1.0,1.0,68.2,52.0,0.0,1.0,1.0,62.0,1.0,1.0,0.0,48.0,46.7,70.0,68.83333333,100.0,2.0,80.0,60.0,0,False,False,False,False,False
2025-02-24 04:00:00,0.0,1.0,1.0,68.2,52.0,16.66666667,1.333333333,1.0,61.93333333,1.0,1.0,0.0,49.0,46.03333333,70.0,69.06666667,100.0,2.0,80.0,60.0,0,False,False,False,False,False
2025-02-24 04:15:00,0.0,1.0,1.0,68.2,52.0,16.66666667,1.333333333,1.0,62.13333333,1.0,1.0,0.0,49.66666667,45.7,70.0,69.03333333,100.0,2.0,80.0,60.0,1,False,False,False,False,False
2025-02-24 04:30:00,0.0,1.0,1.0,68.2,52.0,0.0,1.0,1.0,62.13333333,1.0,1.0,0.0,49.33333333,45.76666667,70.0,69.2,100.0,2.0,80.0,60.0,0,False,False,False,False,False
2025-02-24 04:45:00,0.0,1.0,1.0,68.2,52.0,0.0,1.0,1.0,61.76666667,1.0,1.0,0.0,50.66666667,45.13333333,70.0,68.86666667,100.0,2.0,80.0,60.0,0,False,False,False,False,False
2025-02-24 05:00:00,0.0,1.0,1.0,68.2,52.0,0.0,1.0,1.0,61.86666667,1.0,1.0,0.0,49.0,45.7,70.0,69.03333333,100.0,2.0,80.0,60.0,0,False,False,False,False,False
2025-02-24 05:15:00,0.0,1.0,1.0,68.2,52.0,16.66666667,1.333333333,1.0,61.86666667,1.0,1.0,0.0,48.0,45.63333333,70.0,69.06666667,100.0,2.0,80.0,60.0,1,False,False,False,False,False
2025-02-24 05:30:00,0.0,1.0,1.0,68.2,52.0,0.0,1.0,1.0,61.9,1.0,1.0,0.0,47.66666667,45.7,70.0,69.06666667,100.0,2.0,80.0,60.0,0,False,False,False,False,False
2025-02-24 05:45:00,0.0,1.0,1.0,68.2,52.0,0.0,1.0,1.0,61.96666667,1.0,1.0,0.0,48.0,45.8,70.0,69.03333333,100.0,2.0,80.0,60.0,0,False,False,False,False,False
2025-02-24 06:00:00,0.0,1.0,1.0,68.2,52.0,0.0,1.0,1.0,62.0,1.0,1.0,0.0,47.33333333,45.7,70.0,69.1,100.0,2.0,80.0,60.0,0,False,False,False,False,False
2025-02-24 06:15:00,0.0,1.0,1.0,68.2,52.0,16.66666667,1.333333333,1.0,61.93333333,1.0,1.0,0.0,48.0,45.03333333,70.0,69.0,100.0,2.0,80.0,60.0,1,False,False,False,False,False
2025-02-24 06:30:00,0.0,1.0,1.0,68.2,52.0,0.0,1.0,1.0,61.86666667,1.0,1.0,0.0,49.0,44.76666667,70.0,69.03333333,100.0,2.0,80.0,60.0,0,False,False,False,False,False
2025-02-24 06:45:00,0.0,1.0,1.0,68.2,52.0,0.0,1.0,1.0,61.76666667,1.0,1.0,0.0,48.66666667,44.93333333,70.0,68.9,100.0,2.0,80.0,60.0,0,False,False,False,False,False
2025-02-24 07:00:00,0.0,1.0,1.0,68.2,52.0,16.66666667,1.333333333,1.0,61.93333333,1.0,1.0,0.0,49.0,45.03333333,70.0,69.1,100.0,2.0,80.0,60.0,0,False,False,False,False,False
2025-02-24 07:15:00,0.0,1.0,1.0,68.2,52.0,0.0,1.0,1.0,62.03333333,1.0,1.0,0.0,49.66666667,44.66666667,70.0,69.03333333,100.0,2.0,80.0,60.0,0,False,False,False,False,False
2025-02-24 07:30:00,0.0,1.0,1.0,68.2,52.0,0.0,1.0,1.0,61.9,1.0,1.0,0.0,48.0,44.45,70.0,68.8,100.0,2.0,80.0,60.0,0,False,False,False,False,False
2025-02-24 07:45:00,0.0,1.0,1.0,68.2,52.0,0.0,1.0,1.0,61.73333333,1.0,1.0,0.0,48.0,44.93333333,70.0,68.56666667,100.0,2.0,80.0,60.0,0,False,False,False,False,False
2025-02-24 08:00:00,0.0,1.0,1.0,68.2,52.0,0.0,1.0,1.0,62.06666667,1.0,1.0,0.0,47.66666667,44.83333333,70.0,69.33333333,100.0,2.0,80.0,60.0,0,False,False,False,False,False
2025-02-24 08:15:00,0.0,1.0,1.0,68.2,52.0,16.66666667,1.333333333,1.0,62.0,1.0,1.0,0.0,47.66666667,44.6,70.0,69.3,100.0,2.0,80.0,60.0,1,False,False,False,False,False
2025-02-24 08:30:00,0.0,1.0,1.0,68.2,52.0,16.66666667,1.333333333,1.0,61.86666667,1.0,1.0,0.0,49.0,44.33333333,70.0,68.93333333,100.0,2.0,80.0,60.0,0,False,False,False,False,False
2025-02-24 08:45:00,0.0,1.0,1.0,68.2,52.0,0.0,1.0,1.0,61.86666667,1.0,1.0,0.0,49.33333333,44.26666667,70.0,68.96666667,100.0,2.0,80.0,60.0,0,False,False,False,False,False
2025-02-24 09:00:00,0.0,1.0,1.0,68.2,52.0,0.0,1.0,1.0,62.03333333,1.0,1.0,0.0,49.0,44.33333333,70.0,69.4,100.0,2.0,80.0,60.0,0,False,False,False,False,False
2025-02-24 09:15:00,0.0,1.0,1.0,68.2,52.0,16.66666667,1.333333333,1.0,61.76666667,1.0,1.0,0.0,51.0,43.6,70.0,69.1,100.0,2.0,80.0,60.0,1,False,False,False,False,False
2025-02-24 09:30:00,0.0,1.0,1.0,68.2,52.0,0.0,1.0,1.0,61.83333333,1.0,1.0,0.0,50.0,43.6,70.0,69.16666667,100.0,2.0,80.0,60.0,0,False,False,False,False,False
2025-02-24 09:45:00,0.0,1.0,1.0,68.2,52.0,0.0,1.0,1.0,61.8,1.0,1.0,0.0,50.33333333,43.83333333,70.0,69.0,100.0,2.0,80.0,60.0,0,False,False,False,False,False
2025-02-24 10:00:00,0.0,1.0,1.0,68.2,52.0,16.66666667,1.333333333,1.0,61.93333333,1.0,1.0,0.0,50.0,44.33333333,70.0,69.13333333,100.0,2.0,80.0,60.0,0,False,False,False,False,False
2025-02-24 10:15:00,0.0,1.0,1.0,68.2,52.0,0.0,1.0,1.0,62.03333333,1.0,1.0,0.0,49.0,44.0,70.0,69.16666667,100.0,2.0,80.0,60.0,0,False,False,False,False,False
2025-02-24 10:30:00,0.0,1.0,1.0,68.2,52.0,0.0,1.0,1.0,61.93333333,1.0,1.0,0.0,50.66666667,43.66666667,70.0,69.36666667,100.0,2.0,80.0,60.0,0,False,False,False,False,False
2025-02-24 10:45:00,0.0,1.0,1.0,68.2,52.0,0.0,1.0,1.0,61.83333333,1.0,1.0,0.0,49.0,44.06666667,70.0,68.9,100.0,2.0,80.0,60.0,0,False,False,False,False,False
2025-02-24 11:00:00,0.0,1.0,1.0,68.2,52.0,16.66666667,1.333333333,1.0,61.93333333,1.0,1.0,0.0,48.33333333,43.96666667,70.0,69.1,100.0,2.0,80.0,60.0,0,False,False,False,False,False
2025-02-24 11:15:00,0.0,1.0,1.0,68.2,52.0,0.0,1.0,1.0,62.03333333,1.0,1.0,0.0,48.0,44.0,70.0,69.0,100.0,2.0,80.0,60.0,0,False,False,False,False,False
2025-02-24 11:30:00,0.0,1.0,1.0,68.2,52.0,0.0,1.0,1.0,62.06666667,1.0,1.0,0.0,47.33333333,44.16666667,70.0,69.4,100.0,2.0,80.0,60.0,0,False,False,False,False,False
2025-02-24 11:45:00,0.0,1.0,1.0,68.2,52.0,0.0,1.333333333,1.0,62.0,1.0,1.0,0.0,48.0,43.96666667,70.0,69.03333333,100.0,2.0,80.0,60.0,0,False,False,False,False,False
2025-02-24 12:00:00,0.0,1.0,1.0,68.2,52.0,16.66666667,1.333333333,1.0,61.93333333,1.0,1.0,0.0,47.0,44.46666667,70.0,68.93333333,100.0,2.0,80.0,60.0,0,False,False,False,False,False
2025-02-24 12:15:00,0.0,1.0,1.0,68.2,52.0,0.0,1.0,1.0,62.0,1.0,1.0,0.0,47.66666667,44.26666667,70.0,69.16666667,100.0,2.0,80.0,60.0,0,False,False,False,False,False
2025-02-24 12:30:00,0.0,1.0,1.0,68.2,52.0,0.0,1.0,1.0,62.0,1.0,1.0,0.0,47.33333333,44.16666667,70.0,69.36666667,100.0,2.0,80.0,60.0,0,False,False,False,False,False
2025-02-24 12:45:00,0.0,1.0,1.0,68.2,52.0,16.66666667,1.333333333,1.0,62.1,1.0,1.0,0.0,47.66666667,45.03333333,70.0,68.93333333,100.0,2.0,80.0,60.0,0,False,False,False,False,False
2025-02-24 13:00:00,0.0,1.0,1.0,68.2,52.0,0.0,1.0,1.0,62.4,1.0,1.0,0.0,47.33333333,45.7,70.0,69.13333333,100.0,2.0,80.0,60.0,0,False,False,False,False,False
2025-02-24 13:15:00,0.0,1.0,1.0,68.2,52.0,16.66666667,1.333333333,1.0,62.4,1.0,1.0,0.0,49.0,45.96666667,70.0,69.33333333,100.0,2.0,80.0,60.0,1,False,False,False,False,False
2025-02-24 13:30:00,0.0,1.0,1.0,68.2,52.0,16.66666667,1.333333333,1.0,62.06666667,1.0,1.0,0.0,49.0,47.56666667,70.0,68.2,100.0,2.0,80.0,60.0,0,False,False,False,False,False
2025-02-24 13:45:00,0.0,1.0,1.0,68.2,52.0,0.0,1.0,1.0,62.93333333,1.0,1.0,0.0,49.0,48.5,70.0,69.73333333,100.0,2.0,80.0,60.0,0,False,False,False,False,False
2025-02-24 14:00:00,0.0,1.0,1.0,68.2,52.0,0.0,1.0,1.0,62.46666667,1.0,1.0,0.0,48.0,49.86666667,70.0,68.33333333,100.0,2.0,80.0,60.0,0,False,False,False,False,False
2025-02-24 14:15:00,0.0,1.0,1.0,68.2,52.0,0.0,1.0,1.0,62.4,1.0,1.0,0.0,46.0,51.23333333,70.0,67.9,100.0,2.0,80.0,60.0,0,False,False,False,False,False
2025-02-24 14:30:00,0.0,1.0,1.0,68.2,52.0,16.66666667,1.333333333,1.0,62.46666667,1.0,1.0,0.0,45.0,51.2,70.0,67.9,100.0,2.0,80.0,60.0,0,False,False,False,False,False
2025-02-24 14:45:00,0.0,1.0,1.0,68.2,52.0,0.0,1.0,1.0,64.03333333,1.0,1.0,0.0,42.66666667,54.9,70.0,69.93333333,100.0,2.0,80.0,60.0,0,False,False,False,False,False
2025-02-24 15:00:00,0.0,1.0,1.0,68.2,52.0,0.0,1.0,1.0,64.06666667,1.0,1.0,0.0,37.33333333,57.9,70.0,69.0,100.0,2.0,80.0,60.0,0,False,False,False,False,False
2025-02-24 15:15:00,0.0,1.0,1.0,68.2,52.0,0.0,1.0,1.0,63.8,1.0,1.0,0.0,35.66666667,57.8,70.0,68.76666667,100.0,2.0,80.0,60.0,0,False,False,False,False,False
2025-02-24 15:30:00,0.0,1.0,1.0,68.2,52.0,0.0,1.0,1.0,64.06666667,1.0,1.0,0.0,33.0,58.3,70.0,68.7,100.0,2.0,80.0,60.0,0,False,False,False,False,False
2025-02-24 15:45:00,0.0,1.0,1.0,68.2,52.0,0.0,1.0,1.0,64.2,1.0,1.0,0.0,32.0,58.03333333,70.0,68.9,100.0,2.0,80.0,60.0,0,False,False,False,False,False
2025-02-24 16:00:00,0.0,1.0,1.0,68.2,52.0,0.0,1.0,1.0,64.2,1.0,1.0,0.0,32.0,58.4,70.0,69.13333333,100.0,2.0,80.0,60.0,0,False,False,False,False,False
2025-02-24 16:15:00,0.0,1.0,1.0,68.2,52.0,0.0,1.0,1.0,64.23333333,1.0,1.0,0.0,32.0,58.93333333,70.0,69.2,100.0,2.0,80.0,60.0,0,False,False,False,False,False
2025-02-24 16:30:00,0.0,1.0,1.0,68.2,52.0,0.0,1.0,1.0,64.3,1.0,1.0,0.0,32.0,59.23333333,70.0,69.2,100.0,2.0,80.0,60.0,0,False,False,False,False,False
2025-02-24 16:45:00,0.0,1.0,1.0,68.2,52.0,0.0,1.0,1.0,64.56666667,1.0,1.0,0.0,31.33333333,60.1,70.0,69.2,100.0,2.0,80.0,60.0,0,False,False,False,False,False
2025-02-24 17:00:00,0.0,1.0,1.0,68.2,52.0,0.0,1.0,1.0,64.73333333,1.0,1.0,0.0,31.0,60.83333333,70.0,69.46666667,100.0,2.0,80.0,60.0,0,False,False,False,False,False
2025-02-24 17:15:00,0.0,1.0,1.0,68.2,52.0,0.0,1.0,1.0,65.06666667,1.0,1.0,0.0,30.33333333,62.36666667,70.0,69.5,100.0,2.0,80.0,60.0,0,False,False,False,False,False
2025-02-24 17:30:00,0.0,1.0,1.0,68.2,52.0,0.0,1.0,1.0,65.23333333,1.0,1.0,0.0,29.33333333,63.63333333,70.0,69.5,100.0,2.0,80.0,60.0,0,False,False,False,False,False
2025-02-24 17:45:00,0.0,1.0,1.0,68.2,52.0,0.0,1.0,1.0,65.36666667,1.0,1.0,0.0,28.0,64.53333333,70.0,69.5,100.0,2.0,80.0,60.0,0,False,False,False,False,False
2025-02-24 18:00:00,0.0,1.0,1.0,68.2,52.0,0.0,1.0,1.0,65.4,1.0,1.0,0.0,28.0,64.53333333,70.0,69.56666667,100.0,2.0,80.0,60.0,0,False,False,False,False,False
2025-02-24 18:15:00,0.0,1.0,1.0,68.2,52.0,0.0,1.0,1.0,65.66666667,1.0,1.0,0.0,28.0,65.7,70.0,69.7,100.0,2.0,80.0,60.0,0,False,False,False,False,False
2025-02-24 18:30:00,0.0,1.0,1.0,68.2,52.0,0.0,1.0,1.0,65.53333333,1.0,1.0,0.0,28.0,66.2,70.0,69.93333333,100.0,2.0,80.0,60.0,0,False,False,False,False,False
2025-02-24 18:45:00,0.0,1.0,1.0,68.2,52.0,0.0,1.0,1.0,65.73333333,1.0,1.0,0.0,28.0,66.9,70.0,70.0,100.0,2.0,80.0,60.0,0,False,False,False,False,False
2025-02-24 19:00:00,0.0,1.0,1.0,68.2,52.0,0.0,1.0,1.0,65.8,1.0,1.0,0.0,28.0,66.63333333,70.0,69.93333333,100.0,2.0,80.0,60.0,0,False,False,False,False,False
2025-02-24 19:15:00,0.0,1.0,1.0,68.2,52.0,0.0,1.0,1.0,65.8,1.0,1.0,0.0,28.0,66.8,70.0,69.76666667,100.0,2.0,80.0,60.0,0,False,False,False,False,False
2025-02-24 19:30:00,0.0,1.0,1.0,68.2,52.0,0.0,1.0,1.0,65.8,1.0,1.0,0.0,28.0,66.3,70.0,69.56666667,100.0,2.0,80.0,60.0,0,False,False,False,False,False
2025-02-24 19:45:00,0.0,1.0,1.0,68.2,52.0,0.0,1.0,1.0,65.93333333,1.0,1.0,0.0,28.0,67.73333333,70.0,69.33333333,100.0,2.0,80.0,60.0,0,False,False,False,False,False
2025-02-24 20:00:00,0.0,1.0,1.0,68.2,52.0,0.0,1.0,1.0,65.6,1.0,1.0,0.0,28.33333333,66.43333333,70.0,69.2,100.0,2.0,80.0,60.0,0,False,False,False,False,False
2025-02-24 20:15:00,0.0,1.0,1.0,68.2,52.0,0.0,1.0,1.0,65.6,1.0,1.0,0.0,29.33333333,65.1,70.0,69.2,100.0,2.0,80.0,60.0,0,False,False,False,False,False
2025-02-24 20:30:00,0.0,1.0,1.0,68.2,52.0,0.0,1.0,1.0,65.6,1.0,1.0,0.0,30.0,64.3,70.0,69.2,100.0,2.0,80.0,60.0,0,False,False,False,False,False
2025-02-24 20:45:00,0.0,1.0,1.0,68.2,52.0,0.0,1.0,1.0,65.6,1.0,1.0,0.0,30.0,64.26666667,70.0,69.06666667,100.0,2.0,80.0,60.0,0,False,False,False,False,False
2025-02-24 21:00:00,0.0,1.0,1.0,68.2,52.0,0.0,1.0,1.0,65.6,1.0,1.0,0.0,30.33333333,64.16666667,70.0,68.9,100.0,2.0,80.0,60.0,0,False,False,False,False,False
2025-02-24 21:15:00,0.0,1.0,1.0,68.2,52.0,0.0,1.0,1.0,65.6,1.0,1.0,0.0,31.0,64.23333333,70.0,68.7,100.0,2.0,80.0,60.0,0,False,False,False,False,False
2025-02-24 21:30:00,0.0,1.0,1.0,68.2,52.0,0.0,1.0,1.0,65.6,1.0,1.0,0.0,31.0,64.7,70.0,68.7,100.0,2.0,80.0,60.0,0,False,False,False,False,False
2025-02-24 21:45:00,0.0,1.0,1.0,68.2,52.0,0.0,1.0,1.0,65.5,1.0,1.0,0.0,31.0,64.26666667,70.0,68.63333333,100.0,2.0,80.0,60.0,0,False,False,False,False,False
2025-02-24 22:00:00,0.0,1.0,1.0,68.2,52.0,0.0,1.0,1.0,65.3,1.0,1.0,0.0,32.0,63.63333333,70.0,68.6,100.0,2.0,80.0,60.0,0,False,False,False,False,False
2025-02-24 22:15:00,0.0,1.0,1.0,68.2,52.0,0.0,1.0,1.0,65.3,1.0,1.0,0.0,32.0,62.7,70.0,68.46666667,100.0,2.0,80.0,60.0,0,False,False,False,False,False
2025-02-24 22:30:00,0.0,1.0,1.0,68.2,52.0,0.0,1.0,1.0,65.3,1.0,1.0,0.0,33.0,62.2,70.0,68.4,100.0,2.0,80.0,60.0,0,False,False,False,False,False
2025-02-24 22:45:00,0.0,1.0,1.0,68.2,52.0,0.0,1.0,1.0,65.3,1.0,1.0,0.0,33.0,62.3,70.0,68.4,100.0,2.0,80.0,60.0,0,False,False,False,False,False
2025-02-24 23:00:00,0.0,1.0,1.0,68.2,52.0,0.0,1.0,1.0,65.2,1.0,1.0,0.0,33.33333333,61.9,70.0,68.3,100.0,2.0,80.0,60.0,0,False,False,False,False,False
2025-02-24 23:15:00,0.0,1.0,1.0,68.2,52.0,0.0,1.0,1.0,64.93333333,1.0,1.0,0.0,34.0,60.53333333,70.0,68.1,100.0,2.0,80.0,60.0,0,False,False,False,False,False
2025-02-24 23:30:00,0.0,1.0,1.0,68.2,52.0,0.0,1.0,1.0,64.66666667,1.0,1.0,0.0,34.33333333,59.56666667,70.0,67.96666667,100.0,2.0,80.0,60.0,0,False,False,False,False,False
2025-02-24 23:45:00,0.0,1.0,1.0,68.2,52.0,0.0,1.0,1.0,64.6,1.0,1.0,0.0,35.33333333,58.8,70.0,67.86666667,100.0,2.0,80.0,60.0,0,False,False,False,False,False
2025-02-25 00:00:00,0.0,1.0,1.0,68.2,52.0,0.0,1.0,1.0,64.6,1.0,1.0,0.0,36.0,58.46666667,70.0,67.8,100.0,2.0,80.0,60.0,0,False,False,False,False,False
2025-02-25 00:15:00,0.0,1.0,1.0,68.2,52.0,0.0,1.0,1.0,64.6,1.0,1.0,0.0,36.0,58.53333333,70.0,67.66666667,100.0,2.0,80.0,60.0,0,False,False,False,False,False
2025-02-25 00:30:00,0.0,1.0,1.0,68.2,52.0,0.0,1.0,1.0,64.6,1.0,1.0,0.0,36.0,58.66666667,70.0,67.6,100.0,2.0,80.0,60.0,0,False,False,False,False,False
2025-02-25 00:45:00,0.0,1.0,1.0,68.2,52.0,0.0,1.0,1.0,64.6,1.0,1.0,0.0,36.0,58.7,70.0,67.6,100.0,2.0,80.0,60.0,0,False,False,False,False,False
2025-02-25 01:00:00,0.0,1.0,1.0,68.2,52.0,0.0,1.0,1.0,65.3,1.0,1.0,0.0,36.0,59.16666667,70.0,68.76666667,100.0,2.0,80.0,60.0,0,False,False,False,False,False
2025-02-25 01:15:00,0.0,1.0,1.0,68.2,52.0,0.0,1.0,1.0,65.66666667,1.0,1.0,0.0,36.0,60.16666667,70.0,69.53333333,100.0,2.0,80.0,60.0,0,False,False,False,False,False
2025-02-25 01:30:00,0.0,1.0,1.0,68.2,52.0,0.0,1.0,1.0,65.03333333,1.0,1.0,0.0,36.0,59.03333333,70.0,68.46666667,100.0,2.0,80.0,60.0,0,False,False,False,False,False
2025-02-25 01:45:00,0.0,1.0,1.0,68.2,52.0,0.0,1.0,1.0,64.6,1.0,1.0,0.0,36.66666667,58.13333333,70.0,68.1,100.0,2.0,80.0,60.0,0,False,False,False,False,False
2025-02-25 02:00:00,0.0,1.0,1.0,68.2,52.0,0.0,1.0,1.0,64.5,1.0,1.0,0.0,37.66666667,57.53333333,70.0,67.9,100.0,2.0,80.0,60.0,0,False,False,False,False,False
2025-02-25 02:15:00,0.0,1.0,1.0,68.2,52.0,0.0,1.0,1.0,64.36666667,1.0,1.0,0.0,38.0,57.2,70.0,67.66666667,100.0,2.0,80.0,60.0,0,False,False,False,False,False
2025-02-25 02:30:00,0.0,1.0,1.0,68.2,52.0,16.66666667,1.333333333,1.0,64.73333333,1.0,1.0,0.0,38.66666667,57.0,70.0,68.73333333,100.0,2.0,80.0,60.0,0,False,False,False,False,False
2025-02-25 02:45:00,0.0,1.0,1.0,68.2,52.0,0.0,1.0,1.0,65.0,1.0,1.0,0.0,39.0,57.63333333,70.0,69.1,100.0,2.0,80.0,60.0,0,False,False,False,False,False
2025-02-25 03:00:00,0.0,1.0,1.0,68.2,52.0,0.0,1.0,1.0,64.53333333,1.0,1.0,0.0,39.0,56.8,70.0,68.1,100.0,2.0,80.0,60.0,0,False,False,False,False,False
2025-02-25 03:15:00,0.0,1.0,1.0,68.2,52.0,0.0,1.0,1.0,64.36666667,1.0,1.0,0.0,39.66666667,56.2,70.0,67.83333333,100.0,2.0,80.0,60.0,0,False,False,False,False,False
2025-02-25 03:30:00,0.0,1.0,1.0,68.2,52.0,0.0,1.0,1.0,65.06666667,1.0,1.0,0.0,39.66666667,56.6,70.0,69.1,100.0,2.0,80.0,60.0,0,False,False,False,False,False
2025-02-25 03:45:00,0.0,1.0,1.0,68.2,52.0,0.0,1.0,1.0,64.96666667,1.0,1.0,0.0,39.0,57.33333333,70.0,69.16666667,100.0,2.0,80.0,60.0,0,False,False,False,False,False
2025-02-25 04:00:00,0.0,1.0,1.0,68.2,52.0,0.0,1.0,1.0,64.56666667,1.0,1.0,0.0,39.0,56.33333333,70.0,68.46666667,100.0,2.0,80.0,60.0,0,False,False,False,False,False
2025-02-25 04:15:00,0.0,1.0,1.0,68.2,52.0,0.0,1.0,1.0,64.5,1.0,1.0,0.0,38.33333333,56.4,70.0,68.26666667,100.0,2.0,80.0,60.0,0,False,False,False,False,False
2025-02-25 04:30:00,0.0,1.0,1.0,68.2,52.0,0.0,1.0,1.0,64.5,1.0,1.0,0.0,37.33333333,57.03333333,70.0,67.96666667,100.0,2.0,80.0,60.0,0,False,False,False,False,False
2025-02-25 04:45:00,0.0,1.0,1.0,68.2,52.0,0.0,1.0,1.0,64.5,1.0,1.0,0.0,36.33333333,57.4,70.0,67.8,100.0,2.0,80.0,60.0,0,False,False,False,False,False
2025-02-25 05:00:00,0.0,1.0,1.0,68.2,52.0,0.0,1.0,1.0,64.3,1.0,1.0,0.0,36.0,57.26666667,70.0,67.66666667,100.0,2.0,80.0,60.0,0,False,False,False,False,False
2025-02-25 05:15:00,0.0,1.0,1.0,68.2,52.0,16.66666667,1.333333333,1.0,65.23333333,1.0,1.0,0.0,36.0,58.0,70.0,69.33333333,100.0,2.0,80.0,60.0,1,False,False,False,False,False
2025-02-25 05:30:00,0.0,1.0,1.0,68.2,52.0,0.0,1.0,1.0,65.13333333,1.0,1.0,0.0,36.0,58.93333333,70.0,68.9,100.0,2.0,80.0,60.0,0,False,False,False,False,False
2025-02-25 05:45:00,0.0,1.0,1.0,68.2,52.0,0.0,1.0,1.0,65.0,1.0,1.0,0.0,36.0,58.3,70.0,68.4,100.0,2.0,80.0,60.0,0,False,False,False,False,False
2025-02-25 06:00:00,0.0,1.0,1.0,68.2,52.0,0.0,1.0,1.0,64.86666667,1.0,1.0,0.0,35.0,58.56666667,70.0,68.26666667,100.0,2.0,80.0,60.0,0,False,False,False,False,False
2025-02-25 06:15:00,0.0,1.0,1.0,68.2,52.0,0.0,1.0,1.0,64.8,1.0,1.0,0.0,35.0,58.96666667,70.0,67.96666667,100.0,2.0,80.0,60.0,0,False,False,False,False,False
2025-02-25 06:30:00,0.0,1.0,1.0,68.2,52.0,0.0,1.0,1.0,64.6,1.0,1.0,0.0,35.0,58.7,70.0,67.86666667,100.0,2.0,80.0,60.0,0,False,False,False,False,False
2025-02-25 06:45:00,0.0,1.0,1.0,68.2,52.0,0.0,1.0,1.0,64.6,1.0,1.0,0.0,35.0,58.9,70.0,67.8,100.0,2.0,80.0,60.0,0,False,False,False,False,False
2025-02-25 07:00:00,0.0,1.0,1.0,68.2,52.0,0.0,1.0,1.0,65.33333333,1.0,1.0,0.0,35.0,59.33333333,70.0,68.86666667,100.0,2.0,80.0,60.0,0,False,False,False,False,False
2025-02-25 07:15:00,0.0,1.0,1.0,68.2,52.0,0.0,1.0,1.0,65.46666667,1.0,1.0,0.0,35.0,60.53333333,70.0,69.2,100.0,2.0,80.0,60.0,0,False,False,False,False,False
2025-02-25 07:30:00,0.0,1.0,1.0,68.2,52.0,0.0,1.0,1.0,64.86666667,1.0,1.0,0.0,35.0,59.7,70.0,68.26666667,100.0,2.0,80.0,60.0,0,False,False,False,False,False
2025-02-25 07:45:00,0.0,1.0,1.0,68.2,52.0,0.0,1.0,1.0,64.66666667,1.0,1.0,0.0,35.33333333,59.4,70.0,67.9,100.0,2.0,80.0,60.0,0,False,False,False,False,False
2025-02-25 08:00:00,0.0,1.0,1.0,68.2,52.0,0.0,1.0,1.0,64.6,1.0,1.0,0.0,36.0,59.33333333,70.0,67.86666667,100.0,2.0,80.0,60.0,0,False,False,False,False,False
2025-02-25 08:15:00,0.0,1.0,1.0,68.2,52.0,0.0,1.0,1.0,65.3,1.0,1.0,0.0,36.0,59.2,70.0,69.3,100.0,2.0,80.0,60.0,0,False,False,False,False,False
2025-02-25 08:30:00,0.0,1.0,1.0,68.2,52.0,0.0,1.0,1.0,65.2,1.0,1.0,0.0,36.0,59.4,70.0,69.03333333,100.0,2.0,80.0,60.0,0,False,False,False,False,False
2025-02-25 08:45:00,0.0,1.0,1.0,68.2,52.0,0.0,1.0,1.0,64.66666667,1.0,1.0,0.0,36.66666667,58.63333333,70.0,68.43333333,100.0,2.0,80.0,60.0,0,False,False,False,False,False
2025-02-25 09:00:00,0.0,1.0,1.0,68.2,52.0,0.0,1.0,1.0,64.53333333,1.0,1.0,0.0,37.0,58.6,70.0,68.1,100.0,2.0,80.0,60.0,0,False,False,False,False,False
2025-02-25 09:15:00,0.0,1.0,1.0,68.2,52.0,0.0,1.0,1.0,64.36666667,1.0,1.0,0.0,38.66666667,58.9,70.0,67.73333333,100.0,2.0,80.0,60.0,0,False,False,False,False,False
2025-02-25 09:30:00,0.0,1.0,1.0,68.2,52.0,16.66666667,1.333333333,1.0,64.6,1.0,1.0,0.0,41.33333333,58.7,70.0,68.43333333,100.0,2.0,80.0,60.0,0,False,False,False,False,False
2025-02-25 09:45:00,0.0,1.0,1.0,68.2,52.0,0.0,1.0,1.0,65.1,1.0,1.0,0.0,42.33333333,60.1,70.0,69.43333333,100.0,2.0,80.0,60.0,0,False,False,False,False,False
2025-02-25 10:00:00,0.0,1.0,1.0,68.2,52.0,0.0,1.0,1.0,64.53333333,1.0,1.0,0.0,42.66666667,58.73333333,70.0,68.13333333,100.0,2.0,80.0,60.0,0,False,False,False,False,False
2025-02-25 10:15:00,0.0,1.0,1.0,68.2,52.0,16.66666667,1.333333333,1.0,64.2,1.0,1.0,0.0,44.66666667,57.2,70.0,67.76666667,100.0,2.0,80.0,60.0,0,False,False,False,False,False
2025-02-25 10:30:00,0.0,1.0,1.0,68.2,52.0,0.0,1.0,1.0,65.1,1.0,1.0,0.0,46.0,56.53333333,70.0,69.3,100.0,2.0,80.0,60.0,0,False,False,False,False,False
2025-02-25 10:45:00,0.0,1.0,1.0,68.2,52.0,0.0,1.0,1.0,64.73333333,1.0,1.0,0.0,43.66666667,58.46666667,70.0,68.46666667,100.0,2.0,80.0,60.0,0,False,False,False,False,False
2025-02-25 11:00:00,0.0,1.0,1.0,68.2,52.0,0.0,1.0,1.0,64.33333333,1.0,1.0,0.0,43.0,56.96666667,70.0,67.93333333,100.0,2.0,80.0,60.0,0,False,False,False,False,False
2025-02-25 11:15:00,0.0,1.0,1.0,68.2,52.0,0.0,1.0,1.0,64.33333333,1.0,1.0,0.0,43.0,55.86666667,70.0,68.2,100.0,2.0,80.0,60.0,0,False,False,False,False,False
2025-02-25 11:30:00,0.0,1.0,1.0,68.2,52.0,0.0,1.0,1.0,64.63333333,1.0,1.0,0.0,43.0,56.4,70.0,69.46666667,100.0,2.0,80.0,60.0,0,False,False,False,False,False
2025-02-25 11:45:00,0.0,1.0,1.0,68.2,52.0,0.0,1.0,1.0,63.73333333,1.0,1.0,0.0,44.66666667,55.06666667,70.0,68.2,100.0,2.0,80.0,60.0,0,False,False,False,False,False
2025-02-25 12:00:00,0.0,1.0,1.0,68.2,52.0,0.0,1.0,1.0,63.33333333,1.0,1.0,0.0,45.66666667,53.53333333,70.0,67.83333333,100.0,2.0,80.0,60.0,0,False,False,False,False,False
2025-02-25 12:15:00,0.0,1.0,1.0,68.2,52.0,16.66666667,1.333333333,1.0,64.33333333,1.0,1.0,0.0,47.0,53.73333333,70.0,69.3,100.0,2.0,80.0,60.0,1,False,False,False,False,False
2025-02-25 12:30:00,0.0,1.0,1.0,68.2,52.0,0.0,1.0,1.0,64.03333333,1.0,1.0,0.0,46.33333333,54.7,70.0,68.7,100.0,2.0,80.0,60.0,0,False,False,False,False,False
2025-02-25 12:45:00,0.0,1.0,1.0,68.2,52.0,0.0,1.0,1.0,63.86666667,1.0,1.0,0.0,47.0,54.3,70.0,68.16666667,100.0,2.0,80.0,60.0,0,False,False,False,False,False
2025-02-25 13:00:00,0.0,1.0,1.0,68.2,52.0,0.0,1.0,1.0,64.13333333,1.0,1.0,0.0,46.33333333,55.16666667,70.0,68.03333333,100.0,2.0,80.0,60.0,0,False,False,False,False,False
2025-02-25 13:15:00,0.0,1.0,1.0,68.2,52.0,0.0,1.0,1.0,64.2,1.0,1.0,0.0,45.66666667,56.16666667,70.0,67.9,100.0,2.0,80.0,60.0,0,False,False,False,False,False
2025-02-25 13:30:00,0.0,1.0,1.0,68.2,52.0,0.0,1.0,1.0,64.2,1.0,1.0,0.0,44.33333333,56.8,70.0,67.9,100.0,2.0,80.0,60.0,0,False,False,False,False,False
2025-02-25 13:45:00,0.0,1.0,1.0,68.2,52.0,0.0,1.0,1.0,65.2,1.0,1.0,0.0,44.0,58.26666667,70.0,68.96666667,100.0,2.0,80.0,60.0,0,False,False,False,False,False
2025-02-25 14:00:00,0.0,1.0,1.0,68.2,52.0,0.0,1.0,1.0,66.03333333,1.0,1.0,0.0,43.33333333,61.13333333,70.0,69.86666667,100.0,2.0,80.0,60.0,1,False,False,False,False,False
2025-02-25 14:15:00,0.0,1.0,1.0,68.2,52.0,0.0,1.0,1.0,65.9,1.0,1.0,0.0,41.33333333,62.06666667,70.0,69.4,100.0,2.0,80.0,60.0,0,False,False,False,False,False
2025-02-25 14:30:00,0.0,1.0,1.0,68.2,52.0,0.0,1.0,1.0,66.03333333,1.0,1.0,0.0,41.0,62.23333333,70.0,69.46666667,100.0,2.0,80.0,60.0,0,False,False,False,False,False
2025-02-25 14:45:00,0.0,1.0,1.0,68.2,52.0,0.0,1.0,1.0,66.16666667,1.0,1.0,0.0,40.66666667,63.2,70.0,69.56666667,100.0,2.0,80.0,60.0,0,False,False,False,False,False
2025-02-25 15:00:00,0.0,1.0,1.0,68.2,52.0,0.0,1.0,1.0,66.4,1.0,1.0,0.0,40.0,63.06666667,70.0,69.76666667,100.0,2.0,80.0,60.0,0,False,False,False,False,False
2025-02-25 15:15:00,0.0,1.0,1.0,68.2,52.0,0.0,1.0,1.0,66.73333333,1.0,1.0,0.0,39.66666667,63.56666667,70.0,70.06666667,100.0,2.0,80.0,60.0,0,False,False,False,False,False
2025-02-25 15:30:00,0.0,1.0,1.0,68.2,52.0,0.0,1.0,1.0,66.93333333,1.0,1.0,0.0,39.0,64.66666667,70.0,70.4,100.0,2.0,80.0,60.0,0,False,False,False,False,False
2025-02-25 15:45:00,0.0,1.0,1.0,68.2,52.0,0.0,1.0,1.0,67.0,1.0,1.0,0.0,38.66666667,64.0,70.0,70.93333333,100.0,2.0,80.0,60.0,0,False,False,False,False,False
2025-02-25 16:00:00,0.0,1.0,1.0,68.2,52.0,0.0,1.0,1.0,67.26666667,1.0,1.0,0.0,39.0,63.9,70.0,71.1,100.0,2.0,80.0,60.0,0,False,False,False,False,False
2025-02-25 16:15:00,0.0,1.0,1.0,68.2,52.0,0.0,1.0,1.0,67.46666667,1.0,1.0,0.0,38.33333333,65.13333333,70.0,71.1,100.0,2.0,80.0,60.0,0,False,False,False,False,False
2025-02-25 16:30:00,0.0,1.0,1.0,68.2,52.0,0.0,1.0,1.0,67.73333333,1.0,1.0,0.0,37.33333333,67.26666667,70.0,71.2,100.0,2.0,80.0,60.0,0,False,False,False,False,False
2025-02-25 16:45:00,0.0,1.0,1.0,69.4,52.0,0.0,1.0,1.0,67.86666667,1.0,1.0,0.0,37.0,68.26666667,70.0,71.63333333,100.0,2.0,80.0,60.0,0,False,False,False,False,False
2025-02-25 17:00:00,11.0,1.0,1.333333333,71.8,52.0,0.0,1.0,1.0,66.76666667,1.0,1.0,0.0,36.66666667,67.8,70.0,71.7,100.0,2.0,80.0,60.0,0,False,False,False,False,False
2025-02-25 17:15:00,0.0,1.0,1.0,71.8,52.0,0.0,1.0,1.0,68.2,1.0,1.0,0.0,35.66666667,67.93333333,70.0,71.13333333,100.0,2.0,80.0,60.0,0,False,False,False,False,False
2025-02-25 17:30:00,0.0,1.0,1.0,71.8,52.0,0.0,1.0,1.0,68.56666667,1.0,1.0,0.0,34.33333333,70.43333333,70.0,71.53333333,100.0,2.0,80.0,60.0,0,False,False,False,False,False
2025-02-25 17:45:00,0.0,1.0,1.0,71.8,52.0,0.0,1.0,1.0,68.83333333,1.0,1.0,0.0,34.0,70.86666667,70.0,71.83333333,100.0,2.0,80.0,60.0,0,False,False,False,False,False
2025-02-25 18:00:00,0.0,1.0,1.0,71.8,52.0,0.0,1.0,1.0,68.9,1.0,1.0,0.0,34.0,72.33333333,70.0,72.06666667,100.0,2.0,80.0,60.0,0,False,False,False,False,False
2025-02-25 18:15:00,11.0,1.0,1.333333333,71.8,52.0,0.0,1.0,1.0,66.3,1.0,1.0,0.0,34.0,71.3,70.0,72.23333333,100.0,2.0,80.0,60.0,0,False,False,False,False,False
2025-02-25 18:30:00,11.0,1.0,1.333333333,71.8,52.0,0.0,1.0,1.0,65.53333333,1.0,1.0,0.0,34.0,69.56666667,70.0,71.9,100.0,2.0,80.0,60.0,0,False,False,False,False,False
2025-02-25 18:45:00,0.0,1.0,1.0,71.8,52.0,0.0,1.0,1.0,65.96666667,1.0,1.0,0.0,34.0,69.53333333,70.0,71.7,100.0,2.0,80.0,60.0,0,False,False,False,False,False
2025-02-25 19:00:00,0.0,1.0,1.0,71.8,52.0,0.0,1.0,1.0,68.73333333,1.0,1.0,0.0,34.0,71.16666667,70.0,71.6,100.0,2.0,80.0,60.0,0,False,False,False,False,False
2025-02-25 19:15:00,0.0,1.0,1.0,71.8,52.0,0.0,1.0,1.0,69.23333333,1.0,1.0,0.0,34.0,72.16666667,70.0,71.96666667,100.0,2.0,80.0,60.0,0,False,False,False,False,False
2025-02-25 19:30:00,0.0,1.0,1.0,71.8,52.0,0.0,1.0,1.0,67.53333333,1.0,1.0,0.0,34.0,72.3,70.0,71.53333333,100.0,2.0,80.0,60.0,0,False,False,False,False,False
2025-02-25 19:45:00,0.0,1.0,1.0,71.8,52.0,0.0,1.0,1.0,69.1,1.0,1.0,0.0,34.0,71.86666667,70.0,71.46666667,100.0,2.0,80.0,60.0,0,False,False,False,False,False
2025-02-25 20:00:00,0.0,1.0,1.0,71.8,52.0,0.0,1.0,1.0,69.3,1.0,1.0,0.0,34.0,73.8,70.0,71.6,100.0,2.0,80.0,60.0,0,False,False,False,False,False
2025-02-25 20:15:00,0.0,1.0,1.0,71.8,52.0,0.0,1.0,1.0,69.3,1.0,1.0,0.0,32.66666667,73.5,70.0,71.83333333,100.0,2.0,80.0,60.0,0,False,False,False,False,False
2025-02-25 20:30:00,0.0,1.0,1.0,71.8,52.0,0.0,1.0,1.0,69.3,1.0,1.0,0.0,32.0,73.53333333,70.0,71.9,100.0,2.0,80.0,60.0,0,False,False,False,False,False
2025-02-25 20:45:00,0.0,1.0,1.0,71.8,52.0,0.0,1.0,1.0,69.3,1.0,1.0,0.0,32.0,72.13333333,70.0,71.76666667,100.0,2.0,80.0,60.0,0,False,False,False,False,False
2025-02-25 21:00:00,0.0,1.0,1.0,71.8,52.0,0.0,1.0,1.0,69.3,1.0,1.0,0.0,32.66666667,71.83333333,70.0,71.7,100.0,2.0,80.0,60.0,0,False,False,False,False,False
2025-02-25 21:15:00,0.0,1.0,1.0,71.8,52.0,0.0,1.0,1.0,69.3,1.0,1.0,0.0,31.33333333,71.7,70.0,71.6,100.0,2.0,80.0,60.0,0,False,False,False,False,False
2025-02-25 21:30:00,0.0,1.0,1.0,71.8,52.0,0.0,1.0,1.0,69.3,1.0,1.0,0.0,31.66666667,71.2,70.0,71.4,100.0,2.0,80.0,60.0,0,False,False,False,False,False
2025-02-25 21:45:00,0.0,1.0,1.0,71.8,52.0,0.0,1.0,1.0,69.33333333,1.0,1.0,0.0,32.33333333,70.93333333,70.0,71.4,100.0,2.0,80.0,60.0,0,False,False,False,False,False
2025-02-25 22:00:00,0.0,1.0,1.0,71.8,52.0,0.0,1.0,1.0,69.46666667,1.0,1.0,0.0,33.0,70.03333333,70.0,71.4,100.0,2.0,80.0,60.0,0,False,False,False,False,False
2025-02-25 22:15:00,0.0,1.0,1.0,71.8,52.0,0.0,1.0,1.0,69.6,1.0,1.0,0.0,34.66666667,69.16666667,70.0,71.26666667,100.0,2.0,80.0,60.0,0,False,False,False,False,False
2025-02-25 22:30:00,0.0,1.0,1.0,71.8,52.0,0.0,1.0,1.0,69.3,1.0,1.0,0.0,35.0,68.0,70.0,71.1,100.0,2.0,80.0,60.0,0,False,False,False,False,False
2025-02-25 22:45:00,0.0,1.0,1.0,71.8,52.0,0.0,1.0,1.0,68.66666667,1.0,1.0,0.0,35.0,66.86666667,70.0,70.96666667,100.0,2.0,80.0,60.0,0,False,False,False,False,False
2025-02-25 23:00:00,0.0,1.0,1.0,71.8,52.0,0.0,1.0,1.0,68.1,1.0,1.0,0.0,34.0,65.8,70.0,70.86666667,100.0,2.0,80.0,60.0,0,False,False,False,False,False
2025-02-25 23:15:00,0.0,1.0,1.0,71.8,52.0,0.0,1.0,1.0,68.1,1.0,1.0,0.0,34.66666667,64.63333333,70.0,70.73333333,100.0,2.0,80.0,60.0,0,False,False,False,False,False
2025-02-25 23:30:00,0.0,1.0,1.0,71.8,52.0,0.0,1.0,1.0,68.06666667,1.0,1.0,0.0,36.33333333,64.03333333,70.0,70.56666667,100.0,2.0,80.0,60.0,0,False,False,False,False,False
2025-02-25 23:45:00,0.0,1.0,1.0,71.8,52.0,0.0,1.0,1.0,67.8,1.0,1.0,0.0,37.0,63.53333333,70.0,70.43333333,100.0,2.0,80.0,60.0,0,False,False,False,False,False
2025-02-26 00:00:00,0.0,1.0,1.0,71.8,52.0,0.0,1.0,1.0,67.7,1.0,1.0,0.0,37.66666667,62.7,70.0,70.3,100.0,2.0,80.0,60.0,0,False,False,False,False,False
2025-02-26 00:15:00,0.0,1.0,1.0,71.8,52.0,0.0,1.0,1.0,67.7,1.0,1.0,0.0,39.0,62.33333333,70.0,70.3,100.0,2.0,80.0,60.0,0,False,False,False,False,False
2025-02-26 00:30:00,0.0,1.0,1.0,71.8,52.0,0.0,1.0,1.0,67.7,1.0,1.0,0.0,39.66666667,62.23333333,70.0,70.3,100.0,2.0,80.0,60.0,0,False,False,False,False,False
2025-02-26 00:45:00,0.0,1.0,1.0,71.8,52.0,0.0,1.0,1.0,67.63333333,1.0,1.0,0.0,40.66666667,62.03333333,70.0,70.3,100.0,2.0,80.0,60.0,0,False,False,False,False,False
2025-02-26 01:00:00,0.0,1.0,1.0,71.8,52.0,0.0,1.0,1.0,67.36666667,1.0,1.0,0.0,41.0,61.6,70.0,70.3,100.0,2.0,80.0,60.0,0,False,False,False,False,False
2025-02-26 01:15:00,0.0,1.0,1.0,71.8,52.0,0.0,1.0,1.0,67.13333333,1.0,1.0,0.0,42.0,60.73333333,70.0,70.16666667,100.0,2.0,80.0,60.0,0,False,False,False,False,False
2025-02-26 01:30:00,0.0,1.0,1.0,71.8,52.0,0.0,1.0,1.0,67.0,1.0,1.0,0.0,43.33333333,60.36666667,70.0,70.1,100.0,2.0,80.0,60.0,0,False,False,False,False,False
2025-02-26 01:45:00,0.0,1.0,1.0,71.8,52.0,0.0,1.0,1.0,66.86666667,1.0,1.0,0.0,44.0,59.33333333,70.0,70.03333333,100.0,2.0,80.0,60.0,0,False,False,False,False,False
2025-02-26 02:00:00,0.0,1.0,1.0,71.8,52.0,0.0,1.0,1.0,66.66666667,1.0,1.0,0.0,44.66666667,58.7,70.0,70.0,100.0,2.0,80.0,60.0,0,False,False,False,False,False
2025-02-26 02:15:00,0.0,1.0,1.0,71.8,52.0,0.0,1.0,1.0,66.63333333,1.0,1.0,0.0,45.0,58.53333333,70.0,70.0,100.0,2.0,80.0,60.0,0,False,False,False,False,False
2025-02-26 02:30:00,0.0,1.0,1.0,71.8,52.0,0.0,1.0,1.0,66.66666667,1.0,1.0,0.0,45.0,58.16666667,70.0,70.0,100.0,2.0,80.0,60.0,0,False,False,False,False,False
2025-02-26 02:45:00,0.0,1.0,1.0,71.8,52.0,0.0,1.0,1.0,66.33333333,1.0,1.0,0.0,45.33333333,57.36666667,70.0,70.0,100.0,2.0,80.0,60.0,0,False,False,False,False,False
2025-02-26 03:00:00,0.0,1.0,1.0,71.8,52.0,0.0,1.0,1.0,66.2,1.0,1.0,0.0,46.66666667,56.93333333,70.0,69.8,100.0,2.0,80.0,60.0,0,False,False,False,False,False
2025-02-26 03:15:00,0.0,1.0,1.0,71.8,52.0,0.0,1.0,1.0,66.1,1.0,1.0,0.0,46.66666667,56.9,70.0,69.76666667,100.0,2.0,80.0,60.0,0,False,False,False,False,False
2025-02-26 03:30:00,0.0,1.0,1.0,71.8,52.0,0.0,1.0,1.0,65.9,1.0,1.0,0.0,47.66666667,55.76666667,70.0,69.7,100.0,2.0,80.0,60.0,0,False,False,False,False,False
2025-02-26 03:45:00,0.0,1.0,1.0,71.8,52.0,0.0,1.0,1.0,66.03333333,1.0,1.0,0.0,48.0,55.6,70.0,69.7,100.0,2.0,80.0,60.0,0,False,False,False,False,False
2025-02-26 04:00:00,0.0,1.0,1.0,71.8,52.0,0.0,1.0,1.0,66.1,1.0,1.0,0.0,48.66666667,55.5,70.0,69.7,100.0,2.0,80.0,60.0,0,False,False,False,False,False
2025-02-26 04:15:00,0.0,1.0,1.0,71.8,52.0,0.0,1.0,1.0,66.0,1.0,1.0,0.0,48.33333333,55.26666667,70.0,69.7,100.0,2.0,80.0,60.0,0,False,False,False,False,False
2025-02-26 04:30:00,0.0,1.0,1.0,71.8,52.0,0.0,1.0,1.0,65.8,1.0,1.0,0.0,48.66666667,55.16666667,70.0,69.7,100.0,2.0,80.0,60.0,0,False,False,False,False,False
2025-02-26 04:45:00,0.0,1.0,1.0,71.8,52.0,0.0,1.0,1.0,65.73333333,1.0,1.0,0.0,49.33333333,54.56666667,70.0,69.7,100.0,2.0,80.0,60.0,0,False,False,False,False,False
2025-02-26 05:00:00,0.0,1.0,1.0,71.8,52.0,0.0,1.0,1.0,65.6,1.0,1.0,0.0,50.0,54.03333333,70.0,69.63333333,100.0,2.0,80.0,60.0,0,False,False,False,False,False
2025-02-26 05:15:00,0.0,1.0,1.0,71.8,52.0,0.0,1.0,1.0,65.6,1.0,1.0,0.0,50.0,53.6,70.0,69.46666667,100.0,2.0,80.0,60.0,0,False,False,False,False,False
2025-02-26 05:30:00,0.0,1.0,1.0,71.8,52.0,0.0,1.0,1.0,65.6,1.0,1.0,0.0,51.0,53.66666667,70.0,69.4,100.0,2.0,80.0,60.0,0,False,False,False,False,False
2025-02-26 05:45:00,0.0,1.0,1.0,71.8,52.0,0.0,1.0,1.0,65.6,1.0,1.0,0.0,50.66666667,53.53333333,70.0,69.4,100.0,2.0,80.0,60.0,0,False,False,False,False,False
2025-02-26 06:00:00,0.0,1.0,1.0,71.8,52.0,0.0,1.0,1.0,65.6,1.0,1.0,0.0,51.0,53.9,70.0,69.4,100.0,2.0,80.0,60.0,0,False,False,False,False,False
2025-02-26 06:15:00,0.0,1.0,1.0,71.8,52.0,0.0,1.0,1.0,65.53333333,1.0,1.0,0.0,50.66666667,53.9,70.0,69.4,100.0,2.0,80.0,60.0,0,False,False,False,False,False
2025-02-26 06:30:00,0.0,1.0,1.0,71.8,52.0,0.0,1.0,1.0,65.23333333,1.0,1.0,0.0,51.33333333,52.36666667,70.0,69.4,100.0,2.0,80.0,60.0,0,False,False,False,False,False
2025-02-26 06:45:00,0.0,1.0,1.0,71.8,52.0,0.0,1.0,1.0,65.03333333,1.0,1.0,0.0,54.0,51.73333333,70.0,69.2,100.0,2.0,80.0,60.0,0,False,False,False,False,False
2025-02-26 07:00:00,0.0,1.0,1.0,71.8,52.0,0.0,1.0,1.0,64.93333333,1.0,1.0,0.0,55.0,51.06666667,70.0,69.13333333,100.0,2.0,80.0,60.0,0,False,False,False,False,False
2025-02-26 07:15:00,0.0,1.0,1.0,71.8,52.0,0.0,1.0,1.0,64.66666667,1.0,1.0,0.0,55.33333333,50.66666667,70.0,68.93333333,100.0,2.0,80.0,60.0,0,False,False,False,False,False
2025-02-26 07:30:00,0.0,1.0,1.0,71.8,52.0,0.0,1.0,1.0,64.6,1.0,1.0,0.0,56.0,50.63333333,70.0,68.9,100.0,2.0,80.0,60.0,0,False,False,False,False,False
2025-02-26 07:45:00,0.0,1.0,1.0,71.8,52.0,0.0,1.0,1.0,64.6,1.0,1.0,0.0,56.0,50.33333333,70.0,68.76666667,100.0,2.0,80.0,60.0,0,False,False,False,False,False
2025-02-26 08:00:00,0.0,1.0,1.0,71.8,52.0,0.0,1.0,1.0,64.56666667,1.0,1.0,0.0,56.0,50.33333333,70.0,68.7,100.0,2.0,80.0,60.0,0,False,False,False,False,False
2025-02-26 08:15:00,0.0,1.0,1.0,71.8,52.0,0.0,1.0,1.0,64.5,1.0,1.0,0.0,56.66666667,49.9,70.0,68.7,100.0,2.0,80.0,60.0,0,False,False,False,False,False
2025-02-26 08:30:00,0.0,1.0,1.0,71.8,52.0,0.0,1.0,1.0,64.36666667,1.0,1.0,0.0,58.0,49.7,70.0,68.7,100.0,2.0,80.0,60.0,0,False,False,False,False,False
2025-02-26 08:45:00,0.0,1.0,1.0,71.8,52.0,0.0,1.0,1.0,64.3,1.0,1.0,0.0,58.66666667,49.23333333,70.0,68.7,100.0,2.0,80.0,60.0,0,False,False,False,False,False
2025-02-26 09:00:00,0.0,1.0,1.0,71.8,52.0,0.0,1.0,1.0,64.3,1.0,1.0,0.0,59.33333333,49.0,70.0,68.7,100.0,2.0,80.0,60.0,0,False,False,False,False,False
2025-02-26 09:15:00,0.0,1.0,1.0,71.8,52.0,0.0,1.0,1.0,64.26666667,1.0,1.0,0.0,59.66666667,48.76666667,70.0,68.66666667,100.0,2.0,80.0,60.0,0,False,False,False,False,False
2025-02-26 09:30:00,0.0,1.0,1.0,71.8,52.0,0.0,1.0,1.0,64.0,1.0,1.0,0.0,61.0,48.06666667,70.0,68.6,100.0,2.0,80.0,60.0,0,False,False,False,False,False
2025-02-26 09:45:00,0.0,1.0,1.0,71.8,52.0,0.0,1.0,1.0,64.0,1.0,1.0,0.0,60.0,48.0,70.0,68.4,100.0,2.0,80.0,60.0,0,False,False,False,False,False
2025-02-26 10:00:00,0.0,1.0,1.0,71.8,52.0,0.0,1.0,1.0,64.0,1.0,1.0,0.0,60.0,48.06666667,70.0,68.33333333,100.0,2.0,80.0,60.0,0,False,False,False,False,False
2025-02-26 10:15:00,0.0,1.0,1.0,71.8,52.0,0.0,1.0,1.0,63.93333333,1.0,1.0,0.0,60.66666667,48.2,70.0,68.3,100.0,2.0,80.0,60.0,0,False,False,False,False,False
2025-02-26 10:30:00,0.0,1.0,1.0,69.4,52.0,0.0,1.0,1.0,63.73333333,1.0,1.0,0.0,62.33333333,47.73333333,70.0,68.16666667,100.0,2.0,80.0,60.0,0,False,False,False,False,False
2025-02-26 10:45:00,0.0,1.0,1.0,68.2,52.0,0.0,1.0,1.0,63.7,1.0,1.0,0.0,62.66666667,47.63333333,70.0,68.1,100.0,2.0,80.0,60.0,0,False,False,False,False,False
2025-02-26 11:00:00,0.0,1.0,1.0,68.2,52.0,0.0,1.0,1.0,63.7,1.0,1.0,0.0,61.0,47.83333333,70.0,68.1,100.0,2.0,80.0,60.0,0,False,False,False,False,False
2025-02-26 11:15:00,0.0,1.0,1.0,68.2,52.0,16.66666667,1.333333333,1.0,64.06666667,1.0,1.0,0.0,61.66666667,47.43333333,70.0,69.0,100.0,2.0,80.0,60.0,0,False,False,False,False,False
2025-02-26 11:30:00,0.0,1.0,1.0,68.2,52.0,0.0,1.0,1.0,64.56666667,1.0,1.0,0.0,62.66666667,47.93333333,70.0,69.76666667,100.0,2.0,80.0,60.0,0,False,False,False,False,False
2025-02-26 11:45:00,0.0,1.0,1.0,68.2,52.0,0.0,1.0,1.0,63.86666667,1.0,1.0,0.0,63.0,47.66666667,70.0,68.56666667,100.0,2.0,80.0,60.0,0,False,False,False,False,False
2025-02-26 12:00:00,0.0,1.0,1.0,68.2,52.0,0.0,1.0,1.0,63.73333333,1.0,1.0,0.0,63.0,47.36666667,70.0,68.33333333,100.0,2.0,80.0,60.0,0,False,False,False,False,False
2025-02-26 12:15:00,0.0,1.0,1.0,68.2,52.0,0.0,1.0,1.0,63.63333333,1.0,1.0,0.0,62.33333333,47.26666667,70.0,68.16666667,100.0,2.0,80.0,60.0,0,False,False,False,False,False
2025-02-26 12:30:00,0.0,1.0,1.0,68.2,52.0,0.0,1.0,1.0,63.46666667,1.0,1.0,0.0,61.33333333,47.2,70.0,67.96666667,100.0,2.0,80.0,60.0,0,False,False,False,False,False
2025-02-26 12:45:00,0.0,1.0,1.0,68.2,52.0,0.0,1.0,1.0,63.43333333,1.0,1.0,0.0,61.66666667,47.13333333,70.0,67.9,100.0,2.0,80.0,60.0,0,False,False,False,False,False
2025-02-26 13:00:00,0.0,1.0,1.0,68.2,52.0,0.0,1.0,1.0,63.56666667,1.0,1.0,0.0,63.33333333,46.9,70.0,67.9,100.0,2.0,80.0,60.0,0,False,False,False,False,False
2025-02-26 13:15:00,0.0,1.0,1.0,68.2,52.0,0.0,1.0,1.0,63.7,1.0,1.0,0.0,64.33333333,47.43333333,70.0,67.9,100.0,2.0,80.0,60.0,0,False,False,False,False,False
2025-02-26 13:30:00,0.0,1.0,1.0,68.2,52.0,0.0,1.0,1.0,63.76666667,1.0,1.0,0.0,63.66666667,48.06666667,70.0,67.9,100.0,2.0,80.0,60.0,0,False,False,False,False,False
2025-02-26 13:45:00,0.0,1.0,1.0,68.2,52.0,0.0,1.0,1.0,64.06666667,1.0,1.0,0.0,64.33333333,49.83333333,70.0,68.03333333,100.0,2.0,80.0,60.0,0,False,False,False,False,False
2025-02-26 14:00:00,0.0,1.0,1.0,68.2,52.0,0.0,1.0,1.0,64.6,1.0,1.0,0.0,63.33333333,53.03333333,70.0,68.26666667,100.0,2.0,80.0,60.0,0,False,False,False,False,False
2025-02-26 14:15:00,0.0,1.0,1.0,68.2,52.0,0.0,1.0,1.0,65.23333333,1.0,1.0,0.0,57.33333333,57.3,70.0,68.63333333,100.0,2.0,80.0,60.0,0,False,False,False,False,False
2025-02-26 14:30:00,0.0,1.0,1.0,68.2,52.0,0.0,1.0,1.0,65.6,1.0,1.0,0.0,54.66666667,58.13333333,70.0,68.96666667,100.0,2.0,80.0,60.0,0,False,False,False,False,False
2025-02-26 14:45:00,0.0,1.0,1.0,68.2,52.0,0.0,1.0,1.0,65.83333333,1.0,1.0,0.0,55.0,58.83333333,70.0,69.06666667,100.0,2.0,80.0,60.0,0,False,False,False,False,False
2025-02-26 15:00:00,0.0,1.0,1.0,68.2,52.0,0.0,1.0,1.0,66.6,1.0,1.0,0.0,50.66666667,62.26666667,70.0,69.46666667,100.0,2.0,80.0,60.0,0,False,False,False,False,False
2025-02-26 15:15:00,0.0,1.0,1.0,68.2,52.0,0.0,1.0,1.0,66.9,1.0,1.0,0.0,48.0,62.96666667,70.0,69.93333333,100.0,2.0,80.0,60.0,0,False,False,False,False,False
2025-02-26 15:30:00,0.0,1.0,1.0,68.2,52.0,0.0,1.0,1.0,66.93333333,1.0,1.0,0.0,48.0,62.76666667,70.0,70.3,100.0,2.0,80.0,60.0,0,False,False,False,False,False
2025-02-26 15:45:00,0.0,1.0,1.0,68.2,52.0,0.0,1.0,1.0,67.33333333,1.0,1.0,0.0,46.66666667,63.9,70.0,70.86666667,100.0,2.0,80.0,60.0,0,False,False,False,False,False
2025-02-26 16:00:00,0.0,1.0,1.0,68.2,52.0,0.0,1.0,1.0,67.46666667,1.0,1.0,0.0,46.66666667,64.03333333,70.0,71.16666667,100.0,2.0,80.0,60.0,0,False,False,False,False,False
2025-02-26 16:15:00,0.0,1.0,1.0,68.2,52.0,0.0,1.0,1.0,67.9,1.0,1.0,0.0,46.66666667,65.63333333,70.0,71.2,100.0,2.0,80.0,60.0,0,False,False,False,False,False
2025-02-26 16:30:00,0.0,1.0,1.0,68.2,52.0,0.0,1.0,1.0,68.5,1.0,1.0,0.0,43.33333333,67.76666667,70.0,71.26666667,100.0,2.0,80.0,60.0,0,False,False,False,False,False
2025-02-26 16:45:00,0.0,1.0,1.0,68.2,52.0,0.0,1.0,1.0,68.73333333,1.0,1.0,0.0,40.33333333,69.33333333,70.0,71.63333333,100.0,2.0,80.0,60.0,0,False,False,False,False,False
2025-02-26 17:00:00,11.0,1.0,1.333333333,71.8,52.0,0.0,1.0,1.0,66.06666667,1.0,1.0,1.666666667,39.66666667,69.46666667,70.0,72.03333333,100.0,2.0,80.0,60.0,0,False,False,False,False,False
2025-02-26 17:15:00,0.0,1.0,1.0,71.8,52.0,0.0,1.0,1.0,66.96666667,1.0,1.0,0.0,39.66666667,69.06666667,70.0,71.1,100.0,2.0,80.0,60.0,0,False,False,False,False,False
2025-02-26 17:30:00,0.0,1.0,1.0,71.8,52.0,0.0,1.0,1.0,69.2,1.0,1.0,0.0,39.33333333,72.3,70.0,71.63333333,100.0,2.0,80.0,60.0,0,False,False,False,False,False
2025-02-26 17:45:00,0.0,1.0,1.0,71.8,52.0,0.0,1.0,1.0,69.56666667,1.0,1.0,0.0,40.0,73.86666667,70.0,71.96666667,100.0,2.0,80.0,60.0,0,False,False,False,False,False
2025-02-26 18:00:00,0.0,1.0,1.0,71.8,52.0,0.0,1.0,1.0,69.76666667,1.0,1.0,0.0,39.0,74.6,70.0,72.13333333,100.0,2.0,80.0,60.0,0,False,False,False,False,False
2025-02-26 18:15:00,11.0,1.0,1.333333333,71.8,52.0,0.0,1.0,1.0,67.2,1.0,1.0,0.0,39.0,73.43333333,70.0,71.7,100.0,2.0,80.0,60.0,0,False,False,False,False,False
2025-02-26 18:30:00,11.0,1.0,1.333333333,71.8,52.0,0.0,1.0,1.0,66.4,1.0,1.0,0.0,39.0,73.83333333,70.0,71.83333333,100.0,2.0,80.0,60.0,0,False,False,False,False,False
2025-02-26 18:45:00,11.0,1.0,1.333333333,71.8,52.0,0.0,1.0,1.0,66.93333333,1.0,1.0,0.0,39.0,75.06666667,70.0,71.8,100.0,2.0,80.0,60.0,0,False,False,False,False,False
2025-02-26 19:00:00,0.0,1.0,1.0,71.8,52.0,0.0,1.0,1.0,66.8,1.0,1.0,0.0,38.33333333,75.73333333,70.0,71.6,100.0,2.0,80.0,60.0,0,False,False,False,False,False
2025-02-26 19:15:00,0.0,1.0,1.0,71.8,52.0,0.0,1.0,1.0,69.83333333,1.0,1.0,0.0,38.0,75.53333333,70.0,71.83333333,100.0,2.0,80.0,60.0,0,False,False,False,False,False
2025-02-26 19:30:00,0.0,1.0,1.0,71.8,52.0,0.0,1.0,1.0,69.9,1.0,1.0,0.0,39.0,75.0,70.0,71.9,100.0,2.0,80.0,60.0,0,False,False,False,False,False
2025-02-26 19:45:00,0.0,1.0,1.0,71.8,52.0,0.0,1.0,1.0,69.96666667,1.0,1.0,0.0,39.0,74.93333333,70.0,71.9,100.0,2.0,80.0,60.0,0,False,False,False,False,False
2025-02-26 20:00:00,0.0,1.0,1.0,71.8,52.0,0.0,1.0,1.0,67.26666667,1.0,1.0,0.0,38.66666667,75.7,70.0,71.53333333,100.0,2.0,80.0,60.0,0,False,False,False,False,False
2025-02-26 20:15:00,0.0,1.0,1.0,71.8,52.0,0.0,1.0,1.0,70.23333333,1.0,1.0,0.0,37.0,78.13333333,70.0,71.63333333,100.0,2.0,80.0,60.0,0,False,False,False,False,False
2025-02-26 20:30:00,0.0,1.0,1.0,71.8,52.0,0.0,1.0,1.0,70.4,1.0,1.0,0.0,36.0,77.63333333,70.0,72.0,100.0,2.0,80.0,60.0,0,False,False,False,False,False
2025-02-26 20:45:00,11.0,1.0,1.333333333,71.8,52.0,0.0,1.0,1.0,67.36666667,1.0,1.0,0.0,35.66666667,75.0,70.0,71.7,100.0,2.0,80.0,60.0,0,False,False,False,False,False
2025-02-26 21:00:00,0.0,1.0,1.0,71.8,52.0,0.0,1.0,1.0,69.66666667,1.0,1.0,0.0,35.33333333,73.46666667,70.0,71.43333333,100.0,2.0,80.0,60.0,0,False,False,False,False,False
2025-02-26 21:15:00,0.0,1.0,1.0,71.8,52.0,0.0,1.0,1.0,70.03333333,1.0,1.0,0.0,36.0,73.56666667,70.0,71.6,100.0,2.0,80.0,60.0,0,False,False,False,False,False
2025-02-26 21:30:00,0.0,1.0,1.0,71.8,52.0,0.0,1.0,1.0,70.1,1.0,1.0,0.0,36.33333333,73.3,70.0,71.6,100.0,2.0,80.0,60.0,0,False,False,False,False,False
2025-02-26 21:45:00,0.0,1.0,1.0,71.8,52.0,0.0,1.0,1.0,70.1,1.0,1.0,0.0,37.33333333,72.8,70.0,71.6,100.0,2.0,80.0,60.0,0,False,False,False,False,False
2025-02-26 22:00:00,0.0,1.0,1.0,71.8,52.0,0.0,1.0,1.0,70.1,1.0,1.0,0.0,38.0,72.9,70.0,71.6,100.0,2.0,80.0,60.0,0,False,False,False,False,False
2025-02-26 22:15:00,0.0,1.0,1.0,71.8,52.0,0.0,1.0,1.0,70.1,1.0,1.0,0.0,38.0,73.06666667,70.0,71.6,100.0,2.0,80.0,60.0,0,False,False,False,False,False
2025-02-26 22:30:00,0.0,1.0,1.0,71.8,52.0,0.0,1.0,1.0,70.1,1.0,1.0,0.0,38.33333333,72.73333333,70.0,71.6,100.0,2.0,80.0,60.0,0,False,False,False,False,False
2025-02-26 22:45:00,0.0,1.0,1.0,71.8,52.0,0.0,1.0,1.0,70.1,1.0,1.0,0.0,39.33333333,72.16666667,70.0,71.6,100.0,2.0,80.0,60.0,0,False,False,False,False,False
2025-02-26 23:00:00,0.0,1.0,1.0,71.8,52.0,0.0,1.0,1.0,70.1,1.0,1.0,0.0,40.0,71.83333333,70.0,71.6,100.0,2.0,80.0,60.0,0,False,False,False,False,False
2025-02-26 23:15:00,0.0,1.0,1.0,71.8,52.0,0.0,1.0,1.0,70.1,1.0,1.0,0.0,40.66666667,71.3,70.0,71.6,100.0,2.0,80.0,60.0,0,False,False,False,False,False
2025-02-26 23:30:00,0.0,1.0,1.0,71.8,52.0,0.0,1.0,1.0,69.96666667,1.0,1.0,0.0,41.33333333,70.83333333,70.0,71.53333333,100.0,2.0,80.0,60.0,0,False,False,False,False,False
2025-02-26 23:45:00,0.0,1.0,1.0,71.8,52.0,0.0,1.0,1.0,69.7,1.0,1.0,0.0,42.33333333,70.33333333,70.0,71.4,100.0,2.0,80.0,60.0,0,False,False,False,False,False
2025-02-27 00:00:00,0.0,1.0,1.0,71.8,52.0,0.0,1.0,1.0,69.7,1.0,1.0,0.0,43.0,69.73333333,70.0,71.4,100.0,2.0,80.0,60.0,0,False,False,False,False,False
2025-02-27 00:15:00,0.0,1.0,1.0,71.8,52.0,0.0,1.0,1.0,69.7,1.0,1.0,0.0,43.0,69.43333333,70.0,71.4,100.0,2.0,80.0,60.0,0,False,False,False,False,False
2025-02-27 00:30:00,0.0,1.0,1.0,71.8,52.0,0.0,1.0,1.0,69.7,1.0,1.0,0.0,43.0,69.43333333,70.0,71.4,100.0,2.0,80.0,60.0,0,False,False,False,False,False
2025-02-27 00:45:00,0.0,1.0,1.0,71.8,52.0,0.0,1.0,1.0,69.76666667,1.0,1.0,0.0,42.66666667,69.66666667,70.0,71.4,100.0,2.0,80.0,60.0,0,False,False,False,False,False
2025-02-27 01:00:00,0.0,1.0,1.0,71.8,52.0,0.0,1.0,1.0,69.9,1.0,1.0,0.0,42.0,70.0,70.0,71.4,100.0,2.0,80.0,60.0,0,False,False,False,False,False
2025-02-27 01:15:00,0.0,1.0,1.0,71.8,52.0,0.0,1.0,1.0,69.9,1.0,1.0,0.0,41.66666667,70.0,70.0,71.33333333,100.0,2.0,80.0,60.0,0,False,False,False,False,False
2025-02-27 01:30:00,0.0,1.0,1.0,71.8,52.0,0.0,1.0,1.0,69.9,1.0,1.0,2.0,39.33333333,69.93333333,70.0,71.2,100.0,2.0,80.0,60.0,0,False,False,False,False,False
2025-02-27 01:45:00,0.0,1.0,1.0,71.8,52.0,0.0,1.0,1.0,69.9,1.0,1.0,0.0,37.66666667,69.63333333,70.0,71.2,100.0,2.0,80.0,60.0,0,False,False,False,False,False
2025-02-27 02:00:00,0.0,1.0,1.0,71.8,52.0,0.0,1.0,1.0,69.7,1.0,1.0,0.0,38.33333333,69.23333333,70.0,71.2,100.0,2.0,80.0,60.0,0,False,False,False,False,False
2025-02-27 02:15:00,0.0,1.0,1.0,71.8,52.0,0.0,1.0,1.0,69.63333333,1.0,1.0,0.0,39.66666667,68.06666667,70.0,71.2,100.0,2.0,80.0,60.0,0,False,False,False,False,False
2025-02-27 02:30:00,0.0,1.0,1.0,71.8,52.0,0.0,1.0,1.0,69.53333333,1.0,1.0,0.0,41.66666667,66.8,70.0,71.2,100.0,2.0,80.0,60.0,0,False,False,False,False,False
2025-02-27 02:45:00,0.0,1.0,1.0,71.8,52.0,0.0,1.0,1.0,69.4,1.0,1.0,0.0,41.33333333,66.83333333,70.0,71.2,100.0,2.0,80.0,60.0,0,False,False,False,False,False
2025-02-27 03:00:00,0.0,1.0,1.0,71.8,52.0,0.0,1.0,1.0,69.4,1.0,1.0,0.0,39.66666667,67.36666667,70.0,71.2,100.0,2.0,80.0,60.0,0,False,False,False,False,False
2025-02-27 03:15:00,0.0,1.0,1.0,71.8,52.0,0.0,1.0,1.0,69.4,1.0,1.0,0.0,39.33333333,67.86666667,70.0,71.2,100.0,2.0,80.0,60.0,0,False,False,False,False,False
2025-02-27 03:30:00,0.0,1.0,1.0,71.8,52.0,0.0,1.0,1.0,82.93333333,1.0,1.0,0.0,41.0,68.16666667,70.0,71.2,100.0,2.0,80.0,60.0,0,False,False,False,False,False
2025-02-27 03:45:00,0.0,1.0,1.0,71.8,52.0,0.0,1.0,1.0,69.6,1.0,1.0,0.0,43.66666667,66.46666667,70.0,71.2,100.0,2.0,80.0,60.0,0,False,False,False,False,False
2025-02-27 04:00:00,0.0,1.0,1.0,71.8,52.0,0.0,1.0,1.0,69.26666667,1.0,1.0,0.0,47.0,62.73333333,70.0,71.2,100.0,2.0,80.0,60.0,0,False,False,False,False,False
2025-02-27 04:15:00,0.0,1.0,1.0,71.8,52.0,0.0,1.0,1.0,69.03333333,1.0,1.0,0.0,49.33333333,62.23333333,70.0,71.2,100.0,2.0,80.0,60.0,0,False,False,False,False,False
2025-02-27 04:30:00,0.0,1.0,1.0,71.8,52.0,0.0,1.0,1.0,68.76666667,1.0,1.0,0.0,52.33333333,60.86666667,70.0,71.2,100.0,2.0,80.0,60.0,0,False,False,False,False,False
2025-02-27 04:45:00,0.0,1.0,1.0,71.8,52.0,0.0,1.0,1.0,68.53333333,1.0,1.0,0.0,55.33333333,60.4,70.0,71.2,100.0,2.0,80.0,60.0,0,False,False,False,False,False
2025-02-27 05:00:00,0.0,1.0,1.0,71.8,52.0,0.0,1.0,1.0,68.5,1.0,1.0,0.0,56.0,61.26666667,70.0,71.2,100.0,2.0,80.0,60.0,0,False,False,False,False,False
2025-02-27 05:15:00,0.0,1.0,1.0,71.8,52.0,0.0,1.0,1.0,68.43333333,1.0,1.0,0.0,57.0,61.3,70.0,71.13333333,100.0,2.0,80.0,60.0,0,False,False,False,False,False
2025-02-27 05:30:00,0.0,1.0,1.0,71.8,52.0,0.0,1.0,1.0,68.3,1.0,1.0,0.0,58.66666667,61.5,70.0,71.1,100.0,2.0,80.0,60.0,0,False,False,False,False,False
2025-02-27 05:45:00,0.0,1.0,1.0,71.8,52.0,0.0,1.0,1.0,68.3,1.0,1.0,0.0,60.0,61.43333333,70.0,71.1,100.0,2.0,80.0,60.0,0,False,False,False,False,False
2025-02-27 06:00:00,0.0,1.0,1.0,71.8,52.0,0.0,1.0,1.0,68.3,1.0,1.0,0.0,60.66666667,61.0,70.0,71.1,100.0,2.0,80.0,60.0,0,False,False,False,False,False
2025-02-27 06:15:00,0.0,1.0,1.0,71.8,52.0,0.0,1.0,1.0,68.3,1.0,1.0,0.0,61.0,61.43333333,70.0,71.1,100.0,2.0,80.0,60.0,0,False,False,False,False,False
2025-02-27 06:30:00,0.0,1.0,1.0,71.8,52.0,0.0,1.0,1.0,68.3,1.0,1.0,0.0,61.0,61.6,70.0,71.1,100.0,2.0,80.0,60.0,0,False,False,False,False,False
2025-02-27 06:45:00,0.0,1.0,1.0,71.8,52.0,0.0,1.0,1.0,68.3,1.0,1.0,0.0,61.0,61.4,70.0,71.1,100.0,2.0,80.0,60.0,0,False,False,False,False,False
2025-02-27 07:00:00,0.0,1.0,1.0,71.8,52.0,0.0,1.0,1.0,68.23333333,1.0,1.0,0.0,61.33333333,61.13333333,70.0,71.03333333,100.0,2.0,80.0,60.0,0,False,False,False,False,False
2025-02-27 07:15:00,0.0,1.0,1.0,71.8,52.0,0.0,1.0,1.0,68.1,1.0,1.0,0.0,62.0,60.76666667,70.0,70.9,100.0,2.0,80.0,60.0,0,False,False,False,False,False
2025-02-27 07:30:00,0.0,1.0,1.0,71.8,52.0,0.0,1.0,1.0,68.06666667,1.0,1.0,0.0,62.0,60.4,70.0,70.9,100.0,2.0,80.0,60.0,0,False,False,False,False,False
2025-02-27 07:45:00,0.0,1.0,1.0,71.8,52.0,0.0,1.0,1.0,68.0,1.0,1.0,0.0,62.33333333,59.9,70.0,70.86666667,100.0,2.0,80.0,60.0,0,False,False,False,False,False
2025-02-27 08:00:00,0.0,1.0,1.0,71.8,52.0,0.0,1.0,1.0,67.93333333,1.0,1.0,0.0,63.0,59.3,70.0,70.8,100.0,2.0,80.0,60.0,0,False,False,False,False,False
2025-02-27 08:15:00,0.0,1.0,1.0,71.8,52.0,0.0,1.0,1.0,67.8,1.0,1.0,0.0,63.0,58.96666667,70.0,70.73333333,100.0,2.0,80.0,60.0,0,False,False,False,False,False
2025-02-27 08:30:00,0.0,1.0,1.0,71.8,52.0,0.0,1.0,1.0,67.7,1.0,1.0,0.0,62.66666667,58.4,70.0,70.6,100.0,2.0,80.0,60.0,0,False,False,False,False,False
2025-02-27 08:45:00,0.0,1.0,1.0,71.8,52.0,0.0,1.0,1.0,67.7,1.0,1.0,0.0,62.0,57.73333333,70.0,70.6,100.0,2.0,80.0,60.0,0,False,False,False,False,False
2025-02-27 09:00:00,0.0,1.0,1.0,71.8,52.0,0.0,1.0,1.0,67.7,1.0,1.0,0.0,61.66666667,57.5,70.0,70.73333333,100.0,2.0,80.0,60.0,0,False,False,False,False,False
2025-02-27 09:15:00,0.0,1.0,1.0,71.8,52.0,0.0,1.0,1.0,67.5,1.0,1.0,0.0,60.66666667,56.83333333,70.0,70.8,100.0,2.0,80.0,60.0,0,False,False,False,False,False
2025-02-27 09:30:00,0.0,1.0,1.0,71.8,52.0,0.0,1.0,1.0,67.43333333,1.0,1.0,0.0,59.0,56.33333333,70.0,70.66666667,100.0,2.0,80.0,60.0,0,False,False,False,False,False
2025-02-27 09:45:00,0.0,1.0,1.0,71.8,52.0,0.0,1.0,1.0,67.2,1.0,1.0,0.0,58.33333333,55.93333333,70.0,70.6,100.0,2.0,80.0,60.0,0,False,False,False,False,False
2025-02-27 10:00:00,0.0,1.0,1.0,71.8,52.0,0.0,1.0,1.0,67.2,1.0,1.0,0.0,58.0,55.36666667,70.0,70.56666667,100.0,2.0,80.0,60.0,0,False,False,False,False,False
2025-02-27 10:15:00,0.0,1.0,1.0,71.8,52.0,0.0,1.0,1.0,67.06666667,1.0,1.0,0.0,58.0,54.93333333,70.0,70.5,100.0,2.0,80.0,60.0,0,False,False,False,False,False
2025-02-27 10:30:00,0.0,1.0,1.0,71.8,52.0,0.0,1.0,1.0,66.96666667,1.0,1.0,0.0,57.33333333,54.43333333,70.0,70.5,100.0,2.0,80.0,60.0,0,False,False,False,False,False
2025-02-27 10:45:00,0.0,1.0,1.0,71.8,52.0,0.0,1.0,1.0,66.9,1.0,1.0,0.0,57.66666667,53.53333333,70.0,70.5,100.0,2.0,80.0,60.0,0,False,False,False,False,False
2025-02-27 11:00:00,0.0,1.0,1.0,71.8,52.0,0.0,1.0,1.0,66.9,1.0,1.0,0.0,59.0,53.36666667,70.0,70.43333333,100.0,2.0,80.0,60.0,0,False,False,False,False,False
2025-02-27 11:15:00,0.0,1.0,1.0,71.8,52.0,0.0,1.0,1.0,66.76666667,1.0,1.0,0.0,57.66666667,54.5,70.0,70.3,100.0,2.0,80.0,60.0,0,False,False,False,False,False
2025-02-27 11:30:00,0.0,1.0,1.0,71.8,52.0,0.0,1.0,1.0,66.7,1.0,1.0,0.0,56.33333333,54.7,70.0,70.1,100.0,2.0,80.0,60.0,0,False,False,False,False,False
2025-02-27 11:45:00,0.0,1.0,1.0,71.8,52.0,0.0,1.0,1.0,66.66666667,1.0,1.0,0.0,56.0,54.36666667,70.0,70.1,100.0,2.0,80.0,60.0,0,False,False,False,False,False
2025-02-27 12:00:00,0.0,1.0,1.0,71.8,52.0,0.0,1.0,1.0,66.6,1.0,1.0,0.0,56.0,54.13333333,70.0,70.03333333,100.0,2.0,80.0,60.0,0,False,False,False,False,False
2025-02-27 12:15:00,0.0,1.0,1.0,71.8,52.0,0.0,1.0,1.0,66.46666667,1.0,1.0,0.0,56.0,54.2,70.0,70.0,100.0,2.0,80.0,60.0,0,False,False,False,False,False
2025-02-27 12:30:00,0.0,1.0,1.0,71.8,52.0,0.0,1.0,1.0,66.4,1.0,1.0,0.0,56.0,53.7,70.0,70.0,100.0,2.0,80.0,60.0,0,False,False,False,False,False
2025-02-27 12:45:00,0.0,1.0,1.0,71.8,52.0,0.0,1.0,1.0,66.4,1.0,1.0,0.0,56.0,53.13333333,70.0,70.0,100.0,2.0,80.0,60.0,0,False,False,False,False,False
2025-02-27 13:00:00,0.0,1.0,1.0,71.8,52.0,0.0,1.0,1.0,66.4,1.0,1.0,0.0,56.0,53.26666667,70.0,70.0,100.0,2.0,80.0,60.0,0,False,False,False,False,False
2025-02-27 13:15:00,0.0,1.0,1.0,71.8,52.0,0.0,1.0,1.0,66.4,1.0,1.0,0.0,56.0,53.63333333,70.0,70.0,100.0,2.0,80.0,60.0,0,False,False,False,False,False
2025-02-27 13:30:00,0.0,1.0,1.0,71.8,52.0,0.0,1.0,1.0,66.4,1.0,1.0,0.0,56.0,53.63333333,70.0,70.0,100.0,2.0,80.0,60.0,0,False,False,False,False,False
2025-02-27 13:45:00,0.0,1.0,1.0,71.8,52.0,0.0,1.0,1.0,66.46666667,1.0,1.0,0.0,55.33333333,54.3,70.0,70.0,100.0,2.0,80.0,60.0,0,False,False,False,False,False
2025-02-27 14:00:00,0.0,1.0,1.0,71.8,52.0,0.0,1.0,1.0,66.83333333,1.0,1.0,0.0,53.66666667,55.76666667,70.0,70.03333333,100.0,2.0,80.0,60.0,0,False,False,False,False,False
2025-02-27 14:15:00,0.0,1.0,1.0,71.8,52.0,0.0,1.0,1.0,67.0,1.0,1.0,0.666666667,51.0,56.0,70.0,70.3,100.0,2.0,80.0,60.0,0,False,False,False,False,False
2025-02-27 14:30:00,0.0,1.0,1.0,71.8,52.0,0.0,1.0,1.0,67.06666667,1.0,1.0,3.0,51.0,55.7,70.0,70.56666667,100.0,2.0,80.0,60.0,0,False,False,False,False,False
2025-02-27 14:45:00,0.0,1.0,1.0,71.8,52.0,0.0,1.0,1.0,67.53333333,1.0,1.0,2.666666667,49.33333333,57.76666667,70.0,70.76666667,100.0,2.0,80.0,60.0,0,False,False,False,False,False
2025-02-27 15:00:00,0.0,1.0,1.0,71.8,52.0,0.0,1.0,1.0,67.76666667,1.0,1.0,0.0,48.0,59.3,70.0,71.06666667,100.0,2.0,80.0,60.0,0,False,False,False,False,False
2025-02-27 15:15:00,0.0,1.0,1.0,71.8,52.0,0.0,1.0,1.0,68.0,1.0,1.0,0.0,47.0,60.3,70.0,71.4,100.0,2.0,80.0,60.0,0,False,False,False,False,False
2025-02-27 15:30:00,0.0,1.0,1.0,71.8,52.0,0.0,1.0,1.0,68.2,1.0,1.0,0.0,45.0,61.7,70.0,71.83333333,100.0,2.0,80.0,60.0,0,False,False,False,False,False
2025-02-27 15:45:00,11.0,1.0,1.333333333,71.8,52.0,0.0,1.0,1.0,66.03333333,1.0,1.0,0.0,44.0,61.83333333,70.0,72.33333333,100.0,2.0,80.0,60.0,0,False,False,False,False,False
2025-02-27 16:00:00,0.0,1.0,1.0,71.8,52.0,0.0,1.0,1.0,67.73333333,1.0,1.0,0.0,43.0,60.93333333,70.0,71.73333333,100.0,2.0,80.0,60.0,0,False,False,False,False,False
2025-02-27 16:15:00,11.0,1.0,1.333333333,71.8,52.0,0.0,1.0,1.0,65.96666667,1.0,1.0,0.0,42.66666667,61.23333333,70.0,71.83333333,100.0,2.0,80.0,60.0,0,False,False,False,False,False
2025-02-27 16:30:00,0.0,1.0,1.333333333,71.8,52.0,0.0,1.0,1.0,68.46666667,1.0,1.0,0.0,42.0,63.33333333,70.0,71.73333333,100.0,2.0,80.0,60.0,0,False,False,False,False,False
2025-02-27 16:45:00,11.0,1.0,1.333333333,71.8,52.0,0.0,1.0,1.0,65.96666667,1.0,1.0,0.0,41.0,61.86666667,70.0,71.8,100.0,2.0,80.0,60.0,0,False,False,False,False,False
2025-02-27 17:00:00,0.0,1.0,1.333333333,71.8,52.0,0.0,1.0,1.0,66.13333333,1.0,1.0,0.0,41.0,62.9,70.0,71.86666667,100.0,2.0,80.0,60.0,0,False,False,False,False,False
2025-02-27 17:15:00,11.0,1.0,1.333333333,71.8,52.0,0.0,1.0,1.0,66.83333333,1.0,1.0,0.0,41.0,64.2,70.0,71.86666667,100.0,2.0,80.0,60.0,0,False,False,False,False,False
2025-02-27 17:30:00,0.0,1.0,1.0,71.8,52.0,0.0,1.0,1.0,66.4,1.0,1.0,0.0,41.0,64.26666667,70.0,71.66666667,100.0,2.0,80.0,60.0,0,False,False,False,False,False
2025-02-27 17:45:00,11.0,1.0,1.333333333,71.8,52.0,0.0,1.0,1.0,66.23333333,1.0,1.0,0.0,40.0,64.83333333,70.0,71.96666667,100.0,2.0,80.0,60.0,0,False,False,False,False,False
2025-02-27 18:00:00,11.0,1.0,1.333333333,71.8,52.0,0.0,1.0,1.0,66.13333333,1.0,1.0,0.0,39.0,64.73333333,70.0,71.9,100.0,2.0,80.0,60.0,0,False,False,False,False,False
2025-02-27 18:15:00,11.0,1.0,1.333333333,71.8,52.0,0.0,1.0,1.0,66.56666667,1.0,1.0,0.0,39.0,65.9,70.0,71.76666667,100.0,2.0,80.0,60.0,0,False,False,False,False,False
2025-02-27 18:30:00,11.0,1.0,1.333333333,71.8,52.0,0.0,1.0,1.0,65.66666667,1.0,1.0,0.0,39.0,64.73333333,70.0,71.83333333,100.0,2.0,80.0,60.0,0,False,False,False,False,False
2025-02-27 18:45:00,0.0,1.0,1.0,71.8,52.0,0.0,1.0,1.0,65.8,1.0,1.0,0.0,39.33333333,65.93333333,70.0,71.7,100.0,2.0,80.0,60.0,0,False,False,False,False,False
2025-02-27 19:00:00,0.0,1.0,1.0,71.8,52.0,0.0,1.0,1.0,68.66666667,1.0,1.0,0.0,37.33333333,66.96666667,70.0,71.73333333,100.0,2.0,80.0,60.0,0,False,False,False,False,False
2025-02-27 19:15:00,11.0,1.0,1.333333333,71.8,52.0,0.0,1.0,1.0,69.16666667,1.0,1.0,0.0,36.33333333,67.1,70.0,72.03333333,100.0,2.0,80.0,60.0,0,False,False,False,False,False
2025-02-27 19:30:00,11.0,1.0,1.333333333,71.8,52.0,0.0,1.0,1.0,66.13333333,1.0,1.0,0.0,35.0,65.33333333,70.0,71.5,100.0,2.0,80.0,60.0,0,False,False,False,False,False
2025-02-27 19:45:00,0.0,1.0,1.0,71.8,52.0,0.0,1.0,1.0,69.16666667,1.0,1.0,0.0,35.0,68.1,70.0,71.8,100.0,2.0,80.0,60.0,0,False,False,False,False,False
2025-02-27 20:00:00,0.0,1.0,1.0,71.8,52.0,0.0,1.0,1.0,69.06666667,1.0,1.0,0.0,35.0,66.3,70.0,71.9,100.0,2.0,80.0,60.0,0,False,False,False,False,False
2025-02-27 20:15:00,0.0,1.0,1.333333333,71.8,52.0,0.0,1.0,1.0,67.36666667,1.0,1.0,0.0,35.0,65.73333333,70.0,72.0,100.0,2.0,80.0,60.0,0,False,False,False,False,False
2025-02-27 20:30:00,0.0,1.0,1.0,71.8,52.0,0.0,1.0,1.0,68.43333333,1.0,1.0,0.0,35.0,64.3,70.0,71.33333333,100.0,2.0,80.0,60.0,0,False,False,False,False,False
2025-02-27 20:45:00,0.0,1.0,1.0,71.8,52.0,0.0,1.0,1.0,69.1,1.0,1.0,0.0,34.66666667,65.23333333,70.0,71.83333333,100.0,2.0,80.0,60.0,0,False,False,False,False,False
2025-02-27 21:00:00,11.0,1.0,1.333333333,71.8,52.0,0.0,1.0,1.0,69.3,1.0,1.0,0.0,33.0,65.9,70.0,72.13333333,100.0,2.0,80.0,60.0,0,False,False,False,False,False
2025-02-27 21:15:00,11.0,1.0,1.333333333,71.8,52.0,0.0,1.0,1.0,66.16666667,1.0,1.0,0.0,32.33333333,65.53333333,70.0,71.46666667,100.0,2.0,80.0,60.0,0,False,False,False,False,False
2025-02-27 21:30:00,0.0,1.0,1.0,71.8,52.0,0.0,1.0,1.0,69.23333333,1.0,1.0,0.0,31.66666667,65.5,70.0,71.33333333,100.0,2.0,80.0,60.0,0,False,False,False,False,False
2025-02-27 21:45:00,0.0,1.0,1.0,71.8,52.0,0.0,1.0,1.0,69.3,1.0,1.0,0.0,31.33333333,64.23333333,70.0,71.6,100.0,2.0,80.0,60.0,0,False,False,False,False,False
2025-02-27 22:00:00,0.0,1.0,1.0,71.8,52.0,0.0,1.0,1.0,69.16666667,1.0,1.0,0.0,32.66666667,63.13333333,70.0,71.6,100.0,2.0,80.0,60.0,0,False,False,False,False,False
2025-02-27 22:15:00,0.0,1.0,1.0,71.8,52.0,0.0,1.0,1.0,69.03333333,1.0,1.0,0.0,33.66666667,62.4,70.0,71.6,100.0,2.0,80.0,60.0,0,False,False,False,False,False
2025-02-27 22:30:00,0.0,1.0,1.0,71.8,52.0,0.0,1.0,1.0,68.9,1.0,1.0,0.0,33.33333333,62.26666667,70.0,71.6,100.0,2.0,80.0,60.0,0,False,False,False,False,False
2025-02-27 22:45:00,0.0,1.0,1.0,71.8,52.0,0.0,1.0,1.0,68.96666667,1.0,1.0,0.0,32.33333333,62.3,70.0,71.6,100.0,2.0,80.0,60.0,0,False,False,False,False,False
2025-02-27 23:00:00,0.0,1.0,1.0,71.8,52.0,0.0,1.0,1.0,68.66666667,1.0,1.0,0.0,31.33333333,61.03333333,70.0,71.6,100.0,2.0,80.0,60.0,0,False,False,False,False,False
2025-02-27 23:15:00,0.0,1.0,1.0,71.8,52.0,0.0,1.0,1.0,68.5,1.0,1.0,0.0,32.33333333,60.3,70.0,71.53333333,100.0,2.0,80.0,60.0,0,False,False,False,False,False
2025-02-27 23:30:00,0.0,1.0,1.0,71.8,52.0,0.0,1.0,1.0,68.43333333,1.0,1.0,0.0,33.66666667,59.86666667,70.0,71.33333333,100.0,2.0,80.0,60.0,0,False,False,False,False,False
2025-02-27 23:45:00,0.0,1.0,1.0,71.8,52.0,0.0,1.0,1.0,68.23333333,1.0,1.0,0.0,34.33333333,59.26666667,70.0,71.2,100.0,2.0,80.0,60.0,0,False,False,False,False,False
2025-02-28 00:00:00,0.0,1.0,1.0,71.8,52.0,0.0,1.0,1.0,68.1,1.0,1.0,0.0,35.0,59.03333333,70.0,71.13333333,100.0,2.0,80.0,60.0,0,False,False,False,False,False
2025-02-28 00:15:00,0.0,1.0,1.0,71.8,52.0,0.0,1.0,1.0,68.1,1.0,1.0,0.0,35.33333333,58.7,70.0,71.1,100.0,2.0,80.0,60.0,0,False,False,False,False,False
2025-02-28 00:30:00,0.0,1.0,1.0,71.8,52.0,0.0,1.0,1.0,68.1,1.0,1.0,0.0,36.0,58.4,70.0,71.1,100.0,2.0,80.0,60.0,0,False,False,False,False,False
2025-02-28 00:45:00,0.0,1.0,1.0,71.8,52.0,0.0,1.0,1.0,68.1,1.0,1.0,0.0,36.0,57.93333333,70.0,71.1,100.0,2.0,80.0,60.0,0,False,False,False,False,False
2025-02-28 01:00:00,0.0,1.0,1.0,71.8,52.0,0.0,1.0,1.0,68.1,1.0,1.0,0.0,35.33333333,57.73333333,70.0,71.1,100.0,2.0,80.0,60.0,0,False,False,False,False,False
2025-02-28 01:15:00,0.0,1.0,1.0,71.8,52.0,0.0,1.0,1.0,68.03333333,1.0,1.0,0.0,34.33333333,57.36666667,70.0,71.1,100.0,2.0,80.0,60.0,0,False,False,False,False,False
2025-02-28 01:30:00,0.0,1.0,1.0,71.8,52.0,0.0,1.0,1.0,67.86666667,1.0,1.0,0.0,34.0,57.1,70.0,71.1,100.0,2.0,80.0,60.0,0,False,False,False,False,False
2025-02-28 01:45:00,0.0,1.0,1.0,71.8,52.0,0.0,1.0,1.0,67.76666667,1.0,1.0,0.0,34.0,56.93333333,70.0,71.1,100.0,2.0,80.0,60.0,0,False,False,False,False,False
2025-02-28 02:00:00,0.0,1.0,1.0,71.8,52.0,0.0,1.0,1.0,67.63333333,1.0,1.0,0.0,34.0,56.8,70.0,70.9,100.0,2.0,80.0,60.0,0,False,False,False,False,False
2025-02-28 02:15:00,0.0,1.0,1.0,71.8,52.0,0.0,1.0,1.0,67.5,1.0,1.0,0.0,34.66666667,56.56666667,70.0,70.83333333,100.0,2.0,80.0,60.0,0,False,False,False,False,False
2025-02-28 02:30:00,0.0,1.0,1.0,71.8,52.0,0.0,1.0,1.0,67.43333333,1.0,1.0,0.0,35.33333333,55.9,70.0,70.8,100.0,2.0,80.0,60.0,0,False,False,False,False,False
2025-02-28 02:45:00,0.0,1.0,1.0,71.8,52.0,0.0,1.0,1.0,67.4,1.0,1.0,0.0,36.0,56.03333333,70.0,70.8,100.0,2.0,80.0,60.0,0,False,False,False,False,False
2025-02-28 03:00:00,0.0,1.0,1.0,71.8,52.0,0.0,1.0,1.0,67.4,1.0,1.0,0.0,36.0,55.76666667,70.0,70.8,100.0,2.0,80.0,60.0,0,False,False,False,False,False
2025-02-28 03:15:00,0.0,1.0,1.0,71.8,52.0,0.0,1.0,1.0,67.2,1.0,1.0,0.0,36.0,55.03333333,70.0,70.8,100.0,2.0,80.0,60.0,0,False,False,False,False,False
2025-02-28 03:30:00,0.0,1.0,1.0,71.8,52.0,0.0,1.0,1.0,67.2,1.0,1.0,0.0,36.66666667,54.2,70.0,70.66666667,100.0,2.0,80.0,60.0,0,False,False,False,False,False
2025-02-28 03:45:00,0.0,1.0,1.0,71.8,52.0,0.0,1.0,1.0,67.2,1.0,1.0,0.0,37.0,53.73333333,70.0,70.6,100.0,2.0,80.0,60.0,0,False,False,False,False,False
2025-02-28 04:00:00,0.0,1.0,1.0,71.8,52.0,0.0,1.0,1.0,67.2,1.0,1.0,0.0,38.0,53.6,70.0,70.6,100.0,2.0,80.0,60.0,0,False,False,False,False,False
2025-02-28 04:15:00,0.0,1.0,1.0,71.8,52.0,0.0,1.0,1.0,67.2,1.0,1.0,0.0,38.0,53.3,70.0,70.6,100.0,2.0,80.0,60.0,0,False,False,False,False,False
2025-02-28 04:30:00,0.0,1.0,1.0,71.8,52.0,0.0,1.0,1.0,67.06666667,1.0,1.0,0.0,38.66666667,52.86666667,70.0,70.6,100.0,2.0,80.0,60.0,0,False,False,False,False,False
2025-02-28 04:45:00,0.0,1.0,1.0,71.8,52.0,0.0,1.0,1.0,67.0,1.0,1.0,0.0,39.0,52.66666667,70.0,70.6,100.0,2.0,80.0,60.0,0,False,False,False,False,False
2025-02-28 05:00:00,0.0,1.0,1.0,71.8,52.0,0.0,1.0,1.0,67.0,1.0,1.0,0.0,39.66666667,52.53333333,70.0,70.6,100.0,2.0,80.0,60.0,0,False,False,False,False,False
2025-02-28 05:15:00,0.0,1.0,1.0,71.8,52.0,0.0,1.0,1.0,66.86666667,1.0,1.0,0.0,40.0,52.06666667,70.0,70.53333333,100.0,2.0,80.0,60.0,0,False,False,False,False,False
2025-02-28 05:30:00,0.0,1.0,1.0,71.8,52.0,0.0,1.0,1.0,66.6,1.0,1.0,0.0,40.0,51.96666667,70.0,70.5,100.0,2.0,80.0,60.0,0,False,False,False,False,False
2025-02-28 05:45:00,0.0,1.0,1.0,71.8,52.0,0.0,1.0,1.0,66.4,1.0,1.0,0.0,40.5,51.3,70.0,70.5,100.0,2.0,80.0,60.0,0,False,False,False,False,False
2025-02-28 06:00:00,0.0,1.0,1.0,71.8,52.0,0.0,1.0,1.0,66.26666667,1.0,1.0,0.0,41.0,50.6,70.0,70.3,100.0,2.0,80.0,60.0,0,False,False,False,False,False
2025-02-28 06:15:00,0.0,1.0,1.0,71.8,52.0,0.0,1.0,1.0,66.0,1.0,1.0,0.0,41.0,51.46666667,70.0,70.3,100.0,2.0,80.0,60.0,0,False,False,False,False,False
2025-02-28 06:30:00,0.0,1.0,1.0,71.8,52.0,0.0,1.0,1.0,65.86666667,1.0,1.0,0.0,41.0,51.9,70.0,70.16666667,100.0,2.0,80.0,60.0,0,False,False,False,False,False
2025-02-28 06:45:00,0.0,1.0,1.0,71.8,52.0,0.0,1.0,1.0,65.8,1.0,1.0,0.0,42.0,52.0,70.0,70.1,100.0,2.0,80.0,60.0,0,False,False,False,False,False
2025-02-28 07:00:00,0.0,1.0,1.0,71.8,52.0,0.0,1.0,1.0,65.8,1.0,1.0,0.0,42.0,51.8,70.0,70.06666667,100.0,2.0,80.0,60.0,0,False,False,False,False,False
2025-02-28 07:15:00,0.0,1.0,1.0,71.8,52.0,0.0,1.0,1.0,65.66666667,1.0,1.0,0.0,42.0,51.1,70.0,70.0,100.0,2.0,80.0,60.0,0,False,False,False,False,False
2025-02-28 07:30:00,0.0,1.0,1.0,71.8,52.0,0.0,1.0,1.0,65.53333333,1.0,1.0,0.0,42.0,50.3,70.0,69.86666667,100.0,2.0,80.0,60.0,0,False,False,False,False,False
2025-02-28 07:45:00,0.0,1.0,1.0,71.8,52.0,0.0,1.0,1.0,65.33333333,1.0,1.0,0.0,42.33333333,51.13333333,70.0,69.8,100.0,2.0,80.0,60.0,0,False,False,False,False,False
2025-02-28 08:00:00,0.0,1.0,1.0,71.8,52.0,0.0,1.0,1.0,65.3,1.0,1.0,0.0,43.0,51.43333333,70.0,69.7,100.0,2.0,80.0,60.0,0,False,False,False,False,False
2025-02-28 08:15:00,0.0,1.0,1.0,71.8,52.0,0.0,1.0,1.0,65.3,1.0,1.0,0.0,43.0,51.86666667,70.0,69.63333333,100.0,2.0,80.0,60.0,0,False,False,False,False,False
2025-02-28 08:30:00,0.0,1.0,1.0,71.8,52.0,0.0,1.0,1.0,65.3,1.0,1.0,0.0,43.0,52.03333333,70.0,69.5,100.0,2.0,80.0,60.0,0,False,False,False,False,False
2025-02-28 08:45:00,0.0,1.0,1.0,71.8,52.0,0.0,1.0,1.0,65.3,1.0,1.0,0.0,43.0,51.56666667,70.0,69.5,100.0,2.0,80.0,60.0,1,False,False,False,False,False
2025-02-28 09:00:00,0.0,1.0,1.0,71.8,52.0,0.0,1.0,1.0,65.3,1.0,1.0,0.0,43.0,51.36666667,70.0,69.5,100.0,2.0,80.0,60.0,0,False,False,False,False,False
2025-02-28 09:15:00,0.0,1.0,1.0,71.8,52.0,0.0,1.0,1.0,65.1,1.0,1.0,0.0,43.0,51.2,70.0,69.5,100.0,2.0,80.0,60.0,0,False,False,False,False,False
2025-02-28 09:30:00,0.0,1.0,1.0,71.8,52.0,0.0,1.0,1.0,65.06666667,1.0,1.0,0.0,43.0,49.8,70.0,69.43333333,100.0,2.0,80.0,60.0,0,False,False,False,False,False
2025-02-28 09:45:00,0.0,1.0,1.0,71.8,52.0,0.0,1.0,1.0,65.0,1.0,1.0,0.0,43.0,48.33333333,70.0,69.4,100.0,2.0,80.0,60.0,0,False,False,False,False,False
2025-02-28 10:00:00,0.0,1.0,1.0,71.8,52.0,0.0,1.0,1.0,64.86666667,1.0,1.0,0.0,43.33333333,48.0,70.0,69.26666667,100.0,2.0,80.0,60.0,0,False,False,False,False,False
2025-02-28 10:15:00,0.0,1.0,1.0,71.8,52.0,0.0,1.0,1.0,64.8,1.0,1.0,0.0,44.0,48.26666667,70.0,69.2,100.0,2.0,80.0,60.0,0,False,False,False,False,False
2025-02-28 10:30:00,0.0,1.0,1.0,71.8,52.0,0.0,1.0,1.0,64.56666667,1.0,1.0,0.0,44.0,48.33333333,70.0,69.06666667,100.0,2.0,80.0,60.0,0,False,False,False,False,False
2025-02-28 10:45:00,0.0,1.0,1.0,71.8,52.0,0.0,1.0,1.0,64.5,1.0,1.0,0.0,44.0,49.0,70.0,69.0,100.0,2.0,80.0,60.0,0,False,False,False,False,False
2025-02-28 11:00:00,0.0,1.0,1.0,71.8,52.0,0.0,1.0,1.0,64.5,1.0,1.0,0.0,44.0,49.06666667,70.0,68.93333333,100.0,2.0,80.0,60.0,0,False,False,False,False,False
2025-02-28 11:15:00,0.0,1.0,1.0,71.8,52.0,0.0,1.0,1.0,64.5,1.0,1.0,0.0,44.0,49.13333333,70.0,68.83333333,100.0,2.0,80.0,60.0,0,False,False,False,False,False
2025-02-28 11:30:00,0.0,1.0,1.0,71.8,52.0,0.0,1.0,1.0,64.5,1.0,1.0,0.0,44.0,48.93333333,70.0,68.7,100.0,2.0,80.0,60.0,0,False,False,False,False,False
2025-02-28 11:45:00,0.0,1.0,1.0,71.8,52.0,0.0,1.0,1.0,64.5,1.0,1.0,0.0,45.0,48.7,70.0,68.7,100.0,2.0,80.0,60.0,0,False,False,False,False,False
2025-02-28 12:00:00,0.0,1.0,1.0,71.8,52.0,0.0,1.0,1.0,64.5,1.0,1.0,0.0,47.33333333,47.83333333,70.0,68.7,100.0,2.0,80.0,60.0,0,False,False,False,False,False
2025-02-28 12:15:00,0.0,1.0,1.0,71.8,52.0,0.0,1.0,1.0,64.16666667,1.0,1.0,0.0,49.0,47.16666667,70.0,68.7,100.0,2.0,80.0,60.0,0,False,False,False,False,False
2025-02-28 12:30:00,0.0,1.0,1.0,71.8,52.0,0.0,1.0,1.0,64.0,1.0,1.0,0.0,50.33333333,46.76666667,70.0,68.7,100.0,2.0,80.0,60.0,0,False,False,False,False,False
2025-02-28 12:45:00,0.0,1.0,1.0,71.8,52.0,0.0,1.0,1.0,64.06666667,1.0,1.0,0.0,51.66666667,47.06666667,70.0,68.6,100.0,2.0,80.0,60.0,0,False,False,False,False,False
2025-02-28 13:00:00,0.0,1.0,1.0,71.8,52.0,0.0,1.0,1.0,64.2,1.0,1.0,0.0,49.66666667,48.33333333,70.0,68.6,100.0,2.0,80.0,60.0,0,False,False,False,False,False
2025-02-28 13:15:00,0.0,1.0,1.0,71.8,52.0,0.0,1.0,1.0,64.23333333,1.0,1.0,0.0,50.0,49.3,70.0,68.6,100.0,2.0,80.0,60.0,0,False,False,False,False,False
2025-02-28 13:30:00,0.0,1.0,1.0,71.8,52.0,0.0,1.0,1.0,64.8,1.0,1.0,0.0,48.33333333,51.33333333,70.0,68.66666667,100.0,2.0,80.0,60.0,0,False,False,False,False,False
2025-02-28 13:45:00,0.0,1.0,1.0,71.8,52.0,0.0,1.0,1.0,65.23333333,1.0,1.0,0.0,45.33333333,53.46666667,70.0,68.86666667,100.0,2.0,80.0,60.0,0,False,False,False,False,False
2025-02-28 14:00:00,0.0,1.0,1.0,71.8,52.0,0.0,1.0,1.0,65.7,1.0,1.0,0.0,44.33333333,55.23333333,70.0,69.26666667,100.0,2.0,80.0,60.0,0,False,False,False,False,False
2025-02-28 14:15:00,0.0,1.0,1.0,71.8,52.0,0.0,1.0,1.0,66.13333333,1.0,1.0,0.0,40.33333333,56.1,70.0,69.5,100.0,2.0,80.0,60.0,0,False,False,False,False,False
2025-02-28 14:30:00,0.0,1.0,1.0,71.8,52.0,0.0,1.0,1.0,66.56666667,1.0,1.0,0.0,37.0,57.63333333,70.0,69.83333333,100.0,2.0,80.0,60.0,0,False,False,False,False,False
2025-02-28 14:45:00,0.0,1.0,1.0,71.8,52.0,0.0,1.0,1.0,66.7,1.0,1.0,0.0,35.33333333,58.7,70.0,70.06666667,100.0,2.0,80.0,60.0,0,False,False,False,False,False
2025-02-28 15:00:00,0.0,1.0,1.0,71.8,52.0,0.0,1.0,1.0,66.86666667,1.0,1.0,0.0,34.33333333,59.43333333,70.0,70.3,100.0,2.0,80.0,60.0,0,False,False,False,False,False
2025-02-28 15:15:00,0.0,1.0,1.0,71.8,52.0,0.0,1.0,1.0,67.2,1.0,1.0,3.0,33.0,61.03333333,70.0,70.73333333,100.0,2.0,80.0,60.0,0,False,False,False,False,False
2025-02-28 15:30:00,0.0,1.0,1.0,71.8,52.0,0.0,1.0,1.0,67.33333333,1.0,1.0,0.0,32.66666667,61.16666667,70.0,71.06666667,100.0,2.0,80.0,60.0,0,False,False,False,False,False
2025-02-28 15:45:00,0.0,1.0,1.0,71.8,52.0,0.0,1.0,1.0,67.56666667,1.0,1.0,0.0,31.66666667,61.6,70.0,71.63333333,100.0,2.0,80.0,60.0,0,False,False,False,False,False
2025-02-28 16:00:00,0.0,1.0,1.0,71.8,52.0,0.0,1.0,1.0,68.0,1.0,1.0,0.0,30.66666667,62.66666667,70.0,71.9,100.0,2.0,80.0,60.0,0,False,False,False,False,False
2025-02-28 16:15:00,11.0,1.0,1.333333333,71.8,52.0,0.0,1.0,1.0,67.53333333,1.0,1.0,0.0,31.0,62.66666667,70.0,72.0,100.0,2.0,80.0,60.0,0,False,False,False,False,False
2025-02-28 16:30:00,0.0,1.0,1.0,71.8,52.0,0.0,1.0,1.0,65.83333333,1.0,1.0,0.0,29.33333333,62.9,70.0,71.4,100.0,2.0,80.0,60.0,0,False,False,False,False,False
2025-02-28 16:45:00,0.0,1.0,1.0,71.8,52.0,0.0,1.0,1.0,68.23333333,1.0,1.0,0.0,27.0,65.1,70.0,71.73333333,100.0,2.0,80.0,60.0,0,False,False,False,False,False
2025-02-28 17:00:00,0.0,1.0,1.333333333,71.8,52.0,0.0,1.0,1.0,65.83333333,1.0,1.0,0.0,27.0,64.4,70.0,72.16666667,100.0,2.0,80.0,60.0,0,False,False,False,False,False
2025-02-28 17:15:00,0.0,1.0,1.0,71.8,52.0,0.0,1.0,1.0,67.76666667,1.0,1.0,0.0,26.66666667,64.66666667,70.0,71.53333333,100.0,2.0,80.0,60.0,0,False,False,False,False,False
2025-02-28 17:30:00,0.0,1.0,1.0,71.8,52.0,0.0,1.0,1.0,68.56666667,1.0,1.0,0.0,26.0,66.8,70.0,71.86666667,100.0,2.0,80.0,60.0,0,False,False,False,False,False
2025-02-28 17:45:00,11.0,1.0,1.333333333,71.8,52.0,0.0,1.0,1.0,65.6,1.0,1.0,0.0,25.66666667,66.1,70.0,71.86666667,100.0,2.0,80.0,60.0,0,False,False,False,False,False
2025-02-28 18:00:00,0.0,1.0,1.0,71.8,52.0,0.0,1.0,1.0,68.93333333,1.0,1.0,0.0,25.0,67.63333333,70.0,71.6,100.0,2.0,80.0,60.0,0,False,False,False,False,False
2025-02-28 18:15:00,11.0,1.0,1.333333333,71.8,52.0,0.0,1.0,1.0,66.06666667,1.0,1.0,0.0,25.33333333,66.56666667,70.0,71.96666667,100.0,2.0,80.0,60.0,0,False,False,False,False,False
2025-02-28 18:30:00,11.0,1.0,1.333333333,71.8,52.0,0.0,1.0,1.0,66.3,1.0,1.0,0.0,26.0,67.2,70.0,71.93333333,100.0,2.0,80.0,60.0,0,False,False,False,False,False
2025-02-28 18:45:00,0.0,1.0,1.0,71.8,52.0,0.0,1.0,1.0,68.3,1.0,1.0,0.0,26.0,67.7,70.0,71.63333333,100.0,2.0,80.0,60.0,0,False,False,False,False,False
2025-02-28 19:00:00,0.0,1.0,1.0,71.8,52.0,0.0,1.0,1.0,69.13333333,1.0,1.0,0.0,26.0,69.36666667,70.0,71.96666667,100.0,2.0,80.0,60.0,0,False,False,False,False,False
2025-02-28 19:15:00,11.0,1.0,1.333333333,71.8,52.0,0.0,1.0,1.0,66.33333333,1.0,1.0,0.0,26.0,68.66666667,70.0,71.46666667,100.0,2.0,80.0,60.0,0,False,False,False,False,False
2025-02-28 19:30:00,0.0,1.0,1.0,71.8,52.0,0.0,1.0,1.0,69.33333333,1.0,1.0,0.0,26.0,70.33333333,70.0,71.56666667,100.0,2.0,80.0,60.0,0,False,False,False,False,False
2025-02-28 19:45:00,0.0,1.0,1.0,71.8,52.0,0.0,1.0,1.0,69.4,1.0,1.0,0.0,26.0,70.86666667,70.0,71.9,100.0,2.0,80.0,60.0,0,False,False,False,False,False
2025-02-28 20:00:00,0.0,1.0,1.0,71.8,52.0,0.0,1.0,1.0,69.63333333,1.0,1.0,0.0,26.0,70.86666667,70.0,71.93333333,100.0,2.0,80.0,60.0,0,False,False,False,False,False
2025-02-28 20:15:00,11.0,1.0,1.333333333,71.8,52.0,0.0,1.0,1.0,66.96666667,1.0,1.0,0.0,26.0,69.86666667,70.0,71.86666667,100.0,2.0,80.0,60.0,0,False,False,False,False,False
2025-02-28 20:30:00,0.0,1.0,1.0,71.8,52.0,0.0,1.0,1.0,69.33333333,1.0,1.0,0.0,26.0,69.93333333,70.0,71.3,100.0,2.0,80.0,60.0,0,False,False,False,False,False
2025-02-28 20:45:00,0.0,1.0,1.0,71.8,52.0,0.0,1.0,1.0,69.56666667,1.0,1.0,0.0,26.0,70.43333333,70.0,71.7,100.0,2.0,80.0,60.0,0,False,False,False,False,False
2025-02-28 21:00:00,0.0,1.0,1.0,71.8,52.0,0.0,1.0,1.0,69.7,1.0,1.0,0.0,26.0,70.63333333,70.0,71.9,100.0,2.0,80.0,60.0,0,False,False,False,False,False
2025-02-28 21:15:00,0.0,1.0,1.0,71.8,52.0,0.0,1.0,1.0,69.96666667,1.0,1.0,0.0,26.0,70.8,70.0,71.9,100.0,2.0,80.0,60.0,0,False,False,False,False,False
2025-02-28 21:30:00,0.0,1.0,1.0,71.8,52.0,0.0,1.0,1.0,70.1,1.0,1.0,0.0,25.0,70.63333333,70.0,71.9,100.0,2.0,80.0,60.0,0,False,False,False,False,False
2025-02-28 21:45:00,0.0,1.0,1.0,71.8,52.0,0.0,1.0,1.0,70.1,1.0,1.0,0.0,25.0,69.96666667,70.0,71.9,100.0,2.0,80.0,60.0,0,False,False,False,False,False
2025-02-28 22:00:00,0.0,1.0,1.0,71.8,52.0,0.0,1.0,1.0,70.1,1.0,1.0,0.0,25.0,70.53333333,70.0,71.9,100.0,2.0,80.0,60.0,0,False,False,False,False,False
2025-02-28 22:15:00,0.0,1.0,1.0,71.8,52.0,0.0,1.0,1.0,69.76666667,1.0,1.0,0.0,25.0,69.86666667,70.0,71.76666667,100.0,2.0,80.0,60.0,0,False,False,False,False,False
2025-02-28 22:30:00,0.0,1.0,1.0,71.8,52.0,0.0,1.0,1.0,69.7,1.0,1.0,0.0,25.0,69.16666667,70.0,71.6,100.0,2.0,80.0,60.0,0,False,False,False,False,False
2025-02-28 22:45:00,0.0,1.0,1.0,71.8,52.0,0.0,1.0,1.0,69.56666667,1.0,1.0,0.0,25.0,68.73333333,70.0,71.6,100.0,2.0,80.0,60.0,0,False,False,False,False,False
2025-02-28 23:00:00,0.0,1.0,1.0,71.8,52.0,0.0,1.0,1.0,69.4,1.0,1.0,0.0,25.66666667,68.16666667,70.0,71.6,100.0,2.0,80.0,60.0,0,False,False,False,False,False
2025-02-28 23:15:00,0.0,1.0,1.0,71.8,52.0,0.0,1.0,1.0,69.4,1.0,1.0,0.0,26.0,67.36666667,70.0,71.6,100.0,2.0,80.0,60.0,0,False,False,False,False,False
2025-02-28 23:30:00,0.0,1.0,1.0,71.8,52.0,0.0,1.0,1.0,69.4,1.0,1.0,0.0,26.33333333,67.0,70.0,71.6,100.0,2.0,80.0,60.0,0,False,False,False,False,False
2025-02-28 23:45:00,0.0,1.0,1.0,71.8,52.0,0.0,1.0,1.0,69.33333333,1.0,1.0,0.0,27.0,66.56666667,70.0,71.6,100.0,2.0,80.0,60.0,0,False,False,False,False,False
2025-03-01 00:00:00,0.0,1.0,1.0,71.8,52.0,0.0,1.0,1.0,69.16666667,1.0,1.0,0.0,27.0,66.36666667,70.0,71.4,100.0,2.0,80.0,60.0,0,False,False,False,False,False
2025-03-01 00:15:00,0.0,1.0,1.0,71.8,52.0,0.0,1.0,1.0,69.1,1.0,1.0,0.0,27.0,66.2,70.0,71.4,100.0,2.0,80.0,60.0,0,False,False,False,False,False
2025-03-01 00:30:00,0.0,1.0,1.0,71.8,52.0,0.0,1.0,1.0,69.03333333,1.0,1.0,0.0,27.0,66.03333333,70.0,71.4,100.0,2.0,80.0,60.0,0,False,False,False,False,False
2025-03-01 00:45:00,0.0,1.0,1.0,71.8,52.0,0.0,1.0,1.0,68.9,1.0,1.0,0.0,28.0,65.7,70.0,71.4,100.0,2.0,80.0,60.0,0,False,False,False,False,False
2025-03-01 01:00:00,0.0,1.0,1.0,71.8,52.0,0.0,1.0,1.0,68.9,1.0,1.0,0.0,28.0,65.63333333,70.0,71.26666667,100.0,2.0,80.0,60.0,0,False,False,False,False,False
2025-03-01 01:15:00,0.0,1.0,1.0,71.8,52.0,0.0,1.0,1.0,68.9,1.0,1.0,0.0,28.0,65.46666667,70.0,71.2,100.0,2.0,80.0,60.0,0,False,False,False,False,False
2025-03-01 01:30:00,0.0,1.0,1.0,71.8,52.0,0.0,1.0,1.0,68.9,1.0,1.0,0.0,28.0,65.4,70.0,71.2,100.0,2.0,80.0,60.0,0,False,False,False,False,False
2025-03-01 01:45:00,0.0,1.0,1.0,71.8,52.0,0.0,1.0,1.0,68.83333333,1.0,1.0,0.0,28.0,65.36666667,70.0,71.2,100.0,2.0,80.0,60.0,0,False,False,False,False,False
2025-03-01 02:00:00,0.0,1.0,1.0,71.8,52.0,0.0,1.0,1.0,68.8,1.0,1.0,0.0,28.66666667,64.96666667,70.0,71.2,100.0,2.0,80.0,60.0,0,False,False,False,False,False
2025-03-01 02:15:00,0.0,1.0,1.0,71.8,52.0,0.0,1.0,1.0,68.8,1.0,1.0,0.0,29.0,64.53333333,70.0,71.2,100.0,2.0,80.0,60.0,0,False,False,False,False,False
2025-03-01 02:30:00,0.0,1.0,1.0,71.8,52.0,0.0,1.0,1.0,68.8,1.0,1.0,0.0,29.33333333,64.36666667,70.0,71.2,100.0,2.0,80.0,60.0,0,False,False,False,False,False
2025-03-01 02:45:00,0.0,1.0,1.0,71.8,52.0,0.0,1.0,1.0,68.8,1.0,1.0,0.0,30.0,64.3,70.0,71.16666667,100.0,2.0,80.0,60.0,0,False,False,False,False,False
2025-03-01 03:00:00,0.0,1.0,1.0,71.8,52.0,0.0,1.0,1.0,68.66666667,1.0,1.0,0.0,30.0,64.3,70.0,71.1,100.0,2.0,80.0,60.0,0,False,False,False,False,False
2025-03-01 03:15:00,0.0,1.0,1.0,71.8,52.0,0.0,1.0,1.0,68.6,1.0,1.0,0.0,30.0,64.43333333,70.0,70.96666667,100.0,2.0,80.0,60.0,0,False,False,False,False,False
2025-03-01 03:30:00,0.0,1.0,1.0,71.8,52.0,0.0,1.0,1.0,68.6,1.0,1.0,0.0,30.0,64.6,70.0,70.9,100.0,2.0,80.0,60.0,0,False,False,False,False,False
2025-03-01 03:45:00,0.0,1.0,1.0,71.8,52.0,0.0,1.0,1.0,68.6,1.0,1.0,0.0,30.0,64.6,70.0,70.9,100.0,2.0,80.0,60.0,0,False,False,False,False,False
2025-03-01 04:00:00,0.0,1.0,1.0,71.8,52.0,0.0,1.0,1.0,68.6,1.0,1.0,0.0,31.0,64.33333333,70.0,70.9,100.0,2.0,80.0,60.0,0,False,False,False,False,False
2025-03-01 04:15:00,0.0,1.0,1.0,71.8,52.0,0.0,1.0,1.0,68.53333333,1.0,1.0,0.0,32.0,64.2,70.0,70.9,100.0,2.0,80.0,60.0,0,False,False,False,False,False
2025-03-01 04:30:00,0.0,1.0,1.0,71.8,52.0,0.0,1.0,1.0,68.5,1.0,1.0,0.0,32.0,64.26666667,70.0,70.9,100.0,2.0,80.0,60.0,0,False,False,False,False,False
2025-03-01 04:45:00,0.0,1.0,1.0,71.8,52.0,0.0,1.0,1.0,68.5,1.0,1.0,0.0,32.5,64.05,70.0,70.8,100.0,2.0,80.0,60.0,0,False,False,False,False,False
2025-03-01 05:00:00,0.0,1.0,1.0,77.26666667,52.0,0.0,1.0,1.0,68.63333333,1.666666667,1.666666667,0.0,35.33333333,63.46666667,70.0,70.8,33.33333333,1.333333333,80.0,60.0,0,False,False,False,False,False
2025-03-01 05:15:00,0.0,1.0,1.0,80.0,52.0,0.0,1.0,1.0,68.63333333,2.0,2.0,0.0,36.0,62.8,70.0,70.66666667,0.0,1.0,80.0,60.0,0,False,False,False,False,False
2025-03-01 05:30:00,0.0,1.0,1.0,80.0,52.0,0.0,1.0,1.0,68.3,2.0,2.0,0.0,35.66666667,61.7,70.0,70.56666667,0.0,1.0,80.0,60.0,0,False,False,False,False,False
2025-03-01 05:45:00,0.0,1.0,1.0,80.0,52.0,0.0,1.0,1.0,67.86666667,2.0,2.0,0.0,35.66666667,60.43333333,70.0,70.5,0.0,1.0,80.0,60.0,0,False,False,False,False,False
2025-03-01 06:00:00,0.0,1.0,1.0,80.0,52.0,0.0,1.0,1.0,67.56666667,2.0,2.0,0.0,36.0,59.4,70.0,70.36666667,0.0,1.0,80.0,60.0,0,False,False,False,False,False
2025-03-01 06:15:00,0.0,1.0,1.0,80.0,52.0,0.0,1.0,1.0,67.26666667,2.0,2.0,0.0,36.66666667,58.36666667,70.0,70.3,0.0,1.0,80.0,60.0,0,False,False,False,False,False
2025-03-01 06:30:00,0.0,1.0,1.0,80.0,52.0,0.0,1.0,1.0,67.06666667,2.0,2.0,0.0,37.33333333,57.3,70.0,70.1,0.0,1.0,80.0,60.0,0,False,False,False,False,False
2025-03-01 06:45:00,0.0,1.0,1.0,80.0,52.0,0.0,1.0,1.0,66.73333333,2.0,2.0,0.0,38.33333333,56.3,70.0,70.1,0.0,1.0,80.0,60.0,0,False,False,False,False,False
2025-03-01 07:00:00,0.0,1.0,1.0,80.0,52.0,0.0,1.0,1.0,66.06666667,2.0,2.0,0.0,39.0,55.23333333,70.0,70.03333333,0.0,1.0,80.0,60.0,0,False,False,False,False,False
2025-03-01 07:15:00,0.0,1.0,1.0,80.0,52.0,0.0,1.0,1.0,65.6,2.0,2.0,0.0,39.0,54.56666667,70.0,70.0,0.0,1.0,80.0,60.0,0,False,False,False,False,False
2025-03-01 07:30:00,0.0,1.0,1.0,80.0,52.0,0.0,1.0,1.0,65.16666667,2.0,2.0,0.0,40.66666667,53.76666667,70.0,70.0,0.0,1.0,80.0,60.0,0,False,False,False,False,False
2025-03-01 07:45:00,0.0,1.0,1.0,80.0,52.0,0.0,1.0,1.0,64.8,2.0,2.0,0.0,41.33333333,52.9,70.0,69.86666667,0.0,1.0,80.0,60.0,0,False,False,False,False,False
2025-03-01 08:00:00,0.0,1.0,1.0,80.0,52.0,0.0,1.0,1.0,64.56666667,2.0,2.0,0.0,42.0,52.13333333,70.0,69.8,0.0,1.0,80.0,60.0,0,False,False,False,False,False
2025-03-01 08:15:00,0.0,1.0,1.0,80.0,52.0,0.0,1.0,1.0,64.23333333,2.0,2.0,0.0,42.66666667,51.7,70.0,69.8,0.0,1.0,80.0,60.0,0,False,False,False,False,False
2025-03-01 08:30:00,0.0,1.0,1.0,80.0,52.0,0.0,1.0,1.0,63.86666667,2.0,2.0,0.0,42.66666667,51.33333333,70.0,69.8,0.0,1.0,80.0,60.0,0,False,False,False,False,False
2025-03-01 08:45:00,0.0,1.0,1.0,80.0,52.0,0.0,1.0,1.0,63.43333333,2.0,2.0,0.0,43.33333333,50.36666667,70.0,69.76666667,0.0,1.0,80.0,60.0,0,False,False,False,False,False
2025-03-01 09:00:00,0.0,1.0,1.0,80.0,52.0,0.0,1.0,1.0,62.86666667,2.0,2.0,0.0,44.0,49.76666667,70.0,69.7,0.0,1.0,80.0,60.0,0,False,False,False,False,False
2025-03-01 09:15:00,0.0,1.0,1.0,80.0,52.0,0.0,1.0,1.0,62.6,2.0,2.0,0.0,44.33333333,49.3,70.0,69.7,0.0,1.0,80.0,60.0,0,False,False,False,False,False
2025-03-01 09:30:00,0.0,1.0,1.0,80.0,52.0,0.0,1.0,1.0,62.6,2.0,2.0,0.0,44.66666667,49.06666667,70.0,69.7,0.0,1.0,80.0,60.0,0,False,False,False,False,False
2025-03-01 09:45:00,0.0,1.0,1.0,80.0,52.0,0.0,1.0,1.0,62.2,2.0,2.0,0.0,45.66666667,48.26666667,70.0,69.56666667,0.0,1.0,80.0,60.0,0,False,False,False,False,False
2025-03-01 10:00:00,0.0,1.0,1.0,80.0,52.0,0.0,1.0,1.0,61.73333333,2.0,2.0,0.0,46.33333333,47.73333333,70.0,69.5,0.0,1.0,80.0,60.0,0,False,False,False,False,False
2025-03-01 10:15:00,0.0,1.0,1.0,80.0,52.0,0.0,1.0,1.0,61.3,2.0,2.0,0.0,46.66666667,47.63333333,70.0,69.5,0.0,1.0,80.0,60.0,0,False,False,False,False,False
2025-03-01 10:30:00,0.0,1.0,1.0,80.0,52.0,0.0,1.0,1.0,61.0,2.0,2.0,0.0,46.33333333,47.23333333,70.0,69.43333333,0.0,1.0,80.0,60.0,0,False,False,False,False,False
2025-03-01 10:45:00,0.0,1.0,1.0,80.0,52.0,0.0,1.0,1.0,60.63333333,2.0,2.0,0.0,46.33333333,46.26666667,70.0,69.4,0.0,1.0,80.0,60.0,0,False,False,False,False,False
2025-03-01 11:00:00,0.0,1.0,1.0,80.0,52.0,0.0,1.0,1.0,60.5,2.0,2.0,0.0,47.0,45.53333333,70.0,69.4,0.0,1.0,80.0,60.0,0,False,False,False,False,False
2025-03-01 11:15:00,0.0,1.0,1.0,80.0,52.0,0.0,1.0,1.0,60.5,2.0,2.0,0.0,46.66666667,45.0,70.0,69.4,0.0,1.0,80.0,60.0,0,False,False,False,False,False
2025-03-01 11:30:00,0.0,1.0,1.0,80.0,52.0,0.0,1.0,1.0,60.33333333,2.0,2.0,0.0,46.0,44.5,70.0,69.4,0.0,1.0,80.0,60.0,0,False,False,False,False,False
2025-03-01 11:45:00,0.0,1.0,1.0,80.0,52.0,0.0,1.0,1.0,60.1,2.0,2.0,0.0,46.5,43.9,70.0,69.4,0.0,1.0,80.0,60.0,0,False,False,False,False,False
2025-03-01 12:00:00,0.0,1.0,1.0,80.0,52.0,0.0,1.0,1.0,59.73333333,2.0,2.0,0.0,47.0,43.43333333,70.0,69.2,0.0,1.0,80.0,60.0,0,False,False,False,False,False
2025-03-01 12:15:00,0.0,1.0,1.0,80.0,52.0,0.0,1.0,1.0,59.26666667,2.0,2.0,0.0,48.0,43.2,70.0,69.2,0.0,1.0,80.0,60.0,0,False,False,False,False,False
2025-03-01 12:30:00,0.0,1.0,1.0,80.0,52.0,0.0,1.0,1.0,59.53333333,2.0,2.0,0.0,46.66666667,43.2,70.0,69.13333333,0.0,1.0,80.0,60.0,0,False,False,False,False,False
2025-03-01 12:45:00,0.0,1.0,1.0,80.0,52.0,0.0,1.0,1.0,60.03333333,2.0,2.0,0.0,46.0,43.33333333,70.0,69.0,0.0,1.0,80.0,60.0,0,False,False,False,False,False
2025-03-01 13:00:00,0.0,1.0,1.0,71.8,52.0,0.0,1.0,1.0,62.5,1.0,1.0,0.0,41.0,43.8,70.0,69.0,100.0,2.0,80.0,60.0,0,False,False,False,False,False
2025-03-01 13:15:00,0.0,1.0,1.0,71.8,52.0,0.0,1.0,1.0,64.53333333,1.0,1.0,0.0,40.0,43.96666667,70.0,69.0,100.0,2.0,80.0,60.0,0,False,False,False,False,False
2025-03-01 13:30:00,0.0,1.0,1.0,71.8,52.0,0.0,1.0,1.0,64.5,1.0,1.0,0.0,41.0,44.03333333,70.0,69.0,100.0,2.0,80.0,60.0,0,False,False,False,False,False
2025-03-01 13:45:00,0.0,1.0,1.0,71.8,52.0,0.0,1.0,1.0,64.5,1.0,1.0,0.0,41.0,44.53333333,70.0,69.06666667,100.0,2.0,80.0,60.0,0,False,False,False,False,False
2025-03-01 14:00:00,0.0,1.0,1.0,71.8,52.0,0.0,1.0,1.0,64.5,1.0,1.0,0.0,40.33333333,44.9,70.0,69.26666667,100.0,2.0,80.0,60.0,0,False,False,False,False,False
2025-03-01 14:15:00,0.0,1.0,1.0,71.8,52.0,0.0,1.0,1.0,64.53333333,1.0,1.0,0.0,40.0,45.1,70.0,69.43333333,100.0,2.0,80.0,60.0,0,False,False,False,False,False
2025-03-01 14:30:00,0.0,1.0,1.0,71.8,52.0,0.0,1.0,1.0,64.86666667,1.0,1.0,0.0,38.66666667,45.96666667,70.0,69.63333333,100.0,2.0,80.0,60.0,0,False,False,False,False,False
2025-03-01 14:45:00,0.0,1.0,1.0,71.8,52.0,0.0,1.0,1.0,65.13333333,1.0,1.0,0.0,37.33333333,47.16666667,70.0,69.83333333,100.0,2.0,80.0,60.0,0,False,False,False,False,False
2025-03-01 15:00:00,0.0,1.0,1.0,71.8,52.0,0.0,1.0,1.0,65.13333333,1.0,1.0,0.0,36.33333333,47.2,70.0,70.0,100.0,2.0,80.0,60.0,0,False,False,False,False,False
2025-03-01 15:15:00,0.0,1.0,1.0,71.8,52.0,0.0,1.0,1.0,65.3,1.0,1.0,0.0,36.0,48.53333333,70.0,70.2,100.0,2.0,80.0,60.0,0,False,False,False,False,False
2025-03-01 15:30:00,0.0,1.0,1.0,71.8,52.0,0.0,1.0,1.0,65.36666667,1.0,1.0,0.0,34.0,48.96666667,70.0,70.43333333,100.0,2.0,80.0,60.0,0,False,False,False,False,False
2025-03-01 15:45:00,0.0,1.0,1.0,71.8,52.0,0.0,1.0,1.0,65.4,1.0,1.0,0.0,33.33333333,49.56666667,70.0,70.53333333,100.0,2.0,80.0,60.0,0,False,False,False,False,False
2025-03-01 16:00:00,0.0,1.0,1.0,71.8,52.0,0.0,1.0,1.0,65.6,1.0,1.0,0.0,32.33333333,50.16666667,70.0,70.73333333,100.0,2.0,80.0,60.0,0,False,False,False,False,False
2025-03-01 16:15:00,0.0,1.0,1.0,71.8,52.0,0.0,1.0,1.0,65.6,1.0,1.0,2.333333333,31.33333333,50.16666667,70.0,70.86666667,100.0,2.0,80.0,60.0,0,False,False,False,False,False
2025-03-01 16:30:00,0.0,1.0,1.0,71.8,52.0,0.0,1.0,1.0,65.5,1.0,1.0,0.0,31.33333333,50.1,70.0,70.9,100.0,2.0,80.0,60.0,0,False,False,False,False,False
2025-03-01 16:45:00,0.0,1.0,1.0,71.8,52.0,0.0,1.0,1.0,65.73333333,1.0,1.0,0.0,30.66666667,50.53333333,70.0,70.9,100.0,2.0,80.0,60.0,0,False,False,False,False,False
2025-03-01 17:00:00,0.0,1.0,1.0,71.8,52.0,0.0,1.0,1.0,65.9,1.0,1.0,0.0,29.66666667,51.43333333,70.0,70.9,100.0,2.0,80.0,60.0,0,False,False,False,False,False
2025-03-01 17:15:00,0.0,1.0,1.0,71.8,52.0,0.0,1.0,1.0,65.8,1.0,1.0,0.0,29.66666667,52.53333333,70.0,70.9,100.0,2.0,80.0,60.0,0,False,False,False,False,False
2025-03-01 17:30:00,0.0,1.0,1.0,71.8,52.0,0.0,1.0,1.0,65.7,1.0,1.0,0.0,29.0,52.16666667,70.0,70.9,100.0,2.0,80.0,60.0,0,False,False,False,False,False
2025-03-01 17:45:00,0.0,1.0,1.0,71.8,52.0,0.0,1.0,1.0,65.93333333,1.0,1.0,0.0,28.33333333,52.9,70.0,70.9,100.0,2.0,80.0,60.0,0,False,False,False,False,False
2025-03-01 18:00:00,0.0,1.0,1.0,71.8,52.0,0.0,1.0,1.0,65.6,1.0,1.0,0.0,28.0,52.63333333,70.0,70.9,100.0,2.0,80.0,60.0,0,False,False,False,False,False
2025-03-01 18:15:00,0.0,1.0,1.0,71.8,52.0,0.0,1.0,1.0,65.83333333,1.0,1.0,0.0,28.0,52.23333333,70.0,70.9,100.0,2.0,80.0,60.0,0,False,False,False,False,False
2025-03-01 18:30:00,0.0,1.0,1.0,71.8,52.0,0.0,1.0,1.0,65.73333333,1.0,1.0,0.0,28.0,52.0,70.0,70.9,100.0,2.0,80.0,60.0,0,False,False,False,False,False
2025-03-01 18:45:00,0.0,1.0,1.0,71.8,52.0,0.0,1.0,1.0,65.46666667,1.0,1.0,0.0,28.0,51.06666667,70.0,70.83333333,100.0,2.0,80.0,60.0,0,False,False,False,False,False
2025-03-01 19:00:00,0.0,1.0,1.0,71.8,52.0,0.0,1.0,1.0,65.6,1.0,1.0,0.0,28.0,52.4,70.0,70.8,100.0,2.0,80.0,60.0,0,False,False,False,False,False
2025-03-01 19:15:00,0.0,1.0,1.0,71.8,52.0,0.0,1.0,1.0,65.7,1.0,1.0,0.0,27.33333333,54.6,70.0,70.8,100.0,2.0,80.0,60.0,0,False,False,False,False,False
2025-03-01 19:30:00,0.0,1.0,1.0,71.8,52.0,0.0,1.0,1.0,65.83333333,1.0,1.0,0.0,28.0,56.0,70.0,70.8,100.0,2.0,80.0,60.0,0,False,False,False,False,False
2025-03-01 19:45:00,0.0,1.0,1.0,71.8,52.0,0.0,1.0,1.0,65.56666667,1.0,1.0,0.0,28.0,53.83333333,70.0,70.8,100.0,2.0,80.0,60.0,0,False,False,False,False,False
2025-03-01 20:00:00,0.0,1.0,1.0,71.8,52.0,0.0,1.0,1.0,65.03333333,1.0,1.0,0.0,29.33333333,51.13333333,70.0,70.66666667,100.0,2.0,80.0,60.0,0,False,False,False,False,False
2025-03-01 20:15:00,0.0,1.0,1.0,71.8,52.0,0.0,1.0,1.0,65.06666667,1.0,1.0,0.0,30.0,52.3,70.0,70.53333333,100.0,2.0,80.0,60.0,0,False,False,False,False,False
2025-03-01 20:30:00,0.0,1.0,1.0,71.8,52.0,0.0,1.0,1.0,65.1,1.0,1.0,0.0,29.33333333,51.56666667,70.0,70.43333333,100.0,2.0,80.0,60.0,0,False,False,False,False,False
2025-03-01 20:45:00,0.0,1.0,1.0,71.8,52.0,0.0,1.0,1.0,65.0,1.0,1.0,0.0,28.66666667,51.63333333,70.0,70.23333333,100.0,2.0,80.0,60.0,0,False,False,False,False,False
2025-03-01 21:00:00,0.0,1.0,1.0,71.8,52.0,0.0,1.0,1.0,64.8,1.0,1.0,0.0,28.0,51.06666667,70.0,70.06666667,100.0,2.0,80.0,60.0,0,False,False,False,False,False
2025-03-01 21:15:00,0.0,1.0,1.0,71.8,52.0,0.0,1.0,1.0,64.66666667,1.0,1.0,0.0,27.66666667,50.4,70.0,70.0,100.0,2.0,80.0,60.0,0,False,False,False,False,False
2025-03-01 21:30:00,0.0,1.0,1.0,80.0,52.0,0.0,1.0,1.0,64.9,2.0,2.0,0.0,33.66666667,48.76666667,70.0,69.8,0.0,1.0,80.0,60.0,0,False,False,False,False,False
2025-03-01 21:45:00,0.0,1.0,1.0,80.0,52.0,0.0,1.0,1.0,64.53333333,2.0,2.0,0.0,37.66666667,47.4,70.0,69.76666667,0.0,1.0,80.0,60.0,0,False,False,False,False,False
2025-03-01 22:00:00,0.0,1.0,1.0,80.0,52.0,0.0,1.0,1.0,63.86666667,2.0,2.0,0.0,39.0,46.53333333,70.0,69.7,0.0,1.0,80.0,60.0,0,False,False,False,False,False
2025-03-01 22:15:00,0.0,1.0,1.0,80.0,52.0,0.0,1.0,1.0,63.4,2.0,2.0,0.0,40.0,46.0,70.0,69.56666667,0.0,1.0,80.0,60.0,0,False,False,False,False,False
2025-03-01 22:30:00,0.0,1.0,1.0,80.0,52.0,0.0,1.0,1.0,62.9,2.0,2.0,0.0,40.33333333,44.86666667,70.0,69.5,0.0,1.0,80.0,60.0,0,False,False,False,False,False
2025-03-01 22:45:00,0.0,1.0,1.0,80.0,52.0,0.0,1.0,1.0,62.36666667,2.0,2.0,0.0,40.0,43.56666667,70.0,69.4,0.0,1.0,80.0,60.0,0,False,False,False,False,False
2025-03-01 23:00:00,0.0,1.0,1.0,80.0,52.0,0.0,1.0,1.0,61.93333333,2.0,2.0,0.0,41.33333333,42.73333333,70.0,69.4,0.0,1.0,80.0,60.0,0,False,False,False,False,False
2025-03-01 23:15:00,0.0,1.0,1.0,80.0,52.0,0.0,1.0,1.0,61.53333333,2.0,2.0,0.0,41.33333333,42.23333333,70.0,69.26666667,0.0,1.0,80.0,60.0,0,False,False,False,False,False
2025-03-01 23:30:00,0.0,1.0,1.0,80.0,52.0,0.0,1.0,1.0,60.8,2.0,2.0,0.0,42.0,41.3,70.0,69.13333333,0.0,1.0,80.0,60.0,0,False,False,False,False,False
2025-03-01 23:45:00,0.0,1.0,1.0,80.0,52.0,0.0,1.0,1.0,60.16666667,2.0,2.0,0.0,43.66666667,40.66666667,70.0,69.0,0.0,1.0,80.0,60.0,0,False,False,False,False,False
2025-03-02 00:00:00,0.0,1.0,1.0,80.0,52.0,0.0,1.0,1.0,59.73333333,2.0,2.0,0.0,43.33333333,40.1,70.0,68.93333333,0.0,1.0,80.0,60.0,0,False,False,False,False,False
2025-03-02 00:15:00,0.0,1.0,1.0,80.0,52.0,0.0,1.0,1.0,59.43333333,2.0,2.0,0.0,43.0,39.83333333,70.0,68.9,0.0,1.0,80.0,60.0,0,False,False,False,False,False
2025-03-02 00:30:00,0.0,1.0,1.0,80.0,52.0,0.0,1.0,1.0,59.2,2.0,2.0,0.0,44.0,39.8,70.0,68.9,0.0,1.0,80.0,60.0,0,False,False,False,False,False
2025-03-02 00:45:00,0.0,1.0,1.0,80.0,52.0,0.0,1.0,1.0,59.2,2.0,2.0,0.0,44.0,39.2,70.0,68.9,0.0,1.0,80.0,60.0,0,False,False,False,False,False
2025-03-02 01:00:00,0.0,1.0,1.0,80.0,52.0,0.0,1.0,1.0,58.93333333,2.0,2.0,0.0,44.66666667,38.56666667,70.0,68.76666667,0.0,1.0,80.0,60.0,0,False,False,False,False,False
2025-03-02 01:15:00,0.0,1.0,1.0,80.0,52.0,0.0,1.0,1.0,58.46666667,2.0,2.0,0.0,45.0,37.86666667,70.0,68.7,0.0,1.0,80.0,60.0,0,False,False,False,False,False
2025-03-02 01:30:00,0.0,1.0,1.0,80.0,52.0,0.0,1.0,1.0,58.3,2.0,2.0,0.0,45.66666667,37.2,70.0,68.66666667,0.0,1.0,80.0,60.0,0,False,False,False,False,False
2025-03-02 01:45:00,0.0,1.0,1.0,80.0,52.0,0.0,1.0,1.0,57.83333333,2.0,2.0,0.0,46.66666667,36.83333333,70.0,68.6,0.0,1.0,80.0,60.0,0,False,False,False,False,False
2025-03-02 02:00:00,0.0,1.0,1.0,80.0,52.0,0.0,1.0,1.0,57.66666667,2.0,2.0,0.0,47.0,36.36666667,70.0,68.6,0.0,1.0,80.0,60.0,0,False,False,False,False,False
2025-03-02 02:15:00,0.0,1.0,1.0,80.0,52.0,0.0,1.0,1.0,57.33333333,2.0,2.0,0.0,46.66666667,35.83333333,70.0,68.46666667,0.0,1.0,80.0,60.0,0,False,False,False,False,False
2025-03-02 02:30:00,0.0,1.0,1.0,80.0,52.0,0.0,1.0,1.0,56.96666667,2.0,2.0,0.0,47.0,35.3,70.0,68.4,0.0,1.0,80.0,60.0,0,False,False,False,False,False
2025-03-02 02:45:00,0.0,1.0,1.0,80.0,52.0,0.0,1.0,1.0,56.9,2.0,2.0,0.0,47.33333333,35.03333333,70.0,68.4,0.0,1.0,80.0,60.0,0,False,False,False,False,False
2025-03-02 03:00:00,0.0,1.0,1.0,80.0,52.0,0.0,1.0,1.0,56.6,2.0,2.0,0.0,47.0,34.83333333,70.0,68.3,0.0,1.0,80.0,60.0,0,False,False,False,False,False
2025-03-02 03:15:00,0.0,1.0,1.0,80.0,52.0,0.0,1.0,1.0,56.5,2.0,2.0,0.0,48.0,34.56666667,70.0,68.3,0.0,1.0,80.0,60.0,0,False,False,False,False,False
2025-03-02 03:30:00,0.0,1.0,1.0,80.0,52.0,0.0,1.0,1.0,55.93333333,2.0,2.0,0.0,48.0,34.5,70.0,68.16666667,0.0,1.0,80.0,60.0,0,False,False,False,False,False
2025-03-02 03:45:00,0.0,1.0,1.0,80.0,52.0,0.0,1.0,1.0,55.9,2.0,2.0,0.0,48.33333333,34.33333333,70.0,68.1,0.0,1.0,80.0,60.0,0,False,False,False,False,False
2025-03-02 04:00:00,0.0,1.0,1.0,80.0,52.0,0.0,1.0,1.0,55.66666667,2.0,2.0,0.0,47.66666667,34.06666667,70.0,68.1,0.0,1.0,80.0,60.0,0,False,False,False,False,False
2025-03-02 04:15:00,0.0,1.0,1.0,80.0,52.0,0.0,1.0,1.0,55.3,2.0,2.0,0.0,49.33333333,33.8,70.0,68.03333333,0.0,1.0,80.0,60.0,0,False,False,False,False,False
2025-03-02 04:30:00,0.0,1.0,1.0,80.0,52.0,0.0,1.0,1.0,54.7,2.0,2.0,0.0,49.0,33.73333333,70.0,67.9,0.0,1.0,80.0,60.0,0,False,False,False,False,False
2025-03-02 04:45:00,0.0,1.0,1.0,80.0,52.0,0.0,1.0,1.0,55.53333333,2.0,2.0,0.0,47.66666667,33.53333333,70.0,67.9,0.0,1.0,80.0,60.0,0,False,False,False,False,False
2025-03-02 05:00:00,0.0,1.0,1.0,80.0,52.0,0.0,1.0,1.0,55.8,2.0,2.0,0.0,48.33333333,33.2,70.0,67.9,0.0,1.0,80.0,60.0,0,False,False,False,False,False
2025-03-02 05:15:00,0.0,1.0,1.0,80.0,52.0,0.0,1.0,1.0,55.96666667,2.0,2.0,0.0,50.33333333,33.06666667,70.0,67.86666667,0.0,1.0,80.0,60.0,0,False,False,False,False,False
2025-03-02 05:30:00,0.0,1.0,1.0,80.0,52.0,0.0,1.0,1.0,55.83333333,2.0,2.0,0.0,50.0,32.86666667,70.0,67.8,0.0,1.0,80.0,60.0,0,False,False,False,False,False
2025-03-02 05:45:00,0.0,1.0,1.0,80.0,52.0,0.0,1.0,1.0,55.63333333,2.0,2.0,0.0,49.33333333,32.6,70.0,67.8,0.0,1.0,80.0,60.0,0,False,False,False,False,False
2025-03-02 06:00:00,0.0,1.0,1.0,80.0,52.0,0.0,1.0,1.0,55.6,2.0,2.0,0.0,50.0,32.33333333,70.0,67.66666667,0.0,1.0,80.0,60.0,0,False,False,False,False,False
2025-03-02 06:15:00,0.0,1.0,1.0,80.0,52.0,0.0,1.0,1.0,55.6,2.0,2.0,0.0,50.0,32.2,70.0,67.6,0.0,1.0,80.0,60.0,0,False,False,False,False,False
2025-03-02 06:30:00,0.0,1.0,1.0,80.0,52.0,0.0,1.0,1.0,55.6,2.0,2.0,0.0,50.66666667,31.8,70.0,67.6,0.0,1.0,80.0,60.0,0,False,False,False,False,False
2025-03-02 06:45:00,0.0,1.0,1.0,80.0,52.0,0.0,1.0,1.0,55.53333333,2.0,2.0,0.0,51.33333333,31.63333333,70.0,67.53333333,0.0,1.0,80.0,60.0,0,False,False,False,False,False
2025-03-02 07:00:00,0.0,1.0,1.0,80.0,52.0,0.0,1.0,1.0,55.4,2.0,2.0,0.0,50.0,31.3,70.0,67.5,0.0,1.0,80.0,60.0,0,False,False,False,False,False
2025-03-02 07:15:00,0.0,1.0,1.0,80.0,52.0,0.0,1.0,1.0,55.4,2.0,2.0,0.0,51.0,31.3,70.0,67.36666667,0.0,1.0,80.0,60.0,0,False,False,False,False,False
2025-03-02 07:30:00,0.0,1.0,1.0,80.0,52.0,0.0,1.0,1.0,55.4,2.0,2.0,0.0,51.0,31.3,70.0,67.3,0.0,1.0,80.0,60.0,0,False,False,False,False,False
2025-03-02 07:45:00,0.0,1.0,1.0,80.0,52.0,0.0,1.0,1.0,55.4,2.0,2.0,0.0,50.66666667,31.16666667,70.0,67.26666667,0.0,1.0,80.0,60.0,0,False,False,False,False,False
2025-03-02 08:00:00,0.0,1.0,1.0,80.0,52.0,0.0,1.0,1.0,55.4,2.0,2.0,0.0,51.0,30.96666667,70.0,67.2,0.0,1.0,80.0,60.0,0,False,False,False,False,False
2025-03-02 08:15:00,0.0,1.0,1.0,80.0,52.0,0.0,1.0,1.0,55.73333333,2.0,2.0,0.0,51.0,29.86666667,70.0,67.2,0.0,1.0,80.0,60.0,0,False,False,False,False,False
2025-03-02 08:30:00,0.0,1.0,1.0,80.0,52.0,0.0,1.0,1.0,55.46666667,2.0,2.0,0.0,51.0,29.2,70.0,67.2,0.0,1.0,80.0,60.0,0,False,False,False,False,False
2025-03-02 08:45:00,0.0,1.0,1.0,80.0,52.0,0.0,1.0,1.0,55.33333333,2.0,2.0,0.0,51.0,29.0,70.0,67.06666667,0.0,1.0,80.0,60.0,0,False,False,False,False,False
2025-03-02 09:00:00,0.0,1.0,1.0,80.0,52.0,0.0,1.0,1.0,55.63333333,2.0,2.0,0.0,50.66666667,28.46666667,70.0,67.0,0.0,1.0,80.0,60.0,0,False,False,False,False,False
2025-03-02 09:15:00,0.0,1.0,1.0,80.0,52.0,0.0,1.0,1.0,55.66666667,2.0,2.0,0.0,51.66666667,27.8,70.0,67.0,0.0,1.0,80.0,60.0,0,False,False,False,False,False
2025-03-02 09:30:00,0.0,1.0,1.0,80.0,52.0,0.0,1.0,1.0,55.53333333,2.0,2.0,0.0,51.33333333,28.4,70.0,66.86666667,0.0,1.0,80.0,60.0,0,False,False,False,False,False
2025-03-02 09:45:00,0.0,1.0,1.0,80.0,52.0,0.0,1.0,1.0,55.63333333,2.0,2.0,0.0,51.0,28.26666667,70.0,66.8,0.0,1.0,80.0,60.0,0,False,False,False,False,False
2025-03-02 10:00:00,0.0,1.0,1.0,80.0,52.0,0.0,1.0,1.0,56.1,2.0,2.0,0.0,51.0,27.93333333,70.0,66.8,0.0,1.0,80.0,60.0,0,False,False,False,False,False
2025-03-02 10:15:00,0.0,1.0,1.0,80.0,52.0,0.0,1.0,1.0,56.2,2.0,2.0,0.0,50.66666667,28.66666667,70.0,66.8,0.0,1.0,80.0,60.0,0,False,False,False,False,False
2025-03-02 10:30:00,0.0,1.0,1.0,80.0,52.0,0.0,1.0,1.0,56.2,2.0,2.0,0.0,51.0,28.93333333,70.0,66.76666667,0.0,1.0,80.0,60.0,0,False,False,False,False,False
2025-03-02 10:45:00,0.0,1.0,1.0,80.0,52.0,0.0,1.0,1.0,56.1,2.0,2.0,0.0,51.0,29.0,70.0,66.7,0.0,1.0,80.0,60.0,0,False,False,False,False,False
2025-03-02 11:00:00,0.0,1.0,1.0,80.0,52.0,0.0,1.0,1.0,55.9,2.0,2.0,0.0,51.0,28.13333333,70.0,66.56666667,0.0,1.0,80.0,60.0,0,False,False,False,False,False
2025-03-02 11:15:00,0.0,1.0,1.0,80.0,52.0,0.0,1.0,1.0,55.7,2.0,2.0,0.0,51.33333333,27.33333333,70.0,66.5,0.0,1.0,80.0,60.0,0,False,False,False,False,False
2025-03-02 11:30:00,0.0,1.0,1.0,80.0,52.0,0.0,1.0,1.0,55.46666667,2.0,2.0,0.0,51.33333333,27.0,70.0,66.5,0.0,1.0,80.0,60.0,0,False,False,False,False,False
2025-03-02 11:45:00,0.0,1.0,1.0,80.0,52.0,0.0,1.0,1.0,55.4,2.0,2.0,0.0,51.0,26.86666667,70.0,66.43333333,0.0,1.0,80.0,60.0,0,False,False,False,False,False
2025-03-02 12:00:00,0.0,1.0,1.0,80.0,52.0,0.0,1.0,1.0,55.4,2.0,2.0,0.0,51.0,26.7,70.0,66.4,0.0,1.0,80.0,60.0,0,False,False,False,False,False
2025-03-02 12:15:00,0.0,1.0,1.0,80.0,52.0,0.0,1.0,1.0,55.26666667,2.0,2.0,0.0,51.0,27.0,70.0,66.4,0.0,1.0,80.0,60.0,0,False,False,False,False,False
2025-03-02 12:30:00,0.0,1.0,1.0,80.0,52.0,0.0,1.0,1.0,55.13333333,2.0,2.0,0.0,51.0,27.2,70.0,66.4,0.0,1.0,80.0,60.0,0,False,False,False,False,False
2025-03-02 12:45:00,0.0,1.0,1.0,80.0,52.0,0.0,1.0,1.0,55.13333333,2.0,2.0,0.0,49.66666667,28.26666667,70.0,66.4,0.0,1.0,80.0,60.0,0,False,False,False,False,False
2025-03-02 13:00:00,0.0,1.0,1.0,80.0,52.0,0.0,1.0,1.0,55.53333333,2.0,2.0,0.0,46.0,29.5,70.0,66.4,0.0,1.0,80.0,60.0,0,False,False,False,False,False
2025-03-02 13:15:00,0.0,1.0,1.0,80.0,52.0,0.0,1.0,1.0,55.83333333,2.0,2.0,0.0,42.33333333,31.03333333,70.0,66.5,0.0,1.0,80.0,60.0,0,False,False,False,False,False
2025-03-02 13:30:00,0.0,1.0,1.0,80.0,52.0,0.0,1.0,1.0,56.73333333,2.0,2.0,0.0,44.33333333,32.4,70.0,66.5,0.0,1.0,80.0,60.0,0,False,False,False,False,False
2025-03-02 13:45:00,0.0,1.0,1.0,80.0,52.0,0.0,1.0,1.0,57.76666667,2.0,2.0,0.0,42.0,33.06666667,70.0,66.63333333,0.0,1.0,80.0,60.0,0,False,False,False,False,False
2025-03-02 14:00:00,0.0,1.0,1.0,80.0,52.0,0.0,1.0,1.0,58.86666667,2.0,2.0,0.0,40.33333333,34.23333333,70.0,66.8,0.0,1.0,80.0,60.0,0,False,False,False,False,False
2025-03-02 14:15:00,0.0,1.0,1.0,80.0,52.0,0.0,1.0,1.0,59.9,2.0,2.0,0.0,36.66666667,35.76666667,70.0,67.06666667,0.0,1.0,80.0,60.0,0,False,False,False,False,False
2025-03-02 14:30:00,0.0,1.0,1.0,80.0,52.0,0.0,1.0,1.0,60.6,2.0,2.0,0.0,35.33333333,36.26666667,70.0,67.23333333,0.0,1.0,80.0,60.0,0,False,False,False,False,False
2025-03-02 14:45:00,0.0,1.0,1.0,80.0,52.0,0.0,1.0,1.0,61.4,2.0,2.0,0.0,35.0,37.13333333,70.0,67.43333333,0.0,1.0,80.0,60.0,0,False,False,False,False,False
2025-03-02 15:00:00,0.0,1.0,1.0,80.0,52.0,0.0,1.0,1.0,62.26666667,2.0,2.0,0.0,34.0,37.16666667,70.0,67.63333333,0.0,1.0,80.0,60.0,0,False,False,False,False,False
2025-03-02 15:15:00,0.0,1.0,1.0,80.0,52.0,0.0,1.0,1.0,62.93333333,2.0,2.0,0.0,31.33333333,37.93333333,70.0,67.8,0.0,1.0,80.0,60.0,0,False,False,False,False,False
2025-03-02 15:30:00,0.0,1.0,1.0,80.0,52.0,0.0,1.0,1.0,63.7,2.0,2.0,0.0,30.0,39.26666667,70.0,67.83333333,0.0,1.0,80.0,60.0,0,False,False,False,False,False
2025-03-02 15:45:00,0.0,1.0,1.0,80.0,52.0,0.0,1.0,1.0,64.26666667,2.0,2.0,0.0,30.33333333,39.2,70.0,68.1,0.0,1.0,80.0,60.0,0,False,False,False,False,False
2025-03-02 16:00:00,0.0,1.0,1.0,80.0,52.0,0.0,1.0,1.0,64.96666667,2.0,2.0,0.0,28.33333333,39.8,70.0,68.43333333,0.0,1.0,80.0,60.0,0,False,False,False,False,False
2025-03-02 16:15:00,0.0,1.0,1.0,80.0,52.0,0.0,1.0,1.0,65.5,2.0,2.0,0.0,29.33333333,40.46666667,70.0,68.63333333,0.0,1.0,80.0,60.0,0,False,False,False,False,False
2025-03-02 16:30:00,0.0,1.0,1.0,80.0,52.0,0.0,1.0,1.0,66.06666667,2.0,2.0,0.0,29.0,41.9,70.0,68.83333333,0.0,1.0,80.0,60.0,0,False,False,False,False,False
2025-03-02 16:45:00,0.0,1.0,1.0,80.0,52.0,0.0,1.0,1.0,66.6,2.0,2.0,0.0,27.0,42.1,70.0,68.96666667,0.0,1.0,80.0,60.0,0,False,False,False,False,False
2025-03-02 17:00:00,0.0,1.0,1.0,80.0,52.0,0.0,1.0,1.0,66.93333333,2.0,2.0,0.0,27.33333333,43.5,70.0,69.13333333,0.0,1.0,80.0,60.0,0,False,False,False,False,False
2025-03-02 17:15:00,0.0,1.0,1.0,80.0,52.0,0.0,1.0,1.0,67.33333333,2.0,2.0,0.0,27.0,43.9,70.0,69.26666667,0.0,1.0,80.0,60.0,0,False,False,False,False,False
2025-03-02 17:30:00,0.0,1.0,1.0,80.0,52.0,0.0,1.0,1.0,67.4,2.0,2.0,0.0,27.0,44.76666667,70.0,69.4,0.0,1.0,80.0,60.0,0,False,False,False,False,False
2025-03-02 17:45:00,0.0,1.0,1.0,80.0,52.0,0.0,1.0,1.0,67.46666667,2.0,2.0,0.0,27.66666667,44.2,70.0,69.4,0.0,1.0,80.0,60.0,0,False,False,False,False,False
2025-03-02 18:00:00,0.0,1.0,1.0,80.0,52.0,0.0,1.0,1.0,67.63333333,2.0,2.0,0.0,27.0,45.33333333,70.0,69.43333333,0.0,1.0,80.0,60.0,0,False,False,False,False,False
2025-03-02 18:15:00,0.0,1.0,1.0,80.0,52.0,0.0,1.0,1.0,67.83333333,2.0,2.0,0.0,27.33333333,46.23333333,70.0,69.5,0.0,1.0,80.0,60.0,0,False,False,False,False,False
2025-03-02 18:30:00,0.0,1.0,1.0,80.0,52.0,0.0,1.0,1.0,68.0,2.0,2.0,0.0,28.0,46.23333333,70.0,69.5,0.0,1.0,80.0,60.0,0,False,False,False,False,False
2025-03-02 18:45:00,0.0,1.0,1.0,80.0,52.0,0.0,1.0,1.0,68.2,2.0,2.0,0.0,28.0,48.5,70.0,69.5,0.0,1.0,80.0,60.0,0,False,False,False,False,False
2025-03-02 19:00:00,0.0,1.0,1.0,80.0,52.0,0.0,1.0,1.0,68.5,2.0,2.0,0.0,28.0,49.1,70.0,69.5,0.0,1.0,80.0,60.0,0,False,False,False,False,False
2025-03-02 19:15:00,0.0,1.0,1.0,80.0,52.0,0.0,1.0,1.0,68.5,2.0,2.0,0.0,28.66666667,49.73333333,70.0,69.5,0.0,1.0,80.0,60.0,0,False,False,False,False,False
2025-03-02 19:30:00,0.0,1.0,1.0,80.0,52.0,0.0,1.0,1.0,68.5,2.0,2.0,0.0,28.33333333,49.5,70.0,69.5,0.0,1.0,80.0,60.0,0,False,False,False,False,False
2025-03-02 19:45:00,0.0,1.0,1.0,80.0,52.0,0.0,1.0,1.0,68.5,2.0,2.0,0.0,29.0,49.9,70.0,69.5,0.0,1.0,80.0,60.0,0,False,False,False,False,False
2025-03-02 20:00:00,0.0,1.0,1.0,80.0,52.0,0.0,1.0,1.0,68.43333333,2.0,2.0,0.0,28.66666667,50.53333333,70.0,69.5,0.0,1.0,80.0,60.0,0,False,False,False,False,False
2025-03-02 20:15:00,0.0,1.0,1.0,80.0,52.0,0.0,1.0,1.0,68.3,2.0,2.0,0.0,30.0,51.33333333,70.0,69.43333333,0.0,1.0,80.0,60.0,0,False,False,False,False,False
2025-03-02 20:30:00,0.0,1.0,1.0,80.0,52.0,0.0,1.0,1.0,68.16666667,2.0,2.0,0.0,30.0,51.76666667,70.0,69.26666667,0.0,1.0,80.0,60.0,0,False,False,False,False,False
2025-03-02 20:45:00,0.0,1.0,1.0,80.0,52.0,0.0,1.0,1.0,68.06666667,2.0,2.0,0.0,30.33333333,52.46666667,70.0,68.96666667,0.0,1.0,80.0,60.0,0,False,False,False,False,False
2025-03-02 21:00:00,0.0,1.0,1.0,80.0,52.0,0.0,1.0,1.0,67.63333333,2.0,2.0,0.0,31.33333333,52.13333333,70.0,68.83333333,0.0,1.0,80.0,60.0,0,False,False,False,False,False
2025-03-02 21:15:00,0.0,1.0,1.0,80.0,52.0,0.0,1.0,1.0,67.03333333,2.0,2.0,0.0,31.33333333,51.13333333,70.0,68.66666667,0.0,1.0,80.0,60.0,0,False,False,False,False,False
2025-03-02 21:30:00,0.0,1.0,1.0,80.0,52.0,0.0,1.0,1.0,66.3,2.0,2.0,0.0,32.33333333,50.93333333,70.0,68.53333333,0.0,1.0,80.0,60.0,0,False,False,False,False,False
2025-03-02 21:45:00,0.0,1.0,1.0,80.0,52.0,0.0,1.0,1.0,65.7,2.0,2.0,0.0,32.33333333,51.26666667,70.0,68.4,0.0,1.0,80.0,60.0,0,False,False,False,False,False
2025-03-02 22:00:00,0.0,1.0,1.0,80.0,52.0,0.0,1.0,1.0,65.16666667,2.0,2.0,0.0,33.0,51.0,70.0,68.33333333,0.0,1.0,80.0,60.0,0,False,False,False,False,False
2025-03-02 22:15:00,0.0,1.0,1.0,80.0,52.0,0.0,1.0,1.0,64.66666667,2.0,2.0,0.0,35.0,49.9,70.0,68.16666667,0.0,1.0,80.0,60.0,0,False,False,False,False,False
2025-03-02 22:30:00,0.0,1.0,1.0,80.0,52.0,0.0,1.0,1.0,64.33333333,2.0,2.0,0.0,35.0,49.63333333,70.0,68.1,0.0,1.0,80.0,60.0,0,False,False,False,False,False
2025-03-02 22:45:00,0.0,1.0,1.0,80.0,52.0,0.0,1.0,1.0,63.7,2.0,2.0,0.0,35.0,47.46666667,70.0,67.9,0.0,1.0,80.0,60.0,0,False,False,False,False,False
2025-03-02 23:00:00,0.0,1.0,1.0,72.13333333,52.0,16.66666667,1.333333333,1.0,63.13333333,1.0,1.0,0.0,28.33333333,46.63333333,70.0,68.73333333,100.0,2.0,80.0,60.0,0,False,False,False,False,False
2025-03-02 23:15:00,0.0,1.0,1.0,68.2,52.0,0.0,1.0,1.0,62.93333333,1.0,1.0,0.0,23.0,48.3,70.0,69.23333333,100.0,2.0,80.0,60.0,0,False,False,False,False,False
2025-03-02 23:30:00,0.0,1.0,1.0,68.2,52.0,0.0,1.0,1.0,62.2,1.0,1.0,0.0,23.0,47.03333333,70.0,68.0,100.0,2.0,80.0,60.0,1,False,False,False,False,False
2025-03-02 23:45:00,0.0,1.0,1.0,68.2,52.0,16.66666667,1.0,1.0,62.73333333,1.0,1.0,0.0,24.66666667,46.1,70.0,68.63333333,100.0,2.0,80.0,60.0,0,False,False,False,False,False
2025-03-03 00:00:00,0.0,1.0,1.0,68.2,52.0,0.0,1.0,1.0,62.56666667,1.0,1.0,0.0,24.33333333,46.66666667,70.0,69.0,100.0,2.0,80.0,60.0,0,False,False,False,False,False
2025-03-03 00:15:00,0.0,1.0,1.0,68.2,52.0,16.66666667,1.333333333,1.0,61.86666667,1.0,1.0,0.0,24.66666667,45.76666667,70.0,67.83333333,100.0,2.0,80.0,60.0,0,False,False,False,False,False
2025-03-03 00:30:00,0.0,1.0,1.0,68.2,52.0,16.66666667,1.333333333,1.0,62.66666667,1.0,1.0,0.0,25.0,46.26666667,70.0,69.03333333,100.0,2.0,80.0,60.0,1,False,False,False,False,False
2025-03-03 00:45:00,0.0,1.0,1.0,68.2,52.0,0.0,1.0,1.0,62.03333333,1.0,1.0,0.0,25.0,45.4,70.0,68.3,100.0,2.0,80.0,60.0,0,False,False,False,False,False
2025-03-03 01:00:00,0.0,1.0,1.0,68.2,52.0,0.0,1.0,1.0,61.5,1.0,1.0,0.0,26.0,44.03333333,70.0,67.6,100.0,2.0,80.0,60.0,0,False,False,False,False,False
2025-03-03 01:15:00,0.0,1.0,1.0,68.2,52.0,0.0,1.0,1.0,61.96666667,1.0,1.0,0.0,27.66666667,43.5,70.0,68.0,100.0,2.0,80.0,60.0,0,False,False,False,False,False
2025-03-03 01:30:00,0.0,1.0,1.0,68.2,52.0,0.0,1.0,1.0,62.66666667,1.0,1.0,0.0,28.66666667,44.0,70.0,69.26666667,100.0,2.0,80.0,60.0,0,False,False,False,False,False
2025-03-03 01:45:00,0.0,1.0,1.0,68.2,52.0,16.66666667,1.333333333,1.0,62.33333333,1.0,1.0,0.0,30.0,43.96666667,70.0,68.73333333,100.0,2.0,80.0,60.0,0,False,False,False,False,False
2025-03-03 02:00:00,0.0,1.0,1.0,68.2,52.0,0.0,1.0,1.0,62.5,1.0,1.0,0.0,31.0,44.13333333,70.0,68.93333333,100.0,2.0,80.0,60.0,0,False,False,False,False,False
2025-03-03 02:15:00,0.0,1.0,1.0,68.2,52.0,16.66666667,1.333333333,1.0,62.23333333,1.0,1.0,0.0,31.0,42.26666667,70.0,68.6,100.0,2.0,80.0,60.0,0,False,False,False,False,False
2025-03-03 02:30:00,0.0,1.0,1.0,68.2,52.0,0.0,1.0,1.0,62.63333333,1.0,1.0,0.0,31.0,43.56666667,70.0,69.23333333,100.0,2.0,80.0,60.0,0,False,False,False,False,False
2025-03-03 02:45:00,0.0,1.0,1.0,68.2,52.0,0.0,1.0,1.0,61.93333333,1.0,1.0,0.0,31.0,43.23333333,70.0,67.93333333,100.0,2.0,80.0,60.0,0,False,False,False,False,False
2025-03-03 03:00:00,0.0,1.0,1.0,68.2,52.0,16.66666667,1.333333333,1.0,62.5,1.0,1.0,0.0,31.33333333,43.3,70.0,69.1,100.0,2.0,80.0,60.0,1,False,False,False,False,False
2025-03-03 03:15:00,0.0,1.0,1.0,68.2,52.0,0.0,1.0,1.0,62.13333333,1.0,1.0,0.0,32.0,43.16666667,70.0,68.2,100.0,2.0,80.0,60.0,0,False,False,False,False,False
2025-03-03 03:30:00,0.0,1.0,1.0,68.2,52.0,16.66666667,1.333333333,1.0,62.63333333,1.0,1.0,0.0,32.33333333,42.9,70.0,69.4,100.0,2.0,80.0,60.0,1,False,False,False,False,False
2025-03-03 03:45:00,0.0,1.0,1.0,68.2,52.0,0.0,1.0,1.0,62.03333333,1.0,1.0,0.0,31.0,42.9,70.0,68.4,100.0,2.0,80.0,60.0,0,False,False,False,False,False
2025-03-03 04:00:00,0.0,1.0,1.0,68.2,52.0,16.66666667,1.333333333,1.0,62.1,1.0,1.0,0.0,32.0,41.83333333,70.0,68.66666667,100.0,2.0,80.0,60.0,0,False,False,False,False,False
2025-03-03 04:15:00,0.0,1.0,1.0,68.2,52.0,0.0,1.0,1.0,62.46666667,1.0,1.0,0.0,33.0,41.96666667,70.0,69.1,100.0,2.0,80.0,60.0,0,False,False,False,False,False
2025-03-03 04:30:00,0.0,1.0,1.0,68.2,52.0,16.66666667,1.333333333,1.0,62.06666667,1.0,1.0,0.0,32.0,40.93333333,70.0,68.66666667,100.0,2.0,80.0,60.0,0,False,False,False,False,False
2025-03-03 04:45:00,0.0,1.0,1.0,68.2,52.0,0.0,1.0,1.0,62.46666667,1.0,1.0,0.0,32.0,42.13333333,70.0,69.23333333,100.0,2.0,80.0,60.0,0,False,False,False,False,False
2025-03-03 05:00:00,0.0,1.0,1.0,68.2,52.0,16.66666667,1.333333333,1.0,61.66666667,1.0,1.0,0.0,32.0,41.3,70.0,67.93333333,100.0,2.0,80.0,60.0,0,False,False,False,False,False
2025-03-03 05:15:00,0.0,1.0,1.0,68.2,52.0,0.0,1.0,1.0,62.53333333,1.0,1.0,0.0,32.33333333,41.63333333,70.0,69.36666667,100.0,2.0,80.0,60.0,0,False,False,False,False,False
2025-03-03 05:30:00,0.0,1.0,1.0,68.2,52.0,16.66666667,1.333333333,1.0,61.6,1.0,1.0,0.0,33.66666667,41.36666667,70.0,68.03333333,100.0,2.0,80.0,60.0,0,False,False,False,False,False
2025-03-03 05:45:00,0.0,1.0,1.0,68.2,52.0,0.0,1.0,1.0,62.1,1.0,1.0,0.0,33.66666667,40.8,70.0,69.23333333,100.0,2.0,80.0,60.0,0,False,False,False,False,False
2025-03-03 06:00:00,0.0,1.0,1.0,68.2,52.0,0.0,1.0,1.0,61.96666667,1.0,1.0,0.0,34.0,41.0,70.0,68.46666667,100.0,2.0,80.0,60.0,0,False,False,False,False,False
2025-03-03 06:15:00,0.0,1.0,1.0,68.2,52.0,0.0,1.0,1.0,62.4,1.0,1.0,0.0,34.33333333,40.63333333,70.0,69.7,100.0,2.0,80.0,60.0,0,False,False,False,False,False
2025-03-03 06:30:00,0.0,1.0,1.0,68.2,52.0,16.66666667,1.333333333,1.0,61.86666667,1.0,1.0,0.0,37.0,39.9,70.0,68.76666667,100.0,2.0,80.0,60.0,0,False,False,False,False,False
2025-03-03 06:45:00,0.0,1.0,1.0,68.2,52.0,0.0,1.0,1.0,61.93333333,1.0,1.0,0.0,37.33333333,40.03333333,70.0,68.9,100.0,2.0,80.0,60.0,0,False,False,False,False,False
2025-03-03 07:00:00,0.0,1.0,1.0,68.2,52.0,16.66666667,1.333333333,1.0,62.13333333,1.0,1.0,0.0,37.66666667,39.6,70.0,69.26666667,100.0,2.0,80.0,60.0,1,False,False,False,False,False
2025-03-03 07:15:00,0.0,1.0,1.0,68.2,52.0,0.0,1.0,1.0,61.8,1.0,1.0,0.0,38.0,39.53333333,70.0,68.46666667,100.0,2.0,80.0,60.0,0,False,False,False,False,False
2025-03-03 07:30:00,0.0,1.0,1.0,68.2,52.0,0.0,1.0,1.0,62.2,1.0,1.0,0.0,37.66666667,39.46666667,70.0,69.36666667,100.0,2.0,80.0,60.0,0,False,False,False,False,False
2025-03-03 07:45:00,0.0,1.0,1.0,68.2,52.0,16.66666667,1.333333333,1.0,61.8,1.0,1.0,0.0,38.66666667,38.9,70.0,68.76666667,100.0,2.0,80.0,60.0,0,False,False,False,False,False
2025-03-03 08:00:00,0.0,1.0,1.0,68.2,52.0,0.0,1.0,1.0,61.8,1.0,1.0,0.0,39.33333333,38.96666667,70.0,68.76666667,100.0,2.0,80.0,60.0,0,False,False,False,False,False
2025-03-03 08:15:00,0.0,1.0,1.0,68.2,52.0,16.66666667,1.333333333,1.0,62.1,1.0,1.0,0.0,39.33333333,39.1,70.0,69.33333333,100.0,2.0,80.0,60.0,1,False,False,False,False,False
2025-03-03 08:30:00,0.0,1.0,1.0,68.2,52.0,0.0,1.333333333,1.0,61.86666667,1.0,1.0,0.0,39.0,38.96666667,70.0,68.8,100.0,2.0,80.0,60.0,0,False,False,False,False,False
2025-03-03 08:45:00,0.0,1.0,1.0,68.2,52.0,0.0,1.0,1.0,61.86666667,1.0,1.0,0.0,39.0,38.7,70.0,69.16666667,100.0,2.0,80.0,60.0,0,False,False,False,False,False
2025-03-03 09:00:00,0.0,1.0,1.0,68.2,52.0,16.66666667,1.333333333,1.0,61.8,1.0,1.0,0.0,39.0,38.13333333,70.0,69.26666667,100.0,2.0,80.0,60.0,1,False,False,False,False,False
2025-03-03 09:15:00,0.0,1.0,1.0,68.2,52.0,16.66666667,1.0,1.0,61.7,1.0,1.0,0.0,40.0,38.33333333,70.0,68.9,100.0,2.0,80.0,60.0,0,False,False,False,False,False
2025-03-03 09:30:00,0.0,1.0,1.0,68.2,52.0,0.0,1.0,1.0,61.93333333,1.0,1.0,0.0,39.66666667,39.63333333,70.0,69.16666667,100.0,2.0,80.0,60.0,0,False,False,False,False,False
2025-03-03 09:45:00,0.0,1.0,1.0,68.2,52.0,16.66666667,1.333333333,1.0,61.93333333,1.0,1.0,0.0,38.33333333,40.16666667,70.0,69.26666667,100.0,2.0,80.0,60.0,1,False,False,False,False,False
2025-03-03 10:00:00,0.0,1.0,1.0,68.2,52.0,0.0,1.0,1.0,61.66666667,1.0,1.0,0.0,38.0,39.83333333,70.0,68.66666667,100.0,2.0,80.0,60.0,0,False,False,False,False,False
2025-03-03 10:15:00,0.0,1.0,1.0,68.2,52.0,0.0,1.0,1.0,62.0,1.0,1.0,0.0,39.0,40.56666667,70.0,69.26666667,100.0,2.0,80.0,60.0,0,False,False,False,False,False
2025-03-03 10:30:00,0.0,1.0,1.0,68.2,52.0,0.0,1.0,1.0,62.1,1.0,1.0,0.0,36.0,41.13333333,70.0,69.3,100.0,2.0,80.0,60.0,0,False,False,False,False,False
2025-03-03 10:45:00,0.0,1.0,1.0,68.2,52.0,0.0,1.0,1.0,61.66666667,1.0,1.0,0.0,35.66666667,40.86666667,70.0,68.3,100.0,2.0,80.0,60.0,0,False,False,False,False,False
2025-03-03 11:00:00,0.0,1.0,1.0,68.2,52.0,0.0,1.0,1.0,62.1,1.0,1.0,0.0,37.0,41.26666667,70.0,69.53333333,100.0,2.0,80.0,60.0,0,False,False,False,False,False
2025-03-03 11:15:00,0.0,1.0,1.0,68.2,52.0,16.66666667,1.0,1.0,61.93333333,1.0,1.0,0.0,36.66666667,42.3,70.0,68.83333333,100.0,2.0,80.0,60.0,0,False,False,False,False,False
2025-03-03 11:30:00,0.0,1.0,1.0,68.2,52.0,16.66666667,1.333333333,1.0,61.93333333,1.0,1.0,0.0,34.66666667,43.06666667,70.0,68.63333333,100.0,2.0,80.0,60.0,0,False,False,False,False,False
2025-03-03 11:45:00,0.0,1.0,1.0,68.2,52.0,0.0,1.0,1.0,62.1,1.0,1.0,0.0,36.0,42.0,70.0,69.2,100.0,2.0,80.0,60.0,0,False,False,False,False,False
2025-03-03 12:00:00,0.0,1.0,1.0,68.2,52.0,16.66666667,1.333333333,1.0,61.9,1.0,1.0,0.0,37.33333333,41.63333333,70.0,68.73333333,100.0,2.0,80.0,60.0,0,False,False,False,False,False
2025-03-03 12:15:00,0.0,1.0,1.0,68.2,52.0,0.0,1.0,1.0,62.0,1.0,1.0,0.0,37.66666667,42.36666667,70.0,68.96666667,100.0,2.0,80.0,60.0,0,False,False,False,False,False
2025-03-03 12:30:00,0.0,1.0,1.0,68.2,52.0,16.66666667,1.333333333,1.0,62.13333333,1.0,1.0,0.0,37.0,42.3,70.0,69.16666667,100.0,2.0,80.0,60.0,1,False,False,False,False,False
2025-03-03 12:45:00,0.0,1.0,1.0,68.2,52.0,0.0,1.333333333,1.0,61.86666667,1.0,1.0,0.0,38.0,41.73333333,70.0,68.76666667,100.0,2.0,80.0,60.0,0,False,False,False,False,False
2025-03-03 13:00:00,0.0,1.0,1.0,68.2,52.0,0.0,1.0,1.0,62.1,1.0,1.0,0.0,39.66666667,41.7,70.0,69.2,100.0,2.0,80.0,60.0,0,False,False,False,False,False
2025-03-03 13:15:00,0.0,1.0,1.0,68.2,52.0,16.66666667,1.333333333,1.0,61.96666667,1.0,1.0,0.0,41.66666667,41.63333333,70.0,69.2,100.0,2.0,80.0,60.0,1,False,False,False,False,False
2025-03-03 13:30:00,0.0,1.0,1.0,68.2,52.0,16.66666667,1.333333333,1.0,61.83333333,1.0,1.0,0.0,41.0,42.66666667,70.0,68.2,100.0,2.0,80.0,60.0,0,False,False,False,False,False
2025-03-03 13:45:00,0.0,1.0,1.0,68.2,52.0,0.0,1.0,1.0,62.53333333,1.0,1.0,0.0,40.0,43.5,70.0,69.33333333,100.0,2.0,80.0,60.0,0,False,False,False,False,False
2025-03-03 14:00:00,0.0,1.0,1.0,68.2,52.0,0.0,1.0,1.0,62.1,1.0,1.0,0.0,38.66666667,44.53333333,70.0,68.2,100.0,2.0,80.0,60.0,0,False,False,False,False,False
2025-03-03 14:15:00,0.0,1.0,1.0,68.2,52.0,16.66666667,1.333333333,1.0,62.33333333,1.0,1.0,0.0,36.33333333,45.6,70.0,68.56666667,100.0,2.0,80.0,60.0,0,False,False,False,False,False
2025-03-03 14:30:00,0.0,1.0,1.0,68.2,52.0,0.0,1.0,1.0,62.76666667,1.0,1.0,0.0,35.0,46.73333333,70.0,69.36666667,100.0,2.0,80.0,60.0,0,False,False,False,False,False
2025-03-03 14:45:00,0.0,1.0,1.0,68.2,52.0,0.0,1.0,1.0,62.36666667,1.0,1.0,0.0,34.33333333,46.76666667,70.0,68.2,100.0,2.0,80.0,60.0,0,False,False,False,False,False
2025-03-03 15:00:00,0.0,1.0,1.0,68.2,52.0,0.0,1.0,1.0,62.23333333,1.0,1.0,0.0,32.33333333,47.76666667,70.0,67.9,100.0,2.0,80.0,60.0,0,False,False,False,False,False
2025-03-03 15:15:00,0.0,1.0,1.0,68.2,52.0,0.0,1.0,1.0,62.6,1.0,1.0,0.0,31.0,48.83333333,70.0,68.1,100.0,2.0,80.0,60.0,0,False,False,False,False,False
2025-03-03 15:30:00,0.0,1.0,1.0,68.2,52.0,0.0,1.0,1.0,63.7,1.0,1.0,0.0,28.66666667,51.36666667,70.0,69.86666667,100.0,2.0,80.0,60.0,0,False,False,False,False,False
2025-03-03 15:45:00,0.0,1.0,1.0,68.2,52.0,0.0,1.0,1.0,63.26666667,1.0,1.0,0.0,27.33333333,51.56666667,70.0,68.86666667,100.0,2.0,80.0,60.0,0,False,False,False,False,False
2025-03-03 16:00:00,0.0,1.0,1.0,68.2,52.0,0.0,1.0,1.0,63.2,1.0,1.0,0.0,27.0,52.23333333,70.0,68.7,100.0,2.0,80.0,60.0,0,False,False,False,False,False
2025-03-03 16:15:00,0.0,1.0,1.0,68.2,52.0,0.0,1.0,1.0,63.56666667,1.0,1.0,0.0,26.0,55.23333333,70.0,68.7,100.0,2.0,80.0,60.0,0,False,False,False,False,False
2025-03-03 16:30:00,0.0,1.0,1.0,68.2,52.0,0.0,1.0,1.0,63.93333333,1.0,1.0,0.0,24.33333333,57.26666667,70.0,68.8,100.0,2.0,80.0,60.0,0,False,False,False,False,False
2025-03-03 16:45:00,0.0,1.0,1.0,68.2,52.0,0.0,1.0,1.0,64.0,1.0,1.0,0.0,22.66666667,58.33333333,70.0,69.06666667,100.0,2.0,80.0,60.0,0,False,False,False,False,False
2025-03-03 17:00:00,0.0,1.0,1.0,68.2,52.0,0.0,1.0,1.0,64.5,1.0,1.0,0.0,21.66666667,59.33333333,70.0,69.2,100.0,2.0,80.0,60.0,0,False,False,False,False,False
2025-03-03 17:15:00,0.0,1.0,1.0,68.2,52.0,0.0,1.0,1.0,64.73333333,1.0,1.0,0.0,20.0,60.76666667,70.0,69.4,100.0,2.0,80.0,60.0,0,False,False,False,False,False
2025-03-03 17:30:00,0.0,1.0,1.0,68.2,52.0,0.0,1.0,1.0,64.96666667,1.0,1.0,0.0,18.0,60.66666667,70.0,69.46666667,100.0,2.0,80.0,60.0,0,False,False,False,False,False
2025-03-03 17:45:00,0.0,1.0,1.0,68.2,52.0,0.0,1.0,1.0,65.0,1.0,1.0,0.0,17.0,61.8,70.0,69.56666667,100.0,2.0,80.0,60.0,0,False,False,False,False,False
2025-03-03 18:00:00,0.0,1.0,1.0,68.2,52.0,0.0,1.0,1.0,64.73333333,1.0,1.0,0.0,16.0,61.13333333,70.0,69.73333333,100.0,2.0,80.0,60.0,0,False,False,False,False,False
2025-03-03 18:15:00,0.0,1.0,1.0,68.2,52.0,0.0,1.0,1.0,64.86666667,1.0,1.0,0.0,17.0,61.86666667,70.0,69.86666667,100.0,2.0,80.0,60.0,0,False,False,False,False,False
2025-03-03 18:30:00,0.0,1.0,1.0,68.2,52.0,0.0,1.0,1.0,65.06666667,1.0,1.0,0.0,16.33333333,62.7,70.0,70.23333333,100.0,2.0,80.0,60.0,0,False,False,False,False,False
2025-03-03 18:45:00,0.0,1.0,1.0,68.2,52.0,0.0,1.0,1.0,65.16666667,1.0,1.0,0.0,16.0,62.3,70.0,70.46666667,100.0,2.0,80.0,60.0,0,False,False,False,False,False
2025-03-03 19:00:00,0.0,1.0,1.0,68.2,52.0,0.0,1.0,1.0,65.33333333,1.0,1.0,0.0,16.0,62.43333333,70.0,70.6,100.0,2.0,80.0,60.0,0,False,False,False,False,False
2025-03-03 19:15:00,0.0,1.0,1.0,68.2,52.0,0.0,1.0,1.0,65.3,1.0,1.0,0.0,16.66666667,62.63333333,70.0,70.5,100.0,2.0,80.0,60.0,0,False,False,False,False,False
2025-03-03 19:30:00,0.0,1.0,1.0,68.2,52.0,0.0,1.0,1.0,65.4,1.0,1.0,0.0,15.66666667,63.23333333,70.0,70.3,100.0,2.0,80.0,60.0,0,False,False,False,False,False
2025-03-03 19:45:00,0.0,1.0,1.0,68.2,52.0,0.0,1.0,1.0,65.43333333,1.0,1.0,0.0,14.33333333,64.0,70.0,69.96666667,100.0,2.0,80.0,60.0,0,False,False,False,False,False
2025-03-03 20:00:00,0.0,1.0,1.0,68.2,52.0,0.0,1.0,1.0,65.3,1.0,1.0,0.0,14.0,63.7,70.0,69.8,100.0,2.0,80.0,60.0,0,False,False,False,False,False
2025-03-03 20:15:00,0.0,1.0,1.0,68.2,52.0,0.0,1.0,1.0,65.36666667,1.0,1.0,0.0,14.0,63.63333333,70.0,69.8,100.0,2.0,80.0,60.0,0,False,False,False,False,False
2025-03-03 20:30:00,0.0,1.0,1.0,68.2,52.0,0.0,1.0,1.0,65.46666667,1.0,1.0,0.0,14.66666667,63.56666667,70.0,69.73333333,100.0,2.0,80.0,60.0,0,False,False,False,False,False
2025-03-03 20:45:00,0.0,1.0,1.0,68.2,52.0,0.0,1.0,1.0,65.4,1.0,1.0,0.0,15.0,63.33333333,70.0,69.5,100.0,2.0,80.0,60.0,0,False,False,False,False,False
2025-03-03 21:00:00,0.0,1.0,1.0,68.2,52.0,0.0,1.0,1.0,65.6,1.0,1.0,0.0,14.66666667,64.23333333,70.0,69.4,100.0,2.0,80.0,60.0,0,False,False,False,False,False
2025-03-03 21:15:00,0.0,1.0,1.0,68.2,52.0,0.0,1.0,1.0,65.53333333,1.0,1.0,0.0,14.0,63.86666667,70.0,69.4,100.0,2.0,80.0,60.0,0,False,False,False,False,False
2025-03-03 21:30:00,0.0,1.0,1.0,68.2,52.0,0.0,1.0,1.0,65.66666667,1.0,1.0,0.0,14.0,64.1,70.0,69.26666667,100.0,2.0,80.0,60.0,0,False,False,False,False,False
2025-03-03 21:45:00,0.0,1.0,1.0,68.2,52.0,0.0,1.0,1.0,66.0,1.0,1.0,0.0,14.0,64.86666667,70.0,69.2,100.0,2.0,80.0,60.0,0,False,False,False,False,False
2025-03-03 22:00:00,0.0,1.0,1.0,68.2,52.0,0.0,1.0,1.0,65.96666667,1.0,1.0,0.0,14.0,64.33333333,70.0,69.0,100.0,2.0,80.0,60.0,0,False,False,False,False,False
2025-03-03 22:15:00,0.0,1.0,1.0,68.2,52.0,0.0,1.0,1.0,66.1,1.0,1.0,0.0,14.0,64.4,70.0,68.93333333,100.0,2.0,80.0,60.0,0,False,False,False,False,False
2025-03-03 22:30:00,0.0,1.0,1.0,68.2,52.0,0.0,1.0,1.0,65.8,1.0,1.0,0.0,14.0,63.66666667,70.0,68.9,100.0,2.0,80.0,60.0,0,False,False,False,False,False
2025-03-03 22:45:00,0.0,1.0,1.0,68.2,52.0,0.0,1.0,1.0,65.46666667,1.0,1.0,0.0,14.66666667,62.16666667,70.0,68.7,100.0,2.0,80.0,60.0,0,False,False,False,False,False
2025-03-03 23:00:00,0.0,1.0,1.0,68.2,52.0,0.0,1.0,1.0,65.3,1.0,1.0,0.0,15.0,61.06666667,70.0,68.7,100.0,2.0,80.0,60.0,0,False,False,False,False,False
2025-03-03 23:15:00,0.0,1.0,1.0,68.2,52.0,0.0,1.0,1.0,65.23333333,1.0,1.0,0.0,16.0,60.13333333,70.0,68.66666667,100.0,2.0,80.0,60.0,0,False,False,False,False,False
2025-03-03 23:30:00,0.0,1.0,1.0,68.2,52.0,0.0,1.0,1.0,65.06666667,1.0,1.0,0.0,16.33333333,59.16666667,70.0,68.53333333,100.0,2.0,80.0,60.0,0,False,False,False,False,False
2025-03-03 23:45:00,0.0,1.0,1.0,68.2,52.0,0.0,1.0,1.0,64.86666667,1.0,1.0,0.0,17.33333333,58.2,70.0,68.4,100.0,2.0,80.0,60.0,0,False,False,False,False,False
2025-03-04 00:00:00,0.0,1.0,1.0,68.2,52.0,0.0,1.0,1.0,64.53333333,1.0,1.0,0.0,18.33333333,57.1,70.0,68.36666667,100.0,2.0,80.0,60.0,0,False,False,False,False,False
2025-03-04 00:15:00,0.0,1.0,1.0,68.2,52.0,0.0,1.0,1.0,64.5,1.0,1.0,0.0,20.66666667,56.46666667,70.0,68.3,100.0,2.0,80.0,60.0,0,False,False,False,False,False
2025-03-04 00:30:00,0.0,1.0,1.0,68.2,52.0,0.0,1.0,1.0,64.43333333,1.0,1.0,0.0,21.66666667,55.63333333,70.0,68.23333333,100.0,2.0,80.0,60.0,0,False,False,False,False,False
2025-03-04 00:45:00,0.0,1.0,1.0,68.2,52.0,0.0,1.0,1.0,64.3,1.0,1.0,0.0,22.33333333,54.96666667,70.0,68.1,100.0,2.0,80.0,60.0,0,False,False,False,False,False
2025-03-04 01:00:00,0.0,1.0,1.0,68.2,52.0,0.0,1.0,1.0,64.23333333,1.0,1.0,0.0,23.66666667,54.4,70.0,68.1,100.0,2.0,80.0,60.0,0,False,False,False,False,False
2025-03-04 01:15:00,0.0,1.0,1.0,68.2,52.0,0.0,1.0,1.0,64.06666667,1.0,1.0,0.0,24.66666667,53.96666667,70.0,68.03333333,100.0,2.0,80.0,60.0,0,False,False,False,False,False
2025-03-04 01:30:00,0.0,1.0,1.0,68.2,52.0,0.0,1.0,1.0,64.13333333,1.0,1.0,0.0,25.0,54.2,70.0,67.9,100.0,2.0,80.0,60.0,0,False,False,False,False,False
2025-03-04 01:45:00,0.0,1.0,1.0,68.2,52.0,0.0,1.0,1.0,64.06666667,1.0,1.0,0.0,25.0,54.13333333,70.0,67.9,100.0,2.0,80.0,60.0,0,False,False,False,False,False
2025-03-04 02:00:00,0.0,1.0,1.0,68.2,52.0,0.0,1.0,1.0,63.93333333,1.0,1.0,0.0,25.66666667,53.56666667,70.0,67.9,100.0,2.0,80.0,60.0,0,False,False,False,False,False
2025-03-04 02:15:00,0.0,1.0,1.0,68.2,52.0,0.0,1.0,1.0,63.76666667,1.0,1.0,0.0,26.33333333,53.43333333,70.0,67.86666667,100.0,2.0,80.0,60.0,0,False,False,False,False,False
2025-03-04 02:30:00,0.0,1.0,1.0,68.2,52.0,0.0,1.0,1.0,63.5,1.0,1.0,0.0,27.66666667,52.63333333,70.0,67.8,100.0,2.0,80.0,60.0,0,False,False,False,False,False
2025-03-04 02:45:00,0.0,1.0,1.0,68.2,52.0,0.0,1.0,1.0,63.4,1.0,1.0,0.0,29.33333333,52.1,70.0,67.8,100.0,2.0,80.0,60.0,0,False,False,False,False,False
2025-03-04 03:00:00,0.0,1.0,1.0,68.2,52.0,0.0,1.0,1.0,63.4,1.0,1.0,0.0,30.0,52.0,70.0,67.6,100.0,2.0,80.0,60.0,0,False,False,False,False,False
2025-03-04 03:15:00,0.0,1.0,1.0,68.2,52.0,0.0,1.0,1.0,63.7,1.0,1.0,0.0,30.0,52.03333333,70.0,67.96666667,100.0,2.0,80.0,60.0,0,False,False,False,False,False
2025-03-04 03:30:00,0.0,1.0,1.0,68.2,52.0,0.0,1.0,1.0,64.7,1.0,1.0,0.0,30.0,53.6,70.0,69.8,100.0,2.0,80.0,60.0,0,False,False,False,False,False
2025-03-04 03:45:00,0.0,1.0,1.0,68.2,52.0,0.0,1.0,1.0,64.3,1.0,1.0,0.0,28.0,54.0,70.0,68.63333333,100.0,2.0,80.0,60.0,0,False,False,False,False,False
2025-03-04 04:00:00,0.0,1.0,1.0,68.2,52.0,0.0,1.0,1.0,64.06666667,1.0,1.0,0.0,27.0,53.33333333,70.0,68.16666667,100.0,2.0,80.0,60.0,0,False,False,False,False,False
2025-03-04 04:15:00,0.0,1.0,1.0,68.2,52.0,0.0,1.0,1.0,63.86666667,1.0,1.0,0.0,27.0,52.73333333,70.0,67.96666667,100.0,2.0,80.0,60.0,0,False,False,False,False,False
2025-03-04 04:30:00,0.0,1.0,1.0,68.2,52.0,0.0,1.0,1.0,63.8,1.0,1.0,0.0,26.66666667,52.33333333,70.0,67.9,100.0,2.0,80.0,60.0,0,False,False,False,False,False
2025-03-04 04:45:00,0.0,1.0,1.0,68.2,52.0,0.0,1.0,1.0,63.8,1.0,1.0,0.0,27.33333333,51.66666667,70.0,67.8,100.0,2.0,80.0,60.0,0,False,False,False,False,False
2025-03-04 05:00:00,0.0,1.0,1.0,68.2,52.0,0.0,1.0,1.0,64.56666667,1.0,1.0,0.0,28.0,51.83333333,70.0,69.13333333,100.0,2.0,80.0,60.0,0,False,False,False,False,False
2025-03-04 05:15:00,0.0,1.0,1.0,68.2,52.0,0.0,1.0,1.0,64.66666667,1.0,1.0,0.0,28.0,52.6,70.0,69.4,100.0,2.0,80.0,60.0,0,False,False,False,False,False
2025-03-04 05:30:00,0.0,1.0,1.0,68.2,52.0,0.0,1.0,1.0,64.06666667,1.0,1.0,0.0,28.0,52.6,70.0,68.43333333,100.0,2.0,80.0,60.0,0,False,False,False,False,False
2025-03-04 05:45:00,0.0,1.0,1.0,68.2,52.0,0.0,1.0,1.0,64.0,1.0,1.0,0.0,28.66666667,52.43333333,70.0,68.3,100.0,2.0,80.0,60.0,0,False,False,False,False,False
2025-03-04 06:00:00,0.0,1.0,1.0,68.2,52.0,0.0,1.0,1.0,63.76666667,1.0,1.0,0.0,29.33333333,51.9,70.0,68.3,100.0,2.0,80.0,60.0,0,False,False,False,False,False
2025-03-04 06:15:00,0.0,1.0,1.0,68.2,52.0,0.0,1.0,1.0,63.63333333,1.0,1.0,0.0,30.0,51.5,70.0,68.03333333,100.0,2.0,80.0,60.0,0,False,False,False,False,False
2025-03-04 06:30:00,0.0,1.0,1.0,68.2,52.0,0.0,1.0,1.0,63.5,1.0,1.0,0.0,30.0,51.5,70.0,67.83333333,100.0,2.0,80.0,60.0,0,False,False,False,False,False
2025-03-04 06:45:00,0.0,1.0,1.0,68.2,52.0,0.0,1.0,1.0,63.5,1.0,1.0,0.0,30.0,51.36666667,70.0,67.8,100.0,2.0,80.0,60.0,0,False,False,False,False,False
2025-03-04 07:00:00,0.0,1.0,1.0,68.2,52.0,16.66666667,1.333333333,1.0,63.9,1.0,1.0,0.0,30.33333333,51.53333333,70.0,68.63333333,100.0,2.0,80.0,60.0,0,False,False,False,False,False
2025-03-04 07:15:00,0.0,1.0,1.0,68.2,52.0,0.0,1.0,1.0,64.43333333,1.0,1.0,0.0,31.0,52.56666667,70.0,69.46666667,100.0,2.0,80.0,60.0,0,False,False,False,False,False
2025-03-04 07:30:00,0.0,1.0,1.0,68.2,52.0,0.0,1.0,1.0,63.8,1.0,1.0,0.0,30.66666667,51.63333333,70.0,68.13333333,100.0,2.0,80.0,60.0,0,False,False,False,False,False
2025-03-04 07:45:00,0.0,1.0,1.0,68.2,52.0,0.0,1.0,1.0,63.7,1.0,1.0,0.0,29.33333333,51.36666667,70.0,67.83333333,100.0,2.0,80.0,60.0,0,False,False,False,False,False
2025-03-04 08:00:00,0.0,1.0,1.0,68.2,52.0,16.66666667,1.333333333,1.0,64.56666667,1.0,1.0,0.0,29.0,52.26666667,70.0,69.2,100.0,2.0,80.0,60.0,1,False,False,False,False,False
2025-03-04 08:15:00,0.0,1.0,1.0,68.2,52.0,0.0,1.0,1.0,64.3,1.0,1.0,0.0,29.0,52.63333333,70.0,68.8,100.0,2.0,80.0,60.0,0,False,False,False,False,False
2025-03-04 08:30:00,0.0,1.0,1.0,68.2,52.0,0.0,1.0,1.0,63.73333333,1.0,1.0,0.0,30.0,51.4,70.0,68.1,100.0,2.0,80.0,60.0,0,False,False,False,False,False
2025-03-04 08:45:00,0.0,1.0,1.0,68.2,52.0,0.0,1.0,1.0,63.56666667,1.0,1.0,0.0,30.0,51.2,70.0,67.93333333,100.0,2.0,80.0,60.0,0,False,False,False,False,False
2025-03-04 09:00:00,0.0,1.0,1.0,68.2,52.0,0.0,1.0,1.0,64.0,1.0,1.0,0.0,29.66666667,51.56666667,70.0,68.7,100.0,2.0,80.0,60.0,0,False,False,False,False,False
2025-03-04 09:15:00,0.0,1.0,1.0,68.2,52.0,0.0,1.0,1.0,64.63333333,1.0,1.0,0.0,29.0,52.56666667,70.0,69.43333333,100.0,2.0,80.0,60.0,0,False,False,False,False,False
2025-03-04 09:30:00,0.0,1.0,1.0,68.2,52.0,0.0,1.0,1.0,64.06666667,1.0,1.0,0.0,29.0,52.66666667,70.0,68.2,100.0,2.0,80.0,60.0,0,False,False,False,False,False
2025-03-04 09:45:00,0.0,1.0,1.0,68.2,52.0,0.0,1.0,1.0,64.0,1.0,1.0,0.0,29.0,53.03333333,70.0,67.86666667,100.0,2.0,80.0,60.0,0,False,False,False,False,False
2025-03-04 10:00:00,0.0,1.0,1.0,68.2,52.0,16.66666667,1.333333333,1.0,64.53333333,1.0,1.0,0.0,29.0,53.63333333,70.0,68.83333333,100.0,2.0,80.0,60.0,0,False,False,False,False,False
2025-03-04 10:15:00,0.0,1.0,1.0,68.2,52.0,0.0,1.0,1.0,65.1,1.0,1.0,0.0,28.66666667,54.8,70.0,69.5,100.0,2.0,80.0,60.0,0,False,False,False,False,False
2025-03-04 10:30:00,0.0,1.0,1.0,68.2,52.0,0.0,1.0,1.0,64.66666667,1.0,1.0,0.0,27.33333333,55.2,70.0,68.33333333,100.0,2.0,80.0,60.0,0,False,False,False,False,False
2025-03-04 10:45:00,0.0,1.0,1.0,68.2,52.0,0.0,1.0,1.0,64.6,1.0,1.0,0.0,26.66666667,55.76666667,70.0,67.96666667,100.0,2.0,80.0,60.0,0,False,False,False,False,False
2025-03-04 11:00:00,0.0,1.0,1.0,68.2,52.0,0.0,1.0,1.0,64.6,1.0,1.0,0.0,25.33333333,56.73333333,70.0,67.9,100.0,2.0,80.0,60.0,0,False,False,False,False,False
2025-03-04 11:15:00,0.0,1.0,1.0,68.2,52.0,0.0,1.0,1.0,64.6,1.0,1.0,0.0,25.0,57.23333333,70.0,67.9,100.0,2.0,80.0,60.0,0,False,False,False,False,False
2025-03-04 11:30:00,0.0,1.0,1.0,68.2,52.0,0.0,1.0,1.0,64.86666667,1.0,1.0,0.0,25.0,57.36666667,70.0,68.16666667,100.0,2.0,80.0,60.0,0,False,False,False,False,False
2025-03-04 11:45:00,0.0,1.0,1.0,68.2,52.0,0.0,1.0,1.0,65.86666667,1.0,1.0,0.0,25.0,58.76666667,70.0,69.93333333,100.0,2.0,80.0,60.0,0,False,False,False,False,False
2025-03-04 12:00:00,0.0,1.0,1.0,68.2,52.0,0.0,1.0,1.0,65.26666667,1.0,1.0,0.0,25.33333333,58.6,70.0,68.76666667,100.0,2.0,80.0,60.0,0,False,False,False,False,False
2025-03-04 12:15:00,0.0,1.0,1.0,68.2,52.0,0.0,1.0,1.0,65.03333333,1.0,1.0,0.0,26.33333333,57.76666667,70.0,68.46666667,100.0,2.0,80.0,60.0,0,False,False,False,False,False
2025-03-04 12:30:00,0.0,1.0,1.0,68.2,52.0,0.0,1.0,1.0,65.0,1.0,1.0,0.0,27.33333333,57.46666667,70.0,68.2,100.0,2.0,80.0,60.0,0,False,False,False,False,False
2025-03-04 12:45:00,0.0,1.0,1.0,68.2,52.0,0.0,1.0,1.0,65.0,1.0,1.0,0.0,28.0,57.4,70.0,68.1,100.0,2.0,80.0,60.0,0,False,False,False,False,False
2025-03-04 13:00:00,0.0,1.0,1.0,68.2,52.0,0.0,1.0,1.0,64.76666667,0.666666667,1.0,0.0,28.33333333,57.4,70.0,67.9,100.0,2.0,80.0,60.0,0,False,False,False,False,False
2025-03-04 13:15:00,0.0,1.0,1.0,68.2,52.0,0.0,1.0,1.0,64.76666667,1.0,1.0,0.0,28.66666667,58.73333333,70.0,67.53333333,100.0,2.0,80.0,60.0,0,False,False,False,False,False
2025-03-04 13:30:00,0.0,1.0,1.0,68.2,52.0,0.0,1.0,1.0,65.43333333,1.0,1.0,0.0,28.0,59.56666667,70.0,68.46666667,100.0,2.0,80.0,60.0,0,False,False,False,False,False
2025-03-04 13:45:00,0.0,1.0,1.0,68.2,52.0,0.0,1.0,1.0,66.06666667,1.0,1.0,0.0,28.0,61.03333333,70.0,69.9,100.0,2.0,80.0,60.0,0,False,False,False,False,False
2025-03-04 14:00:00,0.0,1.0,1.0,68.2,52.0,0.0,1.0,1.0,65.9,1.0,1.0,0.0,27.33333333,61.86666667,70.0,69.03333333,100.0,2.0,80.0,60.0,0,False,False,False,False,False
2025-03-04 14:15:00,0.0,1.0,1.0,68.2,52.0,0.0,1.0,1.0,65.83333333,1.0,1.0,0.0,26.66666667,61.7,70.0,68.76666667,100.0,2.0,80.0,60.0,0,False,False,False,False,False
2025-03-04 14:30:00,0.0,1.0,1.0,68.2,52.0,0.0,1.0,1.0,66.1,1.0,1.0,0.0,25.66666667,62.13333333,70.0,68.7,100.0,2.0,80.0,60.0,0,False,False,False,False,False
2025-03-04 14:45:00,0.0,1.0,1.0,68.2,52.0,0.0,1.0,1.0,66.4,1.0,1.0,0.0,24.66666667,63.56666667,70.0,68.86666667,100.0,2.0,80.0,60.0,0,False,False,False,False,False
2025-03-04 15:00:00,0.0,1.0,1.0,68.2,52.0,0.0,1.0,1.0,66.6,1.0,1.0,0.0,24.0,63.83333333,70.0,69.2,100.0,2.0,80.0,60.0,0,False,False,False,False,False
2025-03-04 15:15:00,0.0,1.0,1.0,68.2,52.0,0.0,1.0,1.0,66.66666667,1.0,1.0,0.0,23.66666667,65.26666667,70.0,69.4,100.0,2.0,80.0,60.0,0,False,False,False,False,False
2025-03-04 15:30:00,0.0,1.0,1.0,68.2,52.0,0.0,1.0,1.0,66.7,1.0,1.0,0.0,22.66666667,65.93333333,70.0,69.4,100.0,2.0,80.0,60.0,0,False,False,False,False,False
2025-03-04 15:45:00,0.0,1.0,1.0,68.2,52.0,0.0,1.0,1.0,66.83333333,1.0,1.0,0.0,21.33333333,66.8,70.0,69.7,100.0,2.0,80.0,60.0,0,False,False,False,False,False
2025-03-04 16:00:00,0.0,1.0,1.0,68.2,52.0,0.0,1.0,1.0,67.06666667,1.0,1.0,0.0,21.0,66.7,70.0,69.86666667,100.0,2.0,80.0,60.0,0,False,False,False,False,False
2025-03-04 16:15:00,0.0,1.0,1.0,68.2,52.0,0.0,1.0,1.0,67.3,1.0,1.0,0.0,21.0,67.23333333,70.0,70.16666667,100.0,2.0,80.0,60.0,0,False,False,False,False,False
2025-03-04 16:30:00,0.0,1.0,1.0,68.2,52.0,0.0,1.0,1.0,67.83333333,1.0,1.0,0.0,20.66666667,69.46666667,70.0,70.3,100.0,2.0,80.0,60.0,0,False,False,False,False,False
2025-03-04 16:45:00,0.0,1.0,1.0,68.2,52.0,0.0,1.0,1.0,68.03333333,1.0,1.0,0.0,20.0,70.93333333,70.0,70.53333333,100.0,2.0,80.0,60.0,0,False,False,False,False,False
2025-03-04 17:00:00,0.0,1.0,1.0,68.2,52.0,0.0,1.0,1.0,68.3,1.0,1.0,0.0,19.0,71.8,70.0,71.03333333,100.0,2.0,80.0,60.0,0,False,False,False,False,False
2025-03-04 17:15:00,0.0,1.0,1.0,68.2,52.0,0.0,1.0,1.0,68.26666667,1.0,1.0,0.0,19.0,71.83333333,70.0,71.1,100.0,2.0,80.0,60.0,0,False,False,False,False,False
2025-03-04 17:30:00,0.0,1.0,1.0,68.2,52.0,0.0,1.0,1.0,67.96666667,1.0,1.0,0.0,20.66666667,70.6,70.0,71.1,100.0,2.0,80.0,60.0,0,False,False,False,False,False
2025-03-04 17:45:00,0.0,1.0,1.0,68.2,52.0,0.0,1.0,1.0,68.36666667,1.0,1.0,0.0,21.66666667,71.76666667,70.0,71.13333333,100.0,2.0,80.0,60.0,0,False,False,False,False,False
2025-03-04 18:00:00,0.0,1.0,1.0,68.2,52.0,0.0,1.0,1.0,68.66666667,1.0,1.0,0.0,22.66666667,72.56666667,70.0,71.26666667,100.0,2.0,80.0,60.0,0,False,False,False,False,False
2025-03-04 18:15:00,0.0,1.0,1.0,68.2,52.0,0.0,1.0,1.0,68.6,1.0,1.0,0.0,25.0,71.63333333,70.0,71.4,100.0,2.0,80.0,60.0,0,False,False,False,False,False
2025-03-04 18:30:00,0.0,1.0,1.0,68.2,52.0,0.0,1.0,1.0,68.83333333,1.0,1.0,0.0,27.0,71.6,70.0,71.5,100.0,2.0,80.0,60.0,0,False,False,False,False,False
2025-03-04 18:45:00,0.0,1.0,1.0,70.6,52.0,0.0,1.0,1.0,69.23333333,1.0,1.0,0.0,28.33333333,73.03333333,70.0,71.83333333,100.0,2.0,80.0,60.0,0,False,False,False,False,False
2025-03-04 19:00:00,0.0,1.0,1.0,71.8,52.0,0.0,1.0,1.0,67.9,1.0,1.0,0.0,29.66666667,71.6,70.0,71.66666667,100.0,2.0,80.0,60.0,0,False,False,False,False,False
2025-03-04 19:15:00,0.0,1.0,1.0,71.8,52.0,0.0,1.0,1.0,68.4,1.0,1.0,0.0,31.0,70.73333333,70.0,70.9,100.0,2.0,80.0,60.0,0,False,False,False,False,False
2025-03-04 19:30:00,0.0,1.0,1.0,71.8,52.0,0.0,1.0,1.0,68.6,1.0,1.0,0.0,32.0,71.03333333,70.0,70.9,100.0,2.0,80.0,60.0,0,False,False,False,False,False
2025-03-04 19:45:00,0.0,1.0,1.0,71.8,52.0,0.0,1.0,1.0,68.8,1.0,1.0,0.0,33.0,71.23333333,70.0,70.9,100.0,2.0,80.0,60.0,0,False,False,False,False,False
2025-03-04 20:00:00,0.0,1.0,1.0,71.8,52.0,0.0,1.0,1.0,68.8,1.0,1.0,0.0,34.33333333,71.46666667,70.0,70.9,100.0,2.0,80.0,60.0,0,False,False,False,False,False
2025-03-04 20:15:00,0.0,1.0,1.0,71.8,52.0,0.0,1.0,1.0,69.03333333,1.0,1.0,0.0,35.33333333,71.63333333,70.0,71.1,100.0,2.0,80.0,60.0,0,False,False,False,False,False
2025-03-04 20:30:00,0.0,1.0,1.0,71.8,52.0,0.0,1.0,1.0,69.16666667,1.0,1.0,0.0,36.33333333,71.9,70.0,71.1,100.0,2.0,80.0,60.0,0,False,False,False,False,False
2025-03-04 20:45:00,0.0,1.0,1.0,71.8,52.0,0.0,1.0,1.0,69.3,1.0,1.0,0.0,37.33333333,72.0,70.0,71.16666667,100.0,2.0,80.0,60.0,0,False,False,False,False,False
2025-03-04 21:00:00,0.0,1.0,1.0,71.8,52.0,0.0,1.0,1.0,69.3,1.0,1.0,0.0,38.66666667,71.7,70.0,71.2,100.0,2.0,80.0,60.0,0,False,False,False,False,False
2025-03-04 21:15:00,0.0,1.0,1.0,71.8,52.0,0.0,1.0,1.0,69.33333333,1.0,1.0,0.0,40.0,71.7,70.0,71.2,100.0,2.0,80.0,60.0,0,False,False,False,False,False
2025-03-04 21:30:00,0.0,1.0,1.0,71.8,52.0,0.0,1.0,1.0,69.4,1.0,1.0,0.0,40.0,71.3,70.0,71.2,100.0,2.0,80.0,60.0,0,False,False,False,False,False
2025-03-04 21:45:00,0.0,1.0,1.0,71.8,52.0,0.0,1.0,1.0,69.4,1.0,1.0,0.0,40.66666667,71.03333333,70.0,71.2,100.0,2.0,80.0,60.0,0,False,False,False,False,False
2025-03-04 22:00:00,0.0,1.0,1.0,71.8,52.0,0.0,1.0,1.0,69.4,1.0,1.0,0.0,42.0,70.73333333,70.0,71.2,100.0,2.0,80.0,60.0,0,False,False,False,False,False
2025-03-04 22:15:00,0.0,1.0,1.0,71.8,52.0,0.0,1.0,1.0,69.4,1.0,1.0,0.0,43.0,70.6,70.0,71.2,100.0,2.0,80.0,60.0,0,False,False,False,False,False
2025-03-04 22:30:00,0.0,1.0,1.0,71.8,52.0,0.0,1.0,1.0,69.4,1.0,1.0,0.0,43.66666667,70.53333333,70.0,71.2,100.0,2.0,80.0,60.0,0,False,False,False,False,False
2025-03-04 22:45:00,0.0,1.0,1.0,71.8,52.0,0.0,1.0,1.0,69.4,1.0,1.0,0.0,44.33333333,70.23333333,70.0,71.2,100.0,2.0,80.0,60.0,0,False,False,False,False,False
2025-03-04 23:00:00,0.0,1.0,1.0,71.8,52.0,0.0,1.0,1.0,69.4,1.0,1.0,0.0,45.0,70.03333333,70.0,71.13333333,100.0,2.0,80.0,60.0,0,False,False,False,False,False
2025-03-04 23:15:00,0.0,1.0,1.0,71.8,52.0,0.0,1.0,1.0,69.4,1.0,1.0,0.0,45.0,69.8,70.0,71.1,100.0,2.0,80.0,60.0,0,False,False,False,False,False
2025-03-04 23:30:00,0.0,1.0,1.0,71.8,52.0,0.0,1.0,1.0,69.4,1.0,1.0,0.0,45.0,69.73333333,70.0,71.03333333,100.0,2.0,80.0,60.0,0,False,False,False,False,False
2025-03-04 23:45:00,0.0,1.0,1.0,71.8,52.0,0.0,1.0,1.0,69.36666667,1.0,1.0,0.0,45.0,69.56666667,70.0,70.86666667,100.0,2.0,80.0,60.0,0,False,False,False,False,False
2025-03-05 00:00:00,0.0,1.0,1.0,71.8,52.0,0.0,1.0,1.0,69.16666667,1.0,1.0,0.0,46.33333333,69.36666667,70.0,70.8,100.0,2.0,80.0,60.0,0,False,False,False,False,False
2025-03-05 00:15:00,0.0,1.0,1.0,71.8,52.0,0.0,1.0,1.0,69.1,1.0,1.0,0.0,47.66666667,68.8,70.0,70.8,100.0,2.0,80.0,60.0,0,False,False,False,False,False
2025-03-05 00:30:00,0.0,1.0,1.0,71.8,52.0,0.0,1.0,1.0,69.03333333,1.0,1.0,2.0,50.0,67.2,70.0,70.8,100.0,2.0,80.0,60.0,0,False,False,False,False,False
2025-03-05 00:45:00,0.0,1.0,1.0,71.8,52.0,0.0,1.0,1.0,68.73333333,1.0,1.0,0.0,55.0,64.03333333,70.0,70.8,100.0,2.0,80.0,60.0,0,False,False,False,False,False
2025-03-05 01:00:00,0.0,1.0,1.0,71.8,52.0,0.0,1.0,1.0,68.53333333,1.0,1.0,0.0,58.66666667,62.9,70.0,70.8,100.0,2.0,80.0,60.0,0,False,False,False,False,False
2025-03-05 01:15:00,0.0,1.0,1.0,71.8,52.0,0.0,1.0,1.0,68.23333333,1.0,1.0,0.0,60.33333333,62.7,70.0,70.66666667,100.0,2.0,80.0,60.0,0,False,False,False,False,False
2025-03-05 01:30:00,0.0,1.0,1.0,71.8,52.0,0.0,1.0,1.0,68.1,1.0,1.0,0.0,61.66666667,62.46666667,70.0,70.6,100.0,2.0,80.0,60.0,0,False,False,False,False,False
2025-03-05 01:45:00,0.0,1.0,1.0,71.8,52.0,0.0,1.0,1.0,68.1,1.0,1.0,0.0,62.0,61.53333333,70.0,70.6,100.0,2.0,80.0,60.0,0,False,False,False,False,False
2025-03-05 02:00:00,0.0,1.0,1.0,71.8,52.0,0.0,1.0,1.0,68.1,1.0,1.0,0.0,61.0,62.53333333,70.0,70.53333333,100.0,2.0,80.0,60.0,0,False,False,False,False,False
2025-03-05 02:15:00,0.0,1.0,1.0,71.8,52.0,0.0,1.0,1.0,68.36666667,1.0,1.0,0.0,59.0,63.83333333,70.0,70.43333333,100.0,2.0,80.0,60.0,0,False,False,False,False,False
2025-03-05 02:30:00,0.0,1.0,1.0,71.8,52.0,0.0,1.0,1.0,68.5,1.0,1.0,0.0,57.33333333,64.5,70.0,70.3,100.0,2.0,80.0,60.0,0,False,False,False,False,False
2025-03-05 02:45:00,0.0,1.0,1.0,71.8,52.0,0.0,1.0,1.0,68.56666667,1.0,1.0,0.0,57.0,64.76666667,70.0,70.3,100.0,2.0,80.0,60.0,0,False,False,False,False,False
2025-03-05 03:00:00,0.0,1.0,1.0,71.8,52.0,0.0,1.0,1.0,68.56666667,1.0,1.0,0.0,58.0,63.43333333,70.0,70.3,100.0,2.0,80.0,60.0,0,False,False,False,False,False
2025-03-05 03:15:00,0.0,1.0,1.0,71.8,52.0,0.0,1.0,1.0,68.36666667,1.0,1.0,0.0,61.66666667,60.73333333,70.0,70.3,100.0,2.0,80.0,60.0,0,False,False,False,False,False
2025-03-05 03:30:00,0.0,1.0,1.0,71.8,52.0,0.0,1.0,1.0,68.16666667,1.0,1.0,0.0,64.66666667,60.26666667,70.0,70.36666667,100.0,2.0,80.0,60.0,0,False,False,False,False,False
2025-03-05 03:45:00,0.0,1.0,1.0,71.8,52.0,0.0,1.0,1.0,68.1,1.0,1.0,0.0,66.0,60.4,70.0,70.5,100.0,2.0,80.0,60.0,0,False,False,False,False,False
2025-03-05 04:00:00,0.0,1.0,1.0,71.8,52.0,0.0,1.0,1.0,68.1,1.0,1.0,0.0,66.0,60.56666667,70.0,70.5,100.0,2.0,80.0,60.0,0,False,False,False,False,False
2025-03-05 04:15:00,0.0,1.0,1.0,71.8,52.0,0.0,1.0,1.0,68.1,1.0,1.0,0.0,66.33333333,60.46666667,70.0,70.5,100.0,2.0,80.0,60.0,0,False,False,False,False,False
2025-03-05 04:30:00,0.0,1.0,1.0,71.8,52.0,0.0,1.0,1.0,68.1,1.0,1.0,0.0,67.33333333,60.43333333,70.0,70.5,100.0,2.0,80.0,60.0,0,False,False,False,False,False
2025-03-05 04:45:00,0.0,1.0,1.0,71.8,52.0,0.0,1.0,1.0,68.03333333,1.0,1.0,0.0,68.0,60.63333333,70.0,70.5,100.0,2.0,80.0,60.0,0,False,False,False,False,False
2025-03-05 05:00:00,0.0,1.0,1.0,71.8,52.0,0.0,1.0,1.0,68.0,1.0,1.0,0.0,68.33333333,60.76666667,70.0,70.5,100.0,2.0,80.0,60.0,0,False,False,False,False,False
2025-03-05 05:15:00,0.0,1.0,1.0,71.8,52.0,0.0,1.0,1.0,67.8,1.0,1.0,0.0,69.33333333,60.56666667,70.0,70.5,100.0,2.0,80.0,60.0,0,False,False,False,False,False
2025-03-05 05:30:00,0.0,1.0,1.0,71.8,52.0,0.0,1.0,1.0,67.8,1.0,1.0,0.0,71.33333333,60.36666667,70.0,70.5,100.0,2.0,80.0,60.0,0,False,False,False,False,False
2025-03-05 05:45:00,0.0,1.0,1.0,71.8,52.0,0.0,1.0,1.0,67.8,1.0,1.0,0.0,73.66666667,60.16666667,70.0,70.5,100.0,2.0,80.0,60.0,0,False,False,False,False,False
2025-03-05 06:00:00,0.0,1.0,1.0,71.8,52.0,0.0,1.0,1.0,67.8,1.0,1.0,0.0,75.33333333,59.2,70.0,70.5,100.0,2.0,80.0,60.0,0,False,False,False,False,False
2025-03-05 06:15:00,0.0,1.0,1.0,71.8,52.0,0.0,1.0,1.0,67.8,1.0,1.0,0.0,76.33333333,58.96666667,70.0,70.5,100.0,2.0,80.0,60.0,0,False,False,False,False,False
2025-03-05 06:30:00,0.0,1.0,1.0,71.8,52.0,0.0,1.0,1.0,67.93333333,1.0,1.0,0.0,71.33333333,59.53333333,70.0,70.43333333,100.0,2.0,80.0,60.0,0,False,False,False,False,False
2025-03-05 06:45:00,0.0,1.0,1.0,71.8,52.0,0.0,1.0,1.0,68.0,1.0,1.0,0.0,67.33333333,60.33333333,70.0,70.3,100.0,2.0,80.0,60.0,0,False,False,False,False,False
2025-03-05 07:00:00,0.0,1.0,1.0,71.8,52.0,0.0,1.0,1.0,68.1,1.0,1.0,0.0,65.33333333,61.06666667,70.0,70.3,100.0,2.0,80.0,60.0,0,False,False,False,False,False
2025-03-05 07:15:00,0.0,1.0,1.0,71.8,52.0,0.0,1.0,1.0,68.1,1.0,1.0,0.0,64.0,61.5,70.0,70.3,100.0,2.0,80.0,60.0,0,False,False,False,False,False
2025-03-05 07:30:00,0.0,1.0,1.0,71.8,52.0,0.0,1.0,1.0,68.1,1.0,1.0,0.0,64.0,61.6,70.0,70.23333333,100.0,2.0,80.0,60.0,0,False,False,False,False,False
2025-03-05 07:45:00,0.0,1.0,1.0,71.8,52.0,0.0,1.0,1.0,68.06666667,1.0,1.0,0.0,64.0,61.26666667,70.0,70.03333333,100.0,2.0,80.0,60.0,0,False,False,False,False,False
2025-03-05 08:00:00,0.0,1.0,1.0,71.8,52.0,0.0,1.0,1.0,68.0,1.0,1.0,0.0,64.0,60.9,70.0,70.0,100.0,2.0,80.0,60.0,0,False,False,False,False,False
2025-03-05 08:15:00,0.0,1.0,1.0,71.8,52.0,0.0,1.0,1.0,67.93333333,1.0,1.0,0.0,64.0,61.03333333,70.0,70.0,100.0,2.0,80.0,60.0,0,False,False,False,False,False
2025-03-05 08:30:00,0.0,1.0,1.0,71.8,52.0,0.0,1.0,1.0,67.8,1.0,1.0,0.0,63.0,60.96666667,70.0,70.0,100.0,2.0,80.0,60.0,0,False,False,False,False,False
2025-03-05 08:45:00,0.0,1.0,1.0,71.8,52.0,0.0,1.0,1.0,67.8,1.0,1.0,0.0,62.0,60.56666667,70.0,70.1,100.0,2.0,80.0,60.0,0,False,False,False,False,False
2025-03-05 09:00:00,0.0,1.0,1.0,71.8,52.0,0.0,1.0,1.0,67.76666667,1.0,1.0,0.0,62.33333333,60.2,70.0,70.1,100.0,2.0,80.0,60.0,0,False,False,False,False,False
2025-03-05 09:15:00,0.0,1.0,1.0,71.8,52.0,0.0,1.0,1.0,67.5,1.0,1.0,0.0,63.66666667,58.56666667,70.0,70.1,100.0,2.0,80.0,60.0,0,False,False,False,False,False
2025-03-05 09:30:00,0.0,1.0,1.0,71.8,52.0,0.0,1.0,1.0,67.43333333,1.0,1.0,0.0,65.0,58.3,70.0,70.1,100.0,2.0,80.0,60.0,0,False,False,False,False,False
2025-03-05 09:45:00,0.0,1.0,1.0,71.8,52.0,0.0,1.0,1.0,67.4,1.0,1.0,0.0,65.0,58.3,70.0,70.1,100.0,2.0,80.0,60.0,0,False,False,False,False,False
2025-03-05 10:00:00,0.0,1.0,1.0,71.8,52.0,0.0,1.0,1.0,67.2,1.0,1.0,0.0,64.33333333,58.16666667,70.0,70.03333333,100.0,2.0,80.0,60.0,0,False,False,False,False,False
2025-03-05 10:15:00,0.0,1.0,1.0,71.8,52.0,0.0,1.0,1.0,67.2,1.0,1.0,0.0,63.66666667,58.16666667,70.0,69.93333333,100.0,2.0,80.0,60.0,0,False,False,False,False,False
2025-03-05 10:30:00,0.0,1.0,1.0,71.8,52.0,0.0,1.0,1.0,67.2,1.0,1.0,0.0,63.0,57.93333333,70.0,69.8,100.0,2.0,80.0,60.0,0,False,False,False,False,False
2025-03-05 10:45:00,0.0,1.0,1.0,71.8,52.0,0.0,1.0,1.0,67.13333333,1.0,1.0,0.0,63.0,57.53333333,70.0,69.8,100.0,2.0,80.0,60.0,0,False,False,False,False,False
2025-03-05 11:00:00,0.0,1.0,1.0,71.8,52.0,0.0,1.0,1.0,67.0,1.0,1.0,0.0,63.0,57.3,70.0,69.8,100.0,2.0,80.0,60.0,0,False,False,False,False,False
2025-03-05 11:15:00,0.0,1.0,1.0,71.8,52.0,0.0,1.0,1.0,67.0,1.0,1.0,0.0,62.66666667,57.36666667,70.0,69.76666667,100.0,2.0,80.0,60.0,0,False,False,False,False,False
2025-03-05 11:30:00,0.0,1.0,1.0,71.8,52.0,0.0,1.0,1.0,67.0,1.0,1.0,0.0,62.0,57.13333333,70.0,69.7,100.0,2.0,80.0,60.0,0,False,False,False,False,False
2025-03-05 11:45:00,0.0,1.0,1.0,71.8,52.0,0.0,1.0,1.0,66.93333333,1.0,1.0,0.0,63.0,55.86666667,70.0,69.7,100.0,2.0,80.0,60.0,0,False,False,False,False,False
2025-03-05 12:00:00,0.0,1.0,1.0,71.8,52.0,0.0,1.0,1.0,66.66666667,1.0,1.0,0.0,64.66666667,54.83333333,70.0,69.63333333,100.0,2.0,80.0,60.0,0,False,False,False,False,False
2025-03-05 12:15:00,0.0,1.0,1.0,71.8,52.0,0.0,1.0,1.0,66.6,1.0,1.0,0.0,65.33333333,54.53333333,70.0,69.5,100.0,2.0,80.0,60.0,0,False,False,False,False,False
2025-03-05 12:30:00,0.0,1.0,1.0,71.8,52.0,0.0,1.0,1.0,66.6,1.0,1.0,0.0,65.0,54.5,70.0,69.5,100.0,2.0,80.0,60.0,0,False,False,False,False,False
2025-03-05 12:45:00,0.0,1.0,1.0,71.8,52.0,0.0,1.0,1.0,66.6,1.0,1.0,0.0,64.0,54.5,70.0,69.5,100.0,2.0,80.0,60.0,0,False,False,False,False,False
2025-03-05 13:00:00,0.0,1.0,1.0,71.8,52.0,0.0,1.0,1.0,66.63333333,1.0,1.0,0.0,64.66666667,54.8,70.0,69.5,100.0,2.0,80.0,60.0,0,False,False,False,False,False
2025-03-05 13:15:00,0.0,1.0,1.0,71.8,52.0,0.0,1.0,1.0,66.66666667,1.0,1.0,0.0,64.0,55.23333333,70.0,69.5,100.0,2.0,80.0,60.0,0,False,False,False,False,False
2025-03-05 13:30:00,0.0,1.0,1.0,71.8,52.0,0.0,1.0,1.0,66.7,1.0,1.0,0.0,63.66666667,55.43333333,70.0,69.5,100.0,2.0,80.0,60.0,0,False,False,False,False,False
2025-03-05 13:45:00,0.0,1.0,1.0,71.8,52.0,0.0,1.0,1.0,67.2,1.0,1.0,0.0,60.33333333,57.33333333,70.0,69.56666667,100.0,2.0,80.0,60.0,0,False,False,False,False,False
2025-03-05 14:00:00,0.0,1.0,1.0,71.8,52.0,0.0,1.0,1.0,67.2,1.0,1.0,0.0,58.0,57.96666667,70.0,69.8,100.0,2.0,80.0,60.0,0,False,False,False,False,False
2025-03-05 14:15:00,0.0,1.0,1.0,71.8,52.0,0.0,1.0,1.0,67.2,1.0,1.0,0.0,57.66666667,58.56666667,70.0,69.93333333,100.0,2.0,80.0,60.0,0,False,False,False,False,False
2025-03-05 14:30:00,0.0,1.0,1.0,71.8,52.0,0.0,1.0,1.0,67.2,1.0,1.0,0.0,58.0,58.16666667,70.0,70.0,100.0,2.0,80.0,60.0,1,False,False,False,False,False
2025-03-05 14:45:00,0.0,1.0,1.0,71.8,52.0,0.0,1.0,1.0,67.2,1.0,1.0,0.0,58.0,58.3,70.0,70.0,100.0,2.0,80.0,60.0,0,False,False,False,False,False
2025-03-05 15:00:00,0.0,1.0,1.0,71.8,52.0,0.0,1.0,1.0,67.2,1.0,1.0,0.0,57.66666667,58.26666667,70.0,70.0,100.0,2.0,80.0,60.0,0,False,False,False,False,False
2025-03-05 15:15:00,0.0,1.0,1.0,71.8,52.0,0.0,1.0,1.0,66.66666667,1.0,1.0,0.0,59.33333333,53.6,70.0,70.0,100.0,2.0,80.0,60.0,0,False,False,False,False,False
2025-03-05 15:30:00,0.0,1.0,1.0,71.8,52.0,0.0,1.0,1.0,66.0,1.0,1.0,0.0,61.66666667,49.93333333,70.0,70.0,100.0,2.0,80.0,60.0,0,False,False,False,False,False
2025-03-05 15:45:00,0.0,1.0,1.0,71.8,52.0,0.0,1.0,1.0,65.83333333,1.0,1.0,0.0,60.0,48.96666667,70.0,70.0,100.0,2.0,80.0,60.0,0,False,False,False,False,False
2025-03-05 16:00:00,0.0,1.0,1.0,71.8,52.0,0.0,1.0,1.0,65.66666667,1.0,1.0,0.0,58.0,48.33333333,70.0,69.86666667,100.0,2.0,80.0,60.0,0,False,False,False,False,False
2025-03-05 16:15:00,0.0,1.0,1.0,71.8,52.0,0.0,1.0,1.0,65.6,1.0,1.0,0.0,56.66666667,49.0,70.0,69.73333333,100.0,2.0,80.0,60.0,0,False,False,False,False,False
2025-03-05 16:30:00,0.0,1.0,1.0,71.8,52.0,0.0,1.0,1.0,65.43333333,1.0,1.0,0.0,56.0,48.56666667,70.0,69.5,100.0,2.0,80.0,60.0,0,False,False,False,False,False
2025-03-05 16:45:00,0.0,1.0,1.0,71.8,52.0,0.0,1.0,1.0,65.06666667,1.0,1.0,0.0,56.66666667,47.06666667,70.0,69.5,100.0,2.0,80.0,60.0,0,False,False,False,False,False
2025-03-05 17:00:00,0.0,1.0,1.0,71.8,52.0,0.0,1.0,1.0,65.1,1.0,1.0,0.0,57.0,48.16666667,70.0,69.63333333,100.0,2.0,80.0,60.0,0,False,False,False,False,False
2025-03-05 17:15:00,0.0,1.0,1.0,71.8,52.0,0.0,1.0,1.0,65.06666667,1.0,1.0,0.0,57.0,47.6,70.0,69.7,100.0,2.0,80.0,60.0,0,False,False,False,False,False
2025-03-05 17:30:00,0.0,1.0,1.0,71.8,52.0,0.0,1.0,1.0,65.0,1.0,1.0,0.0,58.0,47.6,70.0,69.43333333,100.0,2.0,80.0,60.0,0,False,False,False,False,False
2025-03-05 17:45:00,0.0,1.0,1.0,71.8,52.0,0.0,1.0,1.0,65.06666667,1.0,1.0,0.0,58.0,48.03333333,70.0,69.4,100.0,2.0,80.0,60.0,0,False,False,False,False,False
2025-03-05 18:00:00,0.0,1.0,1.0,71.8,52.0,0.0,1.0,1.0,65.1,1.0,1.0,0.0,55.66666667,48.8,70.0,69.43333333,100.0,2.0,80.0,60.0,0,False,False,False,False,False
2025-03-05 18:15:00,0.0,1.0,1.0,71.8,52.0,0.0,1.0,1.0,64.96666667,1.0,1.0,0.0,55.66666667,46.43333333,70.0,69.56666667,100.0,2.0,80.0,60.0,0,False,False,False,False,False
2025-03-05 18:30:00,0.0,1.0,1.0,71.8,52.0,0.0,1.0,1.0,65.06666667,1.0,1.0,0.0,54.66666667,46.86666667,70.0,69.93333333,100.0,2.0,80.0,60.0,0,False,False,False,False,False
2025-03-05 18:45:00,0.0,1.0,1.0,71.8,52.0,0.0,1.0,1.0,65.06666667,1.0,1.0,0.0,54.0,47.26666667,70.0,70.23333333,100.0,2.0,80.0,60.0,0,False,False,False,False,False
2025-03-05 19:00:00,0.0,1.0,1.0,71.8,52.0,0.0,1.0,1.0,65.03333333,1.0,1.0,0.0,54.66666667,47.96666667,70.0,70.13333333,100.0,2.0,80.0,60.0,0,False,False,False,False,False
2025-03-05 19:15:00,0.0,1.0,1.0,71.8,52.0,0.0,1.0,1.0,65.06666667,1.0,1.0,0.0,55.0,46.4,70.0,69.83333333,100.0,2.0,80.0,60.0,0,False,False,False,False,False
2025-03-05 19:30:00,0.0,1.0,1.0,71.8,52.0,0.0,1.0,1.0,64.6,1.0,1.0,0.0,56.66666667,43.8,70.0,69.53333333,100.0,2.0,80.0,60.0,0,False,False,False,False,False
2025-03-05 19:45:00,0.0,1.0,1.0,71.8,52.0,0.0,1.0,1.0,64.53333333,1.0,1.0,0.0,54.66666667,44.4,70.0,69.33333333,100.0,2.0,80.0,60.0,0,False,False,False,False,False
2025-03-05 20:00:00,0.0,1.0,1.0,71.8,52.0,0.0,1.0,1.0,64.5,1.0,1.0,0.0,53.33333333,44.93333333,70.0,69.2,100.0,2.0,80.0,60.0,0,False,False,False,False,False
2025-03-05 20:15:00,0.0,1.0,1.0,71.8,52.0,0.0,1.0,1.0,64.5,1.0,1.0,0.0,52.0,45.13333333,70.0,69.33333333,100.0,2.0,80.0,60.0,0,False,False,False,False,False
2025-03-05 20:30:00,0.0,1.0,1.0,71.8,52.0,0.0,1.0,1.0,64.5,1.0,1.0,0.0,51.33333333,44.43333333,70.0,69.4,100.0,2.0,80.0,60.0,0,False,False,False,False,False
2025-03-05 20:45:00,0.0,1.0,1.0,71.8,52.0,0.0,1.0,1.0,64.3,1.0,1.0,0.0,49.33333333,45.03333333,70.0,69.4,100.0,2.0,80.0,60.0,0,False,False,False,False,False
2025-03-05 21:00:00,0.0,1.0,1.0,71.8,52.0,0.0,1.0,1.0,64.23333333,1.0,1.0,0.0,49.0,45.33333333,70.0,69.4,100.0,2.0,80.0,60.0,0,False,False,False,False,False
2025-03-05 21:15:00,0.0,1.0,1.0,71.8,52.0,0.0,1.0,1.0,64.3,1.0,1.0,0.0,49.0,45.13333333,70.0,69.2,100.0,2.0,80.0,60.0,0,False,False,False,False,False
2025-03-05 21:30:00,0.0,1.0,1.0,71.8,52.0,0.0,1.0,1.0,64.26666667,1.0,1.0,0.0,49.66666667,44.9,70.0,69.0,100.0,2.0,80.0,60.0,0,False,False,False,False,False
2025-03-05 21:45:00,0.0,1.0,1.0,71.8,52.0,0.0,1.0,1.0,64.13333333,1.0,1.0,0.0,51.33333333,44.6,70.0,68.9,100.0,2.0,80.0,60.0,0,False,False,False,False,False
2025-03-05 22:00:00,0.0,1.0,1.0,71.8,52.0,0.0,1.0,1.0,64.06666667,1.0,1.0,0.0,52.0,44.33333333,70.0,68.7,100.0,2.0,80.0,60.0,0,False,False,False,False,False
2025-03-05 22:15:00,0.0,1.0,1.0,71.8,52.0,0.0,1.0,1.0,63.83333333,1.0,1.0,0.0,52.66666667,43.16666667,70.0,68.7,100.0,2.0,80.0,60.0,0,False,False,False,False,False
2025-03-05 22:30:00,0.0,1.0,1.0,71.8,52.0,0.0,1.0,1.0,63.26666667,1.0,1.0,0.0,55.66666667,42.63333333,70.0,68.6,100.0,2.0,80.0,60.0,0,False,False,False,False,False
2025-03-05 22:45:00,0.0,1.0,1.0,71.8,52.0,0.0,1.0,1.0,63.2,1.0,1.0,0.0,56.66666667,42.8,70.0,68.4,100.0,2.0,80.0,60.0,0,False,False,False,False,False
2025-03-05 23:00:00,0.0,1.0,1.0,71.8,52.0,0.0,1.0,1.0,63.13333333,1.0,1.0,0.0,56.0,42.63333333,70.0,68.36666667,100.0,2.0,80.0,60.0,0,False,False,False,False,False
2025-03-05 23:15:00,0.0,1.0,1.0,70.6,52.0,0.0,1.0,1.0,63.13333333,1.0,1.0,0.0,54.66666667,43.2,70.0,68.23333333,100.0,2.0,80.0,60.0,0,False,False,False,False,False
2025-03-05 23:30:00,0.0,1.0,1.0,68.2,52.0,16.66666667,1.333333333,1.0,63.6,1.0,1.0,0.0,53.66666667,43.4,70.0,68.86666667,100.0,2.0,80.0,60.0,0,False,False,False,False,False
2025-03-05 23:45:00,0.0,1.0,1.0,68.2,52.0,0.0,1.0,1.0,63.7,1.0,1.0,0.0,52.33333333,43.6,70.0,69.46666667,100.0,2.0,80.0,60.0,0,False,False,False,False,False
2025-03-06 00:00:00,0.0,1.0,1.0,68.2,52.0,0.0,1.0,1.0,63.26666667,1.0,1.0,0.0,52.0,43.33333333,70.0,68.43333333,100.0,2.0,80.0,60.0,0,False,False,False,False,False
2025-03-06 00:15:00,0.0,1.0,1.0,68.2,52.0,0.0,1.0,1.0,63.0,1.0,1.0,0.0,52.0,42.7,70.0,68.03333333,100.0,2.0,80.0,60.0,0,False,False,False,False,False
2025-03-06 00:30:00,0.0,1.0,1.0,68.2,52.0,0.0,1.0,1.0,62.93333333,1.0,1.0,0.0,53.0,42.5,70.0,67.83333333,100.0,2.0,80.0,60.0,0,False,False,False,False,False
2025-03-06 00:45:00,0.0,1.0,1.0,68.2,52.0,16.66666667,1.333333333,1.0,62.93333333,1.0,1.0,0.0,53.0,42.6,70.0,67.83333333,100.0,2.0,80.0,60.0,0,False,False,False,False,False
2025-03-06 01:00:00,0.0,1.0,1.0,68.2,52.0,0.0,1.0,1.0,64.06666667,1.0,1.0,0.0,53.0,43.8,70.0,70.0,100.0,2.0,80.0,60.0,0,False,False,False,False,False
2025-03-06 01:15:00,0.0,1.0,1.0,68.2,52.0,0.0,1.0,1.0,63.26666667,1.0,1.0,0.0,53.0,43.23333333,70.0,68.6,100.0,2.0,80.0,60.0,0,False,False,False,False,False
2025-03-06 01:30:00,0.0,1.0,1.0,68.2,52.0,0.0,1.0,1.0,63.06666667,1.0,1.0,0.0,53.0,42.46666667,70.0,68.1,100.0,2.0,80.0,60.0,0,False,False,False,False,False
2025-03-06 01:45:00,0.0,1.0,1.0,68.2,52.0,0.0,1.0,1.0,62.93333333,1.0,1.0,0.0,53.0,41.96666667,70.0,67.83333333,100.0,2.0,80.0,60.0,0,False,False,False,False,False
2025-03-06 02:00:00,0.0,1.0,1.0,68.2,52.0,0.0,1.0,1.0,63.3,1.0,1.0,0.0,53.66666667,42.36666667,70.0,68.7,100.0,2.0,80.0,60.0,0,False,False,False,False,False
2025-03-06 02:15:00,0.0,1.0,1.0,68.2,52.0,0.0,1.0,1.0,63.46666667,1.0,1.0,0.0,53.66666667,43.46666667,70.0,69.1,100.0,2.0,80.0,60.0,0,False,False,False,False,False
2025-03-06 02:30:00,0.0,1.0,1.0,68.2,52.0,0.0,1.0,1.0,62.93333333,1.0,1.0,0.0,53.0,42.8,70.0,68.33333333,100.0,2.0,80.0,60.0,0,False,False,False,False,False
2025-03-06 02:45:00,0.0,1.0,1.0,68.2,52.0,0.0,1.0,1.0,62.9,1.0,1.0,0.0,53.0,42.76666667,70.0,68.03333333,100.0,2.0,80.0,60.0,0,False,False,False,False,False
2025-03-06 03:00:00,0.0,1.0,1.0,68.2,52.0,16.66666667,1.333333333,1.0,62.76666667,1.0,1.0,0.0,53.0,42.33333333,70.0,67.76666667,100.0,2.0,80.0,60.0,0,False,False,False,False,False
2025-03-06 03:15:00,0.0,1.0,1.0,68.2,52.0,0.0,1.0,1.0,63.66666667,1.0,1.0,0.0,53.33333333,43.33333333,70.0,69.36666667,100.0,2.0,80.0,60.0,0,False,False,False,False,False
2025-03-06 03:30:00,0.0,1.0,1.0,68.2,52.0,0.0,1.0,1.0,62.93333333,1.0,1.0,0.0,53.0,43.26666667,70.0,68.43333333,100.0,2.0,80.0,60.0,0,False,False,False,False,False
2025-03-06 03:45:00,0.0,1.0,1.0,68.2,52.0,0.0,1.0,1.0,62.7,1.0,1.0,0.0,53.33333333,43.46666667,70.0,68.03333333,100.0,2.0,80.0,60.0,0,False,False,False,False,False
2025-03-06 04:00:00,0.0,1.0,1.0,68.2,52.0,0.0,1.0,1.0,62.7,1.0,1.0,0.0,54.0,43.16666667,70.0,67.83333333,100.0,2.0,80.0,60.0,0,False,False,False,False,False
2025-03-06 04:15:00,0.0,1.0,1.0,68.2,52.0,16.66666667,1.333333333,1.0,63.53333333,1.0,1.0,0.0,55.0,43.66666667,70.0,69.56666667,100.0,2.0,80.0,60.0,1,False,False,False,False,False
2025-03-06 04:30:00,0.0,1.0,1.0,68.2,52.0,0.0,1.0,1.0,63.0,1.0,1.0,0.0,55.0,43.43333333,70.0,68.7,100.0,2.0,80.0,60.0,0,False,False,False,False,False
2025-03-06 04:45:00,0.0,1.0,1.0,68.2,52.0,0.0,1.0,1.0,62.63333333,1.0,1.0,0.0,55.66666667,43.0,70.0,67.96666667,100.0,2.0,80.0,60.0,0,False,False,False,False,False
2025-03-06 05:00:00,0.0,1.0,1.0,68.2,52.0,0.0,1.0,1.0,62.73333333,1.0,1.0,0.0,56.33333333,43.4,70.0,67.9,100.0,2.0,80.0,60.0,0,False,False,False,False,False
2025-03-06 05:15:00,0.0,1.0,1.0,68.2,52.0,0.0,1.0,1.0,63.66666667,1.0,1.0,0.0,56.33333333,45.0,70.0,69.8,100.0,2.0,80.0,60.0,0,False,False,False,False,False
2025-03-06 05:30:00,0.0,1.0,1.0,68.2,52.0,0.0,1.0,1.0,62.93333333,1.0,1.0,0.0,56.0,44.2,70.0,68.26666667,100.0,2.0,80.0,60.0,0,False,False,False,False,False
2025-03-06 05:45:00,0.0,1.0,1.0,68.2,52.0,16.66666667,1.333333333,1.0,62.73333333,1.0,1.0,0.0,56.33333333,43.66666667,70.0,67.86666667,100.0,2.0,80.0,60.0,0,False,False,False,False,False
2025-03-06 06:00:00,0.0,1.0,1.0,68.2,52.0,0.0,1.0,1.0,63.63333333,1.0,1.0,0.0,56.66666667,44.83333333,70.0,69.83333333,100.0,2.0,80.0,60.0,0,False,False,False,False,False
2025-03-06 06:15:00,0.0,1.0,1.0,68.2,52.0,0.0,1.0,1.0,62.93333333,1.0,1.0,0.0,56.0,44.33333333,70.0,68.36666667,100.0,2.0,80.0,60.0,0,False,False,False,False,False
2025-03-06 06:30:00,0.0,1.0,1.0,68.2,52.0,0.0,1.0,1.0,62.66666667,1.0,1.0,0.0,56.0,43.26666667,70.0,67.93333333,100.0,2.0,80.0,60.0,0,False,False,False,False,False
2025-03-06 06:45:00,0.0,1.0,1.0,68.2,52.0,0.0,1.0,1.0,63.33333333,1.0,1.0,0.0,56.0,43.56666667,70.0,69.1,100.0,2.0,80.0,60.0,0,False,False,False,False,False
2025-03-06 07:00:00,0.0,1.0,1.0,68.2,52.0,0.0,1.0,1.0,62.86666667,1.0,1.0,0.0,56.0,43.23333333,70.0,68.46666667,100.0,2.0,80.0,60.0,0,False,False,False,False,False
2025-03-06 07:15:00,0.0,1.0,1.0,68.2,52.0,16.66666667,1.333333333,1.0,63.1,1.0,1.0,0.0,56.33333333,42.56666667,70.0,68.83333333,100.0,2.0,80.0,60.0,0,False,False,False,False,False
2025-03-06 07:30:00,0.0,1.0,1.0,68.2,52.0,0.0,1.0,1.0,63.26666667,1.0,1.0,0.0,57.0,42.73333333,70.0,69.33333333,100.0,2.0,80.0,60.0,0,False,False,False,False,False
2025-03-06 07:45:00,0.0,1.0,1.0,68.2,52.0,16.66666667,1.333333333,1.0,62.43333333,1.0,1.0,0.0,57.0,41.0,70.0,67.93333333,100.0,2.0,80.0,60.0,0,False,False,False,False,False
2025-03-06 08:00:00,0.0,1.0,1.0,68.2,52.0,0.0,1.0,1.0,63.5,1.0,1.0,0.0,57.33333333,42.63333333,70.0,69.96666667,100.0,2.0,80.0,60.0,0,False,False,False,False,False
2025-03-06 08:15:00,0.0,1.0,1.0,68.2,52.0,0.0,1.0,1.0,62.5,1.0,1.0,0.0,57.0,41.46666667,70.0,68.1,100.0,2.0,80.0,60.0,0,False,False,False,False,False
2025-03-06 08:30:00,0.0,1.0,1.0,68.2,52.0,16.66666667,1.333333333,1.0,63.06666667,1.0,1.0,0.0,57.0,42.16666667,70.0,69.36666667,100.0,2.0,80.0,60.0,1,False,False,False,False,False
2025-03-06 08:45:00,0.0,1.0,1.0,68.2,52.0,0.0,1.0,1.0,62.6,1.0,1.0,0.0,56.33333333,41.76666667,70.0,68.63333333,100.0,2.0,80.0,60.0,0,False,False,False,False,False
2025-03-06 09:00:00,0.0,1.0,1.0,68.2,52.0,0.0,1.0,1.0,62.23333333,1.0,1.0,0.0,56.66666667,40.83333333,70.0,67.8,100.0,2.0,80.0,60.0,0,False,False,False,False,False
2025-03-06 09:15:00,0.0,1.0,1.0,68.2,52.0,16.66666667,1.333333333,1.0,63.0,1.0,1.0,0.0,56.0,41.46666667,70.0,69.3,100.0,2.0,80.0,60.0,1,False,False,False,False,False
2025-03-06 09:30:00,0.0,1.0,1.0,68.2,52.0,0.0,1.0,1.0,62.46666667,1.0,1.0,0.0,55.0,41.8,70.0,68.4,100.0,2.0,80.0,60.0,0,False,False,False,False,False
2025-03-06 09:45:00,0.0,1.0,1.0,68.2,52.0,16.66666667,1.333333333,1.0,62.93333333,1.0,1.0,0.0,55.0,42.0,70.0,69.2,100.0,2.0,80.0,60.0,1,False,False,False,False,False
2025-03-06 10:00:00,0.0,1.0,1.0,68.2,52.0,0.0,1.0,1.0,62.46666667,1.0,1.0,0.0,54.0,41.9,70.0,68.2,100.0,2.0,80.0,60.0,0,False,False,False,False,False
2025-03-06 10:15:00,0.0,1.0,1.0,68.2,52.0,0.0,1.0,1.0,63.03333333,1.0,1.0,0.0,53.66666667,42.46666667,70.0,69.36666667,100.0,2.0,80.0,60.0,0,False,False,False,False,False
2025-03-06 10:30:00,0.0,1.0,1.0,68.2,52.0,0.0,1.0,1.0,62.76666667,1.0,1.0,0.0,53.0,43.13333333,70.0,68.6,100.0,2.0,80.0,60.0,0,False,False,False,False,False
2025-03-06 10:45:00,0.0,1.0,1.0,68.2,52.0,0.0,1.0,1.0,62.93333333,1.0,1.0,0.0,52.33333333,42.96666667,70.0,68.86666667,100.0,2.0,80.0,60.0,0,False,False,False,False,False
2025-03-06 11:00:00,0.0,1.0,1.0,68.2,52.0,0.0,1.0,1.0,62.76666667,1.0,1.0,0.0,52.0,42.63333333,70.0,68.9,100.0,2.0,80.0,60.0,0,False,False,False,False,False
2025-03-06 11:15:00,0.0,1.0,1.0,68.2,52.0,0.0,1.0,1.0,62.7,1.0,1.0,0.0,52.33333333,41.96666667,70.0,68.23333333,100.0,2.0,80.0,60.0,0,False,False,False,False,False
2025-03-06 11:30:00,0.0,1.0,1.0,68.2,52.0,0.0,1.0,1.0,63.13333333,1.0,1.0,0.0,51.66666667,43.46666667,70.0,69.56666667,100.0,2.0,80.0,60.0,0,False,False,False,False,False
2025-03-06 11:45:00,0.0,1.0,1.0,68.2,52.0,16.66666667,1.333333333,1.0,62.36666667,1.0,1.0,0.0,51.0,42.5,70.0,67.9,100.0,2.0,80.0,60.0,0,False,False,False,False,False
2025-03-06 12:00:00,0.0,1.0,1.0,68.2,52.0,0.0,1.0,1.0,63.1,1.0,1.0,0.0,51.66666667,43.2,70.0,69.56666667,100.0,2.0,80.0,60.0,0,False,False,False,False,False
2025-03-06 12:15:00,0.0,1.0,1.0,68.2,52.0,16.66666667,1.333333333,1.0,62.4,1.0,1.0,0.0,51.0,43.2,70.0,68.03333333,100.0,2.0,80.0,60.0,1,False,False,False,False,False
2025-03-06 12:30:00,0.0,1.0,1.0,68.2,52.0,16.66666667,1.0,1.0,62.96666667,1.0,1.0,0.0,51.0,43.26666667,70.0,69.23333333,100.0,2.0,80.0,60.0,1,False,False,False,False,False
2025-03-06 12:45:00,0.0,1.0,1.0,68.2,52.0,0.0,1.333333333,1.0,62.43333333,1.0,1.0,0.0,51.0,42.63333333,70.0,68.16666667,100.0,2.0,80.0,60.0,0,False,False,False,False,False
2025-03-06 13:00:00,0.0,1.0,1.0,68.2,52.0,16.66666667,1.0,1.0,63.0,1.0,1.0,0.0,51.0,42.9,70.0,69.3,100.0,2.0,80.0,60.0,1,False,False,False,False,False
2025-03-06 13:15:00,0.0,1.0,1.0,68.2,52.0,0.0,1.0,1.0,62.36666667,1.0,1.0,0.0,51.0,42.6,70.0,68.2,100.0,2.0,80.0,60.0,0,False,False,False,False,False
2025-03-06 13:30:00,0.0,1.0,1.0,68.2,52.0,16.66666667,1.333333333,1.0,62.83333333,1.0,1.0,0.0,51.0,42.53333333,70.0,69.46666667,100.0,2.0,80.0,60.0,1,False,False,False,False,False
2025-03-06 13:45:00,0.0,1.0,1.0,68.2,52.0,0.0,1.0,1.0,62.4,1.0,1.0,0.0,51.0,42.36666667,70.0,68.4,100.0,2.0,80.0,60.0,0,False,False,False,False,False
2025-03-06 14:00:00,0.0,1.0,1.0,68.2,52.0,0.0,1.0,1.0,62.56666667,1.0,1.0,0.0,51.0,41.7,70.0,68.9,100.0,2.0,80.0,60.0,0,False,False,False,False,False
2025-03-06 14:15:00,0.0,1.0,1.0,68.2,52.0,0.0,1.0,1.0,62.46666667,1.0,1.0,0.0,51.33333333,42.96666667,70.0,68.93333333,100.0,2.0,80.0,60.0,0,False,False,False,False,False
2025-03-06 14:30:00,0.0,1.0,1.0,68.2,52.0,0.0,1.0,1.0,62.1,1.0,1.0,0.0,50.66666667,43.43333333,70.0,67.96666667,100.0,2.0,80.0,60.0,0,False,False,False,False,False
2025-03-06 14:45:00,0.0,1.0,1.0,68.2,52.0,16.66666667,1.333333333,1.0,62.6,1.0,1.0,0.0,50.0,43.73333333,70.0,68.86666667,100.0,2.0,80.0,60.0,0,False,False,False,False,False
2025-03-06 15:00:00,0.0,1.0,1.0,68.2,52.0,0.0,1.0,1.0,62.76666667,1.0,1.0,0.0,49.33333333,45.4,70.0,68.96666667,100.0,2.0,80.0,60.0,0,False,False,False,False,False
2025-03-06 15:15:00,0.0,1.0,1.0,68.2,52.0,0.0,1.0,1.0,62.6,1.0,1.0,0.0,49.0,44.66666667,70.0,68.13333333,100.0,2.0,80.0,60.0,0,False,False,False,False,False
2025-03-06 15:30:00,0.0,1.0,1.0,68.2,52.0,0.0,1.0,1.0,63.2,1.0,1.0,0.0,49.0,45.46666667,70.0,69.76666667,100.0,2.0,80.0,60.0,0,False,False,False,False,False
2025-03-06 15:45:00,0.0,1.0,1.0,68.2,52.0,0.0,1.0,1.0,62.53333333,1.0,1.0,0.0,49.0,45.23333333,70.0,68.76666667,100.0,2.0,80.0,60.0,0,False,False,False,False,False
2025-03-06 16:00:00,0.0,1.0,1.0,68.2,52.0,0.0,1.0,1.0,62.46666667,1.0,1.0,0.0,48.66666667,45.6,70.0,68.26666667,100.0,2.0,80.0,60.0,0,False,False,False,False,False
2025-03-06 16:15:00,0.0,1.0,1.0,68.2,52.0,0.0,1.0,1.0,62.76666667,1.0,1.0,0.0,48.66666667,47.2,70.0,68.1,100.0,2.0,80.0,60.0,0,False,False,False,False,False
2025-03-06 16:30:00,0.0,1.0,1.0,68.2,52.0,0.0,1.0,1.0,62.83333333,1.0,1.0,0.0,47.33333333,47.2,70.0,68.1,100.0,2.0,80.0,60.0,0,False,False,False,False,False
2025-03-06 16:45:00,0.0,1.0,1.0,68.2,52.0,0.0,1.0,1.0,63.2,1.0,1.0,0.0,45.0,49.7,70.0,68.43333333,100.0,2.0,80.0,60.0,0,False,False,False,False,False
2025-03-06 17:00:00,0.0,1.0,1.0,68.2,52.0,0.0,1.0,1.0,63.73333333,1.0,1.0,0.0,42.33333333,50.9,70.0,68.8,100.0,2.0,80.0,60.0,0,False,False,False,False,False
2025-03-06 17:15:00,0.0,1.0,1.0,68.2,52.0,0.0,1.0,1.0,63.46666667,1.0,1.0,0.0,39.33333333,49.9,70.0,68.9,100.0,2.0,80.0,60.0,0,False,False,False,False,False
2025-03-06 17:30:00,0.0,1.0,1.0,68.2,52.0,0.0,1.0,1.0,63.36666667,1.0,1.0,0.0,39.66666667,50.46666667,70.0,68.9,100.0,2.0,80.0,60.0,0,False,False,False,False,False
2025-03-06 17:45:00,0.0,1.0,1.0,68.2,52.0,0.0,1.0,1.0,63.83333333,1.0,1.0,0.0,39.0,51.6,70.0,69.06666667,100.0,2.0,80.0,60.0,0,False,False,False,False,False
2025-03-06 18:00:00,0.0,1.0,1.0,68.2,52.0,0.0,1.0,1.0,63.9,1.0,1.0,0.0,38.66666667,50.86666667,70.0,69.26666667,100.0,2.0,80.0,60.0,0,False,False,False,False,False
2025-03-06 18:15:00,0.0,1.0,1.0,68.2,52.0,0.0,1.0,1.0,64.2,1.0,1.0,0.0,38.0,53.13333333,70.0,69.56666667,100.0,2.0,80.0,60.0,0,False,False,False,False,False
2025-03-06 18:30:00,0.0,1.0,1.0,68.2,52.0,0.0,1.0,1.0,64.33333333,1.0,1.0,0.0,36.33333333,53.43333333,70.0,69.96666667,100.0,2.0,80.0,60.0,0,False,False,False,False,False
2025-03-06 18:45:00,0.0,1.0,1.0,68.2,52.0,0.0,1.0,1.0,64.6,1.0,1.0,0.0,36.0,54.4,70.0,70.3,100.0,2.0,80.0,60.0,0,False,False,False,False,False
2025-03-06 19:00:00,0.0,1.0,1.0,68.2,52.0,0.0,1.0,1.0,64.53333333,1.0,1.0,0.0,35.33333333,54.23333333,70.0,70.3,100.0,2.0,80.0,60.0,0,False,False,False,False,False
2025-03-06 19:15:00,0.0,1.0,1.0,68.2,52.0,0.0,1.0,1.0,64.5,1.0,1.0,0.0,35.0,54.46666667,70.0,70.1,100.0,2.0,80.0,60.0,0,False,False,False,False,False
2025-03-06 19:30:00,0.0,1.0,1.0,68.2,52.0,0.0,1.0,1.0,64.5,1.0,1.0,0.0,35.0,55.86666667,70.0,69.96666667,100.0,2.0,80.0,60.0,0,False,False,False,False,False
2025-03-06 19:45:00,0.0,1.0,1.0,68.2,52.0,0.0,1.0,1.0,64.5,1.0,1.0,0.0,35.33333333,53.33333333,70.0,69.76666667,100.0,2.0,80.0,60.0,0,False,False,False,False,False
2025-03-06 20:00:00,0.0,1.0,1.0,68.2,52.0,0.0,1.0,1.0,64.5,1.0,1.0,0.0,34.66666667,54.3,70.0,69.7,100.0,2.0,80.0,60.0,0,False,False,False,False,False
2025-03-06 20:15:00,0.0,1.0,1.0,68.2,52.0,0.0,1.0,1.0,64.5,1.0,1.0,0.0,34.0,52.9,70.0,69.76666667,100.0,2.0,80.0,60.0,0,False,False,False,False,False
2025-03-06 20:30:00,0.0,1.0,1.0,68.2,52.0,0.0,1.0,1.0,64.5,1.0,1.0,0.0,34.0,55.73333333,70.0,69.8,100.0,2.0,80.0,60.0,0,False,False,False,False,False
2025-03-06 20:45:00,0.0,1.0,1.0,68.2,52.0,0.0,1.0,1.0,64.5,1.0,1.0,0.0,35.0,56.5,70.0,69.73333333,100.0,2.0,80.0,60.0,0,False,False,False,False,False
2025-03-06 21:00:00,0.0,1.0,1.0,68.2,52.0,0.0,1.0,1.0,64.5,1.0,1.0,0.0,35.0,55.3,70.0,69.63333333,100.0,2.0,80.0,60.0,0,False,False,False,False,False
2025-03-06 21:15:00,0.0,1.0,1.0,68.2,52.0,0.0,1.0,1.0,64.5,1.0,1.0,0.0,35.0,57.96666667,70.0,69.2,100.0,2.0,80.0,60.0,0,False,False,False,False,False
2025-03-06 21:30:00,0.0,1.0,1.0,68.2,52.0,0.0,1.0,1.0,64.5,1.0,1.0,0.0,34.33333333,55.46666667,70.0,68.86666667,100.0,2.0,80.0,60.0,0,False,False,False,False,False
2025-03-06 21:45:00,0.0,1.0,1.0,68.2,52.0,0.0,1.0,1.0,64.36666667,1.0,1.0,0.0,35.0,56.33333333,70.0,68.63333333,100.0,2.0,80.0,60.0,0,False,False,False,False,False
2025-03-06 22:00:00,0.0,1.0,1.0,68.2,52.0,0.0,1.0,1.0,64.3,1.0,1.0,0.0,34.33333333,55.33333333,70.0,68.46666667,100.0,2.0,80.0,60.0,0,False,False,False,False,False
2025-03-06 22:15:00,0.0,1.0,1.0,68.2,52.0,0.0,1.0,1.0,64.16666667,1.0,1.0,0.0,34.0,55.2,70.0,68.4,100.0,2.0,80.0,60.0,0,False,False,False,False,False
2025-03-06 22:30:00,0.0,1.0,1.0,68.2,52.0,0.0,1.0,1.0,64.0,1.0,1.0,0.0,34.0,54.06666667,70.0,68.3,100.0,2.0,80.0,60.0,0,False,False,False,False,False
2025-03-06 22:45:00,0.0,1.0,1.0,68.2,52.0,0.0,1.0,1.0,63.86666667,1.0,1.0,0.0,34.66666667,52.36666667,70.0,68.1,100.0,2.0,80.0,60.0,0,False,False,False,False,False
2025-03-06 23:00:00,0.0,1.0,1.0,68.2,52.0,0.0,1.0,1.0,63.76666667,1.0,1.0,0.0,35.0,51.56666667,70.0,68.03333333,100.0,2.0,80.0,60.0,0,False,False,False,False,False
2025-03-06 23:15:00,0.0,1.0,1.0,68.2,52.0,0.0,1.0,1.0,63.56666667,1.0,1.0,0.0,36.0,51.0,70.0,67.9,100.0,2.0,80.0,60.0,0,False,False,False,False,False
2025-03-06 23:30:00,0.0,1.0,1.0,68.2,52.0,0.0,1.0,1.0,63.4,1.0,1.0,0.0,36.0,50.36666667,70.0,67.83333333,100.0,2.0,80.0,60.0,0,False,False,False,False,False
2025-03-06 23:45:00,0.0,1.0,1.0,68.2,52.0,0.0,1.0,1.0,63.33333333,1.0,1.0,0.0,36.0,50.06666667,70.0,67.73333333,100.0,2.0,80.0,60.0,0,False,False,False,False,False
2025-03-07 00:00:00,0.0,1.0,1.0,68.2,52.0,0.0,1.0,1.0,63.13333333,1.0,1.0,0.0,36.0,49.43333333,70.0,67.56666667,100.0,2.0,80.0,60.0,0,False,False,False,False,False
2025-03-07 00:15:00,0.0,1.0,1.0,68.2,52.0,0.0,1.0,1.0,62.8,1.0,1.0,0.0,36.33333333,49.16666667,70.0,67.5,100.0,2.0,80.0,60.0,0,False,False,False,False,False
2025-03-07 00:30:00,0.0,1.0,1.0,68.2,52.0,0.0,1.0,1.0,63.5,1.0,1.0,0.0,38.33333333,48.53333333,70.0,68.63333333,100.0,2.0,80.0,60.0,0,False,False,False,False,False
2025-03-07 00:45:00,0.0,1.0,1.0,68.2,52.0,0.0,1.0,1.0,63.36666667,1.0,1.0,0.0,39.0,49.1,70.0,68.93333333,100.0,2.0,80.0,60.0,0,False,False,False,False,False
2025-03-07 01:00:00,0.0,1.0,1.0,68.2,52.0,0.0,1.0,1.0,62.73333333,1.0,1.0,0.0,39.0,48.16666667,70.0,67.93333333,100.0,2.0,80.0,60.0,0,False,False,False,False,False
2025-03-07 01:15:00,0.0,1.0,1.0,68.2,52.0,16.66666667,1.333333333,1.0,63.33333333,1.0,1.0,0.0,39.33333333,47.56666667,70.0,68.66666667,100.0,2.0,80.0,60.0,0,False,False,False,False,False
2025-03-07 01:30:00,0.0,1.0,1.0,68.2,52.0,0.0,1.0,1.0,63.43333333,1.0,1.0,0.0,39.66666667,48.93333333,70.0,69.1,100.0,2.0,80.0,60.0,0,False,False,False,False,False
2025-03-07 01:45:00,0.0,1.0,1.0,68.2,52.0,0.0,1.0,1.0,63.0,1.0,1.0,0.0,40.33333333,48.0,70.0,68.0,100.0,2.0,80.0,60.0,0,False,False,False,False,False
2025-03-07 02:00:00,0.0,1.0,1.0,68.2,52.0,0.0,1.0,1.0,63.56666667,1.0,1.0,0.0,40.66666667,47.2,70.0,69.23333333,100.0,2.0,80.0,60.0,0,False,False,False,False,False
2025-03-07 02:15:00,0.0,1.0,1.0,68.2,52.0,0.0,1.0,1.0,62.93333333,1.0,1.0,0.0,40.0,47.2,70.0,68.8,100.0,2.0,80.0,60.0,0,False,False,False,False,False
2025-03-07 02:30:00,0.0,1.0,1.0,68.2,52.0,16.66666667,1.333333333,1.0,62.46666667,1.0,1.0,0.0,41.33333333,46.26666667,70.0,67.83333333,100.0,2.0,80.0,60.0,0,False,False,False,False,False
2025-03-07 02:45:00,0.0,1.0,1.0,68.2,52.0,0.0,1.0,1.0,63.56666667,1.0,1.0,0.0,42.0,46.9,70.0,69.23333333,100.0,2.0,80.0,60.0,0,False,False,False,False,False
2025-03-07 03:00:00,0.0,1.0,1.0,68.2,52.0,0.0,1.0,1.0,62.73333333,1.0,1.0,0.0,42.33333333,47.23333333,70.0,68.2,100.0,2.0,80.0,60.0,0,False,False,False,False,False
2025-03-07 03:15:00,0.0,1.0,1.0,68.2,52.0,0.0,1.0,1.0,62.43333333,1.0,1.0,0.0,43.0,46.23333333,70.0,67.63333333,100.0,2.0,80.0,60.0,0,False,False,False,False,False
2025-03-07 03:30:00,0.0,1.0,1.0,68.2,52.0,0.0,1.0,1.0,62.1,1.0,1.0,0.0,43.66666667,46.2,70.0,67.43333333,100.0,2.0,80.0,60.0,0,False,False,False,False,False
2025-03-07 03:45:00,0.0,1.0,1.0,68.2,52.0,16.66666667,1.333333333,1.0,63.4,1.0,1.0,0.0,44.0,47.3,70.0,69.0,100.0,2.0,80.0,60.0,1,False,False,False,False,False
2025-03-07 04:00:00,0.0,1.0,1.0,68.2,52.0,0.0,1.0,1.0,62.96666667,1.0,1.0,0.0,44.0,48.23333333,70.0,68.4,100.0,2.0,80.0,60.0,0,False,False,False,False,False
2025-03-07 04:15:00,0.0,1.0,1.0,68.2,52.0,0.0,1.0,1.0,62.53333333,1.0,1.0,0.0,45.0,47.46666667,70.0,67.63333333,100.0,2.0,80.0,60.0,0,False,False,False,False,False
2025-03-07 04:30:00,0.0,1.0,1.0,68.2,52.0,0.0,1.0,1.0,62.36666667,1.0,1.0,0.0,45.33333333,47.1,70.0,67.36666667,100.0,2.0,80.0,60.0,0,False,False,False,False,False
2025-03-07 04:45:00,0.0,1.0,1.0,68.2,52.0,16.66666667,1.333333333,1.0,63.36666667,1.0,1.0,0.0,46.0,47.53333333,70.0,69.0,100.0,2.0,80.0,60.0,1,False,False,False,False,False
2025-03-07 05:00:00,0.0,1.0,1.0,68.2,52.0,0.0,1.0,1.0,62.93333333,1.0,1.0,0.0,46.0,48.53333333,70.0,68.26666667,100.0,2.0,80.0,60.0,0,False,False,False,False,False
2025-03-07 05:15:00,0.0,1.0,1.0,68.2,52.0,0.0,1.0,1.0,63.53333333,1.0,1.0,0.0,47.0,47.6,70.0,69.0,100.0,2.0,80.0,60.0,0,False,False,False,False,False
2025-03-07 05:30:00,0.0,1.0,1.0,68.2,52.0,0.0,1.0,1.0,63.0,1.0,1.0,0.0,47.66666667,48.0,70.0,68.83333333,100.0,2.0,80.0,60.0,0,False,False,False,False,False
2025-03-07 05:45:00,0.0,1.0,1.0,68.2,52.0,16.66666667,1.333333333,1.0,63.06666667,1.0,1.0,0.0,48.0,47.06666667,70.0,68.43333333,100.0,2.0,80.0,60.0,0,False,False,False,False,False
2025-03-07 06:00:00,0.0,1.0,1.0,68.2,52.0,0.0,1.0,1.0,63.36666667,1.0,1.0,0.0,48.66666667,47.4,70.0,69.43333333,100.0,2.0,80.0,60.0,0,False,False,False,False,False
2025-03-07 06:15:00,0.0,1.0,1.0,68.2,52.0,0.0,1.0,1.0,62.66666667,1.0,1.0,0.0,48.66666667,47.43333333,70.0,68.1,100.0,2.0,80.0,60.0,0,False,False,False,False,False
2025-03-07 06:30:00,0.0,1.0,1.0,68.2,52.0,0.0,1.0,1.0,63.13333333,1.0,1.0,0.0,48.0,47.63333333,70.0,68.66666667,100.0,2.0,80.0,60.0,0,False,False,False,False,False
2025-03-07 06:45:00,0.0,1.0,1.0,68.2,52.0,0.0,1.0,1.0,63.06666667,1.0,1.0,0.0,48.0,48.46666667,70.0,68.86666667,100.0,2.0,80.0,60.0,0,False,False,False,False,False
2025-03-07 07:00:00,0.0,1.0,1.0,68.2,52.0,16.66666667,1.333333333,1.0,62.63333333,1.0,1.0,0.0,49.0,47.76666667,70.0,67.76666667,100.0,2.0,80.0,60.0,0,False,False,False,False,False
2025-03-07 07:15:00,0.0,1.0,1.0,68.2,52.0,0.0,1.0,1.0,63.56666667,1.0,1.0,0.0,50.33333333,48.03333333,70.0,69.4,100.0,2.0,80.0,60.0,0,False,False,False,False,False
2025-03-07 07:30:00,0.0,1.0,1.0,68.2,52.0,0.0,1.0,1.0,62.66666667,1.0,1.0,0.0,52.0,47.13333333,70.0,68.16666667,100.0,2.0,80.0,60.0,0,False,False,False,False,False
2025-03-07 07:45:00,0.0,1.0,1.0,68.2,52.0,16.66666667,1.333333333,1.0,63.33333333,1.0,1.0,0.0,52.33333333,46.56666667,70.0,69.1,100.0,2.0,80.0,60.0,1,False,False,False,False,False
2025-03-07 08:00:00,0.0,1.0,1.0,68.2,52.0,0.0,1.0,1.0,62.76666667,1.0,1.0,0.0,51.33333333,47.4,70.0,68.33333333,100.0,2.0,80.0,60.0,0,False,False,False,False,False
2025-03-07 08:15:00,0.0,1.0,1.0,68.2,52.0,0.0,1.0,1.0,63.36666667,1.0,1.0,0.0,50.0,47.6,70.0,68.93333333,100.0,2.0,80.0,60.0,0,False,False,False,False,False
2025-03-07 08:30:00,0.0,1.0,1.0,68.2,52.0,0.0,1.0,1.0,63.0,1.0,1.0,0.0,51.0,48.03333333,70.0,68.9,100.0,2.0,80.0,60.0,0,False,False,False,False,False
2025-03-07 08:45:00,0.0,1.0,1.0,68.2,52.0,16.66666667,1.333333333,1.0,62.63333333,1.0,1.0,0.0,50.0,47.73333333,70.0,67.86666667,100.0,2.0,80.0,60.0,0,False,False,False,False,False
2025-03-07 09:00:00,0.0,1.0,1.0,68.2,52.0,0.0,1.0,1.0,63.83333333,1.0,1.0,0.0,48.66666667,48.0,70.0,69.73333333,100.0,2.0,80.0,60.0,0,False,False,False,False,False
2025-03-07 09:15:00,0.0,1.0,1.0,68.2,52.0,0.0,1.0,1.0,62.76666667,1.0,1.0,0.0,49.66666667,49.0,70.0,68.2,100.0,2.0,80.0,60.0,0,False,False,False,False,False
2025-03-07 09:30:00,0.0,1.0,1.0,68.2,52.0,0.0,1.0,1.0,63.43333333,1.0,1.0,0.0,51.33333333,48.1,70.0,68.9,100.0,2.0,80.0,60.0,0,False,False,False,False,False
2025-03-07 09:45:00,0.0,1.0,1.0,68.2,52.0,0.0,1.0,1.0,63.1,1.0,1.0,0.0,51.66666667,48.83333333,70.0,68.7,100.0,2.0,80.0,60.0,0,False,False,False,False,False
2025-03-07 10:00:00,0.0,1.0,1.0,68.2,52.0,0.0,1.0,1.0,63.13333333,1.0,1.0,0.0,50.0,48.43333333,70.0,68.2,100.0,2.0,80.0,60.0,0,False,False,False,False,False
2025-03-07 10:15:00,0.0,1.0,1.0,68.2,52.0,0.0,1.0,1.0,63.7,1.0,1.0,0.0,48.66666667,49.73333333,70.0,69.53333333,100.0,2.0,80.0,60.0,0,False,False,False,False,False
2025-03-07 10:30:00,0.0,1.0,1.0,68.2,52.0,0.0,1.0,1.0,62.9,1.0,1.0,0.0,48.0,48.5,70.0,68.0,100.0,2.0,80.0,60.0,0,False,False,False,False,False
2025-03-07 10:45:00,0.0,1.0,1.0,68.2,52.0,16.66666667,1.333333333,1.0,63.53333333,1.0,1.0,0.0,48.0,49.63333333,70.0,69.2,100.0,2.0,80.0,60.0,1,False,False,False,False,False
2025-03-07 11:00:00,0.0,1.0,1.0,68.2,52.0,0.0,1.0,1.0,63.03333333,1.0,1.0,0.0,47.66666667,50.13333333,70.0,68.36666667,100.0,2.0,80.0,60.0,0,False,False,False,False,False
2025-03-07 11:15:00,0.0,1.0,1.0,68.2,52.0,16.66666667,1.333333333,1.0,63.16666667,1.0,1.0,0.0,51.0,47.9,70.0,68.56666667,100.0,2.0,80.0,60.0,0,False,False,False,False,False
2025-03-07 11:30:00,0.0,1.0,1.0,68.2,52.0,0.0,1.0,1.0,63.36666667,1.0,1.0,0.0,50.66666667,49.06666667,70.0,68.96666667,100.0,2.0,80.0,60.0,0,False,False,False,False,False
2025-03-07 11:45:00,0.0,1.0,1.0,68.2,52.0,16.66666667,1.333333333,1.0,63.3,1.0,1.0,0.0,49.33333333,48.36666667,70.0,68.7,100.0,2.0,80.0,60.0,0,False,False,False,False,False
2025-03-07 12:00:00,0.0,1.0,1.0,68.2,52.0,0.0,1.0,1.0,63.63333333,1.0,1.0,0.0,51.0,49.06666667,70.0,69.46666667,100.0,2.0,80.0,60.0,0,False,False,False,False,False
2025-03-07 12:15:00,0.0,1.0,1.0,68.2,52.0,0.0,1.0,1.0,62.86666667,1.0,1.0,0.0,51.33333333,48.1,70.0,67.86666667,100.0,2.0,80.0,60.0,0,False,False,False,False,False
2025-03-07 12:30:00,0.0,1.0,1.0,68.2,52.0,16.66666667,1.333333333,1.0,63.63333333,1.0,1.0,0.0,53.0,47.46666667,70.0,69.4,100.0,2.0,80.0,60.0,1,False,False,False,False,False
2025-03-07 12:45:00,0.0,1.0,1.0,68.2,52.0,0.0,1.0,1.0,63.1,1.0,1.0,0.0,52.66666667,47.9,70.0,68.36666667,100.0,2.0,80.0,60.0,0,False,False,False,False,False
2025-03-07 13:00:00,0.0,1.0,1.0,68.2,52.0,0.0,1.0,1.0,63.43333333,1.0,1.0,0.0,52.0,47.36666667,70.0,68.9,100.0,2.0,80.0,60.0,0,False,False,False,False,False
2025-03-07 13:15:00,0.0,1.0,1.0,68.2,52.0,0.0,1.0,1.0,63.3,1.0,1.0,0.0,52.0,47.6,70.0,68.73333333,100.0,2.0,80.0,60.0,0,False,False,False,False,False
2025-03-07 13:30:00,0.0,1.0,1.0,68.2,52.0,16.66666667,1.333333333,1.0,63.36666667,1.0,1.0,0.0,52.66666667,47.63333333,70.0,68.53333333,100.0,2.0,80.0,60.0,0,False,False,False,False,False
2025-03-07 13:45:00,0.0,1.0,1.0,68.2,52.0,0.0,1.0,1.0,63.86666667,1.0,1.0,0.0,52.33333333,49.0,70.0,69.36666667,100.0,2.0,80.0,60.0,0,False,False,False,False,False
2025-03-07 14:00:00,0.0,1.0,1.0,68.2,52.0,0.0,1.0,1.0,63.4,1.0,1.0,0.0,51.0,49.3,70.0,68.2,100.0,2.0,80.0,60.0,0,False,False,False,False,False
2025-03-07 14:15:00,0.0,1.0,1.0,68.2,52.0,0.0,1.0,1.0,63.4,1.0,1.0,0.0,49.33333333,50.0,70.0,67.96666667,100.0,2.0,80.0,60.0,0,False,False,False,False,False
2025-03-07 14:30:00,0.0,1.0,1.0,68.2,52.0,0.0,1.0,1.0,63.46666667,1.0,1.0,0.0,45.66666667,51.46666667,70.0,67.9,100.0,2.0,80.0,60.0,0,False,False,False,False,False
2025-03-07 14:45:00,0.0,1.0,1.0,68.2,52.0,16.66666667,1.333333333,1.0,64.0,1.0,1.0,0.0,43.0,52.73333333,70.0,68.7,100.0,2.0,80.0,60.0,0,False,False,False,False,False
2025-03-07 15:00:00,0.0,1.0,1.0,68.2,52.0,0.0,1.0,1.0,64.63333333,1.0,1.0,0.0,40.66666667,53.3,70.0,69.6,100.0,2.0,80.0,60.0,0,False,False,False,False,False
2025-03-07 15:15:00,0.0,1.0,1.0,68.2,52.0,0.0,1.0,1.0,64.06666667,1.0,1.0,0.0,40.0,53.06666667,70.0,68.43333333,100.0,2.0,80.0,60.0,0,False,False,False,False,False
2025-03-07 15:30:00,0.0,1.0,1.0,68.2,52.0,0.0,1.0,1.0,64.13333333,1.0,1.0,0.0,39.33333333,53.8,70.0,68.23333333,100.0,2.0,80.0,60.0,0,False,False,False,False,False
2025-03-07 15:45:00,0.0,1.0,1.0,68.2,52.0,0.0,1.0,1.0,64.2,1.0,1.0,0.0,38.66666667,54.3,70.0,68.16666667,100.0,2.0,80.0,60.0,0,False,False,False,False,False
2025-03-07 16:00:00,0.0,1.0,1.0,68.2,52.0,0.0,1.0,1.0,64.63333333,1.0,1.0,0.0,37.33333333,56.36666667,70.0,68.53333333,100.0,2.0,80.0,60.0,0,False,False,False,False,False
2025-03-07 16:15:00,0.0,1.0,1.0,68.2,52.0,0.0,1.0,1.0,64.8,1.0,1.0,0.0,36.0,56.8,70.0,68.66666667,100.0,2.0,80.0,60.0,0,False,False,False,False,False
2025-03-07 16:30:00,0.0,1.0,1.0,68.2,52.0,0.0,1.0,1.0,64.73333333,1.0,1.0,0.0,35.0,56.66666667,70.0,68.7,100.0,2.0,80.0,60.0,0,False,False,False,False,False
2025-03-07 16:45:00,0.0,1.0,1.0,68.2,52.0,0.0,1.0,1.0,64.6,1.0,1.0,0.0,35.0,57.16666667,70.0,68.9,100.0,2.0,80.0,60.0,0,False,False,False,False,False
2025-03-07 17:00:00,0.0,1.0,1.0,68.2,52.0,0.0,1.0,1.0,64.73333333,1.0,1.0,0.0,33.66666667,57.53333333,70.0,69.0,100.0,2.0,80.0,60.0,0,False,False,False,False,False
2025-03-07 17:15:00,0.0,1.0,1.0,68.2,52.0,0.0,1.0,1.0,64.96666667,1.0,1.0,0.0,32.33333333,58.56666667,70.0,69.0,100.0,2.0,80.0,60.0,0,False,False,False,False,False
2025-03-07 17:30:00,0.0,1.0,1.0,68.2,52.0,0.0,1.0,1.0,65.1,1.0,1.0,0.0,31.0,58.9,70.0,69.0,100.0,2.0,80.0,60.0,0,False,False,False,False,False
2025-03-07 17:45:00,0.0,1.0,1.0,68.2,52.0,0.0,1.0,1.0,65.1,1.0,1.0,0.0,31.66666667,59.03333333,70.0,69.13333333,100.0,2.0,80.0,60.0,0,False,False,False,False,False
2025-03-07 18:00:00,0.0,1.0,1.0,68.2,52.0,0.0,1.0,1.0,65.36666667,1.0,1.0,0.0,31.0,60.26666667,70.0,69.36666667,100.0,2.0,80.0,60.0,0,False,False,False,False,False
2025-03-07 18:15:00,0.0,1.0,1.0,68.2,52.0,0.0,1.0,1.0,65.36666667,1.0,1.0,0.0,32.0,60.36666667,70.0,69.5,100.0,2.0,80.0,60.0,0,False,False,False,False,False
2025-03-07 18:30:00,0.0,1.0,1.0,68.2,52.0,0.0,1.0,1.0,65.36666667,1.0,1.0,0.0,31.33333333,60.46666667,70.0,69.56666667,100.0,2.0,80.0,60.0,0,False,False,False,False,False
2025-03-07 18:45:00,0.0,1.0,1.0,68.2,52.0,0.0,1.0,1.0,65.3,1.0,1.0,0.0,30.0,58.7,70.0,69.63333333,100.0,2.0,80.0,60.0,0,False,False,False,False,False
2025-03-07 19:00:00,0.0,1.0,1.0,68.2,52.0,0.0,1.0,1.0,65.3,1.0,1.0,0.0,31.0,58.43333333,70.0,69.43333333,100.0,2.0,80.0,60.0,0,False,False,False,False,False
2025-03-07 19:15:00,0.0,1.0,1.0,68.2,52.0,0.0,1.0,1.0,65.3,1.0,1.0,0.0,31.33333333,59.96666667,70.0,69.2,100.0,2.0,80.0,60.0,0,False,False,False,False,False
2025-03-07 19:30:00,0.0,1.0,1.0,68.2,52.0,0.0,1.0,1.0,65.3,1.0,1.0,0.0,30.33333333,59.26666667,70.0,69.06666667,100.0,2.0,80.0,60.0,0,False,False,False,False,False
2025-03-07 19:45:00,0.0,1.0,1.0,68.2,52.0,0.0,1.0,1.0,65.3,1.0,1.0,0.0,31.0,59.46666667,70.0,68.86666667,100.0,2.0,80.0,60.0,0,False,False,False,False,False
2025-03-07 20:00:00,0.0,1.0,1.0,68.2,52.0,0.0,1.0,1.0,65.3,1.0,1.0,0.0,31.0,60.4,70.0,68.7,100.0,2.0,80.0,60.0,0,False,False,False,False,False
2025-03-07 20:15:00,0.0,1.0,1.0,68.2,52.0,0.0,1.0,1.0,65.36666667,1.0,1.0,0.0,31.33333333,60.1,70.0,68.9,100.0,2.0,80.0,60.0,0,False,False,False,False,False
2025-03-07 20:30:00,0.0,1.0,1.0,68.2,52.0,0.0,1.0,1.0,65.33333333,1.0,1.0,0.0,32.0,59.26666667,70.0,68.9,100.0,2.0,80.0,60.0,0,False,False,False,False,False
2025-03-07 20:45:00,0.0,1.0,1.0,68.2,52.0,0.0,1.0,1.0,65.3,1.0,1.0,0.0,32.0,59.36666667,70.0,68.76666667,100.0,2.0,80.0,60.0,0,False,False,False,False,False
2025-03-07 21:00:00,0.0,1.0,1.0,68.2,52.0,0.0,1.0,1.0,65.36666667,1.0,1.0,0.0,32.0,60.26666667,70.0,68.7,100.0,2.0,80.0,60.0,0,False,False,False,False,False
2025-03-07 21:15:00,0.0,1.0,1.0,68.2,52.0,0.0,1.0,1.0,65.4,1.0,1.0,0.0,32.0,60.7,70.0,68.7,100.0,2.0,80.0,60.0,0,False,False,False,False,False
2025-03-07 21:30:00,0.0,1.0,1.0,68.2,52.0,0.0,1.0,1.0,65.4,1.0,1.0,0.0,32.0,60.9,70.0,68.7,100.0,2.0,80.0,60.0,0,False,False,False,False,False
2025-03-07 21:45:00,0.0,1.0,1.0,68.2,52.0,0.0,1.0,1.0,65.4,1.0,1.0,0.0,32.0,60.9,70.0,68.63333333,100.0,2.0,80.0,60.0,0,False,False,False,False,False
2025-03-07 22:00:00,0.0,1.0,1.0,68.2,52.0,0.0,1.0,1.0,65.4,1.0,1.0,0.0,32.0,61.2,70.0,68.6,100.0,2.0,80.0,60.0,0,False,False,False,False,False
2025-03-07 22:15:00,0.0,1.0,1.0,68.2,52.0,0.0,1.0,1.0,65.4,1.0,1.0,0.0,32.0,61.53333333,70.0,68.6,100.0,2.0,80.0,60.0,0,False,False,False,False,False
2025-03-07 22:30:00,0.0,1.0,1.0,68.2,52.0,0.0,1.0,1.0,65.4,1.0,1.0,0.0,32.0,62.36666667,70.0,68.6,100.0,2.0,80.0,60.0,0,False,False,False,False,False
2025-03-07 22:45:00,0.0,1.0,1.0,68.2,52.0,0.0,1.0,1.0,65.6,1.0,1.0,0.0,32.0,63.06666667,70.0,68.6,100.0,2.0,80.0,60.0,0,False,False,False,False,False
2025-03-07 23:00:00,0.0,1.0,1.0,68.2,52.0,0.0,1.0,1.0,65.6,1.0,1.0,0.0,32.0,63.1,70.0,68.6,100.0,2.0,80.0,60.0,0,False,False,False,False,False
2025-03-07 23:15:00,0.0,1.0,1.0,68.2,52.0,0.0,1.0,1.0,65.6,1.0,1.0,0.0,32.0,62.9,70.0,68.6,100.0,2.0,80.0,60.0,0,False,False,False,False,False
2025-03-07 23:30:00,0.0,1.0,1.0,68.2,52.0,0.0,1.0,1.0,65.8,1.0,1.0,0.0,33.0,62.9,70.0,68.6,100.0,2.0,80.0,60.0,0,False,False,False,False,False
2025-03-07 23:45:00,0.0,1.0,1.0,68.2,52.0,0.0,1.0,1.0,65.8,1.0,1.0,0.0,33.0,62.73333333,70.0,68.6,100.0,2.0,80.0,60.0,0,False,False,False,False,False
2025-03-08 00:00:00,0.0,1.0,1.0,68.2,52.0,0.0,1.0,1.0,65.8,1.0,1.0,0.0,33.33333333,62.26666667,70.0,68.46666667,100.0,2.0,80.0,60.0,0,False,False,False,False,False
2025-03-08 00:15:00,0.0,1.0,1.0,68.2,52.0,0.0,1.0,1.0,65.66666667,1.0,1.0,0.0,34.0,61.23333333,70.0,68.4,100.0,2.0,80.0,60.0,0,False,False,False,False,False
2025-03-08 00:30:00,0.0,1.0,1.0,68.2,52.0,0.0,1.0,1.0,65.36666667,1.0,1.0,0.0,35.0,60.63333333,70.0,68.3,100.0,2.0,80.0,60.0,0,False,False,False,False,False
2025-03-08 00:45:00,0.0,1.0,1.0,68.2,52.0,0.0,1.0,1.0,65.3,1.0,1.0,0.0,35.66666667,59.93333333,70.0,68.23333333,100.0,2.0,80.0,60.0,0,False,False,False,False,False
2025-03-08 01:00:00,0.0,1.0,1.0,68.2,52.0,0.0,1.0,1.0,65.16666667,1.0,1.0,0.0,36.66666667,59.0,70.0,68.1,100.0,2.0,80.0,60.0,0,False,False,False,False,False
2025-03-08 01:15:00,0.0,1.0,1.0,68.2,52.0,0.0,1.0,1.0,65.0,1.0,1.0,0.0,37.66666667,58.16666667,70.0,68.1,100.0,2.0,80.0,60.0,0,False,False,False,False,False
2025-03-08 01:30:00,0.0,1.0,1.0,68.2,52.0,0.0,1.0,1.0,65.0,1.0,1.0,0.0,39.0,57.5,70.0,68.1,100.0,2.0,80.0,60.0,0,False,False,False,False,False
2025-03-08 01:45:00,0.0,1.0,1.0,68.2,52.0,0.0,1.0,1.0,65.0,1.0,1.0,0.0,39.66666667,57.33333333,70.0,68.03333333,100.0,2.0,80.0,60.0,0,False,False,False,False,False
2025-03-08 02:00:00,0.0,1.0,1.0,68.2,52.0,0.0,1.0,1.0,64.8,1.0,1.0,0.0,39.66666667,57.3,70.0,67.9,100.0,2.0,80.0,60.0,0,False,False,False,False,False
2025-03-08 02:15:00,0.0,1.0,1.0,68.2,52.0,0.0,1.0,1.0,64.6,1.0,1.0,0.0,40.0,57.33333333,70.0,67.86666667,100.0,2.0,80.0,60.0,0,False,False,False,False,False
2025-03-08 02:30:00,0.0,1.0,1.0,68.2,52.0,0.0,1.0,1.0,64.6,1.0,1.0,0.0,40.0,58.0,70.0,67.8,100.0,2.0,80.0,60.0,0,False,False,False,False,False
2025-03-08 02:45:00,0.0,1.0,1.0,68.2,52.0,0.0,1.0,1.0,64.6,1.0,1.0,0.0,41.0,58.4,70.0,67.8,100.0,2.0,80.0,60.0,0,False,False,False,False,False
2025-03-08 03:00:00,0.0,1.0,1.0,68.2,52.0,0.0,1.0,1.0,64.6,1.0,1.0,0.0,42.0,58.86666667,70.0,67.8,100.0,2.0,80.0,60.0,0,False,False,False,False,False
2025-03-08 03:15:00,0.0,1.0,1.0,68.2,52.0,0.0,1.0,1.0,64.6,1.0,1.0,0.0,41.33333333,59.16666667,70.0,67.8,100.0,2.0,80.0,60.0,0,False,False,False,False,False
2025-03-08 03:30:00,0.0,1.0,1.0,68.2,52.0,0.0,1.0,1.0,64.6,1.0,1.0,0.0,41.66666667,59.16666667,70.0,67.8,100.0,2.0,80.0,60.0,0,False,False,False,False,False
2025-03-08 03:45:00,0.0,1.0,1.0,68.2,52.0,0.0,1.0,1.0,65.0,1.0,1.0,0.0,42.66666667,59.2,70.0,68.06666667,100.0,2.0,80.0,60.0,0,False,False,False,False,False
2025-03-08 04:00:00,0.0,1.0,1.0,68.2,52.0,0.0,1.0,1.0,65.8,1.0,1.0,0.0,43.66666667,60.66666667,70.0,69.7,100.0,2.0,80.0,60.0,0,False,False,False,False,False
2025-03-08 04:15:00,0.0,1.0,1.0,68.2,52.0,0.0,1.0,1.0,65.16666667,1.0,1.0,0.0,42.66666667,60.76666667,70.0,68.63333333,100.0,2.0,80.0,60.0,0,False,False,False,False,False
2025-03-08 04:30:00,0.0,1.0,1.0,68.2,52.0,0.0,1.0,1.0,65.0,1.0,1.0,0.0,45.0,59.83333333,70.0,68.3,100.0,2.0,80.0,60.0,0,False,False,False,False,False
2025-03-08 04:45:00,0.0,1.0,1.0,68.2,52.0,0.0,1.0,1.0,64.8,1.0,1.0,0.0,46.33333333,58.26666667,70.0,68.1,100.0,2.0,80.0,60.0,0,False,False,False,False,False
2025-03-08 05:00:00,0.0,1.0,1.0,68.2,52.0,0.0,1.0,1.0,64.6,1.0,1.0,0.0,47.66666667,58.33333333,70.0,67.9,100.0,2.0,80.0,60.0,0,False,False,False,False,False
2025-03-08 05:15:00,0.0,1.0,1.0,60.0,52.0,0.0,1.0,1.0,64.86666667,2.0,2.0,0.0,47.66666667,58.06666667,70.0,67.9,0.0,1.0,80.0,60.0,0,False,False,False,False,False
2025-03-08 05:30:00,0.0,1.0,1.0,60.0,52.0,0.0,1.0,1.0,64.73333333,2.0,2.0,0.0,45.0,56.8,70.0,67.9,0.0,1.0,80.0,60.0,0,False,False,False,False,False
2025-03-08 05:45:00,0.0,1.0,1.0,60.0,52.0,0.0,1.0,1.0,64.36666667,2.0,2.0,0.0,44.66666667,55.6,70.0,67.9,0.0,1.0,80.0,60.0,0,False,False,False,False,False
2025-03-08 06:00:00,0.0,1.0,1.0,60.0,52.0,0.0,1.0,1.0,64.0,2.0,2.0,0.0,44.66666667,55.36666667,70.0,67.9,0.0,1.0,80.0,60.0,0,False,False,False,False,False
2025-03-08 06:15:00,0.0,1.0,1.0,60.0,52.0,0.0,1.0,1.0,63.73333333,2.0,2.0,0.0,44.66666667,54.06666667,70.0,67.9,0.0,1.0,80.0,60.0,0,False,False,False,False,False
2025-03-08 06:30:00,0.0,1.0,1.0,60.0,52.0,0.0,1.0,1.0,63.36666667,2.0,2.0,0.0,46.0,52.46666667,70.0,67.9,0.0,1.0,80.0,60.0,0,False,False,False,False,False
2025-03-08 06:45:00,0.0,1.0,1.0,60.0,52.0,0.0,1.0,1.0,63.03333333,2.0,2.0,0.0,46.66666667,51.3,70.0,67.9,0.0,1.0,80.0,60.0,0,False,False,False,False,False
2025-03-08 07:00:00,0.0,1.0,1.0,60.0,52.0,0.0,1.0,1.0,62.63333333,2.0,2.0,0.0,47.0,50.5,70.0,67.9,0.0,1.0,80.0,60.0,0,False,False,False,False,False
2025-03-08 07:15:00,0.0,1.0,1.0,60.0,52.0,0.0,1.0,1.0,62.43333333,2.0,2.0,0.0,47.0,49.93333333,70.0,67.9,0.0,1.0,80.0,60.0,0,False,False,False,False,False
2025-03-08 07:30:00,0.0,1.0,1.0,60.0,52.0,0.0,1.0,1.0,62.3,2.0,2.0,0.0,47.33333333,49.73333333,70.0,67.9,0.0,1.0,80.0,60.0,0,False,False,False,False,False
2025-03-08 07:45:00,0.0,1.0,1.0,60.0,52.0,0.0,1.0,1.0,62.16666667,2.0,2.0,0.0,47.66666667,49.7,70.0,67.9,0.0,1.0,80.0,60.0,0,False,False,False,False,False
2025-03-08 08:00:00,0.0,1.0,1.0,60.0,52.0,0.0,1.0,1.0,62.1,2.0,2.0,0.0,47.0,49.5,70.0,67.9,0.0,1.0,80.0,60.0,0,False,False,False,False,False
2025-03-08 08:15:00,0.0,1.0,1.0,60.0,52.0,0.0,1.0,1.0,62.03333333,2.0,2.0,0.0,47.0,49.5,70.0,67.9,0.0,1.0,80.0,60.0,0,False,False,False,False,False
2025-03-08 08:30:00,0.0,1.0,1.0,60.0,52.0,0.0,1.0,1.0,61.9,2.0,2.0,0.0,47.0,49.43333333,70.0,67.9,0.0,1.0,80.0,60.0,0,False,False,False,False,False
2025-03-08 08:45:00,0.0,1.0,1.0,60.0,52.0,0.0,1.0,1.0,61.9,2.0,2.0,0.0,47.0,49.16666667,70.0,67.9,0.0,1.0,80.0,60.0,0,False,False,False,False,False
2025-03-08 09:00:00,0.0,1.0,1.0,60.0,52.0,0.0,1.0,1.0,61.86666667,2.0,2.0,0.0,47.33333333,48.76666667,70.0,67.9,0.0,1.0,80.0,60.0,0,False,False,False,False,False
2025-03-08 09:15:00,0.0,1.0,1.0,60.0,52.0,0.0,1.0,1.0,61.66666667,2.0,2.0,0.0,48.0,48.63333333,70.0,67.9,0.0,1.0,80.0,60.0,0,False,False,False,False,False
2025-03-08 09:30:00,0.0,1.0,1.0,60.0,52.0,0.0,1.0,1.0,61.6,2.0,2.0,0.0,48.0,48.5,70.0,67.9,0.0,1.0,80.0,60.0,0,False,False,False,False,False
2025-03-08 09:45:00,0.0,1.0,1.0,60.0,52.0,0.0,1.0,1.0,61.6,2.0,2.0,0.0,48.33333333,48.36666667,70.0,67.9,0.0,1.0,80.0,60.0,0,False,False,False,False,False
2025-03-08 10:00:00,0.0,1.0,1.0,60.0,52.0,0.0,1.0,1.0,61.56666667,2.0,2.0,0.0,49.0,48.23333333,70.0,67.9,0.0,1.0,80.0,60.0,0,False,False,False,False,False
2025-03-08 10:15:00,0.0,1.0,1.0,60.0,52.0,0.0,1.0,1.0,61.5,2.0,2.0,0.0,49.0,48.13333333,70.0,67.9,0.0,1.0,80.0,60.0,0,False,False,False,False,False
2025-03-08 10:30:00,0.0,1.0,1.0,60.0,52.0,0.0,1.0,1.0,61.43333333,2.0,2.0,0.0,49.0,47.73333333,70.0,67.9,0.0,1.0,80.0,60.0,0,False,False,False,False,False
2025-03-08 10:45:00,0.0,1.0,1.0,60.0,52.0,0.0,1.0,1.0,61.3,2.0,2.0,0.0,49.0,47.6,70.0,67.9,0.0,1.0,80.0,60.0,0,False,False,False,False,False
2025-03-08 11:00:00,0.0,1.0,1.0,60.0,52.0,0.0,1.0,1.0,61.23333333,2.0,2.0,0.0,49.0,47.4,70.0,67.9,0.0,1.0,80.0,60.0,0,False,False,False,False,False
2025-03-08 11:15:00,0.0,1.0,1.0,60.0,52.0,0.0,1.0,1.0,61.1,2.0,2.0,0.0,49.33333333,47.33333333,70.0,67.9,0.0,1.0,80.0,60.0,0,False,False,False,False,False
2025-03-08 11:30:00,0.0,1.0,1.0,60.0,52.0,0.0,1.0,1.0,61.06666667,2.0,2.0,0.0,50.0,47.03333333,70.0,67.9,0.0,1.0,80.0,60.0,0,False,False,False,False,False
2025-03-08 11:45:00,0.0,1.0,1.0,60.0,52.0,0.0,1.0,1.0,61.0,2.0,2.0,0.0,49.66666667,46.7,70.0,67.83333333,0.0,1.0,80.0,60.0,0,False,False,False,False,False
2025-03-08 12:00:00,0.0,1.0,1.0,60.0,52.0,0.0,1.0,1.0,60.86666667,2.0,2.0,0.0,50.0,46.5,70.0,67.8,0.0,1.0,80.0,60.0,0,False,False,False,False,False
2025-03-08 12:15:00,0.0,1.0,1.0,60.0,52.0,0.0,1.0,1.0,60.8,2.0,2.0,0.0,50.0,46.4,70.0,67.8,0.0,1.0,80.0,60.0,0,False,False,False,False,False
2025-03-08 12:30:00,0.0,1.0,1.0,60.0,52.0,0.0,1.0,1.0,60.8,2.0,2.0,0.0,50.0,46.26666667,70.0,67.8,0.0,1.0,80.0,60.0,0,False,False,False,False,False
2025-03-08 12:45:00,0.0,1.0,1.0,60.0,52.0,0.0,1.0,1.0,60.8,2.0,2.0,0.0,50.0,45.6,70.0,67.8,0.0,1.0,80.0,60.0,0,False,False,False,False,False
2025-03-08 13:00:00,0.0,1.0,1.0,65.46666667,52.0,16.66666667,1.333333333,1.0,62.83333333,1.333333333,1.333333333,0.0,47.66666667,46.3,70.0,68.56666667,66.66666667,1.666666667,80.0,60.0,0,False,False,False,False,False
2025-03-08 13:15:00,0.0,1.0,1.0,68.2,52.0,0.0,1.0,1.0,64.1,1.0,1.0,0.0,46.66666667,49.33333333,70.0,69.56666667,100.0,2.0,80.0,60.0,0,False,False,False,False,False
2025-03-08 13:30:00,0.0,1.0,1.0,68.2,52.0,0.0,1.0,1.0,63.43333333,1.0,1.0,0.0,47.0,49.83333333,70.0,68.33333333,100.0,2.0,80.0,60.0,0,False,False,False,False,False
2025-03-08 13:45:00,0.0,1.0,1.0,68.2,52.0,0.0,1.0,1.0,63.26666667,1.0,1.0,0.0,46.33333333,49.56666667,70.0,68.16666667,100.0,2.0,80.0,60.0,0,False,False,False,False,False
2025-03-08 14:00:00,0.0,1.0,1.0,68.2,52.0,0.0,1.0,1.0,62.96666667,1.0,1.0,0.0,46.0,49.13333333,70.0,67.9,100.0,2.0,80.0,60.0,0,False,False,False,False,False
2025-03-08 14:15:00,0.0,1.0,1.0,68.2,52.0,0.0,1.0,1.0,76.23333333,1.0,1.0,0.0,45.66666667,49.46666667,70.0,67.9,100.0,2.0,80.0,60.0,0,False,False,False,False,False
2025-03-08 14:30:00,0.0,1.0,1.0,68.2,52.0,0.0,1.0,1.0,63.0,1.0,1.0,0.0,44.33333333,49.83333333,70.0,67.9,100.0,2.0,80.0,60.0,0,False,False,False,False,False
2025-03-08 14:45:00,0.0,1.0,1.0,68.2,52.0,0.0,1.0,1.0,64.03333333,1.0,1.0,0.0,44.0,50.1,70.0,69.4,100.0,2.0,80.0,60.0,0,False,False,False,False,False
2025-03-08 15:00:00,0.0,1.0,1.0,68.2,52.0,0.0,1.0,1.0,64.23333333,1.0,1.0,0.0,43.0,50.5,70.0,69.63333333,100.0,2.0,80.0,60.0,0,False,False,False,False,False
2025-03-08 15:15:00,0.0,1.0,1.0,68.2,52.0,0.0,1.0,1.0,63.86666667,1.0,1.0,0.0,40.66666667,50.56666667,70.0,69.4,100.0,2.0,80.0,60.0,0,False,False,False,False,False
2025-03-08 15:30:00,0.0,1.0,1.0,68.2,52.0,0.0,1.0,1.0,64.03333333,1.0,1.0,0.0,38.33333333,51.56666667,70.0,69.4,100.0,2.0,80.0,60.0,0,False,False,False,False,False
2025-03-08 15:45:00,0.0,1.0,1.0,68.2,52.0,0.0,1.0,1.0,64.2,1.0,1.0,0.0,35.66666667,52.7,70.0,69.4,100.0,2.0,80.0,60.0,0,False,False,False,False,False
2025-03-08 16:00:00,0.0,1.0,1.0,68.2,52.0,0.0,1.0,1.0,64.23333333,1.0,1.0,0.0,34.66666667,54.1,70.0,69.43333333,100.0,2.0,80.0,60.0,0,False,False,False,False,False
2025-03-08 16:15:00,0.0,1.0,1.0,68.2,52.0,0.0,1.0,1.0,64.4,1.0,1.0,0.0,32.66666667,54.23333333,70.0,69.5,100.0,2.0,80.0,60.0,0,False,False,False,False,False
2025-03-08 16:30:00,0.0,1.0,1.0,68.2,52.0,0.0,1.0,1.0,64.6,1.0,1.0,0.0,32.0,54.63333333,70.0,69.7,100.0,2.0,80.0,60.0,0,False,False,False,False,False
2025-03-08 16:45:00,0.0,1.0,1.0,68.2,52.0,0.0,1.0,1.0,64.86666667,1.0,1.0,0.0,31.0,55.3,70.0,69.76666667,100.0,2.0,80.0,60.0,0,False,False,False,False,False
2025-03-08 17:00:00,0.0,1.0,1.0,68.2,52.0,0.0,1.0,1.0,65.0,1.0,1.0,0.0,30.33333333,55.36666667,70.0,69.86666667,100.0,2.0,80.0,60.0,0,False,False,False,False,False
2025-03-08 17:15:00,0.0,1.0,1.0,68.2,52.0,0.0,1.0,1.0,65.0,1.0,1.0,0.0,29.33333333,55.6,70.0,70.0,100.0,2.0,80.0,60.0,0,False,False,False,False,False
2025-03-08 17:30:00,0.0,1.0,1.0,68.2,52.0,0.0,1.0,1.0,65.1,1.0,1.0,0.0,28.66666667,57.0,70.0,70.0,100.0,2.0,80.0,60.0,0,False,False,False,False,False
2025-03-08 17:45:00,0.0,1.0,1.0,68.2,52.0,0.0,1.0,1.0,65.1,1.0,1.0,0.0,28.66666667,58.53333333,70.0,70.0,100.0,2.0,80.0,60.0,0,False,False,False,False,False
2025-03-08 18:00:00,0.0,1.0,1.0,68.2,52.0,0.0,1.0,1.0,65.5,1.0,1.0,0.0,29.0,59.6,70.0,70.0,100.0,2.0,80.0,60.0,0,False,False,False,False,False
2025-03-08 18:15:00,0.0,1.0,1.0,68.2,52.0,0.0,1.0,1.0,65.96666667,1.0,1.0,0.0,28.33333333,61.7,70.0,70.06666667,100.0,2.0,80.0,60.0,0,False,False,False,False,False
2025-03-08 18:30:00,0.0,1.0,1.0,68.2,52.0,0.0,1.0,1.0,65.6,1.0,1.0,0.0,28.0,61.56666667,70.0,70.1,100.0,2.0,80.0,60.0,0,False,False,False,False,False
2025-03-08 18:45:00,0.0,1.0,1.0,68.2,52.0,0.0,1.0,1.0,65.66666667,1.0,1.0,0.0,27.33333333,63.66666667,70.0,70.1,100.0,2.0,80.0,60.0,0,False,False,False,False,False
2025-03-08 19:00:00,0.0,1.0,1.0,68.2,52.0,0.0,1.0,1.0,66.36666667,1.0,1.0,0.0,27.0,65.13333333,70.0,70.1,100.0,2.0,80.0,60.0,0,False,False,False,False,False
2025-03-08 19:15:00,0.0,1.0,1.0,68.2,52.0,0.0,1.0,1.0,66.66666667,1.0,1.0,0.0,26.66666667,65.66666667,70.0,70.1,100.0,2.0,80.0,60.0,0,False,False,False,False,False
2025-03-08 19:30:00,0.0,1.0,1.0,68.2,52.0,0.0,1.0,1.0,66.53333333,1.0,1.0,0.0,26.0,64.0,70.0,70.1,100.0,2.0,80.0,60.0,0,False,False,False,False,False
2025-03-08 19:45:00,0.0,1.0,1.0,68.2,52.0,0.0,1.0,1.0,66.56666667,1.0,1.0,0.0,26.0,62.56666667,70.0,70.1,100.0,2.0,80.0,60.0,0,False,False,False,False,False
2025-03-08 20:00:00,0.0,1.0,1.0,68.2,52.0,0.0,1.0,1.0,65.93333333,1.0,1.0,0.0,26.0,62.16666667,70.0,70.1,100.0,2.0,80.0,60.0,0,False,False,False,False,False
2025-03-08 20:15:00,0.0,1.0,1.0,68.2,52.0,0.0,1.0,1.0,66.16666667,1.0,1.0,0.0,26.0,61.36666667,70.0,70.1,100.0,2.0,80.0,60.0,0,False,False,False,False,False
2025-03-08 20:30:00,0.0,1.0,1.0,68.2,52.0,0.0,1.0,1.0,65.96666667,1.0,1.0,0.0,26.0,61.73333333,70.0,70.03333333,100.0,2.0,80.0,60.0,0,False,False,False,False,False
2025-03-08 20:45:00,0.0,1.0,1.0,68.2,52.0,0.0,1.0,1.0,65.8,1.0,1.0,0.0,26.66666667,60.93333333,70.0,69.93333333,100.0,2.0,80.0,60.0,0,False,False,False,False,False
2025-03-08 21:00:00,0.0,1.0,1.0,68.2,52.0,0.0,1.0,1.0,65.8,1.0,1.0,0.0,26.66666667,59.96666667,70.0,69.76666667,100.0,2.0,80.0,60.0,0,False,False,False,False,False
2025-03-08 21:15:00,0.0,1.0,1.0,68.2,52.0,0.0,1.0,1.0,65.8,1.0,1.0,0.0,26.0,59.73333333,70.0,69.7,100.0,2.0,80.0,60.0,0,False,False,False,False,False
2025-03-08 21:30:00,0.0,1.0,1.0,62.73333333,52.0,0.0,1.0,1.0,66.36666667,1.666666667,1.666666667,0.0,31.0,59.46666667,70.0,69.56666667,33.33333333,1.333333333,80.0,60.0,0,False,False,False,False,False
2025-03-08 21:45:00,0.0,1.0,1.0,60.0,52.0,0.0,1.0,1.0,67.13333333,2.0,2.0,0.0,34.0,59.46666667,70.0,69.5,0.0,1.0,80.0,60.0,0,False,False,False,False,False
2025-03-08 22:00:00,0.0,1.0,1.0,60.0,52.0,0.0,1.0,1.0,67.2,2.0,2.0,0.0,35.0,58.86666667,70.0,69.4,0.0,1.0,80.0,60.0,0,False,False,False,False,False
2025-03-08 22:15:00,0.0,1.0,1.0,60.0,52.0,0.0,1.0,1.0,67.13333333,2.0,2.0,0.0,35.33333333,58.3,70.0,69.4,0.0,1.0,80.0,60.0,0,False,False,False,False,False
2025-03-08 22:30:00,0.0,1.0,1.0,60.0,52.0,0.0,1.0,1.0,66.73333333,2.0,2.0,0.0,36.66666667,57.8,70.0,69.33333333,0.0,1.0,80.0,60.0,0,False,False,False,False,False
2025-03-08 22:45:00,0.0,1.0,1.0,60.0,52.0,0.0,1.0,1.0,66.23333333,2.0,2.0,0.0,37.66666667,56.86666667,70.0,69.2,0.0,1.0,80.0,60.0,0,False,False,False,False,False
2025-03-08 23:00:00,0.0,1.0,1.0,60.0,52.0,0.0,1.0,1.0,65.7,2.0,2.0,0.0,38.33333333,55.03333333,70.0,69.2,0.0,1.0,80.0,60.0,0,False,False,False,False,False
2025-03-08 23:15:00,0.0,1.0,1.0,60.0,52.0,0.0,1.0,1.0,64.86666667,2.0,2.0,0.0,40.33333333,53.7,70.0,69.13333333,0.0,1.0,80.0,60.0,0,False,False,False,False,False
2025-03-08 23:30:00,0.0,1.0,1.0,60.0,52.0,0.0,1.0,1.0,63.86666667,2.0,2.0,0.0,42.0,52.76666667,70.0,69.0,0.0,1.0,80.0,60.0,0,False,False,False,False,False
2025-03-08 23:45:00,0.0,1.0,1.0,60.0,52.0,0.0,1.0,1.0,63.03333333,2.0,2.0,0.0,43.33333333,51.8,70.0,68.9,0.0,1.0,80.0,60.0,0,False,False,False,False,False
2025-03-09 00:00:00,0.0,1.0,1.0,60.0,52.0,0.0,1.0,1.0,62.4,2.0,2.0,0.0,44.33333333,51.03333333,70.0,68.9,0.0,1.0,80.0,60.0,0,False,False,False,False,False
2025-03-09 00:15:00,0.0,1.0,1.0,60.0,52.0,0.0,1.0,1.0,61.5,2.0,2.0,0.0,45.66666667,50.23333333,70.0,68.9,0.0,1.0,80.0,60.0,0,False,False,False,False,False
2025-03-09 00:30:00,0.0,1.0,1.0,60.0,52.0,0.0,1.0,1.0,60.73333333,2.0,2.0,0.0,46.0,49.06666667,70.0,68.7,0.0,1.0,80.0,60.0,0,False,False,False,False,False
2025-03-09 00:45:00,0.0,1.0,1.0,60.0,52.0,0.0,1.0,1.0,60.76666667,2.0,2.0,0.0,46.66666667,47.86666667,70.0,68.76666667,0.0,1.0,80.0,60.0,0,False,False,False,False,False
2025-03-09 01:00:00,0.0,1.0,1.0,60.0,52.0,0.0,1.0,1.0,60.8,2.0,2.0,0.0,46.66666667,47.7,70.0,68.9,0.0,1.0,80.0,60.0,0,False,False,False,False,False
2025-03-09 01:15:00,0.0,1.0,1.0,60.0,52.0,0.0,1.0,1.0,60.46666667,2.0,2.0,0.0,47.0,47.36666667,70.0,68.9,0.0,1.0,80.0,60.0,0,False,False,False,False,False
2025-03-09 01:30:00,0.0,1.0,1.0,60.0,52.0,0.0,1.0,1.0,59.86666667,2.0,2.0,0.0,48.0,47.03333333,70.0,68.7,0.0,1.0,80.0,60.0,0,False,False,False,False,False
2025-03-09 01:45:00,0.0,1.0,1.0,60.0,52.0,0.0,1.0,1.0,59.43333333,2.0,2.0,0.0,48.0,46.3,70.0,68.7,0.0,1.0,80.0,60.0,0,False,False,False,False,False
2025-03-09 02:00:00,0.0,1.0,1.0,60.0,52.0,0.0,1.0,1.0,59.2,2.0,2.0,0.0,47.66666667,45.93333333,70.0,68.66666667,0.0,1.0,80.0,60.0,0,False,False,False,False,False
2025-03-09 02:15:00,0.0,1.0,1.0,60.0,52.0,0.0,1.0,1.0,59.13333333,2.0,2.0,0.0,48.66666667,45.8,70.0,68.6,0.0,1.0,80.0,60.0,0,False,False,False,False,False
2025-03-09 02:30:00,0.0,1.0,1.0,60.0,52.0,0.0,1.0,1.0,59.23333333,2.0,2.0,0.0,48.0,46.0,70.0,68.6,0.0,1.0,80.0,60.0,0,False,False,False,False,False
2025-03-09 02:45:00,0.0,1.0,1.0,60.0,52.0,0.0,1.0,1.0,59.4,2.0,2.0,0.0,48.0,46.0,70.0,68.6,0.0,1.0,80.0,60.0,0,False,False,False,False,False
2025-03-09 03:00:00,0.0,1.0,1.0,60.0,52.0,0.0,1.0,1.0,59.33333333,2.0,2.0,0.0,47.33333333,46.0,70.0,68.6,0.0,1.0,80.0,60.0,0,False,False,False,False,False
2025-03-09 03:15:00,0.0,1.0,1.0,60.0,52.0,0.0,1.0,1.0,58.93333333,2.0,2.0,0.0,47.0,45.7,70.0,68.4,0.0,1.0,80.0,60.0,0,False,False,False,False,False
2025-03-09 03:30:00,0.0,1.0,1.0,60.0,52.0,0.0,1.0,1.0,58.5,2.0,2.0,0.0,47.66666667,45.13333333,70.0,68.4,0.0,1.0,80.0,60.0,0,False,False,False,False,False
2025-03-09 03:45:00,0.0,1.0,1.0,60.0,52.0,0.0,1.0,1.0,58.3,2.0,2.0,0.0,48.0,44.06666667,70.0,68.4,0.0,1.0,80.0,60.0,0,False,False,False,False,False
2025-03-09 04:00:00,0.0,1.0,1.0,60.0,52.0,0.0,1.0,1.0,58.7,2.0,2.0,0.0,48.33333333,43.73333333,70.0,68.4,0.0,1.0,80.0,60.0,1,False,False,False,False,False
2025-03-09 04:15:00,0.0,1.0,1.0,60.0,52.0,0.0,1.0,1.0,58.9,2.0,2.0,0.0,48.0,43.2,70.0,68.4,0.0,1.0,80.0,60.0,0,False,False,False,False,False
2025-03-09 04:30:00,0.0,1.0,1.0,60.0,52.0,0.0,1.0,1.0,58.83333333,2.0,2.0,0.0,49.0,42.36666667,70.0,68.4,0.0,1.0,80.0,60.0,0,False,False,False,False,False
2025-03-09 04:45:00,0.0,1.0,1.0,60.0,52.0,0.0,1.0,1.0,58.7,2.0,2.0,0.0,48.66666667,42.43333333,70.0,68.3,0.0,1.0,80.0,60.0,0,False,False,False,False,False
2025-03-09 05:00:00,0.0,1.0,1.0,60.0,52.0,0.0,1.0,1.0,58.3,2.0,2.0,0.0,48.66666667,42.1,70.0,68.3,0.0,1.0,80.0,60.0,0,False,False,False,False,False
2025-03-09 05:15:00,0.0,1.0,1.0,60.0,52.0,0.0,1.0,1.0,57.53333333,2.0,2.0,0.0,48.0,42.1,70.0,68.3,0.0,1.0,80.0,60.0,0,False,False,False,False,False
2025-03-09 05:30:00,0.0,1.0,1.0,60.0,52.0,0.0,1.0,1.0,57.2,2.0,2.0,0.0,48.66666667,42.1,70.0,68.1,0.0,1.0,80.0,60.0,0,False,False,False,False,False
2025-03-09 05:45:00,0.0,1.0,1.0,60.0,52.0,0.0,1.0,1.0,57.2,2.0,2.0,0.0,48.0,42.16666667,70.0,68.1,0.0,1.0,80.0,60.0,0,False,False,False,False,False
2025-03-09 06:00:00,0.0,1.0,1.0,60.0,52.0,0.0,1.0,1.0,56.96666667,2.0,2.0,0.0,49.0,42.2,70.0,68.1,0.0,1.0,80.0,60.0,0,False,False,False,False,False
2025-03-09 06:15:00,0.0,1.0,1.0,60.0,52.0,0.0,1.0,1.0,57.03333333,2.0,2.0,0.0,49.66666667,42.2,70.0,67.9,0.0,1.0,80.0,60.0,0,False,False,False,False,False
2025-03-09 06:30:00,0.0,1.0,1.0,60.0,52.0,0.0,1.0,1.0,57.1,2.0,2.0,0.0,49.0,41.16666667,70.0,67.9,0.0,1.0,80.0,60.0,0,False,False,False,False,False
2025-03-09 06:45:00,0.0,1.0,1.0,60.0,52.0,0.0,1.0,1.0,56.83333333,2.0,2.0,0.0,49.0,40.9,70.0,67.9,0.0,1.0,80.0,60.0,0,False,False,False,False,False
2025-03-09 07:00:00,0.0,1.0,1.0,60.0,52.0,0.0,1.0,1.0,56.6,2.0,2.0,0.0,49.0,41.1,70.0,67.9,0.0,1.0,80.0,60.0,0,False,False,False,False,False
2025-03-09 07:15:00,0.0,1.0,1.0,60.0,52.0,0.0,1.0,1.0,56.36666667,2.0,2.0,0.0,48.66666667,41.16666667,70.0,67.83333333,0.0,1.0,80.0,60.0,0,False,False,False,False,False
2025-03-09 07:30:00,0.0,1.0,1.0,60.0,52.0,0.0,1.0,1.0,55.96666667,2.0,2.0,0.0,48.0,41.5,70.0,67.8,0.0,1.0,80.0,60.0,0,False,False,False,False,False
2025-03-09 07:45:00,0.0,1.0,1.0,60.0,52.0,0.0,1.0,1.0,55.76666667,2.0,2.0,0.0,48.33333333,41.6,70.0,67.8,0.0,1.0,80.0,60.0,0,False,False,False,False,False
2025-03-09 08:00:00,0.0,1.0,1.0,60.0,52.0,0.0,1.0,1.0,55.46666667,2.0,2.0,0.0,48.33333333,41.6,70.0,67.8,0.0,1.0,80.0,60.0,0,False,False,False,False,False
2025-03-09 08:15:00,0.0,1.0,1.0,60.0,52.0,0.0,1.0,1.0,55.03333333,2.0,2.0,0.0,49.66666667,41.46666667,70.0,67.73333333,0.0,1.0,80.0,60.0,0,False,False,False,False,False
2025-03-09 08:30:00,0.0,1.0,1.0,60.0,52.0,0.0,1.0,1.0,55.16666667,2.0,2.0,0.0,49.66666667,41.4,70.0,67.6,0.0,1.0,80.0,60.0,0,False,False,False,False,False
2025-03-09 08:45:00,0.0,1.0,1.0,60.0,52.0,0.0,1.0,1.0,55.2,2.0,2.0,0.0,49.0,41.4,70.0,67.6,0.0,1.0,80.0,60.0,0,False,False,False,False,False
2025-03-09 09:00:00,0.0,1.0,1.0,60.0,52.0,0.0,1.0,1.0,55.33333333,2.0,2.0,0.0,50.0,41.06666667,70.0,67.6,0.0,1.0,80.0,60.0,0,False,False,False,False,False
2025-03-09 09:15:00,0.0,1.0,1.0,60.0,52.0,0.0,1.0,1.0,55.63333333,2.0,2.0,0.0,49.0,40.9,70.0,67.56666667,0.0,1.0,80.0,60.0,0,False,False,False,False,False
2025-03-09 09:30:00,0.0,1.0,1.0,60.0,52.0,0.0,1.0,1.0,55.6,2.0,2.0,0.0,49.33333333,40.73333333,70.0,67.5,0.0,1.0,80.0,60.0,0,False,False,False,False,False
2025-03-09 09:45:00,0.0,1.0,1.0,60.0,52.0,0.0,1.0,1.0,55.23333333,2.0,2.0,0.0,50.0,40.7,70.0,67.5,0.0,1.0,80.0,60.0,0,False,False,False,False,False
2025-03-09 10:00:00,0.0,1.0,1.0,60.0,52.0,0.0,1.0,1.0,55.46666667,2.0,2.0,0.0,50.33333333,40.63333333,70.0,67.5,0.0,1.0,80.0,60.0,0,False,False,False,False,False
2025-03-09 10:15:00,0.0,1.0,1.0,60.0,52.0,0.0,1.0,1.0,55.7,2.0,2.0,0.0,51.66666667,40.3,70.0,67.5,0.0,1.0,80.0,60.0,0,False,False,False,False,False
2025-03-09 10:30:00,0.0,1.0,1.0,60.0,52.0,0.0,1.0,1.0,55.83333333,2.0,2.0,0.0,50.66666667,40.36666667,70.0,67.5,0.0,1.0,80.0,60.0,0,False,False,False,False,False
2025-03-09 10:45:00,0.0,1.0,1.0,60.0,52.0,0.0,1.0,1.0,56.13333333,2.0,2.0,0.0,49.66666667,40.46666667,70.0,67.5,0.0,1.0,80.0,60.0,0,False,False,False,False,False
2025-03-09 11:00:00,0.0,1.0,1.0,60.0,52.0,0.0,1.0,1.0,57.3,2.0,2.0,0.0,50.33333333,40.4,70.0,67.5,0.0,1.0,80.0,60.0,0,False,False,False,False,False
2025-03-09 11:15:00,0.0,1.0,1.0,60.0,52.0,0.0,1.0,1.0,57.36666667,2.0,2.0,0.0,49.66666667,39.96666667,70.0,67.5,0.0,1.0,80.0,60.0,0,False,False,False,False,False
2025-03-09 11:30:00,0.0,1.0,1.0,60.0,52.0,0.0,1.0,1.0,56.73333333,2.0,2.0,0.0,51.66666667,39.6,70.0,67.5,0.0,1.0,80.0,60.0,0,False,False,False,False,False
2025-03-09 11:45:00,0.0,1.0,1.0,60.0,52.0,0.0,1.0,1.0,56.13333333,2.0,2.0,0.0,53.66666667,39.6,70.0,67.5,0.0,1.0,80.0,60.0,0,False,False,False,False,False
2025-03-09 12:00:00,0.0,1.0,1.0,60.0,52.0,0.0,1.0,1.0,55.66666667,2.0,2.0,0.0,52.66666667,39.5,70.0,67.36666667,0.0,1.0,80.0,60.0,0,False,False,False,False,False
2025-03-09 12:15:00,0.0,1.0,1.0,60.0,52.0,0.0,1.0,1.0,55.06666667,2.0,2.0,0.0,52.66666667,39.3,70.0,67.3,0.0,1.0,80.0,60.0,0,False,False,False,False,False
2025-03-09 12:30:00,0.0,1.0,1.0,60.0,52.0,0.0,1.0,1.0,55.13333333,2.0,2.0,0.0,54.0,39.53333333,70.0,67.3,0.0,1.0,80.0,60.0,0,False,False,False,False,False
2025-03-09 12:45:00,0.0,1.0,1.0,60.0,52.0,0.0,1.0,1.0,55.63333333,2.0,2.0,0.0,52.0,40.7,70.0,67.26666667,0.0,1.0,80.0,60.0,0,False,False,False,False,False
2025-03-09 13:00:00,0.0,1.0,1.0,60.0,52.0,0.0,1.0,1.0,55.83333333,2.0,2.0,0.0,48.66666667,42.23333333,70.0,67.2,0.0,1.0,80.0,60.0,0,False,False,False,False,False
2025-03-09 13:15:00,0.0,1.0,1.0,60.0,52.0,0.0,1.0,1.0,56.33333333,2.0,2.0,0.0,45.66666667,43.33333333,70.0,67.2,0.0,1.0,80.0,60.0,0,False,False,False,False,False
2025-03-09 13:30:00,0.0,1.0,1.0,60.0,52.0,0.0,1.0,1.0,56.96666667,2.0,2.0,0.0,46.33333333,44.6,70.0,67.2,0.0,1.0,80.0,60.0,0,False,False,False,False,False
2025-03-09 13:45:00,0.0,1.0,1.0,60.0,52.0,0.0,1.0,1.0,57.83333333,2.0,2.0,0.0,44.33333333,46.06666667,70.0,67.23333333,0.0,1.0,80.0,60.0,0,False,False,False,False,False
2025-03-09 14:00:00,0.0,1.0,1.0,60.0,52.0,0.0,1.0,1.0,58.83333333,2.0,2.0,0.0,43.0,47.33333333,70.0,67.3,0.0,1.0,80.0,60.0,0,False,False,False,False,False
2025-03-09 14:15:00,0.0,1.0,1.0,60.0,52.0,0.0,1.0,1.0,59.9,2.0,2.0,0.0,43.33333333,48.0,70.0,67.63333333,0.0,1.0,80.0,60.0,0,False,False,False,False,False
2025-03-09 14:30:00,0.0,1.0,1.0,60.0,52.0,0.0,1.0,1.0,60.6,2.0,2.0,0.0,42.0,49.03333333,70.0,67.8,0.0,1.0,80.0,60.0,0,False,False,False,False,False
2025-03-09 14:45:00,0.0,1.0,1.0,60.0,52.0,0.0,1.0,1.0,62.2,2.0,2.0,0.0,39.0,51.8,70.0,68.0,0.0,1.0,80.0,60.0,0,False,False,False,False,False
2025-03-09 15:00:00,0.0,1.0,1.0,60.0,52.0,0.0,1.0,1.0,64.23333333,2.0,2.0,0.0,34.33333333,55.0,70.0,68.36666667,0.0,1.0,80.0,60.0,0,False,False,False,False,False
2025-03-09 15:15:00,0.0,1.0,1.0,60.0,52.0,0.0,1.0,1.0,66.0,2.0,2.0,0.0,33.0,57.13333333,70.0,68.63333333,0.0,1.0,80.0,60.0,0,False,False,False,False,False
2025-03-09 15:30:00,0.0,1.0,1.0,60.0,52.0,0.0,1.0,1.0,68.0,2.0,2.0,0.0,30.33333333,58.5,70.0,69.1,0.0,1.0,80.0,60.0,0,False,False,False,False,False
2025-03-09 15:45:00,0.0,1.0,1.0,60.0,52.0,0.0,1.0,1.0,70.1,2.0,2.0,0.0,27.33333333,59.66666667,70.0,69.43333333,0.0,1.0,80.0,60.0,0,False,False,False,False,False
2025-03-09 16:00:00,0.0,1.0,1.0,60.0,52.0,0.0,1.0,1.0,71.53333333,2.0,2.0,0.0,26.33333333,60.6,70.0,69.7,0.0,1.0,80.0,60.0,0,False,False,False,False,False
2025-03-09 16:15:00,0.0,1.0,1.0,60.0,52.0,0.0,1.0,1.0,72.16666667,2.0,2.0,0.0,25.66666667,60.53333333,70.0,70.13333333,0.0,1.0,80.0,60.0,0,False,False,False,False,False
2025-03-09 16:30:00,0.0,1.0,1.0,60.0,52.0,0.0,1.0,1.0,73.23333333,2.0,2.0,0.0,25.33333333,61.63333333,70.0,70.3,0.0,1.0,80.0,60.0,0,False,False,False,False,False
2025-03-09 16:45:00,0.0,1.0,1.0,60.0,52.0,0.0,1.0,1.0,74.46666667,2.0,2.0,0.0,25.0,62.4,70.0,70.3,0.0,1.0,80.0,60.0,0,False,False,False,False,False
2025-03-09 17:00:00,0.0,1.0,1.0,60.0,52.0,0.0,1.0,1.0,75.43333333,2.0,2.0,0.0,24.66666667,63.26666667,70.0,70.3,0.0,1.0,80.0,60.0,0,False,False,False,False,False
2025-03-09 17:15:00,0.0,1.0,1.0,60.0,52.0,0.0,1.0,1.0,76.0,2.0,2.0,0.0,24.0,65.13333333,70.0,70.36666667,0.0,1.0,80.0,60.0,0,False,False,False,False,False
2025-03-09 17:30:00,0.0,1.0,1.0,60.0,52.0,0.0,1.0,1.0,75.8,2.0,2.0,0.0,24.66666667,64.6,70.0,70.5,0.0,1.0,80.0,60.0,0,False,False,False,False,False
2025-03-09 17:45:00,0.0,1.0,1.0,60.0,52.0,0.0,1.0,1.0,75.86666667,2.0,2.0,0.0,25.0,65.2,70.0,70.5,0.0,1.0,80.0,60.0,0,False,False,False,False,False
2025-03-09 18:00:00,0.0,1.0,1.0,60.0,52.0,0.0,1.0,1.0,76.03333333,2.0,2.0,0.0,24.33333333,66.43333333,70.0,70.5,0.0,1.0,80.0,60.0,0,False,False,False,False,False
2025-03-09 18:15:00,0.0,1.0,1.0,60.0,52.0,0.0,1.0,1.0,76.36666667,2.0,2.0,0.0,24.33333333,67.93333333,70.0,70.56666667,0.0,1.0,80.0,60.0,0,False,False,False,False,False
2025-03-09 18:30:00,0.0,1.0,1.0,60.0,52.0,0.0,1.0,1.0,76.7,2.0,2.0,0.0,24.66666667,70.43333333,70.0,70.6,0.0,1.0,80.0,60.0,0,False,False,False,False,False
2025-03-09 18:45:00,0.0,1.0,1.0,60.0,52.0,0.0,1.0,1.0,77.7,2.0,2.0,0.0,25.0,73.36666667,70.0,70.6,0.0,1.0,80.0,60.0,0,False,False,False,False,False
2025-03-09 19:00:00,0.0,1.0,1.0,60.0,52.0,0.0,1.0,1.0,78.33333333,2.0,2.0,0.0,24.66666667,73.46666667,70.0,70.6,0.0,1.0,80.0,60.0,0,False,False,False,False,False
2025-03-09 19:15:00,0.0,1.0,1.0,60.0,52.0,0.0,1.0,1.0,76.96666667,2.0,2.0,0.0,24.0,71.86666667,70.0,70.6,0.0,1.0,80.0,60.0,0,False,False,False,False,False
2025-03-09 19:30:00,0.0,1.0,1.0,60.0,52.0,0.0,1.0,1.0,75.33333333,2.0,2.0,0.0,25.0,69.23333333,70.0,70.6,0.0,1.0,80.0,60.0,0,False,False,False,False,False
2025-03-09 19:45:00,0.0,1.0,1.0,60.0,52.0,0.0,1.0,1.0,74.8,2.0,2.0,0.0,28.33333333,69.63333333,70.0,70.6,0.0,1.0,80.0,60.0,0,False,False,False,False,False
2025-03-09 20:00:00,0.0,1.0,1.0,60.0,52.0,0.0,1.0,1.0,76.46666667,2.0,2.0,0.0,29.33333333,71.23333333,70.0,70.6,0.0,1.0,80.0,60.0,0,False,False,False,False,False
2025-03-09 20:15:00,0.0,1.0,1.0,60.0,52.0,0.0,1.0,1.0,78.03333333,2.0,2.0,0.0,28.0,72.2,70.0,70.53333333,0.0,1.0,80.0,60.0,0,False,False,False,False,False
2025-03-09 20:30:00,0.0,1.0,1.0,60.0,52.0,0.0,1.0,1.0,78.2,2.0,2.0,0.0,27.66666667,72.16666667,70.0,70.36666667,0.0,1.0,80.0,60.0,0,False,False,False,False,False
2025-03-09 20:45:00,0.0,1.0,1.0,60.0,52.0,0.0,1.0,1.0,78.06666667,2.0,2.0,0.0,27.0,72.13333333,70.0,70.3,0.0,1.0,80.0,60.0,0,False,False,False,False,False
2025-03-09 21:00:00,0.0,1.0,1.0,60.0,52.0,0.0,1.0,1.0,77.8,2.0,2.0,0.0,27.33333333,72.36666667,70.0,70.1,0.0,1.0,80.0,60.0,0,False,False,False,False,False
2025-03-09 21:15:00,0.0,1.0,1.0,60.0,52.0,0.0,1.0,1.0,76.66666667,2.0,2.0,0.0,27.33333333,69.6,70.0,69.93333333,0.0,1.0,80.0,60.0,0,False,False,False,False,False
2025-03-09 21:30:00,0.0,1.0,1.0,60.0,52.0,0.0,1.0,1.0,75.16666667,2.0,2.0,0.0,28.33333333,68.53333333,70.0,69.8,0.0,1.0,80.0,60.0,0,False,False,False,False,False
2025-03-09 21:45:00,0.0,1.0,1.0,60.0,52.0,0.0,1.0,1.0,73.73333333,2.0,2.0,0.0,29.0,67.0,70.0,69.73333333,0.0,1.0,80.0,60.0,0,False,False,False,False,False
2025-03-09 22:00:00,0.0,1.0,1.0,65.46666667,52.0,0.0,1.0,1.0,69.46666667,1.333333333,1.333333333,0.0,24.66666667,66.63333333,70.0,69.7,66.66666667,1.666666667,80.0,60.0,0,False,False,False,False,False
2025-03-09 22:15:00,0.0,1.0,1.0,68.2,52.0,0.0,1.0,1.0,67.56666667,1.0,1.0,0.0,21.33333333,66.63333333,70.0,69.7,100.0,2.0,80.0,60.0,0,False,False,False,False,False
2025-03-09 22:30:00,0.0,1.0,1.0,68.2,52.0,0.0,1.0,1.0,67.23333333,1.0,1.0,0.0,21.0,66.8,70.0,69.7,100.0,2.0,80.0,60.0,0,False,False,False,False,False
2025-03-09 22:45:00,0.0,1.0,1.0,68.2,52.0,0.0,1.0,1.0,66.96666667,1.0,1.0,0.0,21.0,65.36666667,70.0,69.7,100.0,2.0,80.0,60.0,0,False,False,False,False,False
2025-03-09 23:00:00,0.0,1.0,1.0,68.2,52.0,0.0,1.0,1.0,66.56666667,1.0,1.0,0.0,21.66666667,63.36666667,70.0,69.56666667,100.0,2.0,80.0,60.0,0,False,False,False,False,False
2025-03-09 23:15:00,0.0,1.0,1.0,68.2,52.0,0.0,1.0,1.0,66.26666667,1.0,1.0,0.0,22.66666667,63.26666667,70.0,69.46666667,100.0,2.0,80.0,60.0,0,False,False,False,False,False
2025-03-09 23:30:00,0.0,1.0,1.0,68.2,52.0,0.0,1.0,1.0,66.03333333,1.0,1.0,0.0,23.66666667,61.7,70.0,69.4,100.0,2.0,80.0,60.0,0,False,False,False,False,False
2025-03-09 23:45:00,0.0,1.0,1.0,68.2,52.0,0.0,1.0,1.0,65.86666667,1.0,1.0,0.0,24.66666667,60.13333333,70.0,69.4,100.0,2.0,80.0,60.0,0,False,False,False,False,False
2025-03-10 00:00:00,0.0,1.0,1.0,68.2,52.0,0.0,1.0,1.0,65.8,1.0,1.0,0.0,26.33333333,59.16666667,70.0,69.2,100.0,2.0,80.0,60.0,0,False,False,False,False,False
2025-03-10 00:15:00,0.0,1.0,1.0,68.2,52.0,0.0,1.0,1.0,65.8,1.0,1.0,0.0,27.66666667,58.53333333,70.0,69.13333333,100.0,2.0,80.0,60.0,0,False,False,False,False,False
2025-03-10 00:30:00,0.0,1.0,1.0,68.2,52.0,0.0,1.0,1.0,65.66666667,1.0,1.0,0.0,29.0,57.6,70.0,69.0,100.0,2.0,80.0,60.0,0,False,False,False,False,False
2025-03-10 00:45:00,0.0,1.0,1.0,68.2,52.0,0.0,1.0,1.0,65.53333333,1.0,1.0,0.0,29.66666667,56.8,70.0,69.0,100.0,2.0,80.0,60.0,0,False,False,False,False,False
2025-03-10 01:00:00,0.0,1.0,1.0,68.2,52.0,0.0,1.0,1.0,65.36666667,1.0,1.0,0.0,30.0,56.46666667,70.0,68.96666667,100.0,2.0,80.0,60.0,0,False,False,False,False,False
2025-03-10 01:15:00,0.0,1.0,1.0,68.2,52.0,0.0,1.0,1.0,64.96666667,1.0,1.0,0.0,30.33333333,55.36666667,70.0,68.9,100.0,2.0,80.0,60.0,0,False,False,False,False,False
2025-03-10 01:30:00,0.0,1.0,1.0,68.2,52.0,0.0,1.0,1.0,64.93333333,1.0,1.0,0.0,32.0,54.8,70.0,68.9,100.0,2.0,80.0,60.0,0,False,False,False,False,False
2025-03-10 01:45:00,0.0,1.0,1.0,68.2,52.0,0.0,1.0,1.0,65.0,1.0,1.0,0.0,33.0,54.33333333,70.0,68.9,100.0,2.0,80.0,60.0,0,False,False,False,False,False
2025-03-10 02:00:00,0.0,1.0,1.0,68.2,52.0,0.0,1.0,1.0,64.8,1.0,1.0,0.0,34.33333333,53.13333333,70.0,68.9,100.0,2.0,80.0,60.0,0,False,False,False,False,False
2025-03-10 02:15:00,0.0,1.0,1.0,68.2,52.0,0.0,1.0,1.0,64.6,1.0,1.0,0.0,36.0,52.4,70.0,68.83333333,100.0,2.0,80.0,60.0,0,False,False,False,False,False
2025-03-10 02:30:00,0.0,1.0,1.0,68.2,52.0,0.0,1.0,1.0,64.6,1.0,1.0,0.0,37.33333333,52.26666667,70.0,68.7,100.0,2.0,80.0,60.0,0,False,False,False,False,False
2025-03-10 02:45:00,0.0,1.0,1.0,68.2,52.0,0.0,1.0,1.0,64.6,1.0,1.0,0.0,38.33333333,51.86666667,70.0,68.7,100.0,2.0,80.0,60.0,0,False,False,False,False,False
2025-03-10 03:00:00,0.0,1.0,1.0,68.2,52.0,0.0,1.0,1.0,64.6,1.0,1.0,0.0,39.0,51.53333333,70.0,68.66666667,100.0,2.0,80.0,60.0,0,False,False,False,False,False
2025-03-10 03:15:00,0.0,1.0,1.0,68.2,52.0,0.0,1.0,1.0,64.6,1.0,1.0,0.0,40.0,51.23333333,70.0,68.6,100.0,2.0,80.0,60.0,0,False,False,False,False,False
2025-03-10 03:30:00,0.0,1.0,1.0,68.2,52.0,0.0,1.0,1.0,64.6,1.0,1.0,0.0,40.0,51.26666667,70.0,68.6,100.0,2.0,80.0,60.0,0,False,False,False,False,False
2025-03-10 03:45:00,0.0,1.0,1.0,68.2,52.0,0.0,1.0,1.0,64.6,1.0,1.0,0.0,40.0,51.1,70.0,68.6,100.0,2.0,80.0,60.0,0,False,False,False,False,False
2025-03-10 04:00:00,0.0,1.0,1.0,68.2,52.0,0.0,1.0,1.0,64.53333333,1.0,1.0,0.0,40.66666667,50.73333333,70.0,68.6,100.0,2.0,80.0,60.0,0,False,False,False,False,False
2025-03-10 04:15:00,0.0,1.0,1.0,68.2,52.0,0.0,1.0,1.0,64.43333333,1.0,1.0,0.0,42.0,50.0,70.0,68.6,100.0,2.0,80.0,60.0,0,False,False,False,False,False
2025-03-10 04:30:00,0.0,1.0,1.0,68.2,52.0,0.0,1.0,1.0,64.3,1.0,1.0,0.0,43.0,49.73333333,70.0,68.6,100.0,2.0,80.0,60.0,0,False,False,False,False,False
2025-03-10 04:45:00,0.0,1.0,1.0,68.2,52.0,0.0,1.0,1.0,64.2,1.0,1.0,0.0,43.33333333,49.26666667,70.0,68.53333333,100.0,2.0,80.0,60.0,0,False,False,False,False,False
2025-03-10 05:00:00,0.0,1.0,1.0,68.2,52.0,0.0,1.0,1.0,64.0,1.0,1.0,0.0,44.0,48.43333333,70.0,68.4,100.0,2.0,80.0,60.0,0,False,False,False,False,False
2025-03-10 05:15:00,0.0,1.0,1.0,68.2,52.0,0.0,1.0,1.0,63.93333333,1.0,1.0,0.0,45.33333333,48.2,70.0,68.33333333,100.0,2.0,80.0,60.0,0,False,False,False,False,False
2025-03-10 05:30:00,0.0,1.0,1.0,68.2,52.0,0.0,1.0,1.0,63.8,1.0,1.0,0.0,46.0,48.06666667,70.0,68.3,100.0,2.0,80.0,60.0,0,False,False,False,False,False
2025-03-10 05:45:00,0.0,1.0,1.0,68.2,52.0,0.0,1.0,1.0,63.8,1.0,1.0,0.0,46.66666667,47.73333333,70.0,68.3,100.0,2.0,80.0,60.0,0,False,False,False,False,False
2025-03-10 06:00:00,0.0,1.0,1.0,68.2,52.0,0.0,1.0,1.0,63.8,1.0,1.0,0.0,47.0,47.46666667,70.0,68.3,100.0,2.0,80.0,60.0,0,False,False,False,False,False
2025-03-10 06:15:00,0.0,1.0,1.0,68.2,52.0,0.0,1.0,1.0,63.73333333,1.0,1.0,0.0,47.33333333,47.3,70.0,68.16666667,100.0,2.0,80.0,60.0,0,False,False,False,False,False
2025-03-10 06:30:00,0.0,1.0,1.0,68.2,52.0,0.0,1.0,1.0,63.5,1.0,1.0,0.0,48.0,46.83333333,70.0,68.1,100.0,2.0,80.0,60.0,0,False,False,False,False,False
2025-03-10 06:45:00,0.0,1.0,1.0,68.2,52.0,0.0,1.0,1.0,63.5,1.0,1.0,0.0,48.0,46.36666667,70.0,68.1,100.0,2.0,80.0,60.0,0,False,False,False,False,False
2025-03-10 07:00:00,0.0,1.0,1.0,68.2,52.0,0.0,1.0,1.0,63.4,1.0,1.0,0.0,48.0,46.4,70.0,68.1,100.0,2.0,80.0,60.0,0,False,False,False,False,False
2025-03-10 07:15:00,0.0,1.0,1.0,68.2,52.0,0.0,1.0,1.0,63.4,1.0,1.0,0.0,48.0,46.5,70.0,68.03333333,100.0,2.0,80.0,60.0,0,False,False,False,False,False
2025-03-10 07:30:00,0.0,1.0,1.0,68.2,52.0,0.0,1.0,1.0,63.4,1.0,1.0,0.0,48.0,46.2,70.0,67.9,100.0,2.0,80.0,60.0,0,False,False,False,False,False
2025-03-10 07:45:00,0.0,1.0,1.0,68.2,52.0,0.0,1.0,1.0,63.2,1.0,1.0,0.0,49.33333333,45.3,70.0,67.9,100.0,2.0,80.0,60.0,0,False,False,False,False,False
2025-03-10 08:00:00,0.0,1.0,1.0,68.2,52.0,0.0,1.0,1.0,62.8,1.0,1.0,0.0,50.33333333,45.06666667,70.0,67.8,100.0,2.0,80.0,60.0,0,False,False,False,False,False
2025-03-10 08:15:00,0.0,1.0,1.0,68.2,52.0,0.0,1.0,1.0,62.83333333,1.0,1.0,0.0,52.0,44.4,70.0,67.6,100.0,2.0,80.0,60.0,0,False,False,False,False,False
2025-03-10 08:30:00,0.0,1.0,1.0,68.2,52.0,0.0,1.0,1.0,62.9,1.0,1.0,0.0,50.66666667,44.93333333,70.0,67.6,100.0,2.0,80.0,60.0,0,False,False,False,False,False
2025-03-10 08:45:00,0.0,1.0,1.0,68.2,52.0,0.0,1.0,1.0,62.9,1.0,1.0,0.0,50.0,45.1,70.0,67.6,100.0,2.0,80.0,60.0,0,False,False,False,False,False
2025-03-10 09:00:00,0.0,1.0,1.0,68.2,52.0,16.66666667,1.333333333,1.0,63.63333333,1.0,1.0,0.0,51.66666667,44.6,70.0,69.36666667,100.0,2.0,80.0,60.0,1,False,False,False,False,False
2025-03-10 09:15:00,0.0,1.0,1.0,68.2,52.0,0.0,1.0,1.0,63.3,1.0,1.0,0.0,52.33333333,45.16666667,70.0,68.56666667,100.0,2.0,80.0,60.0,0,False,False,False,False,False
2025-03-10 09:30:00,0.0,1.0,1.0,68.2,52.0,0.0,1.0,1.0,62.9,1.0,1.0,0.0,53.66666667,44.4,70.0,67.93333333,100.0,2.0,80.0,60.0,0,False,False,False,False,False
2025-03-10 09:45:00,0.0,1.0,1.0,68.2,52.0,0.0,1.0,1.0,63.6,1.0,1.0,0.0,54.33333333,44.1,70.0,69.3,100.0,2.0,80.0,60.0,0,False,False,False,False,False
2025-03-10 10:00:00,0.0,1.0,1.0,68.2,52.0,0.0,1.0,1.0,63.46666667,1.0,1.0,0.0,54.0,44.86666667,70.0,68.96666667,100.0,2.0,80.0,60.0,0,False,False,False,False,False
2025-03-10 10:15:00,0.0,1.0,1.0,68.2,52.0,0.0,1.0,1.0,62.8,1.0,1.0,0.0,53.66666667,44.53333333,70.0,68.03333333,100.0,2.0,80.0,60.0,0,False,False,False,False,False
2025-03-10 10:30:00,0.0,1.0,1.0,68.2,52.0,16.66666667,1.333333333,1.0,62.8,1.0,1.0,0.0,54.0,43.93333333,70.0,67.8,100.0,2.0,80.0,60.0,0,False,False,False,False,False
2025-03-10 10:45:00,0.0,1.0,1.0,68.2,52.0,0.0,1.0,1.0,63.86666667,1.0,1.0,0.0,50.66666667,45.13333333,70.0,69.9,100.0,2.0,80.0,60.0,0,False,False,False,False,False
2025-03-10 11:00:00,0.0,1.0,1.0,68.2,52.0,0.0,1.0,1.0,63.13333333,1.0,1.0,0.0,49.33333333,45.56666667,70.0,68.33333333,100.0,2.0,80.0,60.0,0,False,False,False,False,False
2025-03-10 11:15:00,0.0,1.0,1.0,68.2,52.0,0.0,1.0,1.0,62.76666667,1.0,1.0,0.0,50.33333333,44.5,70.0,67.86666667,100.0,2.0,80.0,60.0,0,False,False,False,False,False
2025-03-10 11:30:00,0.0,1.0,1.0,68.2,52.0,16.66666667,1.333333333,1.0,63.26666667,1.0,1.0,0.0,50.66666667,44.3,70.0,68.83333333,100.0,2.0,80.0,60.0,0,False,False,False,False,False
2025-03-10 11:45:00,0.0,1.0,1.0,68.2,52.0,0.0,1.0,1.0,63.53333333,1.0,1.0,0.0,51.0,44.7,70.0,69.23333333,100.0,2.0,80.0,60.0,0,False,False,False,False,False
2025-03-10 12:00:00,0.0,1.0,1.0,68.2,52.0,0.0,1.0,1.0,62.8,1.0,1.0,0.0,51.33333333,44.46666667,70.0,68.16666667,100.0,2.0,80.0,60.0,0,False,False,False,False,False
2025-03-10 12:15:00,0.0,1.0,1.0,68.2,52.0,16.66666667,1.333333333,1.0,62.63333333,1.0,1.0,0.0,53.0,44.06666667,70.0,67.76666667,100.0,2.0,80.0,60.0,0,False,False,False,False,False
2025-03-10 12:30:00,0.0,1.0,1.0,68.2,52.0,0.0,1.0,1.0,63.63333333,1.0,1.0,0.0,53.0,45.0,70.0,69.56666667,100.0,2.0,80.0,60.0,0,False,False,False,False,False
2025-03-10 12:45:00,0.0,1.0,1.0,68.2,52.0,0.0,1.0,1.0,63.2,1.0,1.0,0.0,52.0,46.5,70.0,68.43333333,100.0,2.0,80.0,60.0,0,False,False,False,False,False
2025-03-10 13:00:00,0.0,1.0,1.0,68.2,52.0,0.0,1.0,1.0,63.46666667,1.0,1.0,0.0,50.0,47.83333333,70.0,68.3,100.0,2.0,80.0,60.0,0,False,False,False,False,False
2025-03-10 13:15:00,0.0,1.0,1.0,68.2,52.0,0.0,1.0,1.0,63.56666667,1.0,1.0,0.0,47.66666667,48.7,70.0,68.3,100.0,2.0,80.0,60.0,0,False,False,False,False,False
2025-03-10 13:30:00,0.0,1.0,1.0,68.2,52.0,0.0,1.0,1.0,63.73333333,1.0,1.0,0.0,45.0,48.7,70.0,68.3,100.0,2.0,80.0,60.0,0,False,False,False,False,False
2025-03-10 13:45:00,0.0,1.0,1.0,68.2,52.0,0.0,1.0,1.0,64.1,1.0,1.0,0.0,44.33333333,50.16666667,70.0,68.36666667,100.0,2.0,80.0,60.0,0,False,False,False,False,False
2025-03-10 14:00:00,0.0,1.0,1.0,68.2,52.0,0.0,1.0,1.0,64.76666667,1.0,1.0,0.0,42.0,53.4,70.0,68.63333333,100.0,2.0,80.0,60.0,0,False,False,False,False,False
2025-03-10 14:15:00,0.0,1.0,1.0,68.2,52.0,0.0,1.0,1.0,65.26666667,1.0,1.0,0.0,41.33333333,56.3,70.0,68.8,100.0,2.0,80.0,60.0,0,False,False,False,False,False
2025-03-10 14:30:00,0.0,1.0,1.0,68.2,52.0,0.0,1.0,1.0,65.6,1.0,1.0,0.0,37.66666667,56.43333333,70.0,69.3,100.0,2.0,80.0,60.0,0,False,False,False,False,False
2025-03-10 14:45:00,0.0,1.0,1.0,68.2,52.0,0.0,1.0,1.0,66.03333333,1.0,1.0,0.0,35.66666667,58.26666667,70.0,69.96666667,100.0,2.0,80.0,60.0,0,False,False,False,False,False
2025-03-10 15:00:00,0.0,1.0,1.0,68.2,52.0,0.0,1.0,1.0,66.83333333,1.0,1.0,0.0,32.66666667,61.26666667,70.0,70.3,100.0,2.0,80.0,60.0,0,False,False,False,False,False
2025-03-10 15:15:00,0.0,1.0,1.0,68.2,52.0,0.0,1.0,1.0,67.46666667,1.0,1.0,0.0,31.0,63.0,70.0,70.56666667,100.0,2.0,80.0,60.0,0,False,False,False,False,False
2025-03-10 15:30:00,0.0,1.0,1.0,68.2,52.0,0.0,1.0,1.0,67.8,1.0,1.0,0.0,28.66666667,64.1,70.0,70.76666667,100.0,2.0,80.0,60.0,0,False,False,False,False,False
2025-03-10 15:45:00,0.0,1.0,1.0,68.2,52.0,0.0,1.0,1.0,67.83333333,1.0,1.0,0.0,28.0,64.8,70.0,71.13333333,100.0,2.0,80.0,60.0,0,False,False,False,False,False
2025-03-10 16:00:00,0.0,1.0,1.0,68.2,52.0,0.0,1.0,1.0,68.16666667,1.0,1.0,0.0,26.66666667,66.9,70.0,71.66666667,100.0,2.0,80.0,60.0,0,False,False,False,False,False
2025-03-10 16:15:00,0.0,1.0,1.0,68.2,52.0,0.0,1.0,1.0,68.43333333,1.0,1.0,0.0,25.0,68.26666667,70.0,71.7,100.0,2.0,80.0,60.0,0,False,False,False,False,False
2025-03-10 16:30:00,0.0,1.0,1.0,68.2,52.0,0.0,1.0,1.0,68.56666667,1.0,1.0,0.0,23.0,68.46666667,70.0,71.7,100.0,2.0,80.0,60.0,0,False,False,False,False,False
2025-03-10 16:45:00,11.0,1.0,1.333333333,71.8,52.0,0.0,1.0,1.0,66.2,1.0,1.0,0.0,22.0,68.26666667,70.0,71.93333333,100.0,2.0,80.0,60.0,0,False,False,False,False,False
2025-03-10 17:00:00,0.0,1.0,1.0,71.8,52.0,0.0,1.0,1.0,68.03333333,1.0,1.0,0.0,22.0,67.2,70.0,71.36666667,100.0,2.0,80.0,60.0,0,False,False,False,False,False
2025-03-10 17:15:00,11.0,1.0,1.333333333,71.8,52.0,0.0,1.0,1.0,65.86666667,1.0,1.0,0.0,22.0,68.6,70.0,71.93333333,100.0,2.0,80.0,60.0,0,False,False,False,False,False
2025-03-10 17:30:00,0.0,1.0,1.0,71.8,52.0,0.0,1.0,1.0,66.83333333,1.0,1.0,0.0,21.66666667,67.73333333,70.0,71.66666667,100.0,2.0,80.0,60.0,0,False,False,False,False,False
2025-03-10 17:45:00,11.0,1.0,1.333333333,71.8,52.0,0.0,1.0,1.0,66.03333333,1.0,1.0,0.0,21.0,68.36666667,70.0,71.46666667,100.0,2.0,80.0,60.0,0,False,False,False,False,False
2025-03-10 18:00:00,0.0,1.0,1.0,71.8,52.0,0.0,1.0,1.0,69.06666667,1.0,1.0,0.0,20.33333333,70.46666667,70.0,71.83333333,100.0,2.0,80.0,60.0,0,False,False,False,False,False
2025-03-10 18:15:00,11.0,1.0,1.333333333,71.8,52.0,0.0,1.0,1.0,66.23333333,1.0,1.0,0.0,20.0,70.53333333,70.0,71.86666667,100.0,2.0,80.0,60.0,0,False,False,False,False,False
2025-03-10 18:30:00,0.0,1.0,1.0,71.8,52.0,0.0,1.0,1.0,69.06666667,1.0,1.0,0.0,20.0,72.33333333,70.0,71.66666667,100.0,2.0,80.0,60.0,0,False,False,False,False,False
2025-03-10 18:45:00,11.0,1.0,1.333333333,71.8,52.0,0.0,1.0,1.0,66.03333333,1.0,1.0,0.0,20.0,74.3,70.0,71.7,100.0,2.0,80.0,60.0,0,False,False,False,False,False
2025-03-10 19:00:00,0.0,1.0,1.0,71.8,52.0,0.0,1.0,1.0,68.93333333,1.0,1.0,0.0,20.0,74.56666667,70.0,71.56666667,100.0,2.0,80.0,60.0,0,False,False,False,False,False
2025-03-10 19:15:00,11.0,1.0,1.0,71.8,52.0,0.0,1.0,1.0,66.13333333,1.0,1.0,0.0,20.0,72.6,70.0,71.96666667,100.0,2.0,80.0,60.0,0,False,False,False,False,False
2025-03-10 19:30:00,0.0,1.0,1.0,71.8,52.0,0.0,1.0,1.0,69.16666667,1.0,1.0,0.0,20.0,72.8,70.0,71.66666667,100.0,2.0,80.0,60.0,0,False,False,False,False,False
2025-03-10 19:45:00,0.0,1.0,1.0,71.8,52.0,0.0,1.0,1.0,69.46666667,1.0,1.0,0.0,20.0,73.53333333,70.0,71.93333333,100.0,2.0,80.0,60.0,0,False,False,False,False,False
2025-03-10 20:00:00,11.0,1.0,1.333333333,71.8,52.0,0.0,1.0,1.0,66.26666667,1.0,1.0,0.0,20.0,71.83333333,70.0,71.46666667,100.0,2.0,80.0,60.0,0,False,False,False,False,False
2025-03-10 20:15:00,0.0,1.0,1.0,71.8,52.0,0.0,1.0,1.0,69.43333333,1.0,1.0,0.0,20.0,73.86666667,70.0,71.5,100.0,2.0,80.0,60.0,0,False,False,False,False,False
2025-03-10 20:30:00,0.0,1.0,1.0,71.8,52.0,0.0,1.0,1.0,69.66666667,1.0,1.0,0.0,20.0,74.7,70.0,71.7,100.0,2.0,80.0,60.0,0,False,False,False,False,False
2025-03-10 20:45:00,0.0,1.0,1.0,71.8,52.0,0.0,1.0,1.0,69.7,1.0,1.0,0.0,20.0,74.2,70.0,71.7,100.0,2.0,80.0,60.0,0,False,False,False,False,False
2025-03-10 21:00:00,0.0,1.0,1.0,71.8,52.0,0.0,1.0,1.0,69.7,1.0,1.0,0.0,20.0,74.66666667,70.0,71.7,100.0,2.0,80.0,60.0,0,False,False,False,False,False
2025-03-10 21:15:00,0.0,1.0,1.0,71.8,52.0,0.0,1.0,1.0,69.7,1.0,1.0,0.0,20.33333333,74.56666667,70.0,71.7,100.0,2.0,80.0,60.0,1,False,False,False,False,False
2025-03-10 21:30:00,0.0,1.0,1.0,71.8,52.0,0.0,1.0,1.0,69.7,1.0,1.0,0.0,21.0,73.53333333,70.0,71.63333333,100.0,2.0,80.0,60.0,0,False,False,False,False,False
2025-03-10 21:45:00,0.0,1.0,1.0,71.8,52.0,0.0,1.0,1.0,69.7,1.0,1.0,0.0,21.0,73.86666667,70.0,71.53333333,100.0,2.0,80.0,60.0,0,False,False,False,False,False
2025-03-10 22:00:00,0.0,1.0,1.0,71.8,52.0,0.0,1.0,1.0,69.7,1.0,1.0,0.0,21.0,73.1,70.0,71.4,100.0,2.0,80.0,60.0,0,False,False,False,False,False
2025-03-10 22:15:00,0.0,1.0,1.0,71.8,52.0,0.0,1.0,1.0,69.7,1.0,1.0,0.0,21.0,72.96666667,70.0,71.4,100.0,2.0,80.0,60.0,0,False,False,False,False,False
2025-03-10 22:30:00,0.0,1.0,1.0,71.8,52.0,0.0,1.0,1.0,69.66666667,1.0,1.0,0.0,21.0,72.16666667,70.0,71.4,100.0,2.0,80.0,60.0,0,False,False,False,False,False
2025-03-10 22:45:00,0.0,1.0,1.0,71.8,52.0,0.0,1.0,1.0,69.53333333,1.0,1.0,0.0,21.0,70.76666667,70.0,71.26666667,100.0,2.0,80.0,60.0,0,False,False,False,False,False
2025-03-10 23:00:00,0.0,1.0,1.0,71.8,52.0,0.0,1.0,1.0,69.2,1.0,1.0,0.0,21.66666667,69.2,70.0,71.13333333,100.0,2.0,80.0,60.0,0,False,False,False,False,False
2025-03-10 23:15:00,0.0,1.0,1.0,71.8,52.0,0.0,1.0,1.0,68.76666667,1.0,1.0,0.0,22.33333333,68.63333333,70.0,71.1,100.0,2.0,80.0,60.0,0,False,False,False,False,False
2025-03-10 23:30:00,0.0,1.0,1.0,71.8,52.0,0.0,1.0,1.0,68.23333333,1.0,1.0,0.0,23.0,67.26666667,70.0,70.96666667,100.0,2.0,80.0,60.0,0,False,False,False,False,False
2025-03-10 23:45:00,0.0,1.0,1.0,71.8,52.0,0.0,1.0,1.0,68.1,1.0,1.0,0.0,24.33333333,65.53333333,70.0,70.9,100.0,2.0,80.0,60.0,0,False,False,False,False,False
2025-03-11 00:00:00,0.0,1.0,1.0,71.8,52.0,0.0,1.0,1.0,68.1,1.0,1.0,0.0,25.0,64.06666667,70.0,70.9,100.0,2.0,80.0,60.0,0,False,False,False,False,False
2025-03-11 00:15:00,0.0,1.0,1.0,71.8,52.0,0.0,1.0,1.0,68.1,1.0,1.0,0.0,26.0,63.63333333,70.0,70.9,100.0,2.0,80.0,60.0,0,False,False,False,False,False
2025-03-11 00:30:00,0.0,1.0,1.0,71.8,52.0,0.0,1.0,1.0,68.1,1.0,1.0,0.0,26.0,63.4,70.0,70.86666667,100.0,2.0,80.0,60.0,0,False,False,False,False,False
2025-03-11 00:45:00,0.0,1.0,1.0,71.8,52.0,0.0,1.0,1.0,68.03333333,1.0,1.0,0.0,26.0,62.86666667,70.0,70.8,100.0,2.0,80.0,60.0,0,False,False,False,False,False
2025-03-11 01:00:00,0.0,1.0,1.0,71.8,52.0,0.0,1.0,1.0,68.0,1.0,1.0,0.0,26.0,62.4,70.0,70.8,100.0,2.0,80.0,60.0,0,False,False,False,False,False
2025-03-11 01:15:00,0.0,1.0,1.0,71.8,52.0,0.0,1.0,1.0,68.0,1.0,1.0,0.0,27.0,62.53333333,70.0,70.66666667,100.0,2.0,80.0,60.0,0,False,False,False,False,False
2025-03-11 01:30:00,0.0,1.0,1.0,71.8,52.0,0.0,1.0,1.0,68.0,1.0,1.0,0.0,27.0,62.1,70.0,70.6,100.0,2.0,80.0,60.0,0,False,False,False,False,False
2025-03-11 01:45:00,0.0,1.0,1.0,71.8,52.0,0.0,1.0,1.0,68.0,1.0,1.0,0.0,27.33333333,62.06666667,70.0,70.6,100.0,2.0,80.0,60.0,0,False,False,False,False,False
2025-03-11 02:00:00,0.0,1.0,1.0,71.8,52.0,0.0,1.0,1.0,68.0,1.0,1.0,0.0,28.0,61.86666667,70.0,70.6,100.0,2.0,80.0,60.0,0,False,False,False,False,False
2025-03-11 02:15:00,0.0,1.0,1.0,71.8,52.0,0.0,1.0,1.0,68.0,1.0,1.0,0.0,28.0,61.6,70.0,70.6,100.0,2.0,80.0,60.0,0,False,False,False,False,False
2025-03-11 02:30:00,0.0,1.0,1.0,71.8,52.0,0.0,1.0,1.0,68.0,1.0,1.0,0.0,28.0,61.66666667,70.0,70.6,100.0,2.0,80.0,60.0,0,False,False,False,False,False
2025-03-11 02:45:00,0.0,1.0,1.0,71.8,52.0,0.0,1.0,1.0,68.0,1.0,1.0,0.0,28.0,61.5,70.0,70.6,100.0,2.0,80.0,60.0,0,False,False,False,False,False
2025-03-11 03:00:00,0.0,1.0,1.0,71.8,52.0,0.0,1.0,1.0,67.8,1.0,1.0,0.0,28.0,61.13333333,70.0,70.6,100.0,2.0,80.0,60.0,0,False,False,False,False,False
2025-03-11 03:15:00,0.0,1.0,1.0,71.8,52.0,0.0,1.0,1.0,67.66666667,1.0,1.0,0.0,28.66666667,60.26666667,70.0,70.73333333,100.0,2.0,80.0,60.0,0,False,False,False,False,False
2025-03-11 03:30:00,0.0,1.0,1.0,71.8,52.0,0.0,1.0,1.0,67.7,1.0,1.0,0.0,29.0,60.0,70.0,70.8,100.0,2.0,80.0,60.0,0,False,False,False,False,False
2025-03-11 03:45:00,0.0,1.0,1.0,71.8,52.0,0.0,1.0,1.0,67.8,1.0,1.0,0.0,29.0,60.36666667,70.0,70.8,100.0,2.0,80.0,60.0,0,False,False,False,False,False
2025-03-11 04:00:00,0.0,1.0,1.0,71.8,52.0,0.0,1.0,1.0,67.73333333,1.0,1.0,0.0,29.66666667,60.36666667,70.0,70.8,100.0,2.0,80.0,60.0,0,False,False,False,False,False
2025-03-11 04:15:00,0.0,1.0,1.0,71.8,52.0,0.0,1.0,1.0,67.2,1.0,1.0,0.0,32.66666667,58.7,70.0,70.6,100.0,2.0,80.0,60.0,0,False,False,False,False,False
2025-03-11 04:30:00,0.0,1.0,1.0,71.8,52.0,0.0,1.0,1.0,67.0,1.0,1.0,0.0,34.33333333,57.36666667,70.0,70.6,100.0,2.0,80.0,60.0,0,False,False,False,False,False
2025-03-11 04:45:00,0.0,1.0,1.0,71.8,52.0,0.0,1.0,1.0,66.9,1.0,1.0,0.0,36.0,56.3,70.0,70.6,100.0,2.0,80.0,60.0,0,False,False,False,False,False
2025-03-11 05:00:00,0.0,1.0,1.0,71.8,52.0,0.0,1.0,1.0,66.7,1.0,1.0,0.0,38.33333333,55.43333333,70.0,70.6,100.0,2.0,80.0,60.0,0,False,False,False,False,False
2025-03-11 05:15:00,0.0,1.0,1.0,71.8,52.0,0.0,1.0,1.0,79.93333333,1.0,1.0,0.0,39.66666667,54.66666667,70.0,70.5,100.0,2.0,80.0,60.0,0,False,False,False,False,False
2025-03-11 05:30:00,0.0,1.0,1.0,71.8,52.0,0.0,1.0,1.0,66.4,1.0,1.0,0.0,40.0,54.23333333,70.0,70.36666667,100.0,2.0,80.0,60.0,0,False,False,False,False,False
2025-03-11 05:45:00,0.0,1.0,1.0,71.8,52.0,0.0,1.0,1.0,66.63333333,1.0,1.0,0.0,38.33333333,54.73333333,70.0,70.23333333,100.0,2.0,80.0,60.0,0,False,False,False,False,False
2025-03-11 06:00:00,0.0,1.0,1.0,71.8,52.0,0.0,1.0,1.0,66.7,1.0,1.0,0.0,36.0,56.23333333,70.0,70.1,100.0,2.0,80.0,60.0,0,False,False,False,False,False
2025-03-11 06:15:00,0.0,1.0,1.0,71.8,52.0,0.0,1.0,1.0,66.76666667,1.0,1.0,0.0,35.0,56.66666667,70.0,70.1,100.0,2.0,80.0,60.0,0,False,False,False,False,False
2025-03-11 06:30:00,0.0,1.0,1.0,71.8,52.0,0.0,1.0,1.0,66.83333333,1.0,1.0,0.0,34.0,57.23333333,70.0,70.06666667,100.0,2.0,80.0,60.0,0,False,False,False,False,False
2025-03-11 06:45:00,0.0,1.0,1.0,71.8,52.0,0.0,1.0,1.0,66.76666667,1.0,1.0,0.0,33.66666667,57.33333333,70.0,70.0,100.0,2.0,80.0,60.0,0,False,False,False,False,False
2025-03-11 07:00:00,0.0,1.0,1.0,71.8,52.0,0.0,1.0,1.0,66.93333333,1.0,1.0,0.0,32.0,58.4,70.0,70.0,100.0,2.0,80.0,60.0,0,False,False,False,False,False
2025-03-11 07:15:00,0.0,1.0,1.0,71.8,52.0,0.0,1.0,1.0,67.0,1.0,1.0,0.0,31.33333333,58.66666667,70.0,70.0,100.0,2.0,80.0,60.0,0,False,False,False,False,False
2025-03-11 07:30:00,0.0,1.0,1.0,71.8,52.0,0.0,1.0,1.0,67.0,1.0,1.0,0.0,31.0,58.76666667,70.0,70.0,100.0,2.0,80.0,60.0,0,False,False,False,False,False
2025-03-11 07:45:00,0.0,1.0,1.0,71.8,52.0,0.0,1.0,1.0,67.0,1.0,1.0,0.0,31.0,59.13333333,70.0,70.0,100.0,2.0,80.0,60.0,0,False,False,False,False,False
2025-03-11 08:00:00,0.0,1.0,1.0,71.8,52.0,0.0,1.0,1.0,67.06666667,1.0,1.0,0.0,31.0,59.2,70.0,70.0,100.0,2.0,80.0,60.0,0,False,False,False,False,False
2025-03-11 08:15:00,0.0,1.0,1.0,71.8,52.0,0.0,1.0,1.0,67.2,1.0,1.0,0.0,31.0,59.4,70.0,70.0,100.0,2.0,80.0,60.0,0,False,False,False,False,False
2025-03-11 08:30:00,0.0,1.0,1.0,71.8,52.0,0.0,1.0,1.0,67.2,1.0,1.0,0.0,31.0,59.4,70.0,70.0,100.0,2.0,80.0,60.0,0,False,False,False,False,False
2025-03-11 08:45:00,0.0,1.0,1.0,71.8,52.0,0.0,1.0,1.0,67.2,1.0,1.0,0.0,31.0,59.4,70.0,70.0,100.0,2.0,80.0,60.0,0,False,False,False,False,False
2025-03-11 09:00:00,0.0,1.0,1.0,71.8,52.0,0.0,1.0,1.0,67.2,1.0,1.0,0.0,31.0,59.4,70.0,70.0,100.0,2.0,80.0,60.0,0,False,False,False,False,False
2025-03-11 09:15:00,0.0,1.0,1.0,71.8,52.0,0.0,1.0,1.0,67.2,1.0,1.0,0.0,31.0,59.4,70.0,70.0,100.0,2.0,80.0,60.0,0,False,False,False,False,False
2025-03-11 09:30:00,0.0,1.0,1.0,71.8,52.0,0.0,1.0,1.0,66.83333333,1.0,1.0,0.0,32.33333333,58.06666667,70.0,70.0,100.0,2.0,80.0,60.0,0,False,False,False,False,False
2025-03-11 09:45:00,0.0,1.0,1.0,71.8,52.0,0.0,1.0,1.0,66.4,1.0,1.0,0.0,35.0,56.3,70.0,70.0,100.0,2.0,80.0,60.0,0,False,False,False,False,False
2025-03-11 10:00:00,0.0,1.0,1.0,71.8,52.0,0.0,1.0,1.0,66.26666667,1.0,1.0,0.0,36.0,55.26666667,70.0,70.0,100.0,2.0,80.0,60.0,0,False,False,False,False,False
2025-03-11 10:15:00,0.0,1.0,1.0,71.8,52.0,0.0,1.0,1.0,66.13333333,1.0,1.0,0.0,36.66666667,54.56666667,70.0,70.0,100.0,2.0,80.0,60.0,0,False,False,False,False,False
2025-03-11 10:30:00,0.0,1.0,1.0,71.8,52.0,0.0,1.0,1.0,66.1,1.0,1.0,0.0,37.66666667,54.23333333,70.0,69.93333333,100.0,2.0,80.0,60.0,0,False,False,False,False,False
2025-03-11 10:45:00,0.0,1.0,1.0,71.8,52.0,0.0,1.0,1.0,66.2,1.0,1.0,0.0,37.66666667,54.5,70.0,69.8,100.0,2.0,80.0,60.0,0,False,False,False,False,False
2025-03-11 11:00:00,0.0,1.0,1.0,71.8,52.0,0.0,1.0,1.0,66.66666667,1.0,1.0,0.0,36.0,56.76666667,70.0,69.8,100.0,2.0,80.0,60.0,0,False,False,False,False,False
2025-03-11 11:15:00,0.0,1.0,1.0,71.8,52.0,0.0,1.0,1.0,66.7,1.0,1.0,0.0,34.0,57.46666667,70.0,69.8,100.0,2.0,80.0,60.0,0,False,False,False,False,False
2025-03-11 11:30:00,0.0,1.0,1.0,71.8,52.0,0.0,1.0,1.0,66.43333333,1.0,1.0,0.0,34.66666667,56.83333333,70.0,69.8,100.0,2.0,80.0,60.0,0,False,False,False,False,False
2025-03-11 11:45:00,0.0,1.0,1.0,71.8,52.0,0.0,1.0,1.0,66.0,1.0,1.0,0.0,37.66666667,54.53333333,70.0,69.8,100.0,2.0,80.0,60.0,0,False,False,False,False,False
2025-03-11 12:00:00,0.0,1.0,1.0,71.8,52.0,0.0,1.0,1.0,65.9,1.0,1.0,0.0,39.0,54.0,70.0,69.8,100.0,2.0,80.0,60.0,0,False,False,False,False,False
2025-03-11 12:15:00,0.0,1.0,1.0,71.8,52.0,0.0,1.0,1.0,65.9,1.0,1.0,0.0,39.66666667,54.1,70.0,69.8,100.0,2.0,80.0,60.0,0,False,False,False,False,False
2025-03-11 12:30:00,0.0,1.0,1.0,71.8,52.0,0.0,1.0,1.0,65.96666667,1.0,1.0,0.0,39.0,54.76666667,70.0,69.8,100.0,2.0,80.0,60.0,0,False,False,False,False,False
2025-03-11 12:45:00,0.0,1.0,1.0,71.8,52.0,0.0,1.0,1.0,66.63333333,1.0,1.0,0.0,37.66666667,56.63333333,70.0,69.8,100.0,2.0,80.0,60.0,0,False,False,False,False,False
2025-03-11 13:00:00,0.0,1.0,1.0,71.8,52.0,0.0,1.0,1.0,67.33333333,1.0,1.0,0.0,33.66666667,59.26666667,70.0,69.96666667,100.0,2.0,80.0,60.0,0,False,False,False,False,False
2025-03-11 13:15:00,0.0,1.0,1.0,71.8,52.0,0.0,1.0,1.0,67.53333333,1.0,1.0,0.666666667,32.0,60.93333333,70.0,70.16666667,100.0,2.0,80.0,60.0,0,False,False,False,False,False
2025-03-11 13:30:00,0.0,1.0,1.0,71.8,52.0,0.0,1.0,1.0,67.8,1.0,1.0,1.666666667,31.0,62.5,70.0,70.63333333,100.0,2.0,80.0,60.0,0,False,False,False,False,False
2025-03-11 13:45:00,0.0,1.0,1.0,71.8,52.0,0.0,1.0,1.0,68.2,1.0,1.0,0.0,30.33333333,64.23333333,70.0,70.83333333,100.0,2.0,80.0,60.0,0,False,False,False,False,False
2025-03-11 14:00:00,0.0,1.0,1.0,71.8,52.0,0.0,1.0,1.0,68.66666667,1.0,1.0,0.0,29.0,65.8,70.0,71.06666667,100.0,2.0,80.0,60.0,0,False,False,False,False,False
2025-03-11 14:15:00,0.0,1.0,1.0,71.8,52.0,0.0,1.0,1.0,68.93333333,1.0,1.0,0.0,28.0,66.96666667,70.0,71.26666667,100.0,2.0,80.0,60.0,0,False,False,False,False,False
2025-03-11 14:30:00,0.0,1.0,1.0,71.8,52.0,0.0,1.0,1.0,69.23333333,1.0,1.0,0.0,27.66666667,68.0,70.0,71.73333333,100.0,2.0,80.0,60.0,0,False,False,False,False,False
2025-03-11 14:45:00,0.0,1.0,1.0,71.8,52.0,0.0,1.0,1.0,69.43333333,1.0,1.0,0.0,27.0,68.8,70.0,72.56666667,100.0,2.0,80.0,60.0,0,False,False,False,False,False
2025-03-11 15:00:00,0.0,1.0,1.0,71.8,52.0,0.0,1.0,1.0,66.43333333,1.0,1.0,0.0,26.66666667,67.93333333,70.0,72.13333333,100.0,2.0,80.0,60.0,0,False,False,False,False,False
2025-03-11 15:15:00,0.0,1.0,1.0,71.8,52.0,0.0,1.0,1.0,66.76666667,1.0,1.0,0.0,26.0,68.93333333,70.0,72.03333333,100.0,2.0,80.0,60.0,0,False,False,False,False,False
2025-03-11 15:30:00,11.0,1.0,1.333333333,71.8,52.0,0.0,1.0,1.0,66.5,1.0,1.0,0.0,25.66666667,69.46666667,70.0,71.93333333,100.0,2.0,80.0,60.0,0,False,False,False,False,False
2025-03-11 15:45:00,11.0,1.0,1.333333333,71.8,52.0,0.0,1.0,1.0,65.06666667,1.0,1.0,0.0,25.0,70.13333333,70.0,71.83333333,100.0,2.0,80.0,60.0,0,False,False,False,False,False
2025-03-11 16:00:00,22.0,1.0,1.666666667,71.8,52.0,0.0,1.0,1.0,65.5,1.0,1.0,0.0,25.0,71.1,70.0,71.86666667,100.0,2.0,80.0,60.0,0,False,False,False,False,False
2025-03-11 16:15:00,11.0,1.0,1.333333333,71.8,52.0,0.0,1.0,1.0,66.93333333,1.0,1.0,0.0,24.0,72.36666667,70.0,71.73333333,100.0,2.0,80.0,60.0,0,False,False,False,False,False
2025-03-11 16:30:00,11.0,1.0,1.333333333,71.8,52.0,0.0,1.0,1.0,68.43333333,1.0,1.0,0.0,23.33333333,74.46666667,70.0,71.83333333,100.0,2.0,80.0,60.0,0,False,False,False,False,False
2025-03-11 16:45:00,22.0,1.0,1.666666667,71.8,52.0,0.0,1.0,1.0,67.2,1.0,1.0,0.0,22.33333333,74.56666667,70.0,71.76666667,100.0,2.0,80.0,60.0,0,False,False,False,False,False
2025-03-11 17:00:00,11.0,1.0,1.333333333,71.8,52.0,0.0,1.0,1.0,67.3,1.0,1.0,0.0,22.0,75.4,70.0,71.76666667,100.0,2.0,80.0,60.0,0,False,False,False,False,False
2025-03-11 17:15:00,11.0,1.0,1.333333333,71.8,52.0,0.0,1.0,1.0,67.46666667,1.0,1.0,0.0,21.66666667,75.93333333,70.0,71.86666667,100.0,2.0,80.0,60.0,0,False,False,False,False,False
2025-03-11 17:30:00,22.0,1.0,1.666666667,71.8,52.0,0.0,1.0,1.0,66.66666667,1.0,1.0,0.0,21.0,76.66666667,70.0,71.8,100.0,2.0,80.0,60.0,0,False,False,False,False,False
2025-03-11 17:45:00,11.0,1.0,1.333333333,71.8,52.0,0.0,1.0,1.0,66.63333333,1.0,1.0,0.0,21.0,77.23333333,70.0,71.66666667,100.0,2.0,80.0,60.0,0,False,False,False,False,False
2025-03-11 18:00:00,11.0,1.0,1.333333333,71.8,52.0,0.0,1.0,1.0,66.36666667,1.0,1.0,0.0,21.0,77.53333333,70.0,71.6,100.0,2.0,80.0,60.0,0,False,False,False,False,False
2025-03-11 18:15:00,11.0,1.0,1.333333333,71.8,52.0,0.0,1.0,1.0,67.66666667,1.0,1.0,0.0,20.66666667,78.53333333,70.0,71.73333333,100.0,2.0,80.0,60.0,0,False,False,False,False,False
2025-03-11 18:30:00,11.0,1.0,1.333333333,71.8,52.0,0.0,1.0,1.0,67.83333333,1.0,1.0,0.0,20.0,79.9,70.0,71.76666667,100.0,2.0,80.0,60.0,0,False,False,False,False,False
2025-03-11 18:45:00,11.0,1.0,1.333333333,71.8,52.0,0.0,1.0,1.0,67.7,1.0,1.0,0.0,20.0,81.8,70.0,71.93333333,100.0,2.0,80.0,60.0,0,False,False,False,False,False
2025-03-11 19:00:00,22.0,1.0,1.666666667,71.8,52.0,0.0,1.0,1.0,67.4,1.0,1.0,0.0,20.0,80.56666667,70.0,71.93333333,100.0,2.0,80.0,60.0,0,False,False,False,False,False
2025-03-11 19:15:00,11.0,1.0,1.333333333,71.8,52.0,0.0,1.0,1.0,65.43333333,1.0,1.0,0.0,20.0,79.63333333,70.0,71.93333333,100.0,2.0,80.0,60.0,1,False,False,False,False,False
2025-03-11 19:30:00,11.0,1.0,1.333333333,71.8,52.0,0.0,1.0,1.0,68.43333333,1.0,1.0,0.0,20.66666667,80.3,70.0,71.6,100.0,2.0,80.0,60.0,0,False,False,False,False,False
2025-03-11 19:45:00,11.0,1.0,1.333333333,71.8,52.0,0.0,1.0,1.0,68.13333333,1.0,1.0,0.0,21.0,79.9,70.0,71.83333333,100.0,2.0,80.0,60.0,0,False,False,False,False,False
2025-03-11 20:00:00,11.0,1.0,1.333333333,71.8,52.0,0.0,1.0,1.0,67.66666667,1.0,1.0,0.0,21.0,79.83333333,70.0,71.7,100.0,2.0,80.0,60.0,0,False,False,False,False,False
2025-03-11 20:15:00,11.0,1.0,1.333333333,71.8,52.0,0.0,1.0,1.0,68.03333333,1.0,1.0,0.0,21.0,79.83333333,70.0,71.7,100.0,2.0,80.0,60.0,0,False,False,False,False,False
2025-03-11 20:30:00,11.0,1.0,1.333333333,71.8,52.0,0.0,1.0,1.0,71.03333333,1.0,1.0,0.0,21.0,80.23333333,70.0,71.8,100.0,2.0,80.0,60.0,0,False,False,False,False,False
2025-03-11 20:45:00,11.0,1.0,1.333333333,71.8,52.0,0.0,1.0,1.0,68.23333333,1.0,1.0,0.0,21.0,79.36666667,70.0,71.73333333,100.0,2.0,80.0,60.0,0,False,False,False,False,False
2025-03-11 21:00:00,0.0,1.0,1.0,71.8,52.0,0.0,1.0,1.0,71.4,1.0,1.0,0.0,21.0,79.96666667,70.0,71.9,100.0,2.0,80.0,60.0,0,False,False,False,False,False
2025-03-11 21:15:00,11.0,1.0,1.333333333,71.8,52.0,0.0,1.0,1.0,68.53333333,1.0,1.0,0.0,22.0,78.73333333,70.0,71.53333333,100.0,2.0,80.0,60.0,0,False,False,False,False,False
2025-03-11 21:30:00,0.0,1.0,1.0,71.8,52.0,0.0,1.0,1.0,71.33333333,1.0,1.0,0.0,22.0,79.13333333,70.0,71.66666667,100.0,2.0,80.0,60.0,0,False,False,False,False,False
2025-03-11 21:45:00,11.0,1.0,1.333333333,71.8,52.0,0.0,1.0,1.0,69.5,1.0,1.0,0.0,22.0,79.3,70.0,72.06666667,100.0,2.0,80.0,60.0,0,False,False,False,False,False
2025-03-11 22:00:00,11.0,1.0,1.333333333,71.8,52.0,0.0,1.0,1.0,68.5,1.0,1.0,0.0,22.33333333,78.03333333,70.0,71.6,100.0,2.0,80.0,60.0,0,False,False,False,False,False
2025-03-11 22:15:00,0.0,1.0,1.0,71.8,52.0,0.0,1.0,1.0,71.63333333,1.0,1.0,0.0,23.0,77.9,70.0,71.86666667,100.0,2.0,80.0,60.0,0,False,False,False,False,False
2025-03-11 22:30:00,11.0,1.0,1.333333333,71.8,52.0,0.0,1.0,1.0,68.7,1.0,1.0,0.0,23.33333333,77.16666667,70.0,72.0,100.0,2.0,80.0,60.0,0,False,False,False,False,False
2025-03-11 22:45:00,0.0,1.0,1.0,71.8,52.0,0.0,1.0,1.0,70.63333333,1.0,1.0,0.0,24.0,75.6,70.0,71.3,100.0,2.0,80.0,60.0,0,False,False,False,False,False
2025-03-11 23:00:00,0.0,1.0,1.0,71.8,52.0,0.0,1.0,1.0,71.2,1.0,1.0,0.0,24.66666667,75.13333333,70.0,71.66666667,100.0,2.0,80.0,60.0,0,False,False,False,False,False
2025-03-11 23:15:00,0.0,1.0,1.0,71.8,52.0,0.0,1.0,1.0,71.3,1.0,1.0,0.0,25.0,74.56666667,70.0,72.03333333,100.0,2.0,80.0,60.0,0,False,False,False,False,False
2025-03-11 23:30:00,11.0,1.0,1.333333333,71.8,52.0,0.0,1.0,1.0,68.83333333,1.0,1.0,0.0,25.33333333,73.66666667,70.0,71.86666667,100.0,2.0,80.0,60.0,0,False,False,False,False,False
2025-03-11 23:45:00,0.0,1.0,1.0,71.8,52.0,0.0,1.0,1.0,70.96666667,1.0,1.0,0.0,26.33333333,72.16666667,70.0,71.63333333,100.0,2.0,80.0,60.0,0,False,False,False,False,False
2025-03-12 00:00:00,0.0,1.0,1.0,71.8,52.0,0.0,1.0,1.0,70.33333333,1.0,1.0,0.0,27.0,71.5,70.0,71.56666667,100.0,2.0,80.0,60.0,0,False,False,False,False,False
2025-03-12 00:15:00,0.0,1.0,1.0,71.8,52.0,0.0,1.0,1.0,70.93333333,1.0,1.0,0.0,28.0,70.93333333,70.0,71.63333333,100.0,2.0,80.0,60.0,0,False,False,False,False,False
2025-03-12 00:30:00,0.0,1.0,1.0,71.8,52.0,0.0,1.0,1.0,71.13333333,1.0,1.0,0.0,28.33333333,70.7,70.0,71.9,100.0,2.0,80.0,60.0,0,False,False,False,False,False
2025-03-12 00:45:00,0.0,1.0,1.0,71.8,52.0,0.0,1.0,1.0,71.13333333,1.0,1.0,0.0,29.66666667,70.3,70.0,71.96666667,100.0,2.0,80.0,60.0,0,False,False,False,False,False
2025-03-12 01:00:00,11.0,1.0,1.333333333,71.8,52.0,0.0,1.0,1.0,70.93333333,1.0,1.0,0.0,30.66666667,69.76666667,70.0,72.0,100.0,2.0,80.0,60.0,0,False,False,False,False,False
2025-03-12 01:15:00,11.0,1.0,1.333333333,71.8,52.0,0.0,1.0,1.0,67.2,1.0,1.0,0.0,31.66666667,68.26666667,70.0,71.33333333,100.0,2.0,80.0,60.0,0,False,False,False,False,False
2025-03-12 01:30:00,0.0,1.0,1.0,71.8,52.0,0.0,1.0,1.0,70.5,1.0,1.0,0.0,33.0,68.1,70.0,71.66666667,100.0,2.0,80.0,60.0,0,False,False,False,False,False
2025-03-12 01:45:00,0.0,1.0,1.0,71.8,52.0,0.0,1.0,1.0,70.43333333,1.0,1.0,0.0,34.0,67.63333333,70.0,72.0,100.0,2.0,80.0,60.0,0,False,False,False,False,False
2025-03-12 02:00:00,11.0,1.0,1.333333333,71.8,52.0,0.0,1.0,1.0,67.16666667,1.0,1.0,0.0,35.33333333,65.76666667,70.0,71.76666667,100.0,2.0,80.0,60.0,0,False,False,False,False,False
2025-03-12 02:15:00,0.0,1.0,1.0,71.8,52.0,0.0,1.0,1.0,69.7,1.0,1.0,0.0,36.0,65.36666667,70.0,71.43333333,100.0,2.0,80.0,60.0,0,False,False,False,False,False
2025-03-12 02:30:00,0.0,1.0,1.0,71.8,52.0,0.0,1.0,1.0,69.9,1.0,1.0,0.0,36.66666667,65.26666667,70.0,71.73333333,100.0,2.0,80.0,60.0,0,False,False,False,False,False
2025-03-12 02:45:00,0.0,1.0,1.0,71.8,52.0,0.0,1.0,1.0,69.76666667,1.0,1.0,0.0,38.33333333,64.56666667,70.0,71.9,100.0,2.0,80.0,60.0,0,False,False,False,False,False
2025-03-12 03:00:00,0.0,1.0,1.0,71.8,52.0,0.0,1.0,1.0,69.7,1.0,1.0,0.0,39.0,63.86666667,70.0,71.9,100.0,2.0,80.0,60.0,0,False,False,False,False,False
2025-03-12 03:15:00,0.0,1.0,1.0,71.8,52.0,0.0,1.0,1.0,69.7,1.0,1.0,0.0,39.33333333,63.43333333,70.0,72.06666667,100.0,2.0,80.0,60.0,0,False,False,False,False,False
2025-03-12 03:30:00,11.0,1.0,1.333333333,71.8,52.0,0.0,1.0,1.0,66.76666667,1.0,1.0,0.0,40.0,62.33333333,70.0,71.76666667,100.0,2.0,80.0,60.0,0,False,False,False,False,False
2025-03-12 03:45:00,0.0,1.0,1.0,71.8,52.0,0.0,1.0,1.0,69.3,1.0,1.0,0.0,40.0,62.63333333,70.0,71.36666667,100.0,2.0,80.0,60.0,0,False,False,False,False,False
2025-03-12 04:00:00,0.0,1.0,1.0,71.8,52.0,0.0,1.0,1.0,69.3,1.0,1.0,0.0,40.33333333,62.36666667,70.0,71.6,100.0,2.0,80.0,60.0,0,False,False,False,False,False
2025-03-12 04:15:00,0.0,1.0,1.0,71.8,52.0,0.0,1.0,1.0,69.3,1.0,1.0,0.0,41.0,62.03333333,70.0,71.6,100.0,2.0,80.0,60.0,0,False,False,False,False,False
2025-03-12 04:30:00,0.0,1.0,1.0,71.8,52.0,0.0,1.0,1.0,69.16666667,1.0,1.0,0.0,41.0,62.0,70.0,71.63333333,100.0,2.0,80.0,60.0,0,False,False,False,False,False
2025-03-12 04:45:00,0.0,1.0,1.0,71.8,52.0,0.0,1.0,1.0,69.23333333,1.0,1.0,0.0,41.0,61.63333333,70.0,71.83333333,100.0,2.0,80.0,60.0,0,False,False,False,False,False
2025-03-12 05:00:00,0.0,1.0,1.0,71.8,52.0,0.0,1.0,1.0,68.96666667,1.0,1.0,0.0,42.33333333,60.8,70.0,71.9,100.0,2.0,80.0,60.0,0,False,False,False,False,False
2025-03-12 05:15:00,0.0,1.0,1.0,71.8,52.0,0.0,1.0,1.0,68.9,1.0,1.0,0.0,43.66666667,60.0,70.0,71.9,100.0,2.0,80.0,60.0,0,False,False,False,False,False
2025-03-12 05:30:00,0.0,1.0,1.0,71.8,52.0,0.0,1.0,1.0,68.9,1.0,1.0,0.0,43.33333333,59.7,70.0,71.9,100.0,2.0,80.0,60.0,0,False,False,False,False,False
2025-03-12 05:45:00,0.0,1.0,1.0,71.8,52.0,0.0,1.0,1.0,68.9,1.0,1.0,0.0,43.0,59.7,70.0,71.9,100.0,2.0,80.0,60.0,0,False,False,False,False,False
2025-03-12 06:00:00,0.0,1.0,1.0,71.8,52.0,0.0,1.0,1.0,68.9,1.0,1.0,0.0,42.0,60.0,70.0,71.9,100.0,2.0,80.0,60.0,0,False,False,False,False,False
2025-03-12 06:15:00,0.0,1.0,1.0,71.8,52.0,0.0,1.0,1.0,68.9,1.0,1.0,0.0,41.66666667,60.33333333,70.0,71.9,100.0,2.0,80.0,60.0,0,False,False,False,False,False
2025-03-12 06:30:00,0.0,1.0,1.0,71.8,52.0,0.0,1.0,1.0,68.86666667,1.0,1.0,0.0,42.0,59.96666667,70.0,71.9,100.0,2.0,80.0,60.0,0,False,False,False,False,False
2025-03-12 06:45:00,0.0,1.0,1.0,71.8,52.0,0.0,1.0,1.0,68.73333333,1.0,1.0,0.0,42.0,59.56666667,70.0,71.7,100.0,2.0,80.0,60.0,0,False,False,False,False,False
2025-03-12 07:00:00,0.0,1.0,1.0,71.8,52.0,0.0,1.0,1.0,68.6,1.0,1.0,0.0,42.0,59.2,70.0,71.7,100.0,2.0,80.0,60.0,0,False,False,False,False,False
2025-03-12 07:15:00,0.0,1.0,1.0,71.8,52.0,0.0,1.0,1.0,68.6,1.0,1.0,0.0,42.0,59.33333333,70.0,71.7,100.0,2.0,80.0,60.0,0,False,False,False,False,False
2025-03-12 07:30:00,0.0,1.0,1.0,71.8,52.0,0.0,1.0,1.0,68.5,1.0,1.0,0.0,42.33333333,58.86666667,70.0,71.6,100.0,2.0,80.0,60.0,0,False,False,False,False,False
2025-03-12 07:45:00,0.0,1.0,1.0,71.8,52.0,0.0,1.0,1.0,68.5,1.0,1.0,0.0,43.0,58.83333333,70.0,71.66666667,100.0,2.0,80.0,60.0,0,False,False,False,False,False
2025-03-12 08:00:00,0.0,1.0,1.0,71.8,52.0,0.0,1.0,1.0,68.5,1.0,1.0,0.0,43.0,58.63333333,70.0,71.7,100.0,2.0,80.0,60.0,0,False,False,False,False,False
2025-03-12 08:15:00,0.0,1.0,1.0,71.8,52.0,0.0,1.0,1.0,68.5,1.0,1.0,0.0,43.66666667,58.43333333,70.0,71.7,100.0,2.0,80.0,60.0,0,False,False,False,False,False
2025-03-12 08:30:00,0.0,1.0,1.0,71.8,52.0,0.0,1.0,1.0,68.5,1.0,1.0,0.0,43.66666667,58.1,70.0,71.63333333,100.0,2.0,80.0,60.0,0,False,False,False,False,False
2025-03-12 08:45:00,0.0,1.0,1.0,71.8,52.0,0.0,1.0,1.0,68.5,1.0,1.0,0.0,43.33333333,58.1,70.0,71.53333333,100.0,2.0,80.0,60.0,0,False,False,False,False,False
2025-03-12 09:00:00,0.0,1.0,1.0,71.8,52.0,0.0,1.0,1.0,68.3,1.0,1.0,0.0,44.0,58.1,70.0,71.4,100.0,2.0,80.0,60.0,0,False,False,False,False,False
2025-03-12 09:15:00,0.0,1.0,1.0,71.8,52.0,0.0,1.0,1.0,68.3,1.0,1.0,0.0,44.0,58.1,70.0,71.4,100.0,2.0,80.0,60.0,0,False,False,False,False,False
2025-03-12 09:30:00,0.0,1.0,1.0,71.8,52.0,0.0,1.0,1.0,68.3,1.0,1.0,0.0,44.0,57.9,70.0,71.4,100.0,2.0,80.0,60.0,0,False,False,False,False,False
2025-03-12 09:45:00,0.0,1.0,1.0,71.8,52.0,0.0,1.0,1.0,68.3,1.0,1.0,0.0,44.0,57.83333333,70.0,71.26666667,100.0,2.0,80.0,60.0,0,False,False,False,False,False
2025-03-12 10:00:00,0.0,1.0,1.0,71.8,52.0,0.0,1.0,1.0,68.3,1.0,1.0,0.0,44.0,57.93333333,70.0,71.2,100.0,2.0,80.0,60.0,0,False,False,False,False,False
2025-03-12 10:15:00,0.0,1.0,1.0,71.8,52.0,0.0,1.0,1.0,68.3,1.0,1.0,0.0,43.0,58.23333333,70.0,71.2,100.0,2.0,80.0,60.0,0,False,False,False,False,False
2025-03-12 10:30:00,0.0,1.0,1.0,71.8,52.0,0.0,1.0,1.0,68.3,1.0,1.0,0.0,43.33333333,58.36666667,70.0,71.13333333,100.0,2.0,80.0,60.0,0,False,False,False,False,False
2025-03-12 10:45:00,0.0,1.0,1.0,71.8,52.0,0.0,1.0,1.0,68.23333333,1.0,1.0,0.0,44.0,58.46666667,70.0,71.1,100.0,2.0,80.0,60.0,0,False,False,False,False,False
2025-03-12 11:00:00,0.0,1.0,1.0,71.8,52.0,0.0,1.0,1.0,68.1,1.0,1.0,0.0,44.0,58.63333333,70.0,71.1,100.0,2.0,80.0,60.0,0,False,False,False,False,False
2025-03-12 11:15:00,0.0,1.0,1.0,71.8,52.0,0.0,1.0,1.0,68.1,1.0,1.0,0.0,44.0,58.7,70.0,71.1,100.0,2.0,80.0,60.0,0,False,False,False,False,False
2025-03-12 11:30:00,0.0,1.0,1.0,71.8,52.0,0.0,1.0,1.0,68.1,1.0,1.0,0.0,44.0,58.7,70.0,71.1,100.0,2.0,80.0,60.0,0,False,False,False,False,False
2025-03-12 11:45:00,0.0,1.0,1.0,71.8,52.0,0.0,1.0,1.0,68.1,1.0,1.0,0.0,44.0,58.76666667,70.0,71.1,100.0,2.0,80.0,60.0,0,False,False,False,False,False
2025-03-12 12:00:00,0.0,1.0,1.0,71.8,52.0,0.0,1.0,1.0,68.23333333,1.0,1.0,0.0,43.66666667,59.96666667,70.0,71.1,100.0,2.0,80.0,60.0,0,False,False,False,False,False
2025-03-12 12:15:00,0.0,1.0,1.0,71.8,52.0,0.0,1.0,1.0,68.5,1.0,1.0,0.0,42.66666667,60.7,70.0,71.1,100.0,2.0,80.0,60.0,0,False,False,False,False,False
2025-03-12 12:30:00,0.0,1.0,1.0,71.8,52.0,0.0,1.0,1.0,68.5,1.0,1.0,0.0,42.0,61.06666667,70.0,71.1,100.0,2.0,80.0,60.0,0,False,False,False,False,False
2025-03-12 12:45:00,0.0,1.0,1.0,71.8,52.0,0.0,1.0,1.0,68.7,1.0,1.0,0.0,41.66666667,61.9,70.0,71.1,100.0,2.0,80.0,60.0,0,False,False,False,False,False
2025-03-12 13:00:00,0.0,1.0,1.0,71.8,52.0,0.0,1.0,1.0,69.06666667,1.0,1.0,0.0,40.33333333,63.43333333,70.0,71.1,100.0,2.0,80.0,60.0,0,False,False,False,False,False
2025-03-12 13:15:00,0.0,1.0,1.0,71.8,52.0,0.0,1.0,1.0,69.3,1.0,1.0,0.0,39.33333333,64.9,70.0,71.3,100.0,2.0,80.0,60.0,0,False,False,False,False,False
2025-03-12 13:30:00,0.0,1.0,1.0,71.8,52.0,0.0,1.0,1.0,69.56666667,1.0,1.0,0.0,38.0,66.7,70.0,71.66666667,100.0,2.0,80.0,60.0,0,False,False,False,False,False
2025-03-12 13:45:00,0.0,1.0,1.0,71.8,52.0,0.0,1.0,1.0,70.13333333,1.0,1.0,0.0,36.33333333,68.26666667,70.0,71.86666667,100.0,2.0,80.0,60.0,0,False,False,False,False,False
2025-03-12 14:00:00,0.0,1.0,1.0,71.8,52.0,0.0,1.0,1.0,70.5,1.0,1.0,0.0,34.33333333,69.73333333,70.0,72.06666667,100.0,2.0,80.0,60.0,0,False,False,False,False,False
2025-03-12 14:15:00,0.0,1.0,1.0,71.8,52.0,0.0,1.0,1.0,70.73333333,1.0,1.0,0.0,33.66666667,70.8,70.0,72.33333333,100.0,2.0,80.0,60.0,0,False,False,False,False,False
2025-03-12 14:30:00,0.0,1.0,1.0,71.8,52.0,0.0,1.0,1.0,71.0,1.0,1.0,0.0,33.0,71.6,70.0,72.83333333,100.0,2.0,80.0,60.0,0,False,False,False,False,False
2025-03-12 14:45:00,22.0,1.0,1.666666667,71.8,52.0,0.0,1.0,1.0,65.96666667,1.0,1.0,0.0,32.66666667,70.36666667,70.0,72.46666667,100.0,2.0,80.0,60.0,0,False,False,False,False,False
2025-03-12 15:00:00,11.0,1.0,1.333333333,71.8,52.0,0.0,1.0,1.0,67.06666667,1.0,1.0,0.0,32.0,70.63333333,70.0,71.73333333,100.0,2.0,80.0,60.0,0,False,False,False,False,False
2025-03-12 15:15:00,0.0,1.0,1.0,71.8,52.0,0.0,1.0,1.0,67.93333333,1.0,1.0,0.0,31.0,72.33333333,70.0,71.76666667,100.0,2.0,80.0,60.0,0,False,False,False,False,False
2025-03-12 15:30:00,11.0,1.0,1.333333333,71.8,52.0,0.0,1.0,1.0,67.53333333,1.0,1.0,0.0,29.33333333,73.1,70.0,71.76666667,100.0,2.0,80.0,60.0,0,False,False,False,False,False
2025-03-12 15:45:00,22.0,1.0,1.666666667,71.8,52.0,0.0,1.0,1.0,65.8,1.0,1.0,0.0,28.66666667,73.96666667,70.0,72.03333333,100.0,2.0,80.0,60.0,0,False,False,False,False,False
2025-03-12 16:00:00,22.0,1.0,1.333333333,71.8,52.0,0.0,1.0,1.0,64.56666667,1.0,1.0,0.0,27.66666667,74.3,70.0,71.76666667,100.0,2.0,80.0,60.0,0,False,False,False,False,False
2025-03-12 16:15:00,11.0,1.0,1.666666667,71.8,52.0,0.0,1.0,1.0,67.6,1.0,1.0,0.0,26.66666667,75.46666667,70.0,71.73333333,100.0,2.0,80.0,60.0,0,False,False,False,False,False
2025-03-12 16:30:00,11.0,1.0,1.333333333,71.8,52.0,0.0,1.0,1.0,67.46666667,1.0,1.0,0.0,26.0,75.93333333,70.0,71.83333333,100.0,2.0,80.0,60.0,0,False,False,False,False,False
2025-03-12 16:45:00,22.0,1.0,1.666666667,71.8,52.0,0.0,1.0,1.0,67.0,1.0,1.0,0.0,26.0,76.33333333,70.0,71.86666667,100.0,2.0,80.0,60.0,0,False,False,False,False,False
2025-03-12 17:00:00,22.0,1.0,1.666666667,71.8,52.0,0.0,1.0,1.0,66.0,1.0,1.0,0.0,25.0,77.0,70.0,71.9,100.0,2.0,80.0,60.0,0,False,False,False,False,False
2025-03-12 17:15:00,22.0,1.0,1.666666667,71.8,52.0,0.0,1.0,1.0,65.5,1.0,1.0,0.0,24.33333333,77.9,70.0,71.76666667,100.0,2.0,80.0,60.0,0,False,False,False,False,False
2025-03-12 17:30:00,22.0,1.0,1.666666667,71.8,52.0,0.0,1.0,1.0,64.1,1.0,1.0,0.0,24.0,78.76666667,70.0,71.8,100.0,2.0,80.0,60.0,0,False,False,False,False,False
2025-03-12 17:45:00,22.0,1.0,1.666666667,71.8,52.0,0.0,1.0,1.0,65.23333333,1.0,1.0,0.0,24.0,78.83333333,70.0,71.83333333,100.0,2.0,80.0,60.0,0,False,False,False,False,False
2025-03-12 18:00:00,22.0,1.0,1.666666667,71.8,52.0,0.0,1.0,1.0,65.36666667,1.0,1.0,0.0,24.0,78.9,70.0,71.66666667,100.0,2.0,80.0,60.0,0,False,False,False,False,False
2025-03-12 18:15:00,11.0,1.0,1.333333333,71.8,52.0,0.0,1.0,1.0,67.5,1.0,1.0,0.0,23.66666667,80.13333333,70.0,71.7,100.0,2.0,80.0,60.0,0,False,False,False,False,False
2025-03-12 18:30:00,22.0,1.0,1.333333333,71.8,52.0,0.0,1.0,1.0,66.03333333,1.0,1.0,0.0,23.0,81.66666667,70.0,71.8,100.0,2.0,80.0,60.0,0,False,False,False,False,False
2025-03-12 18:45:00,22.0,1.0,1.666666667,71.8,52.0,0.0,1.0,1.0,66.3,1.0,1.0,0.0,22.33333333,83.0,70.0,71.83333333,100.0,2.0,80.0,60.0,0,False,False,False,False,False
2025-03-12 19:00:00,22.0,1.0,1.666666667,71.8,52.0,0.0,1.0,1.0,65.83333333,1.0,1.0,0.0,22.33333333,80.9,70.0,71.9,100.0,2.0,80.0,60.0,0,False,False,False,False,False
2025-03-12 19:15:00,22.0,1.0,1.666666667,71.8,52.0,0.0,1.0,1.0,65.86666667,1.0,1.0,0.0,23.0,79.96666667,70.0,71.76666667,100.0,2.0,80.0,60.0,0,False,False,False,False,False
2025-03-12 19:30:00,11.0,1.0,1.666666667,71.8,52.0,0.0,1.0,1.0,67.73333333,1.0,1.0,0.0,23.0,80.8,70.0,71.7,100.0,2.0,80.0,60.0,0,False,False,False,False,False
2025-03-12 19:45:00,22.0,1.0,1.666666667,71.8,52.0,0.0,1.0,1.0,68.3,1.0,1.0,0.0,21.33333333,80.7,70.0,71.83333333,100.0,2.0,80.0,60.0,0,False,False,False,False,False
2025-03-12 20:00:00,22.0,1.0,1.666666667,71.8,52.0,0.0,1.0,1.0,66.63333333,1.0,1.0,0.0,21.0,79.7,70.0,71.8,100.0,2.0,80.0,60.0,0,False,False,False,False,False
2025-03-12 20:15:00,11.0,1.0,1.333333333,71.8,52.0,0.0,1.0,1.0,68.23333333,1.0,1.0,0.0,21.0,79.83333333,70.0,71.53333333,100.0,2.0,80.0,60.0,0,False,False,False,False,False
2025-03-12 20:30:00,11.0,1.0,1.333333333,71.8,52.0,0.0,1.0,1.0,68.86666667,1.0,1.0,0.0,21.0,79.9,70.0,71.76666667,100.0,2.0,80.0,60.0,0,False,False,False,False,False
2025-03-12 20:45:00,11.0,1.0,1.333333333,71.8,52.0,0.0,1.0,1.0,68.73333333,1.0,1.0,0.0,22.0,79.6,70.0,71.86666667,100.0,2.0,80.0,60.0,0,False,False,False,False,False
2025-03-12 21:00:00,11.0,1.0,1.333333333,71.8,52.0,0.0,1.0,1.0,69.0,1.0,1.0,0.0,22.0,79.9,70.0,71.73333333,100.0,2.0,80.0,60.0,0,False,False,False,False,False
2025-03-12 21:15:00,11.0,1.0,1.333333333,71.8,52.0,0.0,1.0,1.0,68.9,1.0,1.0,0.0,22.0,79.8,70.0,71.7,100.0,2.0,80.0,60.0,0,False,False,False,False,False
2025-03-12 21:30:00,11.0,1.0,1.333333333,71.8,52.0,0.0,1.0,1.0,69.1,1.0,1.0,0.0,22.33333333,79.73333333,70.0,71.86666667,100.0,2.0,80.0,60.0,0,False,False,False,False,False
2025-03-12 21:45:00,11.0,1.0,1.333333333,71.8,52.0,0.0,1.0,1.0,69.13333333,1.0,1.0,0.0,23.0,79.33333333,70.0,71.8,100.0,2.0,80.0,60.0,0,False,False,False,False,False
2025-03-12 22:00:00,11.0,1.0,1.333333333,71.8,52.0,0.0,1.0,1.0,71.16666667,1.0,1.0,0.0,23.0,78.83333333,70.0,71.8,100.0,2.0,80.0,60.0,0,False,False,False,False,False
2025-03-12 22:15:00,11.0,1.0,1.333333333,71.8,52.0,0.0,1.0,1.0,68.66666667,1.0,1.0,0.0,23.0,77.7,70.0,71.66666667,100.0,2.0,80.0,60.0,0,False,False,False,False,False
2025-03-12 22:30:00,11.0,1.0,1.333333333,71.8,52.0,0.0,1.0,1.0,68.66666667,1.0,1.0,0.0,23.0,77.26666667,70.0,71.83333333,100.0,2.0,80.0,60.0,0,False,False,False,False,False
2025-03-12 22:45:00,0.0,1.0,1.0,71.8,52.0,0.0,1.0,1.0,71.6,1.0,1.0,0.0,23.0,76.1,70.0,71.56666667,100.0,2.0,80.0,60.0,0,False,False,False,False,False
2025-03-12 23:00:00,11.0,1.0,1.333333333,71.8,52.0,0.0,1.0,1.0,68.16666667,1.0,1.0,0.0,23.66666667,75.5,70.0,71.93333333,100.0,2.0,80.0,60.0,0,False,False,False,False,False
2025-03-12 23:15:00,0.0,1.0,1.0,71.8,52.0,0.0,1.0,1.0,71.56666667,1.0,1.0,0.0,24.33333333,74.4,70.0,71.56666667,100.0,2.0,80.0,60.0,0,False,False,False,False,False
2025-03-12 23:30:00,11.0,1.0,1.333333333,71.8,52.0,0.0,1.0,1.0,69.1,1.0,1.0,0.0,25.0,73.33333333,70.0,71.96666667,100.0,2.0,80.0,60.0,0,False,False,False,False,False
2025-03-12 23:45:00,0.0,1.0,1.0,71.8,52.0,0.0,1.0,1.0,71.26666667,1.0,1.0,0.0,25.0,72.2,70.0,71.63333333,100.0,2.0,80.0,60.0,0,False,False,False,False,False
2025-03-13 00:00:00,11.0,1.0,1.333333333,71.8,52.0,0.0,1.0,1.0,68.5,1.0,1.0,0.0,25.33333333,71.66666667,70.0,71.96666667,100.0,2.0,80.0,60.0,0,False,False,False,False,False
2025-03-13 00:15:00,0.0,1.0,1.0,71.8,52.0,0.0,1.0,1.0,70.96666667,1.0,1.0,0.0,26.0,70.3,70.0,71.46666667,100.0,2.0,80.0,60.0,0,False,False,False,False,False
2025-03-13 00:30:00,11.0,1.0,1.333333333,71.8,52.0,0.0,1.0,1.0,68.3,1.0,1.0,0.0,26.0,70.63333333,70.0,72.06666667,100.0,2.0,80.0,60.0,0,False,False,False,False,False
2025-03-13 00:45:00,0.0,1.0,1.0,71.8,52.0,0.0,1.0,1.0,70.86666667,1.0,1.0,0.0,26.0,70.5,70.0,71.36666667,100.0,2.0,80.0,60.0,0,False,False,False,False,False
2025-03-13 01:00:00,0.0,1.0,1.0,71.8,52.0,0.0,1.0,1.0,71.43333333,1.0,1.0,0.0,26.0,70.66666667,70.0,71.96666667,100.0,2.0,80.0,60.0,0,False,False,False,False,False
2025-03-13 01:15:00,11.0,1.0,1.333333333,71.8,52.0,0.0,1.0,1.0,67.66666667,1.0,1.0,0.0,28.0,68.23333333,70.0,71.8,100.0,2.0,80.0,60.0,0,False,False,False,False,False
2025-03-13 01:30:00,0.0,1.0,1.0,71.8,52.0,0.0,1.0,1.0,70.63333333,1.0,1.0,0.0,30.0,67.2,70.0,71.56666667,100.0,2.0,80.0,60.0,0,False,False,False,False,False
2025-03-13 01:45:00,11.0,1.0,1.333333333,71.8,52.0,0.0,1.0,1.0,67.36666667,1.0,1.0,0.0,32.0,66.26666667,70.0,71.8,100.0,2.0,80.0,60.0,0,False,False,False,False,False
2025-03-13 02:00:00,0.0,1.0,1.0,71.8,52.0,0.0,1.0,1.0,70.4,1.0,1.0,0.0,33.66666667,65.76666667,70.0,71.63333333,100.0,2.0,80.0,60.0,0,False,False,False,False,False
2025-03-13 02:15:00,11.0,1.0,1.333333333,71.8,52.0,0.0,1.0,1.0,67.56666667,1.0,1.0,0.0,35.33333333,65.2,70.0,71.86666667,100.0,2.0,80.0,60.0,0,False,False,False,False,False
2025-03-13 02:30:00,0.0,1.0,1.0,71.8,52.0,0.0,1.0,1.0,70.1,1.0,1.0,0.0,36.0,65.16666667,70.0,71.5,100.0,2.0,80.0,60.0,0,False,False,False,False,False
2025-03-13 02:45:00,0.0,1.0,1.0,71.8,52.0,0.0,1.0,1.0,70.16666667,1.0,1.0,0.0,36.0,65.93333333,70.0,72.06666667,100.0,2.0,80.0,60.0,0,False,False,False,False,False
2025-03-13 03:00:00,11.0,1.0,1.333333333,71.8,52.0,0.0,1.0,1.0,68.36666667,1.0,1.0,0.0,36.66666667,64.86666667,70.0,71.6,100.0,2.0,80.0,60.0,0,False,False,False,False,False
2025-03-13 03:15:00,0.0,1.0,1.0,71.8,52.0,0.0,1.0,1.0,69.9,1.0,1.0,0.0,37.33333333,65.2,70.0,71.7,100.0,2.0,80.0,60.0,0,False,False,False,False,False
2025-03-13 03:30:00,0.0,1.0,1.0,71.8,52.0,0.0,1.0,1.0,70.1,1.0,1.0,0.0,38.0,65.3,70.0,72.0,100.0,2.0,80.0,60.0,0,False,False,False,False,False
2025-03-13 03:45:00,11.0,1.0,1.333333333,71.8,52.0,0.0,1.0,1.0,68.56666667,1.0,1.0,0.0,38.0,63.83333333,70.0,71.43333333,100.0,2.0,80.0,60.0,0,False,False,False,False,False
2025-03-13 04:00:00,0.0,1.0,1.0,71.8,52.0,0.0,1.0,1.0,69.6,1.0,1.0,0.0,38.66666667,64.23333333,70.0,71.6,100.0,2.0,80.0,60.0,0,False,False,False,False,False
2025-03-13 04:15:00,0.0,1.0,1.0,71.8,52.0,0.0,1.0,1.0,69.83333333,1.0,1.0,0.0,39.66666667,64.43333333,70.0,71.96666667,100.0,2.0,80.0,60.0,0,False,False,False,False,False
2025-03-13 04:30:00,11.0,1.0,1.333333333,71.8,52.0,0.0,1.0,1.0,67.46666667,1.0,1.0,0.0,40.66666667,63.76666667,70.0,72.06666667,100.0,2.0,80.0,60.0,0,False,False,False,False,False
2025-03-13 04:45:00,0.0,1.0,1.0,71.8,52.0,0.0,1.0,1.0,68.26666667,1.0,1.0,0.0,40.66666667,62.03333333,70.0,71.46666667,100.0,2.0,80.0,60.0,0,False,False,False,False,False
2025-03-13 05:00:00,0.0,1.0,1.0,71.8,52.0,0.0,1.0,1.0,69.66666667,1.0,1.0,0.0,41.33333333,63.1,70.0,71.86666667,100.0,2.0,80.0,60.0,0,False,False,False,False,False
2025-03-13 05:15:00,11.0,1.0,1.333333333,71.8,52.0,0.0,1.0,1.0,67.06666667,1.0,1.0,0.0,43.0,62.13333333,70.0,71.83333333,100.0,2.0,80.0,60.0,0,False,False,False,False,False
2025-03-13 05:30:00,0.0,1.0,1.0,71.8,52.0,0.0,1.0,1.0,69.33333333,1.0,1.0,0.0,43.0,62.33333333,70.0,71.46666667,100.0,2.0,80.0,60.0,0,False,False,False,False,False
2025-03-13 05:45:00,0.0,1.0,1.0,71.8,52.0,0.0,1.0,1.0,69.4,1.0,1.0,0.0,43.33333333,63.03333333,70.0,71.7,100.0,2.0,80.0,60.0,0,False,False,False,False,False
2025-03-13 06:00:00,0.0,1.0,1.0,71.8,52.0,0.0,1.0,1.0,69.4,1.0,1.0,0.0,45.0,62.6,70.0,71.9,100.0,2.0,80.0,60.0,0,False,False,False,False,False
2025-03-13 06:15:00,0.0,1.0,1.0,71.8,52.0,0.0,1.0,1.0,69.4,1.0,1.0,0.0,46.0,62.43333333,70.0,71.9,100.0,2.0,80.0,60.0,0,False,False,False,False,False
2025-03-13 06:30:00,0.0,1.0,1.0,71.8,52.0,0.0,1.0,1.0,69.4,1.0,1.0,0.0,47.0,62.16666667,70.0,71.93333333,100.0,2.0,80.0,60.0,0,False,False,False,False,False
2025-03-13 06:45:00,0.0,1.0,1.0,71.8,52.0,0.0,1.0,1.0,69.4,1.0,1.0,0.0,47.0,62.3,70.0,72.0,100.0,2.0,80.0,60.0,0,False,False,False,False,False
2025-03-13 07:00:00,11.0,1.0,1.333333333,71.8,52.0,0.0,1.0,1.0,67.66666667,1.0,1.0,0.0,47.0,60.43333333,70.0,71.26666667,100.0,2.0,80.0,60.0,0,False,False,False,False,False
2025-03-13 07:15:00,0.0,1.0,1.0,71.8,52.0,0.0,1.0,1.0,69.03333333,1.0,1.0,0.0,47.66666667,60.83333333,70.0,71.43333333,100.0,2.0,80.0,60.0,0,False,False,False,False,False
2025-03-13 07:30:00,0.0,1.0,1.0,71.8,52.0,0.0,1.0,1.0,69.1,1.0,1.0,0.0,48.0,61.16666667,70.0,71.73333333,100.0,2.0,80.0,60.0,0,False,False,False,False,False
2025-03-13 07:45:00,0.0,1.0,1.0,71.8,52.0,0.0,1.0,1.0,69.1,1.0,1.0,0.0,49.0,61.0,70.0,71.9,100.0,2.0,80.0,60.0,0,False,False,False,False,False
2025-03-13 08:00:00,0.0,1.0,1.0,71.8,52.0,0.0,1.0,1.0,69.1,1.0,1.0,0.0,50.0,60.93333333,70.0,71.9,100.0,2.0,80.0,60.0,0,False,False,False,False,False
2025-03-13 08:15:00,0.0,1.0,1.0,71.8,52.0,0.0,1.0,1.0,69.1,1.0,1.0,0.0,50.0,60.6,70.0,72.0,100.0,2.0,80.0,60.0,0,False,False,False,False,False
2025-03-13 08:30:00,0.0,1.0,1.0,71.8,52.0,0.0,1.0,1.0,69.1,1.0,1.0,0.0,50.0,60.46666667,70.0,72.0,100.0,2.0,80.0,60.0,0,False,False,False,False,False
2025-03-13 08:45:00,0.0,1.0,1.0,71.8,52.0,0.0,1.0,1.0,67.46666667,1.0,1.0,0.0,48.33333333,60.2,70.0,71.8,100.0,2.0,80.0,60.0,0,False,False,False,False,False
2025-03-13 09:00:00,0.0,1.0,1.0,71.8,52.0,0.0,1.0,1.0,68.73333333,1.0,1.0,0.0,47.0,59.8,70.0,71.13333333,100.0,2.0,80.0,60.0,0,False,False,False,False,False
2025-03-13 09:15:00,0.0,1.0,1.0,71.8,52.0,0.0,1.0,1.0,68.86666667,1.0,1.0,0.0,48.0,60.5,70.0,71.6,100.0,2.0,80.0,60.0,0,False,False,False,False,False
2025-03-13 09:30:00,0.0,1.0,1.0,71.8,52.0,0.0,1.0,1.0,68.9,1.0,1.0,0.0,47.33333333,61.16666667,70.0,71.66666667,100.0,2.0,80.0,60.0,0,False,False,False,False,False
2025-03-13 09:45:00,0.0,1.0,1.0,71.8,52.0,0.0,1.0,1.0,68.9,1.0,1.0,0.0,48.0,60.96666667,70.0,71.7,100.0,2.0,80.0,60.0,0,False,False,False,False,False
2025-03-13 10:00:00,0.0,1.0,1.0,71.8,52.0,0.0,1.0,1.0,68.9,1.0,1.0,0.0,48.0,61.16666667,70.0,71.7,100.0,2.0,80.0,60.0,0,False,False,False,False,False
2025-03-13 10:15:00,0.0,1.0,1.0,71.8,52.0,0.0,1.0,1.0,69.03333333,1.0,1.0,0.0,47.0,61.36666667,70.0,71.7,100.0,2.0,80.0,60.0,0,False,False,False,False,False
2025-03-13 10:30:00,0.0,1.0,1.0,71.8,52.0,0.0,1.0,1.0,69.1,1.0,1.0,0.0,46.66666667,61.73333333,70.0,71.7,100.0,2.0,80.0,60.0,0,False,False,False,False,False
2025-03-13 10:45:00,0.0,1.0,1.0,71.8,52.0,0.0,1.0,1.0,69.1,1.0,1.0,0.0,46.0,61.96666667,70.0,71.7,100.0,2.0,80.0,60.0,0,False,False,False,False,False
2025-03-13 11:00:00,0.0,1.0,1.0,71.8,52.0,0.0,1.0,1.0,69.23333333,1.0,1.0,0.0,45.66666667,62.4,70.0,71.7,100.0,2.0,80.0,60.0,0,False,False,False,False,False
2025-03-13 11:15:00,0.0,1.0,1.0,71.8,52.0,0.0,1.0,1.0,69.3,1.0,1.0,0.0,44.33333333,63.43333333,70.0,71.7,100.0,2.0,80.0,60.0,0,False,False,False,False,False
2025-03-13 11:30:00,0.0,1.0,1.0,71.8,52.0,0.0,1.0,1.0,69.3,1.0,1.0,0.0,43.66666667,64.13333333,70.0,71.7,100.0,2.0,80.0,60.0,0,False,False,False,False,False
2025-03-13 11:45:00,0.0,1.0,1.0,71.8,52.0,0.0,1.0,1.0,69.3,1.0,1.0,0.0,44.33333333,63.6,70.0,71.7,100.0,2.0,80.0,60.0,0,False,False,False,False,False
2025-03-13 12:00:00,0.0,1.0,1.0,71.8,52.0,0.0,1.0,1.0,69.16666667,1.0,1.0,0.0,46.66666667,62.76666667,70.0,71.7,100.0,2.0,80.0,60.0,0,False,False,False,False,False
2025-03-13 12:15:00,0.0,1.0,1.0,71.8,52.0,0.0,1.0,1.0,69.1,1.0,1.0,0.0,46.33333333,62.76666667,70.0,71.7,100.0,2.0,80.0,60.0,0,False,False,False,False,False
2025-03-13 12:30:00,0.0,1.0,1.0,71.8,52.0,0.0,1.0,1.0,69.1,1.0,1.0,0.0,45.66666667,62.86666667,70.0,71.7,100.0,2.0,80.0,60.0,0,False,False,False,False,False
2025-03-13 12:45:00,0.0,1.0,1.0,71.8,52.0,0.0,1.0,1.0,69.1,1.0,1.0,0.0,46.33333333,63.0,70.0,71.76666667,100.0,2.0,80.0,60.0,0,False,False,False,False,False
2025-03-13 13:00:00,0.0,1.0,1.0,71.8,52.0,0.0,1.0,1.0,69.16666667,1.0,1.0,0.0,46.0,63.73333333,70.0,71.9,100.0,2.0,80.0,60.0,0,False,False,False,False,False
2025-03-13 13:15:00,0.0,1.0,1.0,71.8,52.0,0.0,1.0,1.0,69.33333333,1.0,1.0,0.0,45.0,65.26666667,70.0,71.9,100.0,2.0,80.0,60.0,0,False,False,False,False,False
2025-03-13 13:30:00,0.0,1.0,1.0,71.8,52.0,0.0,1.0,1.0,69.63333333,1.0,1.0,0.0,44.0,66.7,70.0,71.96666667,100.0,2.0,80.0,60.0,0,False,False,False,False,False
2025-03-13 13:45:00,0.0,1.0,1.0,71.8,52.0,0.0,1.0,1.0,70.13333333,1.0,1.0,0.0,43.0,68.6,70.0,72.2,100.0,2.0,80.0,60.0,0,False,False,False,False,False
2025-03-13 14:00:00,11.0,1.0,1.333333333,71.8,52.0,0.0,1.0,1.0,67.56666667,1.0,1.0,0.0,42.0,68.8,70.0,72.26666667,100.0,2.0,80.0,60.0,0,False,False,False,False,False
2025-03-13 14:15:00,0.0,1.0,1.0,71.8,52.0,0.0,1.0,1.0,69.6,1.0,1.0,0.0,42.0,67.7,70.0,71.6,100.0,2.0,80.0,60.0,0,False,False,False,False,False
2025-03-13 14:30:00,11.0,1.0,1.333333333,71.8,52.0,0.0,1.0,1.0,67.26666667,1.0,1.0,0.0,40.33333333,68.43333333,70.0,72.0,100.0,2.0,80.0,60.0,0,False,False,False,False,False
2025-03-13 14:45:00,11.0,1.0,1.333333333,71.8,52.0,0.0,1.0,1.0,67.3,1.0,1.0,0.0,39.66666667,68.33333333,70.0,71.8,100.0,2.0,80.0,60.0,0,False,False,False,False,False
2025-03-13 15:00:00,0.0,1.0,1.0,71.8,52.0,0.0,1.0,1.0,67.83333333,1.0,1.0,0.0,38.33333333,70.8,70.0,71.7,100.0,2.0,80.0,60.0,0,False,False,False,False,False
2025-03-13 15:15:00,11.0,1.0,1.333333333,71.8,52.0,0.0,1.0,1.0,67.93333333,1.0,1.0,0.0,36.33333333,71.96666667,70.0,71.9,100.0,2.0,80.0,60.0,0,False,False,False,False,False
2025-03-13 15:30:00,11.0,1.0,1.333333333,71.8,52.0,0.0,1.0,1.0,66.2,1.0,1.0,0.0,34.66666667,72.36666667,70.0,71.83333333,100.0,2.0,80.0,60.0,0,False,False,False,False,False
2025-03-13 15:45:00,22.0,1.0,1.666666667,71.8,52.0,0.0,1.0,1.0,64.66666667,1.0,1.0,0.0,35.0,71.5,70.0,71.93333333,100.0,2.0,80.0,60.0,0,False,False,False,False,False
2025-03-13 16:00:00,22.0,1.0,1.666666667,71.8,52.0,0.0,1.0,1.0,65.83333333,1.0,1.0,0.0,37.0,72.03333333,70.0,71.86666667,100.0,2.0,80.0,60.0,0,False,False,False,False,False
2025-03-13 16:15:00,22.0,1.0,1.666666667,71.8,52.0,0.0,1.0,1.0,66.83333333,1.0,1.0,0.0,36.66666667,73.83333333,70.0,71.93333333,100.0,2.0,80.0,60.0,0,False,False,False,False,False
2025-03-13 16:30:00,11.0,1.0,1.333333333,71.8,52.0,0.0,1.0,1.0,67.03333333,1.0,1.0,0.0,36.0,75.53333333,70.0,71.8,100.0,2.0,80.0,60.0,0,False,False,False,False,False
2025-03-13 16:45:00,11.0,1.0,1.333333333,71.8,52.0,0.0,1.0,1.0,65.03333333,1.0,1.0,0.0,36.0,75.4,70.0,71.7,100.0,2.0,80.0,60.0,0,False,False,False,False,False
2025-03-13 17:00:00,11.0,1.0,1.333333333,71.8,52.0,0.0,1.0,1.0,67.2,1.0,1.0,0.0,36.0,76.2,70.0,71.86666667,100.0,2.0,80.0,60.0,0,False,False,False,False,False
2025-03-13 17:15:00,11.0,1.0,1.333333333,71.8,52.0,0.0,1.0,1.0,66.4,1.0,1.0,0.0,38.0,76.33333333,70.0,71.7,100.0,2.0,80.0,60.0,0,False,False,False,False,False
2025-03-13 17:30:00,22.0,1.0,1.666666667,71.8,52.0,0.0,1.0,1.0,65.03333333,1.0,1.0,0.0,41.0,76.6,70.0,71.86666667,100.0,2.0,80.0,60.0,0,False,False,False,False,False
2025-03-13 17:45:00,22.0,1.0,1.666666667,71.8,52.0,0.0,1.0,1.0,64.7,1.0,1.0,0.0,43.0,76.7,70.0,71.66666667,100.0,2.0,80.0,60.0,0,False,False,False,False,False
2025-03-13 18:00:00,22.0,1.0,1.666666667,71.8,52.0,0.0,1.0,1.0,67.46666667,1.0,1.0,0.0,43.66666667,77.3,70.0,71.7,100.0,2.0,80.0,60.0,0,False,False,False,False,False
2025-03-13 18:15:00,11.0,1.0,1.333333333,71.8,52.0,0.0,1.0,1.0,67.1,1.0,1.0,0.0,43.66666667,78.23333333,70.0,71.7,100.0,2.0,80.0,60.0,0,False,False,False,False,False
2025-03-13 18:30:00,22.0,1.0,1.666666667,71.8,52.0,0.0,1.0,1.0,66.13333333,1.0,1.0,0.0,42.0,79.13333333,70.0,71.66666667,100.0,2.0,80.0,60.0,0,False,False,False,False,False
2025-03-13 18:45:00,11.0,1.0,1.333333333,71.8,52.0,0.0,1.0,1.0,68.46666667,1.0,1.0,0.0,40.33333333,82.96666667,70.0,71.83333333,100.0,2.0,80.0,60.0,0,False,False,False,False,False
2025-03-13 19:00:00,11.0,1.0,1.333333333,71.8,52.0,0.0,1.0,1.0,66.23333333,1.0,1.0,0.0,40.0,81.56666667,70.0,71.8,100.0,2.0,80.0,60.0,0,False,False,False,False,False
2025-03-13 19:15:00,11.0,1.0,1.333333333,71.8,52.0,0.0,1.0,1.0,66.0,1.0,1.0,0.0,40.0,79.56666667,70.0,71.73333333,100.0,2.0,80.0,60.0,0,False,False,False,False,False
2025-03-13 19:30:00,11.0,1.0,1.333333333,71.8,52.0,0.0,1.0,1.0,65.63333333,1.0,1.0,0.0,41.0,78.23333333,70.0,71.6,100.0,2.0,80.0,60.0,0,False,False,False,False,False
2025-03-13 19:45:00,22.0,1.0,1.666666667,71.8,52.0,0.0,1.0,1.0,66.86666667,1.0,1.0,0.0,41.33333333,78.8,70.0,71.83333333,100.0,2.0,80.0,60.0,0,False,False,False,False,False
2025-03-13 20:00:00,11.0,1.0,1.333333333,71.8,52.0,0.0,1.0,1.0,66.56666667,1.0,1.0,0.0,41.33333333,78.16666667,70.0,71.66666667,100.0,2.0,80.0,60.0,0,False,False,False,False,False
2025-03-13 20:15:00,11.0,1.0,1.333333333,71.8,52.0,0.0,1.0,1.0,68.63333333,1.0,1.0,0.0,42.0,78.66666667,70.0,71.8,100.0,2.0,80.0,60.0,0,False,False,False,False,False
2025-03-13 20:30:00,0.0,1.0,1.0,71.8,52.0,0.0,1.0,1.0,69.63333333,1.0,1.0,0.0,42.33333333,78.33333333,70.0,71.66666667,100.0,2.0,80.0,60.0,0,False,False,False,False,False
2025-03-13 20:45:00,11.0,1.0,1.333333333,71.8,52.0,0.0,1.0,1.0,69.4,1.0,1.0,0.0,44.0,76.23333333,70.0,71.83333333,100.0,2.0,80.0,60.0,0,False,False,False,False,False
2025-03-13 21:00:00,11.0,1.0,1.333333333,71.8,52.0,0.0,1.0,1.0,67.6,1.0,1.0,0.0,48.33333333,71.86666667,70.0,71.83333333,100.0,2.0,80.0,60.0,0,False,False,False,False,False
2025-03-13 21:15:00,0.0,1.0,1.0,71.8,52.0,0.0,1.0,1.0,70.2,1.0,1.0,0.0,59.66666667,65.9,70.0,71.56666667,100.0,2.0,80.0,60.0,0,False,False,False,False,False
2025-03-13 21:30:00,11.0,1.0,1.333333333,71.8,52.0,0.0,1.0,1.0,68.26666667,1.0,1.0,0.0,62.33333333,66.3,70.0,71.96666667,100.0,2.0,80.0,60.0,0,False,False,False,False,False
2025-03-13 21:45:00,0.0,1.0,1.0,71.8,52.0,0.0,1.0,1.0,70.9,1.0,1.0,0.0,62.66666667,68.5,70.0,71.6,100.0,2.0,80.0,60.0,0,False,False,False,False,False
2025-03-13 22:00:00,11.0,1.0,1.333333333,71.8,52.0,0.0,1.0,1.0,68.26666667,1.0,1.0,0.0,65.33333333,66.43333333,70.0,71.86666667,100.0,2.0,80.0,60.0,0,False,False,False,False,False
2025-03-13 22:15:00,0.0,1.0,1.0,71.8,52.0,0.0,1.0,1.0,70.53333333,1.0,1.0,0.0,70.66666667,66.5,70.0,71.63333333,100.0,2.0,80.0,60.0,0,False,False,False,False,False
2025-03-13 22:30:00,11.0,1.0,1.333333333,71.8,52.0,0.0,1.0,1.0,67.9,1.0,1.0,0.0,69.0,68.26666667,70.0,71.8,100.0,2.0,80.0,60.0,0,False,False,False,False,False
2025-03-13 22:45:00,0.0,1.0,1.0,71.8,52.0,0.0,1.0,1.0,71.1,1.0,1.0,0.0,64.66666667,69.2,70.0,71.63333333,100.0,2.0,80.0,60.0,0,False,False,False,False,False
2025-03-13 23:00:00,11.0,1.0,1.333333333,71.8,52.0,0.0,1.0,1.0,68.06666667,1.0,1.0,0.0,62.66666667,69.0,70.0,72.0,100.0,2.0,80.0,60.0,0,False,False,False,False,False
2025-03-13 23:15:00,0.0,1.0,1.0,71.8,52.0,0.0,1.0,1.0,70.6,1.0,1.0,0.0,61.33333333,67.96666667,70.0,71.5,100.0,2.0,80.0,60.0,0,False,False,False,False,False
2025-03-13 23:30:00,11.0,1.0,1.333333333,71.8,52.0,0.0,1.0,1.0,67.76666667,1.0,1.0,0.0,61.0,67.66666667,70.0,72.13333333,100.0,2.0,80.0,60.0,0,False,False,False,False,False
2025-03-13 23:45:00,0.0,1.0,1.0,71.8,52.0,0.0,1.0,1.0,70.13333333,1.0,1.0,0.0,61.33333333,66.36666667,70.0,71.5,100.0,2.0,80.0,60.0,0,False,False,False,False,False
2025-03-14 00:00:00,0.0,1.0,1.0,71.8,52.0,0.0,1.0,1.0,70.83333333,1.0,1.0,0.0,62.66666667,66.93333333,70.0,71.96666667,100.0,2.0,80.0,60.0,0,False,False,False,False,False
2025-03-14 00:15:00,0.0,1.0,1.0,71.8,52.0,0.0,1.0,1.0,69.65,1.0,1.0,0.0,63.75,64.775,70.0,71.35,100.0,2.0,80.0,60.0,0,False,False,False,False,False
2025-03-14 00:30:00,0.0,1.0,1.0,71.8,52.0,0.0,1.0,1.0,70.26666667,1.0,1.0,0.0,63.33333333,65.3,70.0,71.6,100.0,2.0,80.0,60.0,0,False,False,False,False,False
2025-03-14 00:45:00,0.0,1.0,1.0,71.8,52.0,0.0,1.0,1.0,70.56666667,1.0,1.0,0.0,63.0,66.23333333,70.0,72.03333333,100.0,2.0,80.0,60.0,0,False,False,False,False,False
2025-03-14 01:00:00,0.0,1.0,1.0,71.8,52.0,0.0,1.0,1.0,67.1,1.0,1.0,0.0,63.0,64.96666667,70.0,71.8,100.0,2.0,80.0,60.0,0,False,False,False,False,False
2025-03-14 01:15:00,0.0,1.0,1.0,71.8,52.0,0.0,1.0,1.0,70.2,1.0,1.0,0.0,64.0,65.36666667,70.0,71.56666667,100.0,2.0,80.0,60.0,0,False,False,False,False,False
2025-03-14 01:30:00,0.0,1.0,1.0,71.8,52.0,0.0,1.0,1.0,70.5,1.0,1.0,0.0,64.33333333,65.83333333,70.0,71.93333333,100.0,2.0,80.0,60.0,0,False,False,False,False,False
2025-03-14 01:45:00,0.0,1.0,1.0,71.8,52.0,0.0,1.0,1.0,70.5,1.0,1.0,0.0,65.66666667,65.63333333,70.0,72.0,100.0,2.0,80.0,60.0,0,False,False,False,False,False
2025-03-14 02:00:00,0.0,1.0,1.0,71.8,52.0,0.0,1.0,1.0,66.96666667,1.0,1.0,0.0,66.0,64.33333333,70.0,71.36666667,100.0,2.0,80.0,60.0,0,False,False,False,False,False
2025-03-14 02:15:00,0.0,1.0,1.0,71.8,52.0,0.0,1.0,1.0,70.1,1.0,1.0,0.0,66.0,64.96666667,70.0,71.66666667,100.0,2.0,80.0,60.0,0,False,False,False,False,False
2025-03-14 02:30:00,0.0,1.0,1.0,71.8,52.0,0.0,1.0,1.0,70.2,1.0,1.0,0.0,66.0,65.1,70.0,71.93333333,100.0,2.0,80.0,60.0,0,False,False,False,False,False
2025-03-14 02:45:00,0.0,1.0,1.0,71.8,52.0,0.0,1.0,1.0,70.2,1.0,1.0,0.0,66.33333333,64.53333333,70.0,72.0,100.0,2.0,80.0,60.0,0,False,False,False,False,False
2025-03-14 03:00:00,11.0,1.0,1.333333333,71.8,52.0,0.0,1.0,1.0,68.3,1.0,1.0,0.0,67.0,63.56666667,70.0,71.63333333,100.0,2.0,80.0,60.0,0,False,False,False,False,False
2025-03-14 03:15:00,0.0,1.0,1.0,71.8,52.0,0.0,1.0,1.0,69.9,1.0,1.0,0.0,66.66666667,63.96666667,70.0,71.5,100.0,2.0,80.0,60.0,0,False,False,False,False,False
2025-03-14 03:30:00,0.0,1.0,1.0,71.8,52.0,0.0,1.0,1.0,70.1,1.0,1.0,0.0,65.66666667,64.4,70.0,71.9,100.0,2.0,80.0,60.0,0,False,False,False,False,False
2025-03-14 03:45:00,0.0,1.0,1.0,71.8,52.0,0.0,1.0,1.0,70.1,1.0,1.0,0.0,65.33333333,64.26666667,70.0,72.0,100.0,2.0,80.0,60.0,0,False,False,False,False,False
2025-03-14 04:00:00,11.0,1.0,1.333333333,71.8,52.0,0.0,1.0,1.0,67.36666667,1.0,1.0,0.0,66.0,63.63333333,70.0,72.0,100.0,2.0,80.0,60.0,0,False,False,False,False,False
2025-03-14 04:15:00,0.0,1.0,1.0,71.8,52.0,0.0,1.0,1.0,69.23333333,1.0,1.0,0.0,66.0,61.96666667,70.0,71.13333333,100.0,2.0,80.0,60.0,0,False,False,False,False,False
2025-03-14 04:30:00,0.0,1.0,1.0,71.8,52.0,0.0,1.0,1.0,69.6,1.0,1.0,0.0,66.33333333,62.83333333,70.0,71.63333333,100.0,2.0,80.0,60.0,0,False,False,False,False,False
2025-03-14 04:45:00,0.0,1.0,1.0,71.8,52.0,0.0,1.0,1.0,69.66666667,1.0,1.0,0.0,64.33333333,63.06666667,70.0,71.7,100.0,2.0,80.0,60.0,0,False,False,False,False,False
2025-03-14 05:00:00,0.0,1.0,1.0,71.8,52.0,0.0,1.0,1.0,69.7,1.0,1.0,0.0,63.0,63.2,70.0,71.9,100.0,2.0,80.0,60.0,0,False,False,False,False,False
2025-03-14 05:15:00,0.0,1.0,1.0,71.8,52.0,0.0,1.0,1.0,69.76666667,1.0,1.0,0.0,62.66666667,63.36666667,70.0,71.9,100.0,2.0,80.0,60.0,0,False,False,False,False,False
2025-03-14 05:30:00,0.0,1.0,1.0,71.8,52.0,0.0,1.0,1.0,69.9,1.0,1.0,0.0,59.66666667,63.5,70.0,71.93333333,100.0,2.0,80.0,60.0,0,False,False,False,False,False
2025-03-14 05:45:00,11.0,1.0,1.333333333,71.8,52.0,0.0,1.0,1.0,69.9,1.0,1.0,0.0,58.33333333,63.5,70.0,72.0,100.0,2.0,80.0,60.0,0,False,False,False,False,False
2025-03-14 06:00:00,0.0,1.0,1.0,71.8,52.0,0.0,1.0,1.0,68.7,1.0,1.0,0.0,57.33333333,62.93333333,70.0,71.2,100.0,2.0,80.0,60.0,0,False,False,False,False,False
2025-03-14 06:15:00,0.0,1.0,1.0,71.8,52.0,0.0,1.0,1.0,69.9,1.0,1.0,0.0,55.33333333,63.83333333,70.0,71.53333333,100.0,2.0,80.0,60.0,0,False,False,False,False,False
2025-03-14 06:30:00,0.0,1.0,1.0,71.8,52.0,0.0,1.0,1.0,69.9,1.0,1.0,0.0,55.0,64.0,70.0,71.76666667,100.0,2.0,80.0,60.0,0,False,False,False,False,False
2025-03-14 06:45:00,0.0,1.0,1.0,71.8,52.0,0.0,1.0,1.0,70.1,1.0,1.0,0.0,55.0,64.0,70.0,71.9,100.0,2.0,80.0,60.0,0,False,False,False,False,False
2025-03-14 07:00:00,0.0,1.0,1.0,71.8,52.0,0.0,1.0,1.0,69.96666667,1.0,1.0,0.0,56.33333333,63.66666667,70.0,71.96666667,100.0,2.0,80.0,60.0,0,False,False,False,False,False
2025-03-14 07:15:00,0.0,1.0,1.0,71.8,52.0,0.0,1.0,1.0,69.83333333,1.0,1.0,0.0,57.33333333,62.93333333,70.0,72.0,100.0,2.0,80.0,60.0,0,False,False,False,False,False
2025-03-14 07:30:00,22.0,1.0,1.666666667,71.8,52.0,0.0,1.0,1.0,67.26666667,1.0,1.0,0.0,58.33333333,62.1,70.0,71.96666667,100.0,2.0,80.0,60.0,0,False,False,False,False,False
2025-03-14 07:45:00,0.0,1.0,1.0,71.8,52.0,0.0,1.0,1.0,69.06666667,1.0,1.0,0.0,59.0,61.13333333,70.0,71.13333333,100.0,2.0,80.0,60.0,0,False,False,False,False,False
2025-03-14 08:00:00,0.0,1.0,1.0,71.8,52.0,0.0,1.0,1.0,69.3,1.0,1.0,0.0,59.0,61.7,70.0,71.66666667,100.0,2.0,80.0,60.0,0,False,False,False,False,False
2025-03-14 08:15:00,0.0,1.0,1.0,71.8,52.0,0.0,1.0,1.0,69.3,1.0,1.0,0.0,59.0,61.63333333,70.0,71.7,100.0,2.0,80.0,60.0,0,False,False,False,False,False
2025-03-14 08:30:00,0.0,1.0,1.0,71.8,52.0,0.0,1.0,1.0,69.3,1.0,1.0,0.0,60.0,61.43333333,70.0,71.7,100.0,2.0,80.0,60.0,0,False,False,False,False,False
2025-03-14 08:45:00,0.0,1.0,1.0,71.8,52.0,0.0,1.0,1.0,69.3,1.0,1.0,0.0,60.0,61.3,70.0,71.7,100.0,2.0,80.0,60.0,0,False,False,False,False,False
2025-03-14 09:00:00,0.0,1.0,1.0,71.8,52.0,0.0,1.0,1.0,69.2,1.0,1.0,0.0,59.0,61.25,70.0,71.9,100.0,2.0,80.0,60.0,0,False,False,False,False,False
2025-03-14 09:15:00,0.0,1.0,1.0,71.8,52.0,0.0,1.0,1.0,69.1,1.0,1.0,0.0,58.0,60.9,70.0,71.9,100.0,2.0,80.0,60.0,0,False,False,False,False,False
2025-03-14 09:30:00,0.0,1.0,1.0,71.8,52.0,0.0,1.0,1.0,69.1,1.0,1.0,0.0,59.0,60.43333333,70.0,71.9,100.0,2.0,80.0,60.0,0,False,False,False,False,False
2025-03-14 09:45:00,0.0,1.0,1.0,71.8,52.0,0.0,1.0,1.0,68.9,1.0,1.0,0.0,58.33333333,59.9,70.0,71.9,100.0,2.0,80.0,60.0,0,False,False,False,False,False
2025-03-14 10:00:00,0.0,1.0,1.0,71.8,52.0,0.0,1.0,1.0,68.9,1.0,1.0,0.0,59.0,59.9,70.0,71.9,100.0,2.0,80.0,60.0,0,False,False,False,False,False
2025-03-14 10:15:00,0.0,1.0,1.0,71.8,52.0,0.0,1.0,1.0,68.9,1.0,1.0,0.0,61.0,59.9,70.0,71.9,100.0,2.0,80.0,60.0,0,False,False,False,False,False
2025-03-14 10:30:00,0.0,1.0,1.0,71.8,52.0,0.0,1.0,1.0,68.9,1.0,1.0,0.0,61.0,59.6,70.0,71.9,100.0,2.0,80.0,60.0,0,False,False,False,False,False
2025-03-14 10:45:00,0.0,1.0,1.0,71.8,52.0,0.0,1.0,1.0,68.9,1.0,1.0,0.0,62.0,59.53333333,70.0,71.9,100.0,2.0,80.0,60.0,0,False,False,False,False,False
2025-03-14 11:00:00,0.0,1.0,1.0,71.8,52.0,0.0,1.0,1.0,68.9,1.0,1.0,0.0,62.0,59.13333333,70.0,71.9,100.0,2.0,80.0,60.0,0,False,False,False,False,False
2025-03-14 11:15:00,0.0,1.0,1.0,71.8,52.0,0.0,1.0,1.0,68.86666667,1.0,1.0,0.0,63.0,58.56666667,70.0,71.9,100.0,2.0,80.0,60.0,0,False,False,False,False,False
2025-03-14 11:30:00,0.0,1.0,1.0,71.8,52.0,0.0,1.0,1.0,67.7,1.0,1.0,0.0,63.0,57.83333333,70.0,70.83333333,100.0,2.0,80.0,60.0,0,False,False,False,False,False
2025-03-14 11:45:00,0.0,1.0,1.0,71.8,52.0,0.0,1.0,1.0,68.5,1.0,1.0,0.0,63.33333333,58.23333333,70.0,71.1,100.0,2.0,80.0,60.0,0,False,False,False,False,False
2025-03-14 12:00:00,0.0,1.0,1.0,71.8,52.0,0.0,1.0,1.0,68.5,1.0,1.0,0.0,64.0,58.53333333,70.0,71.2,100.0,2.0,80.0,60.0,0,False,False,False,False,False
2025-03-14 12:15:00,0.0,1.0,1.0,71.8,52.0,0.0,1.0,1.0,68.6,1.0,1.0,0.0,64.0,58.83333333,70.0,71.2,100.0,2.0,80.0,60.0,0,False,False,False,False,False
2025-03-14 12:30:00,0.0,1.0,1.0,71.8,52.0,0.0,1.0,1.0,68.66666667,1.0,1.0,0.0,63.0,59.43333333,70.0,71.26666667,100.0,2.0,80.0,60.0,0,False,False,False,False,False
2025-03-14 12:45:00,0.0,1.0,1.0,71.8,52.0,0.0,1.0,1.0,69.1,1.0,1.0,0.0,62.33333333,60.2,70.0,71.53333333,100.0,2.0,80.0,60.0,0,False,False,False,False,False
2025-03-14 13:00:00,0.0,1.0,1.0,71.8,52.0,0.0,1.0,1.0,69.3,1.0,1.0,0.0,61.0,61.53333333,70.0,71.66666667,100.0,2.0,80.0,60.0,0,False,False,False,False,False
2025-03-14 13:15:00,0.0,1.0,1.0,71.8,52.0,0.0,1.0,1.0,69.43333333,1.0,1.0,0.0,60.0,62.73333333,70.0,72.1,100.0,2.0,80.0,60.0,0,False,False,False,False,False
2025-03-14 13:30:00,0.0,1.0,1.0,71.8,52.0,0.0,1.0,1.0,69.63333333,1.0,1.0,0.0,60.66666667,63.16666667,70.0,72.26666667,100.0,2.0,80.0,60.0,0,False,False,False,False,False
2025-03-14 13:45:00,0.0,1.0,1.0,71.8,52.0,0.0,1.0,1.0,70.03333333,1.0,1.0,0.0,59.33333333,64.86666667,70.0,72.56666667,100.0,2.0,80.0,60.0,0,False,False,False,False,False
2025-03-14 14:00:00,22.0,1.0,1.666666667,71.8,52.0,0.0,1.0,1.0,66.6,1.0,1.0,0.0,58.33333333,65.2,70.0,72.7,100.0,2.0,80.0,60.0,0,False,False,False,False,False
2025-03-14 14:15:00,11.0,1.0,1.666666667,71.8,52.0,0.0,1.0,1.0,66.93333333,1.0,1.0,0.0,58.0,65.4,70.0,71.93333333,100.0,2.0,80.0,60.0,0,False,False,False,False,False
2025-03-14 14:30:00,11.0,1.0,1.333333333,71.8,52.0,0.0,1.0,1.0,69.5,1.0,1.0,0.0,58.0,66.63333333,70.0,71.7,100.0,2.0,80.0,60.0,0,False,False,False,False,False
2025-03-14 14:45:00,11.0,1.0,1.333333333,71.8,52.0,0.0,1.0,1.0,66.83333333,1.0,1.0,0.0,56.0,67.83333333,70.0,71.73333333,100.0,2.0,80.0,60.0,0,False,False,False,False,False
2025-03-14 15:00:00,11.0,1.0,1.333333333,71.8,52.0,0.0,1.0,1.0,66.83333333,1.0,1.0,0.0,54.66666667,68.83333333,70.0,71.66666667,100.0,2.0,80.0,60.0,0,False,False,False,False,False
2025-03-14 15:15:00,22.0,1.0,1.666666667,71.8,52.0,0.0,1.0,1.0,67.0,1.0,1.0,0.0,53.33333333,70.83333333,70.0,71.83333333,100.0,2.0,80.0,60.0,0,False,False,False,False,False
2025-03-14 15:30:00,22.0,1.0,1.666666667,71.8,52.0,0.0,1.0,1.0,64.8,1.0,1.0,0.0,51.0,72.6,70.0,72.06666667,100.0,2.0,80.0,60.0,0,False,False,False,False,False
2025-03-14 15:45:00,22.0,1.0,1.666666667,71.8,52.0,0.0,1.0,1.0,64.7,1.0,1.0,0.0,50.33333333,74.0,70.0,71.96666667,100.0,2.0,80.0,60.0,0,False,False,False,False,False
2025-03-14 16:00:00,11.0,1.0,1.333333333,71.8,52.0,0.0,1.0,1.0,67.33333333,1.0,1.0,0.0,49.33333333,74.66666667,70.0,71.63333333,100.0,2.0,80.0,60.0,0,False,False,False,False,False
2025-03-14 16:15:00,11.0,1.0,1.333333333,71.8,52.0,0.0,1.0,1.0,67.63333333,1.0,1.0,0.0,50.0,75.33333333,70.0,71.53333333,100.0,2.0,80.0,60.0,0,False,False,False,False,False
2025-03-14 16:30:00,11.0,1.0,1.333333333,71.8,52.0,0.0,1.0,1.0,67.46666667,1.0,1.0,0.0,50.0,75.8,70.0,71.56666667,100.0,2.0,80.0,60.0,0,False,False,False,False,False
2025-03-14 16:45:00,22.0,1.0,1.666666667,71.8,52.0,0.0,1.0,1.0,68.06666667,1.0,1.0,0.0,48.33333333,76.63333333,70.0,71.93333333,100.0,2.0,80.0,60.0,0,False,False,False,False,False
2025-03-14 17:00:00,22.0,1.0,1.666666667,71.8,52.0,0.0,1.0,1.0,65.13333333,1.0,1.0,0.0,49.33333333,76.33333333,70.0,72.03333333,100.0,2.0,80.0,60.0,0,False,False,False,False,False
2025-03-14 17:15:00,22.0,1.0,1.666666667,71.8,52.0,0.0,1.0,1.0,67.1,1.0,1.0,0.0,50.66666667,77.46666667,70.0,71.8,100.0,2.0,80.0,60.0,0,False,False,False,False,False
2025-03-14 17:30:00,11.0,1.0,1.333333333,71.8,52.0,0.0,1.0,1.0,67.93333333,1.0,1.0,0.0,51.0,78.33333333,70.0,71.83333333,100.0,2.0,80.0,60.0,0,False,False,False,False,False
2025-03-14 17:45:00,0.0,1.0,1.0,71.8,52.0,0.0,1.0,1.0,68.9,1.0,1.0,0.0,51.66666667,78.43333333,70.0,71.5,100.0,2.0,80.0,60.0,0,False,False,False,False,False
2025-03-14 18:00:00,11.0,1.0,1.333333333,71.8,52.0,0.0,1.0,1.0,66.86666667,1.0,1.0,0.0,51.0,79.53333333,70.0,71.83333333,100.0,2.0,80.0,60.0,0,False,False,False,False,False
2025-03-14 18:15:00,11.0,1.0,1.333333333,71.8,52.0,0.0,1.0,1.0,68.2,1.0,1.0,0.0,50.0,80.46666667,70.0,71.66666667,100.0,2.0,80.0,60.0,0,False,False,False,False,False
2025-03-14 18:30:00,11.0,1.0,1.333333333,71.8,52.0,0.0,1.0,1.0,66.23333333,1.0,1.0,0.0,49.0,81.26666667,70.0,71.73333333,100.0,2.0,80.0,60.0,0,False,False,False,False,False
2025-03-14 18:45:00,22.0,1.0,1.666666667,71.8,52.0,0.0,1.0,1.0,65.96666667,1.0,1.0,0.0,48.0,82.4,70.0,71.86666667,100.0,2.0,80.0,60.0,0,False,False,False,False,False
2025-03-14 19:00:00,22.0,1.0,1.666666667,71.8,52.0,0.0,1.0,1.0,66.36666667,1.0,1.0,0.0,48.0,81.43333333,70.0,71.93333333,100.0,2.0,80.0,60.0,0,False,False,False,False,False
2025-03-14 19:15:00,22.0,1.0,1.666666667,71.8,52.0,0.0,1.0,1.0,67.23333333,1.0,1.0,0.0,47.66666667,81.03333333,70.0,71.96666667,100.0,2.0,80.0,60.0,0,False,False,False,False,False
2025-03-14 19:30:00,11.0,1.0,1.333333333,71.8,52.0,0.0,1.0,1.0,66.63333333,1.0,1.0,0.0,49.0,80.53333333,70.0,71.66666667,100.0,2.0,80.0,60.0,0,False,False,False,False,False
2025-03-14 19:45:00,22.0,1.0,1.666666667,71.8,52.0,0.0,1.0,1.0,63.46666667,1.0,1.0,0.0,49.0,79.26666667,70.0,71.7,100.0,2.0,80.0,60.0,0,False,False,False,False,False
2025-03-14 20:00:00,22.0,1.0,1.666666667,71.8,52.0,0.0,1.0,1.0,65.7,1.0,1.0,0.0,48.0,79.93333333,70.0,71.86666667,100.0,2.0,80.0,60.0,0,False,False,False,False,False
2025-03-14 20:15:00,11.0,1.0,1.333333333,71.8,52.0,0.0,1.0,1.0,69.13333333,1.0,1.0,0.0,48.0,81.33333333,70.0,71.73333333,100.0,2.0,80.0,60.0,0,False,False,False,False,False
2025-03-14 20:30:00,0.0,1.0,1.0,71.8,52.0,0.0,1.0,1.0,71.03333333,1.0,1.0,0.0,46.66666667,80.96666667,70.0,71.56666667,100.0,2.0,80.0,60.0,0,False,False,False,False,False
2025-03-14 20:45:00,11.0,1.0,1.333333333,71.8,52.0,0.0,1.0,1.0,68.73333333,1.0,1.0,0.0,45.0,81.1,70.0,71.66666667,100.0,2.0,80.0,60.0,0,False,False,False,False,False
2025-03-14 21:00:00,22.0,1.0,1.666666667,71.8,52.0,0.0,1.0,1.0,68.73333333,1.0,1.0,0.0,44.0,81.6,70.0,71.86666667,100.0,2.0,80.0,60.0,0,False,False,False,False,False
2025-03-14 21:15:00,22.0,1.0,1.666666667,71.8,52.0,0.0,1.0,1.0,68.03333333,1.0,1.0,0.0,45.66666667,80.66666667,70.0,72.03333333,100.0,2.0,80.0,60.0,0,False,False,False,False,False
2025-03-14 21:30:00,0.0,1.0,1.0,71.8,52.0,0.0,1.0,1.0,71.83333333,1.0,1.0,0.0,46.0,80.7,70.0,71.63333333,100.0,2.0,80.0,60.0,0,False,False,False,False,False
2025-03-14 21:45:00,11.0,1.0,1.333333333,71.8,52.0,0.0,1.0,1.0,68.46666667,1.0,1.0,0.0,44.66666667,79.96666667,70.0,71.6,100.0,2.0,80.0,60.0,0,False,False,False,False,False
2025-03-14 22:00:00,22.0,1.0,1.666666667,71.8,52.0,0.0,1.0,1.0,66.66666667,1.0,1.0,0.0,44.0,78.9,70.0,72.1,100.0,2.0,80.0,60.0,0,False,False,False,False,False
2025-03-14 22:15:00,11.0,1.0,1.333333333,71.8,52.0,0.0,1.0,1.0,71.93333333,1.0,1.0,0.0,44.66666667,78.26666667,70.0,71.76666667,100.0,2.0,80.0,60.0,0,False,False,False,False,False
2025-03-14 22:30:00,11.0,1.0,1.333333333,71.8,52.0,0.0,1.0,1.0,68.66666667,1.0,1.0,0.0,45.0,78.1,70.0,71.6,100.0,2.0,80.0,60.0,0,False,False,False,False,False
2025-03-14 22:45:00,22.0,1.0,1.666666667,71.8,52.0,0.0,1.0,1.0,66.3,1.0,1.0,0.0,45.0,77.86666667,70.0,72.0,100.0,2.0,80.0,60.0,0,False,False,False,False,False
2025-03-14 23:00:00,0.0,1.0,1.0,71.8,52.0,0.0,1.0,1.0,72.06666667,1.0,1.0,0.0,46.0,77.9,70.0,71.7,100.0,2.0,80.0,60.0,0,False,False,False,False,False
2025-03-14 23:15:00,11.0,1.0,1.333333333,71.8,52.0,0.0,1.0,1.0,68.76666667,1.0,1.0,0.0,45.33333333,77.43333333,70.0,71.66666667,100.0,2.0,80.0,60.0,0,False,False,False,False,False
2025-03-14 23:30:00,11.0,1.0,1.333333333,71.8,52.0,0.0,1.0,1.0,67.2,1.0,1.0,0.0,44.66666667,77.03333333,70.0,71.93333333,100.0,2.0,80.0,60.0,0,False,False,False,False,False
2025-03-14 23:45:00,0.0,1.0,1.0,71.8,52.0,0.0,1.0,1.0,72.0,1.0,1.0,0.0,44.0,76.36666667,70.0,71.76666667,100.0,2.0,80.0,60.0,0,False,False,False,False,False
2025-03-15 00:00:00,11.0,1.0,1.333333333,71.8,52.0,0.0,1.0,1.0,68.73333333,1.0,1.0,0.0,44.0,75.76666667,70.0,71.73333333,100.0,2.0,80.0,60.0,0,False,False,False,False,False
2025-03-15 00:15:00,11.0,1.0,1.333333333,71.8,52.0,0.0,1.0,1.0,69.9,1.0,1.0,0.0,44.33333333,75.3,70.0,71.96666667,100.0,2.0,80.0,60.0,0,False,False,False,False,False
2025-03-15 00:30:00,0.0,1.0,1.0,71.8,52.0,0.0,1.0,1.0,71.23333333,1.0,1.0,0.0,45.0,74.7,70.0,71.56666667,100.0,2.0,80.0,60.0,0,False,False,False,False,False
2025-03-15 00:45:00,11.0,1.0,1.333333333,71.8,52.0,0.0,1.0,1.0,66.5,1.0,1.0,0.0,45.0,74.76666667,70.0,72.03333333,100.0,2.0,80.0,60.0,0,False,False,False,False,False
2025-03-15 01:00:00,0.0,1.0,1.0,71.8,52.0,0.0,1.0,1.0,71.76666667,1.0,1.0,0.0,45.66666667,74.33333333,70.0,71.56666667,100.0,2.0,80.0,60.0,0,False,False,False,False,False
2025-03-15 01:15:00,11.0,1.0,1.333333333,71.8,52.0,0.0,1.0,1.0,66.66666667,1.0,1.0,0.0,46.0,74.03333333,70.0,72.1,100.0,2.0,80.0,60.0,0,False,False,False,False,False
2025-03-15 01:30:00,0.0,1.0,1.0,71.8,52.0,0.0,1.0,1.0,71.7,1.0,1.0,0.0,46.0,73.8,70.0,71.66666667,100.0,2.0,80.0,60.0,0,False,False,False,False,False
2025-03-15 01:45:00,11.0,1.0,1.333333333,71.8,52.0,0.0,1.0,1.0,69.6,1.0,1.0,0.0,46.0,74.03333333,70.0,71.7,100.0,2.0,80.0,60.0,0,False,False,False,False,False
2025-03-15 02:00:00,0.0,1.0,1.0,71.8,52.0,0.0,1.0,1.0,71.86666667,1.0,1.0,0.0,46.0,74.03333333,70.0,71.86666667,100.0,2.0,80.0,60.0,0,False,False,False,False,False
2025-03-15 02:15:00,11.0,1.0,1.333333333,71.8,52.0,0.0,1.0,1.0,69.06666667,1.0,1.0,0.0,45.33333333,73.83333333,70.0,71.56666667,100.0,2.0,80.0,60.0,0,False,False,False,False,False
2025-03-15 02:30:00,0.0,1.0,1.0,71.8,52.0,0.0,1.0,1.0,71.96666667,1.0,1.0,0.0,44.66666667,73.83333333,70.0,71.96666667,100.0,2.0,80.0,60.0,0,False,False,False,False,False
2025-03-15 02:45:00,11.0,1.0,1.333333333,71.8,52.0,0.0,1.0,1.0,68.56666667,1.0,1.0,0.0,44.0,74.1,70.0,71.6,100.0,2.0,80.0,60.0,0,False,False,False,False,False
2025-03-15 03:00:00,11.0,1.0,1.333333333,71.8,52.0,0.0,1.0,1.0,68.93333333,1.0,1.0,0.0,44.0,74.1,70.0,72.1,100.0,2.0,80.0,60.0,0,False,False,False,False,False
2025-03-15 03:15:00,0.0,1.0,1.0,71.8,52.0,0.0,1.0,1.0,71.5,1.0,1.0,0.0,44.0,73.8,70.0,71.43333333,100.0,2.0,80.0,60.0,0,False,False,False,False,False
2025-03-15 03:30:00,11.0,1.0,1.333333333,71.8,52.0,0.0,1.0,1.0,70.96666667,1.0,1.0,0.0,45.0,73.73333333,70.0,72.13333333,100.0,2.0,80.0,60.0,0,False,False,False,False,False
2025-03-15 03:45:00,0.0,1.0,1.0,71.8,52.0,0.0,1.0,1.0,71.13333333,1.0,1.0,0.0,45.0,73.13333333,70.0,71.46666667,100.0,2.0,80.0,60.0,0,False,False,False,False,False
2025-03-15 04:00:00,0.0,1.0,1.0,80.0,52.0,0.0,1.0,1.0,72.0,2.0,2.0,0.0,45.66666667,73.5,70.0,71.93333333,0.0,1.0,80.0,60.0,0,False,False,False,False,False
2025-03-15 04:15:00,0.0,1.0,1.0,80.0,52.0,0.0,1.0,1.0,72.16666667,2.0,2.0,0.0,46.0,73.5,70.0,72.0,0.0,1.0,80.0,60.0,0,False,False,False,False,False
2025-03-15 04:30:00,0.0,1.0,1.0,80.0,52.0,0.0,1.0,1.0,72.3,2.0,2.0,0.0,46.0,73.5,70.0,72.2,0.0,1.0,80.0,60.0,0,False,False,False,False,False
2025-03-15 04:45:00,0.0,1.0,1.0,80.0,52.0,0.0,1.0,1.0,72.3,2.0,2.0,0.0,47.0,73.5,70.0,72.26666667,0.0,1.0,80.0,60.0,0,False,False,False,False,False
2025-03-15 05:00:00,0.0,1.0,1.0,80.0,52.0,0.0,1.0,1.0,72.3,2.0,2.0,0.0,47.66666667,73.5,70.0,72.3,0.0,1.0,80.0,60.0,0,False,False,False,False,False
2025-03-15 05:15:00,0.0,1.0,1.0,80.0,52.0,0.0,1.0,1.0,72.3,2.0,2.0,0.0,48.0,73.5,70.0,72.36666667,0.0,1.0,80.0,60.0,0,False,False,False,False,False
2025-03-15 05:30:00,0.0,1.0,1.0,80.0,52.0,0.0,1.0,1.0,72.3,2.0,2.0,0.0,49.0,73.3,70.0,72.7,0.0,1.0,80.0,60.0,0,False,False,False,False,False
2025-03-15 05:45:00,0.0,1.0,1.0,80.0,52.0,0.0,1.0,1.0,72.1,2.0,2.0,0.0,49.33333333,73.1,70.0,72.7,0.0,1.0,80.0,60.0,0,False,False,False,False,False
2025-03-15 06:00:00,0.0,1.0,1.0,80.0,52.0,0.0,1.0,1.0,72.1,2.0,2.0,0.0,50.0,73.03333333,70.0,72.7,0.0,1.0,80.0,60.0,0,False,False,False,False,False
2025-03-15 06:15:00,0.0,1.0,1.0,80.0,52.0,0.0,1.0,1.0,72.03333333,2.0,2.0,0.0,50.66666667,72.86666667,70.0,72.7,0.0,1.0,80.0,60.0,0,False,False,False,False,False
2025-03-15 06:30:00,0.0,1.0,1.0,80.0,52.0,0.0,1.0,1.0,72.0,2.0,2.0,0.0,51.0,72.8,70.0,72.7,0.0,1.0,80.0,60.0,0,False,False,False,False,False
2025-03-15 06:45:00,0.0,1.0,1.0,80.0,52.0,0.0,1.0,1.0,71.8,2.0,2.0,0.0,52.0,72.63333333,70.0,72.7,0.0,1.0,80.0,60.0,0,False,False,False,False,False
2025-03-15 07:00:00,0.0,1.0,1.0,80.0,52.0,0.0,1.0,1.0,71.8,2.0,2.0,0.0,52.66666667,72.5,70.0,72.76666667,0.0,1.0,80.0,60.0,0,False,False,False,False,False
2025-03-15 07:15:00,0.0,1.0,1.0,80.0,52.0,0.0,1.0,1.0,71.8,2.0,2.0,0.0,53.66666667,72.3,70.0,72.8,0.0,1.0,80.0,60.0,0,False,False,False,False,False
2025-03-15 07:30:00,0.0,1.0,1.0,80.0,52.0,0.0,1.0,1.0,71.8,2.0,2.0,0.0,54.0,72.3,70.0,72.8,0.0,1.0,80.0,60.0,0,False,False,False,False,False
2025-03-15 07:45:00,0.0,1.0,1.0,80.0,52.0,0.0,1.0,1.0,71.76666667,2.0,2.0,0.0,55.0,72.0,70.0,72.8,0.0,1.0,80.0,60.0,0,False,False,False,False,False
2025-03-15 08:00:00,0.0,1.0,1.0,80.0,52.0,0.0,1.0,1.0,71.7,2.0,2.0,0.0,55.0,72.0,70.0,72.8,0.0,1.0,80.0,60.0,0,False,False,False,False,False
2025-03-15 08:15:00,0.0,1.0,1.0,80.0,52.0,0.0,1.0,1.0,71.7,2.0,2.0,0.0,55.0,72.2,70.0,72.8,0.0,1.0,80.0,60.0,0,False,False,False,False,False
2025-03-15 08:30:00,0.0,1.0,1.0,80.0,52.0,0.0,1.0,1.0,71.56666667,2.0,2.0,0.0,54.33333333,72.2,70.0,72.8,0.0,1.0,80.0,60.0,0,False,False,False,False,False
2025-03-15 08:45:00,0.0,1.0,1.0,80.0,52.0,0.0,1.0,1.0,71.5,2.0,2.0,0.0,55.0,72.2,70.0,72.8,0.0,1.0,80.0,60.0,0,False,False,False,False,False
2025-03-15 09:00:00,0.0,1.0,1.0,80.0,52.0,0.0,1.0,1.0,71.5,2.0,2.0,0.0,55.33333333,72.2,70.0,72.8,0.0,1.0,80.0,60.0,0,False,False,False,False,False
2025-03-15 09:15:00,0.0,1.0,1.0,80.0,52.0,0.0,1.0,1.0,71.5,2.0,2.0,0.0,56.0,72.2,70.0,72.8,0.0,1.0,80.0,60.0,0,False,False,False,False,False
2025-03-15 09:30:00,0.0,1.0,1.0,80.0,52.0,0.0,1.0,1.0,71.5,2.0,2.0,0.0,56.0,72.2,70.0,72.8,0.0,1.0,80.0,60.0,0,False,False,False,False,False
2025-03-15 09:45:00,0.0,1.0,1.0,80.0,52.0,0.0,1.0,1.0,71.63333333,2.0,2.0,0.0,56.0,72.26666667,70.0,72.8,0.0,1.0,80.0,60.0,0,False,False,False,False,False
2025-03-15 10:00:00,0.0,1.0,1.0,80.0,52.0,0.0,1.0,1.0,71.7,2.0,2.0,0.0,56.0,72.3,70.0,72.8,0.0,1.0,80.0,60.0,0,False,False,False,False,False
2025-03-15 10:15:00,0.0,1.0,1.0,80.0,52.0,0.0,1.0,1.0,71.7,2.0,2.0,0.0,56.0,72.3,70.0,72.8,0.0,1.0,80.0,60.0,0,False,False,False,False,False
2025-03-15 10:30:00,0.0,1.0,1.0,80.0,52.0,0.0,1.0,1.0,71.7,2.0,2.0,0.0,56.0,72.3,70.0,72.8,0.0,1.0,80.0,60.0,0,False,False,False,False,False
2025-03-15 10:45:00,0.0,1.0,1.0,80.0,52.0,0.0,1.0,1.0,71.7,2.0,2.0,0.0,56.0,72.3,70.0,72.8,0.0,1.0,80.0,60.0,0,False,False,False,False,False
2025-03-15 11:00:00,0.0,1.0,1.0,80.0,52.0,0.0,1.0,1.0,71.7,2.0,2.0,0.0,56.0,72.43333333,70.0,72.8,0.0,1.0,80.0,60.0,0,False,False,False,False,False
2025-03-15 11:15:00,0.0,1.0,1.0,80.0,52.0,0.0,1.0,1.0,71.56666667,2.0,2.0,0.0,56.0,72.5,70.0,72.8,0.0,1.0,80.0,60.0,0,False,False,False,False,False
2025-03-15 11:30:00,0.0,1.0,1.0,80.0,52.0,0.0,1.0,1.0,70.76666667,2.0,2.0,0.0,55.0,64.2,70.0,72.8,0.0,1.0,80.0,60.0,0,False,False,False,False,False
2025-03-15 11:45:00,0.0,1.0,1.0,80.0,52.0,0.0,1.0,1.0,69.1,2.0,2.0,0.0,58.0,60.83333333,70.0,72.8,0.0,1.0,80.0,60.0,0,False,False,False,False,False
2025-03-15 12:00:00,11.0,1.0,1.333333333,71.8,52.0,0.0,1.0,1.0,66.96666667,1.0,1.0,1.333333333,63.66666667,61.03333333,70.0,72.8,100.0,2.0,80.0,60.0,0,False,False,False,False,False
2025-03-15 12:15:00,0.0,1.0,1.0,71.8,52.0,0.0,1.0,1.0,67.9,1.0,1.0,0.0,68.0,61.5,70.0,71.06666667,100.0,2.0,80.0,60.0,0,False,False,False,False,False
2025-03-15 12:30:00,0.0,1.0,1.0,71.8,52.0,0.0,1.0,1.0,70.43333333,1.0,1.0,0.0,69.0,63.06666667,70.0,71.76666667,100.0,2.0,80.0,60.0,0,False,False,False,False,False
2025-03-15 12:45:00,11.0,1.0,1.333333333,71.8,52.0,0.0,1.0,1.0,66.46666667,1.0,1.0,0.0,69.33333333,63.9,70.0,71.96666667,100.0,2.0,80.0,60.0,0,False,False,False,False,False
2025-03-15 13:00:00,0.0,1.0,1.0,71.8,52.0,0.0,1.0,1.0,70.9,1.0,1.0,0.0,65.0,66.1,70.0,71.5,100.0,2.0,80.0,60.0,0,False,False,False,False,False
2025-03-15 13:15:00,11.0,1.0,1.333333333,71.8,52.0,0.0,1.0,1.0,71.4,1.0,1.0,0.0,62.33333333,67.96666667,70.0,72.13333333,100.0,2.0,80.0,60.0,0,False,False,False,False,False
2025-03-15 13:30:00,0.0,1.0,1.0,71.8,52.0,0.0,1.0,1.0,68.66666667,1.0,1.0,0.0,59.33333333,68.73333333,70.0,71.5,100.0,2.0,80.0,60.0,0,False,False,False,False,False
2025-03-15 13:45:00,11.0,1.0,1.333333333,71.8,52.0,0.0,1.0,1.0,69.66666667,1.0,1.0,0.0,55.0,70.13333333,70.0,72.13333333,100.0,2.0,80.0,60.0,0,False,False,False,False,False
2025-03-15 14:00:00,0.0,1.0,1.0,71.8,52.0,0.0,1.0,1.0,70.86666667,1.0,1.0,0.0,54.66666667,69.96666667,70.0,71.4,100.0,2.0,80.0,60.0,0,False,False,False,False,False
2025-03-15 14:15:00,11.0,1.0,1.333333333,71.8,52.0,0.0,1.0,1.0,67.76666667,1.0,1.0,0.0,54.33333333,70.76666667,70.0,72.03333333,100.0,2.0,80.0,60.0,0,False,False,False,False,False
2025-03-15 14:30:00,11.0,1.0,1.333333333,71.8,52.0,0.0,1.0,1.0,70.96666667,1.0,1.0,0.0,55.0,71.66666667,70.0,71.83333333,100.0,2.0,80.0,60.0,0,False,False,False,False,False
2025-03-15 14:45:00,0.0,1.0,1.0,71.8,52.0,0.0,1.0,1.0,69.0,1.0,1.0,0.0,55.33333333,71.4,70.0,71.56666667,100.0,2.0,80.0,60.0,0,False,False,False,False,False
2025-03-15 15:00:00,22.0,1.0,1.666666667,71.8,52.0,0.0,1.0,1.0,67.8,1.0,1.0,0.0,56.0,72.06666667,70.0,72.13333333,100.0,2.0,80.0,60.0,0,False,False,False,False,False
2025-03-15 15:15:00,0.0,1.0,1.0,71.8,52.0,0.0,1.0,1.0,71.46666667,1.0,1.0,0.0,55.33333333,72.96666667,70.0,71.63333333,100.0,2.0,80.0,60.0,0,False,False,False,False,False
2025-03-15 15:30:00,11.0,1.0,1.333333333,71.8,52.0,0.0,1.0,1.0,68.2,1.0,1.0,0.0,56.0,71.96666667,70.0,71.8,100.0,2.0,80.0,60.0,0,False,False,False,False,False
2025-03-15 15:45:00,0.0,1.0,1.0,71.8,52.0,0.0,1.0,1.0,71.23333333,1.0,1.0,0.0,56.66666667,72.0,70.0,71.63333333,100.0,2.0,80.0,60.0,0,False,False,False,False,False
2025-03-15 16:00:00,11.0,1.0,1.333333333,71.8,52.0,0.0,1.0,1.0,65.66666667,1.0,1.0,0.0,59.0,70.23333333,70.0,71.96666667,100.0,2.0,80.0,60.0,0,False,False,False,False,False
2025-03-15 16:15:00,0.0,1.0,1.0,71.8,52.0,0.0,1.0,1.0,70.26666667,1.0,1.0,0.0,63.66666667,68.53333333,70.0,71.46666667,100.0,2.0,80.0,60.0,0,False,False,False,False,False
2025-03-15 16:30:00,0.0,1.0,1.0,71.8,52.0,0.0,1.0,1.0,70.83333333,1.0,1.0,0.0,65.66666667,67.9,70.0,71.96666667,100.0,2.0,80.0,60.0,0,False,False,False,False,False
2025-03-15 16:45:00,11.0,1.0,1.333333333,71.8,52.0,0.0,1.0,1.0,68.03333333,1.0,1.0,0.0,68.33333333,65.16666667,70.0,71.66666667,100.0,2.0,80.0,60.0,0,False,False,False,False,False
2025-03-15 17:00:00,0.0,1.0,1.0,71.8,52.0,0.0,1.0,1.0,70.16666667,1.0,1.0,0.0,72.0,63.23333333,70.0,71.46666667,100.0,2.0,80.0,60.0,0,False,False,False,False,False
2025-03-15 17:15:00,0.0,1.0,1.0,71.8,52.0,0.0,1.0,1.0,70.2,1.0,1.0,0.0,74.0,62.96666667,70.0,71.83333333,100.0,2.0,80.0,60.0,0,False,False,False,False,False
2025-03-15 17:30:00,0.0,1.0,1.0,71.8,52.0,0.0,1.0,1.0,70.4,1.0,1.0,0.0,75.0,62.4,70.0,72.0,100.0,2.0,80.0,60.0,0,False,False,False,False,False
2025-03-15 17:45:00,0.0,1.0,1.0,71.8,52.0,0.0,1.0,1.0,70.4,1.0,1.0,0.0,75.33333333,62.16666667,70.0,72.0,100.0,2.0,80.0,60.0,0,False,False,False,False,False
2025-03-15 18:00:00,0.0,1.0,1.0,71.8,52.0,0.0,1.0,1.0,67.23333333,1.0,1.0,0.0,76.0,62.0,70.0,71.3,100.0,2.0,80.0,60.0,0,False,False,False,False,False
2025-03-15 18:15:00,0.0,1.0,1.0,71.8,52.0,0.0,1.0,1.0,69.9,1.0,1.0,0.0,76.33333333,61.63333333,70.0,71.53333333,100.0,2.0,80.0,60.0,0,False,False,False,False,False
2025-03-15 18:30:00,0.0,1.0,1.0,71.8,52.0,0.0,1.0,1.0,69.9,1.0,1.0,0.0,77.33333333,61.3,70.0,71.7,100.0,2.0,80.0,60.0,0,False,False,False,False,False
2025-03-15 18:45:00,0.0,1.0,1.0,71.8,52.0,0.0,1.0,1.0,69.96666667,1.0,1.0,0.0,78.0,61.3,70.0,71.83333333,100.0,2.0,80.0,60.0,0,False,False,False,False,False
2025-03-15 19:00:00,0.0,1.0,1.0,71.8,52.0,0.0,1.0,1.0,70.1,1.0,1.0,0.0,78.0,62.0,70.0,71.9,100.0,2.0,80.0,60.0,0,False,False,False,False,False
2025-03-15 19:15:00,0.0,1.0,1.0,71.8,52.0,0.0,1.0,1.0,70.1,1.0,1.0,0.0,76.66666667,62.36666667,70.0,71.9,100.0,2.0,80.0,60.0,0,False,False,False,False,False
2025-03-15 19:30:00,0.0,1.0,1.0,71.8,52.0,0.0,1.0,1.0,70.1,1.0,1.0,0.0,76.66666667,62.23333333,70.0,72.0,100.0,2.0,80.0,60.0,0,False,False,False,False,False
2025-03-15 19:45:00,0.0,1.0,1.0,71.8,52.0,0.0,1.0,1.0,70.1,1.0,1.0,0.0,76.33333333,62.96666667,70.0,72.0,100.0,2.0,80.0,60.0,0,False,False,False,False,False
2025-03-15 20:00:00,11.0,1.0,1.333333333,71.8,52.0,0.0,1.0,1.0,68.03333333,1.0,1.0,0.0,76.0,62.03333333,70.0,71.5,100.0,2.0,80.0,60.0,0,False,False,False,False,False
2025-03-15 20:15:00,0.0,1.0,1.0,71.8,52.0,0.0,1.0,1.0,69.56666667,1.0,1.0,0.0,76.0,62.56666667,70.0,71.23333333,100.0,2.0,80.0,60.0,0,False,False,False,False,False
2025-03-15 20:30:00,0.0,1.0,1.0,80.0,52.0,0.0,1.0,1.0,69.83333333,2.0,2.0,0.0,75.66666667,62.3,70.0,71.6,0.0,1.0,80.0,60.0,0,False,False,False,False,False
2025-03-15 20:45:00,0.0,1.0,1.0,80.0,52.0,0.0,1.0,1.0,69.03333333,2.0,2.0,0.0,70.66666667,62.23333333,70.0,71.83333333,0.0,1.0,80.0,60.0,0,False,False,False,False,False
2025-03-15 21:00:00,0.0,1.0,1.0,80.0,52.0,0.0,1.0,1.0,68.03333333,2.0,2.0,0.0,68.0,62.03333333,70.0,71.9,0.0,1.0,80.0,60.0,0,False,False,False,False,False
2025-03-15 21:15:00,0.0,1.0,1.0,80.0,52.0,0.0,1.0,1.0,67.53333333,2.0,2.0,0.0,65.33333333,62.3,70.0,71.9,0.0,1.0,80.0,60.0,0,False,False,False,False,False
2025-03-15 21:30:00,0.0,1.0,1.0,80.0,52.0,0.0,1.0,1.0,67.13333333,2.0,2.0,0.0,64.66666667,61.86666667,70.0,71.9,0.0,1.0,80.0,60.0,0,False,False,False,False,False
2025-03-15 21:45:00,0.0,1.0,1.0,80.0,52.0,0.0,1.0,1.0,66.33333333,2.0,2.0,0.0,65.0,61.43333333,70.0,71.9,0.0,1.0,80.0,60.0,0,False,False,False,False,False
2025-03-15 22:00:00,0.0,1.0,1.0,80.0,52.0,0.0,1.0,1.0,66.4,2.0,2.0,0.0,66.66666667,61.06666667,70.0,71.96666667,0.0,1.0,80.0,60.0,0,False,False,False,False,False
2025-03-15 22:15:00,0.0,1.0,1.0,80.0,52.0,0.0,1.0,1.0,66.7,2.0,2.0,0.0,69.66666667,60.76666667,70.0,72.2,0.0,1.0,80.0,60.0,0,False,False,False,False,False
2025-03-15 22:30:00,0.0,1.0,1.0,80.0,52.0,0.0,1.0,1.0,67.0,2.0,2.0,0.0,71.0,60.36666667,70.0,72.2,0.0,1.0,80.0,60.0,0,False,False,False,False,False
2025-03-15 22:45:00,0.0,1.0,1.0,80.0,52.0,0.0,1.0,1.0,66.8,2.0,2.0,0.0,73.0,59.76666667,70.0,72.3,0.0,1.0,80.0,60.0,0,False,False,False,False,False
2025-03-15 23:00:00,0.0,1.0,1.0,80.0,52.0,0.0,1.0,1.0,67.03333333,2.0,2.0,0.0,73.33333333,59.33333333,70.0,72.2,0.0,1.0,80.0,60.0,0,False,False,False,False,False
2025-03-15 23:15:00,0.0,1.0,1.0,80.0,52.0,0.0,1.0,1.0,67.4,2.0,2.0,0.0,74.0,58.76666667,70.0,72.2,0.0,1.0,80.0,60.0,0,False,False,False,False,False
2025-03-15 23:30:00,0.0,1.0,1.0,80.0,52.0,0.0,1.0,1.0,67.06666667,2.0,2.0,0.0,74.0,58.7,70.0,72.2,0.0,1.0,80.0,60.0,0,False,False,False,False,False
2025-03-15 23:45:00,0.0,1.0,1.0,80.0,52.0,0.0,1.0,1.0,66.13333333,2.0,2.0,0.0,74.0,58.7,70.0,72.2,0.0,1.0,80.0,60.0,0,False,False,False,False,False
2025-03-16 00:00:00,0.0,1.0,1.0,80.0,52.0,0.0,1.0,1.0,65.0,2.0,2.0,0.0,73.66666667,58.7,70.0,72.2,0.0,1.0,80.0,60.0,0,False,False,False,False,False
2025-03-16 00:15:00,0.0,1.0,1.0,80.0,52.0,0.0,1.0,1.0,64.56666667,2.0,2.0,0.0,72.66666667,58.7,70.0,72.2,0.0,1.0,80.0,60.0,0,False,False,False,False,False
2025-03-16 00:30:00,0.0,1.0,1.0,80.0,52.0,0.0,1.0,1.0,64.06666667,2.0,2.0,0.0,72.0,58.7,70.0,72.06666667,0.0,1.0,80.0,60.0,0,False,False,False,False,False
2025-03-16 00:45:00,0.0,1.0,1.0,80.0,52.0,0.0,1.0,1.0,64.23333333,2.0,2.0,0.0,71.0,58.9,70.0,72.0,0.0,1.0,80.0,60.0,0,False,False,False,False,False
2025-03-16 01:00:00,0.0,1.0,1.0,80.0,52.0,0.0,1.0,1.0,64.63333333,2.0,2.0,0.0,70.33333333,59.06666667,70.0,71.9,0.0,1.0,80.0,60.0,0,False,False,False,False,False
2025-03-16 01:15:00,0.0,1.0,1.0,80.0,52.0,0.0,1.0,1.0,64.45,2.0,2.0,0.0,70.0,59.2,70.0,71.9,0.0,1.0,80.0,60.0,0,False,False,False,False,False
2025-03-16 01:30:00,0.0,1.0,1.0,80.0,52.0,0.0,1.0,1.0,64.13333333,2.0,2.0,0.0,70.33333333,59.2,70.0,71.9,0.0,1.0,80.0,60.0,0,False,False,False,False,False
2025-03-16 01:45:00,0.0,1.0,1.0,80.0,52.0,0.0,1.0,1.0,64.36666667,2.0,2.0,0.0,71.0,59.16666667,70.0,71.9,0.0,1.0,80.0,60.0,0,False,False,False,False,False
2025-03-16 02:00:00,0.0,1.0,1.0,80.0,52.0,0.0,1.0,1.0,64.5,2.0,2.0,0.0,72.66666667,58.83333333,70.0,71.9,0.0,1.0,80.0,60.0,0,False,False,False,False,False
2025-03-16 02:15:00,0.0,1.0,1.0,80.0,52.0,0.0,1.0,1.0,64.5,2.0,2.0,0.0,73.0,58.63333333,70.0,71.9,0.0,1.0,80.0,60.0,0,False,False,False,False,False
2025-03-16 02:30:00,0.0,1.0,1.0,80.0,52.0,0.0,1.0,1.0,64.53333333,2.0,2.0,0.0,73.0,58.6,70.0,71.9,0.0,1.0,80.0,60.0,0,False,False,False,False,False
2025-03-16 02:45:00,0.0,1.0,1.0,80.0,52.0,0.0,1.0,1.0,64.2,2.0,2.0,0.0,73.66666667,58.4,70.0,71.9,0.0,1.0,80.0,60.0,0,False,False,False,False,False
2025-03-16 03:00:00,0.0,1.0,1.0,80.0,52.0,0.0,1.0,1.0,64.2,2.0,2.0,0.0,73.33333333,58.53333333,70.0,71.9,0.0,1.0,80.0,60.0,0,False,False,False,False,False
2025-03-16 03:15:00,0.0,1.0,1.0,80.0,52.0,0.0,1.0,1.0,64.2,2.0,2.0,0.0,72.33333333,58.6,70.0,71.9,0.0,1.0,80.0,60.0,0,False,False,False,False,False
2025-03-16 03:30:00,0.0,1.0,1.0,80.0,52.0,0.0,1.0,1.0,63.26666667,2.0,2.0,0.0,74.33333333,58.6,70.0,71.9,0.0,1.0,80.0,60.0,0,False,False,False,False,False
2025-03-16 03:45:00,0.0,1.0,1.0,80.0,52.0,0.0,1.0,1.0,62.7,2.0,2.0,0.0,75.0,58.4,70.0,71.9,0.0,1.0,80.0,60.0,0,False,False,False,False,False
2025-03-16 04:00:00,0.0,1.0,1.0,80.0,52.0,0.0,1.0,1.0,61.7,2.0,2.0,0.0,75.0,58.36666667,70.0,71.9,0.0,1.0,80.0,60.0,0,False,False,False,False,False
2025-03-16 04:15:00,0.0,1.0,1.0,80.0,52.0,0.0,1.0,1.0,62.2,2.0,2.0,0.0,74.33333333,58.3,70.0,71.9,0.0,1.0,80.0,60.0,0,False,False,False,False,False
2025-03-16 04:30:00,0.0,1.0,1.0,80.0,52.0,0.0,1.0,1.0,62.8,2.0,2.0,0.0,74.0,58.1,70.0,71.9,0.0,1.0,80.0,60.0,0,False,False,False,False,False
2025-03-16 04:45:00,0.0,1.0,1.0,80.0,52.0,0.0,1.0,1.0,62.9,2.0,2.0,0.0,73.66666667,58.1,70.0,71.9,0.0,1.0,80.0,60.0,0,False,False,False,False,False
2025-03-16 05:00:00,0.0,1.0,1.0,80.0,52.0,0.0,1.0,1.0,63.0,2.0,2.0,0.0,74.0,58.1,70.0,71.9,0.0,1.0,80.0,60.0,0,False,False,False,False,False
2025-03-16 05:15:00,0.0,1.0,1.0,80.0,52.0,0.0,1.0,1.0,63.0,2.0,2.0,0.0,74.0,58.43333333,70.0,71.9,0.0,1.0,80.0,60.0,0,False,False,False,False,False
2025-03-16 05:30:00,0.0,1.0,1.0,80.0,52.0,0.0,1.0,1.0,63.26666667,2.0,2.0,0.0,74.0,58.76666667,70.0,71.9,0.0,1.0,80.0,60.0,0,False,False,False,False,False
2025-03-16 05:45:00,0.0,1.0,1.0,80.0,52.0,0.0,1.0,1.0,63.46666667,2.0,2.0,0.0,73.33333333,59.03333333,70.0,71.9,0.0,1.0,80.0,60.0,0,False,False,False,False,False
2025-03-16 06:00:00,0.0,1.0,1.0,80.0,52.0,0.0,1.0,1.0,63.5,2.0,2.0,0.0,73.0,59.16666667,70.0,71.9,0.0,1.0,80.0,60.0,0,False,False,False,False,False
2025-03-16 06:15:00,0.0,1.0,1.0,80.0,52.0,0.0,1.0,1.0,63.5,2.0,2.0,0.0,73.33333333,59.4,70.0,71.7,0.0,1.0,80.0,60.0,0,False,False,False,False,False
2025-03-16 06:30:00,0.0,1.0,1.0,80.0,52.0,0.0,1.0,1.0,63.5,2.0,2.0,0.0,73.0,59.56666667,70.0,71.7,0.0,1.0,80.0,60.0,0,False,False,False,False,False
2025-03-16 06:45:00,0.0,1.0,1.0,80.0,52.0,0.0,1.0,1.0,63.7,2.0,2.0,0.0,73.0,59.7,70.0,71.7,0.0,1.0,80.0,60.0,0,False,False,False,False,False
2025-03-16 07:00:00,0.0,1.0,1.0,80.0,52.0,0.0,1.0,1.0,63.7,2.0,2.0,0.0,73.33333333,59.76666667,70.0,71.7,0.0,1.0,80.0,60.0,0,False,False,False,False,False
2025-03-16 07:15:00,0.0,1.0,1.0,80.0,52.0,0.0,1.0,1.0,63.76666667,2.0,2.0,0.0,72.66666667,60.36666667,70.0,71.7,0.0,1.0,80.0,60.0,0,False,False,False,False,False
2025-03-16 07:30:00,0.0,1.0,1.0,80.0,52.0,0.0,1.0,1.0,64.2,2.0,2.0,0.0,70.0,60.96666667,70.0,71.7,0.0,1.0,80.0,60.0,0,False,False,False,False,False
2025-03-16 07:45:00,0.0,1.0,1.0,80.0,52.0,0.0,1.0,1.0,64.2,2.0,2.0,0.0,68.0,61.0,70.0,71.7,0.0,1.0,80.0,60.0,0,False,False,False,False,False
2025-03-16 08:00:00,0.0,1.0,1.0,80.0,52.0,0.0,1.0,1.0,64.2,2.0,2.0,0.0,68.0,61.23333333,70.0,71.7,0.0,1.0,80.0,60.0,0,False,False,False,False,False
2025-03-16 08:15:00,0.0,1.0,1.0,80.0,52.0,0.0,1.0,1.0,64.2,2.0,2.0,0.0,67.33333333,61.53333333,70.0,71.7,0.0,1.0,80.0,60.0,0,False,False,False,False,False
2025-03-16 08:30:00,0.0,1.0,1.0,80.0,52.0,0.0,1.0,1.0,64.2,2.0,2.0,0.0,67.0,61.6,70.0,71.7,0.0,1.0,80.0,60.0,0,False,False,False,False,False
2025-03-16 08:45:00,0.0,1.0,1.0,80.0,52.0,0.0,1.0,1.0,64.2,2.0,2.0,0.0,66.33333333,61.43333333,70.0,71.7,0.0,1.0,80.0,60.0,0,False,False,False,False,False
2025-03-16 09:00:00,0.0,1.0,1.0,80.0,52.0,0.0,1.0,1.0,64.0,2.0,2.0,0.0,66.0,61.13333333,70.0,71.7,0.0,1.0,80.0,60.0,0,False,False,False,False,False
2025-03-16 09:15:00,0.0,1.0,1.0,80.0,52.0,0.0,1.0,1.0,63.7,2.0,2.0,0.0,65.33333333,60.83333333,70.0,71.7,0.0,1.0,80.0,60.0,0,False,False,False,False,False
2025-03-16 09:30:00,0.0,1.0,1.0,80.0,52.0,0.0,1.0,1.0,63.43333333,2.0,2.0,0.0,65.0,60.43333333,70.0,71.7,0.0,1.0,80.0,60.0,0,False,False,False,False,False
2025-03-16 09:45:00,0.0,1.0,1.0,80.0,52.0,0.0,1.0,1.0,63.5,2.0,2.0,0.0,64.66666667,60.4,70.0,71.7,0.0,1.0,80.0,60.0,0,False,False,False,False,False
2025-03-16 10:00:00,0.0,1.0,1.0,80.0,52.0,0.0,1.0,1.0,63.36666667,2.0,2.0,0.0,64.0,60.16666667,70.0,71.7,0.0,1.0,80.0,60.0,0,False,False,False,False,False
2025-03-16 10:15:00,0.0,1.0,1.0,80.0,52.0,0.0,1.0,1.0,63.1,2.0,2.0,0.0,63.33333333,59.6,70.0,71.7,0.0,1.0,80.0,60.0,0,False,False,False,False,False
2025-03-16 10:30:00,0.0,1.0,1.0,80.0,52.0,0.0,1.0,1.0,62.53333333,2.0,2.0,0.0,63.66666667,58.76666667,70.0,71.63333333,0.0,1.0,80.0,60.0,0,False,False,False,False,False
2025-03-16 10:45:00,0.0,1.0,1.0,80.0,52.0,0.0,1.0,1.0,62.36666667,2.0,2.0,0.0,63.0,58.56666667,70.0,71.6,0.0,1.0,80.0,60.0,0,False,False,False,False,False
2025-03-16 11:00:00,0.0,1.0,1.0,80.0,52.0,0.0,1.0,1.0,62.3,2.0,2.0,0.0,63.33333333,57.83333333,70.0,71.6,0.0,1.0,80.0,60.0,0,False,False,False,False,False
2025-03-16 11:15:00,0.0,1.0,1.0,80.0,52.0,0.0,1.0,1.0,62.3,2.0,2.0,0.0,63.66666667,57.9,70.0,71.6,0.0,1.0,80.0,60.0,0,False,False,False,False,False
2025-03-16 11:30:00,0.0,1.0,1.0,80.0,52.0,0.0,1.0,1.0,62.4,2.0,2.0,0.0,63.33333333,57.86666667,70.0,71.6,0.0,1.0,80.0,60.0,0,False,False,False,False,False
2025-03-16 11:45:00,0.0,1.0,1.0,80.0,52.0,0.0,1.0,1.0,62.23333333,2.0,2.0,0.0,63.66666667,55.33333333,70.0,71.6,0.0,1.0,80.0,60.0,0,False,False,False,False,False
2025-03-16 12:00:00,0.0,1.0,1.0,80.0,52.0,0.0,1.0,1.0,62.23333333,2.0,2.0,0.0,65.66666667,54.26666667,70.0,71.66666667,0.0,1.0,80.0,60.0,0,False,False,False,False,False
2025-03-16 12:15:00,0.0,1.0,1.0,80.0,52.0,0.0,1.0,1.0,62.3,2.0,2.0,0.0,66.0,54.03333333,70.0,71.7,0.0,1.0,80.0,60.0,0,False,False,False,False,False
2025-03-16 12:30:00,0.0,1.0,1.0,80.0,52.0,0.0,1.0,1.0,62.36666667,2.0,2.0,0.0,65.0,54.33333333,70.0,71.7,0.0,1.0,80.0,60.0,0,False,False,False,False,False
2025-03-16 12:45:00,0.0,1.0,1.0,80.0,52.0,0.0,1.0,1.0,62.76666667,2.0,2.0,0.0,63.33333333,54.46666667,70.0,71.7,0.0,1.0,80.0,60.0,0,False,False,False,False,False
2025-03-16 13:00:00,0.0,1.0,1.0,80.0,52.0,0.0,1.0,1.0,63.13333333,2.0,2.0,0.0,63.0,54.83333333,70.0,71.7,0.0,1.0,80.0,60.0,1,False,False,False,False,False
2025-03-16 13:15:00,0.0,1.0,1.0,80.0,52.0,0.0,1.0,1.0,63.96666667,2.0,2.0,0.0,56.66666667,57.13333333,70.0,71.76666667,0.0,1.0,80.0,60.0,0,False,False,False,False,False
2025-03-16 13:30:00,0.0,1.0,1.0,80.0,52.0,0.0,1.0,1.0,64.2,2.0,2.0,0.0,54.33333333,56.96666667,70.0,72.03333333,0.0,1.0,80.0,60.0,0,False,False,False,False,False
2025-03-16 13:45:00,0.0,1.0,1.0,80.0,52.0,0.0,1.0,1.0,64.06666667,2.0,2.0,0.0,57.33333333,57.3,70.0,72.2,0.0,1.0,80.0,60.0,0,False,False,False,False,False
2025-03-16 14:00:00,0.0,1.0,1.0,80.0,52.0,0.0,1.0,1.0,63.73333333,2.0,2.0,0.0,59.0,58.26666667,70.0,72.2,0.0,1.0,80.0,60.0,0,False,False,False,False,False
2025-03-16 14:15:00,0.0,1.0,1.0,80.0,52.0,0.0,1.0,1.0,63.2,2.0,2.0,0.0,59.0,57.5,70.0,72.2,0.0,1.0,80.0,60.0,0,False,False,False,False,False
2025-03-16 14:30:00,0.0,1.0,1.0,80.0,52.0,0.0,1.0,1.0,63.46666667,2.0,2.0,0.0,60.33333333,57.66666667,70.0,72.2,0.0,1.0,80.0,60.0,0,False,False,False,False,False
2025-03-16 14:45:00,0.0,1.0,1.0,80.0,52.0,0.0,1.0,1.0,65.46666667,2.0,2.0,0.0,53.66666667,59.83333333,70.0,72.2,0.0,1.0,80.0,60.0,0,False,False,False,False,False
2025-03-16 15:00:00,0.0,1.0,1.0,80.0,52.0,0.0,1.0,1.0,65.9,2.0,2.0,0.0,52.33333333,60.76666667,70.0,72.36666667,0.0,1.0,80.0,60.0,0,False,False,False,False,False
2025-03-16 15:15:00,0.0,1.0,1.0,80.0,52.0,0.0,1.0,1.0,66.56666667,2.0,2.0,0.0,52.66666667,62.43333333,70.0,72.63333333,0.0,1.0,80.0,60.0,0,False,False,False,False,False
2025-03-16 15:30:00,0.0,1.0,1.0,80.0,52.0,0.0,1.0,1.0,67.2,2.0,2.0,0.0,53.0,60.6,70.0,72.73333333,0.0,1.0,80.0,60.0,0,False,False,False,False,False
2025-03-16 15:45:00,0.0,1.0,1.0,80.0,52.0,0.0,1.0,1.0,67.2,2.0,2.0,0.0,56.33333333,58.4,70.0,72.8,0.0,1.0,80.0,60.0,0,False,False,False,False,False
2025-03-16 16:00:00,0.0,1.0,1.0,80.0,52.0,0.0,1.0,1.0,67.2,2.0,2.0,0.0,58.66666667,56.86666667,70.0,72.8,0.0,1.0,80.0,60.0,0,False,False,False,False,False
2025-03-16 16:15:00,0.0,1.0,1.0,80.0,52.0,0.0,1.0,1.0,66.96666667,2.0,2.0,0.0,60.0,55.23333333,70.0,72.7,0.0,1.0,80.0,60.0,0,False,False,False,False,False
2025-03-16 16:30:00,0.0,1.0,1.0,80.0,52.0,0.0,1.0,1.0,66.43333333,2.0,2.0,0.0,62.0,54.06666667,70.0,72.36666667,0.0,1.0,80.0,60.0,0,False,False,False,False,False
2025-03-16 16:45:00,0.0,1.0,1.0,80.0,52.0,0.0,1.0,1.0,65.93333333,2.0,2.0,0.0,62.66666667,52.13333333,70.0,72.3,0.0,1.0,80.0,60.0,0,False,False,False,False,False
2025-03-16 17:00:00,0.0,1.0,1.0,80.0,52.0,0.0,1.0,1.0,65.6,2.0,2.0,0.0,64.0,50.86666667,70.0,72.16666667,0.0,1.0,80.0,60.0,0,False,False,False,False,False
2025-03-16 17:15:00,0.0,1.0,1.0,80.0,52.0,0.0,1.0,1.0,65.4,2.0,2.0,0.0,64.66666667,49.4,70.0,72.0,0.0,1.0,80.0,60.0,0,False,False,False,False,False
2025-03-16 17:30:00,0.0,1.0,1.0,80.0,52.0,0.0,1.0,1.0,65.1,2.0,2.0,0.0,65.0,49.33333333,70.0,71.9,0.0,1.0,80.0,60.0,0,False,False,False,False,False
2025-03-16 17:45:00,0.0,1.0,1.0,80.0,52.0,0.0,1.0,1.0,64.93333333,2.0,2.0,0.0,64.0,49.3,70.0,71.9,0.0,1.0,80.0,60.0,0,False,False,False,False,False
2025-03-16 18:00:00,0.0,1.0,1.0,80.0,52.0,0.0,1.0,1.0,64.8,2.0,2.0,0.0,63.33333333,48.86666667,70.0,71.9,0.0,1.0,80.0,60.0,0,False,False,False,False,False
2025-03-16 18:15:00,0.0,1.0,1.0,80.0,52.0,0.0,1.0,1.0,64.8,2.0,2.0,0.0,63.0,49.16666667,70.0,71.7,0.0,1.0,80.0,60.0,0,False,False,False,False,False
2025-03-16 18:30:00,0.0,1.0,1.0,80.0,52.0,0.0,1.0,1.0,64.73333333,2.0,2.0,0.0,61.0,49.3,70.0,71.7,0.0,1.0,80.0,60.0,0,False,False,False,False,False
2025-03-16 18:45:00,0.0,1.0,1.0,80.0,52.0,0.0,1.0,1.0,64.6,2.0,2.0,0.0,60.66666667,49.4,70.0,71.7,0.0,1.0,80.0,60.0,0,False,False,False,False,False
2025-03-16 19:00:00,0.0,1.0,1.0,80.0,52.0,0.0,1.0,1.0,64.6,2.0,2.0,0.0,62.33333333,48.3,70.0,71.7,0.0,1.0,80.0,60.0,0,False,False,False,False,False
2025-03-16 19:15:00,0.0,1.0,1.0,80.0,52.0,0.0,1.0,1.0,64.6,2.0,2.0,0.0,63.33333333,47.86666667,70.0,71.7,0.0,1.0,80.0,60.0,0,False,False,False,False,False
2025-03-16 19:30:00,0.0,1.0,1.0,80.0,52.0,0.0,1.0,1.0,64.53333333,2.0,2.0,0.0,61.0,48.66666667,70.0,71.7,0.0,1.0,80.0,60.0,0,False,False,False,False,False
2025-03-16 19:45:00,0.0,1.0,1.0,80.0,52.0,0.0,1.0,1.0,64.3,2.0,2.0,0.0,59.0,48.43333333,70.0,71.7,0.0,1.0,80.0,60.0,0,False,False,False,False,False
2025-03-16 20:00:00,0.0,1.0,1.0,80.0,52.0,0.0,1.0,1.0,64.3,2.0,2.0,0.0,58.33333333,49.93333333,70.0,71.7,0.0,1.0,80.0,60.0,0,False,False,False,False,False
2025-03-16 20:15:00,0.0,1.0,1.0,80.0,52.0,0.0,1.0,1.0,64.43333333,2.0,2.0,0.0,56.0,50.33333333,70.0,71.7,0.0,1.0,80.0,60.0,0,False,False,False,False,False
2025-03-16 20:30:00,0.0,1.0,1.0,80.0,52.0,0.0,1.0,1.0,64.8,2.0,2.0,0.0,55.33333333,49.86666667,70.0,71.7,0.0,1.0,80.0,60.0,0,False,False,False,False,False
2025-03-16 20:45:00,0.0,1.0,1.0,80.0,52.0,0.0,1.0,1.0,64.53333333,2.0,2.0,0.0,56.33333333,48.56666667,70.0,71.7,0.0,1.0,80.0,60.0,0,False,False,False,False,False
2025-03-16 21:00:00,0.0,1.0,1.0,80.0,52.0,0.0,1.0,1.0,64.5,2.0,2.0,0.0,57.66666667,48.4,70.0,71.7,0.0,1.0,80.0,60.0,0,False,False,False,False,False
2025-03-16 21:15:00,0.0,1.0,1.0,80.0,52.0,0.0,1.0,1.0,64.36666667,2.0,2.0,0.0,59.66666667,48.33333333,70.0,71.7,0.0,1.0,80.0,60.0,0,False,False,False,False,False
2025-03-16 21:30:00,0.0,1.0,1.0,80.0,52.0,0.0,1.0,1.0,64.3,2.0,2.0,0.0,59.66666667,46.96666667,70.0,71.6,0.0,1.0,80.0,60.0,0,False,False,False,False,False
2025-03-16 21:45:00,0.0,1.0,1.0,80.0,52.0,0.0,1.0,1.0,64.3,2.0,2.0,0.0,61.0,46.5,70.0,71.6,0.0,1.0,80.0,60.0,0,False,False,False,False,False
2025-03-16 22:00:00,0.0,1.0,1.0,71.8,52.0,0.0,1.0,1.0,66.6,1.0,1.0,1.666666667,52.66666667,48.0,70.0,71.53333333,100.0,2.0,80.0,60.0,0,False,False,False,False,False
2025-03-16 22:15:00,0.0,1.0,1.0,71.8,52.0,0.0,1.0,1.0,67.36666667,1.0,1.0,0.0,51.0,49.4,70.0,71.2,100.0,2.0,80.0,60.0,0,False,False,False,False,False
2025-03-16 22:30:00,0.0,1.0,1.0,71.8,52.0,0.0,1.0,1.0,67.2,1.0,1.0,0.0,51.0,49.16666667,70.0,71.1,100.0,2.0,80.0,60.0,0,False,False,False,False,False
2025-03-16 22:45:00,0.0,1.0,1.0,71.8,52.0,0.0,1.0,1.0,67.2,1.0,1.0,0.0,50.0,50.0,70.0,71.1,100.0,2.0,80.0,60.0,0,False,False,False,False,False
2025-03-16 23:00:00,0.0,1.0,1.0,71.8,52.0,0.0,1.0,1.0,67.2,1.0,1.0,0.0,49.0,50.23333333,70.0,70.9,100.0,2.0,80.0,60.0,0,False,False,False,False,False
2025-03-16 23:15:00,0.0,1.0,1.0,71.8,52.0,0.0,1.0,1.0,67.2,1.0,1.0,0.0,49.0,50.23333333,70.0,70.86666667,100.0,2.0,80.0,60.0,0,False,False,False,False,False
2025-03-16 23:30:00,0.0,1.0,1.0,71.8,52.0,0.0,1.0,1.0,66.96666667,1.0,1.0,0.0,49.33333333,48.6,70.0,70.8,100.0,2.0,80.0,60.0,0,False,False,False,False,False
2025-03-16 23:45:00,0.0,1.0,1.0,71.8,52.0,0.0,1.0,1.0,66.9,1.0,1.0,0.0,50.66666667,47.53333333,70.0,70.66666667,100.0,2.0,80.0,60.0,0,False,False,False,False,False
2025-03-17 00:00:00,0.0,1.0,1.0,71.8,52.0,0.0,1.0,1.0,66.7,1.0,1.0,0.0,50.66666667,47.53333333,70.0,70.6,100.0,2.0,80.0,60.0,0,False,False,False,False,False
2025-03-17 00:15:00,0.0,1.0,1.0,71.8,52.0,0.0,1.0,1.0,66.7,1.0,1.0,0.0,50.0,47.83333333,70.0,70.6,100.0,2.0,80.0,60.0,0,False,False,False,False,False
2025-03-17 00:30:00,0.0,1.0,1.0,71.8,52.0,0.0,1.0,1.0,66.6,1.0,1.0,0.0,49.0,47.9,70.0,70.5,100.0,2.0,80.0,60.0,0,False,False,False,False,False
2025-03-17 00:45:00,0.0,1.0,1.0,71.8,52.0,0.0,1.0,1.0,66.6,1.0,1.0,0.0,49.0,47.4,70.0,70.5,100.0,2.0,80.0,60.0,0,False,False,False,False,False
2025-03-17 01:00:00,0.0,1.0,1.0,71.8,52.0,0.0,1.0,1.0,66.4,1.0,1.0,0.0,48.66666667,48.16666667,70.0,70.36666667,100.0,2.0,80.0,60.0,0,False,False,False,False,False
2025-03-17 01:15:00,0.0,1.0,1.0,71.8,52.0,0.0,1.0,1.0,66.26666667,1.0,1.0,0.0,48.0,47.06666667,70.0,70.3,100.0,2.0,80.0,60.0,0,False,False,False,False,False
2025-03-17 01:30:00,0.0,1.0,1.0,71.8,52.0,0.0,1.0,1.0,66.1,1.0,1.0,0.0,49.66666667,45.9,70.0,70.3,100.0,2.0,80.0,60.0,0,False,False,False,False,False
2025-03-17 01:45:00,0.0,1.0,1.0,71.8,52.0,0.0,1.0,1.0,66.1,1.0,1.0,0.0,50.0,46.2,70.0,70.3,100.0,2.0,80.0,60.0,0,False,False,False,False,False
2025-03-17 02:00:00,0.0,1.0,1.0,71.8,52.0,0.0,1.0,1.0,66.1,1.0,1.0,0.0,50.0,46.3,70.0,70.3,100.0,2.0,80.0,60.0,0,False,False,False,False,False
2025-03-17 02:15:00,0.0,1.0,1.0,71.8,52.0,0.0,1.0,1.0,65.96666667,1.0,1.0,0.0,49.0,47.33333333,70.0,70.3,100.0,2.0,80.0,60.0,0,False,False,False,False,False
2025-03-17 02:30:00,0.0,1.0,1.0,71.8,52.0,0.0,1.0,1.0,65.9,1.0,1.0,0.0,48.33333333,48.26666667,70.0,70.1,100.0,2.0,80.0,60.0,0,False,False,False,False,False
2025-03-17 02:45:00,0.0,1.0,1.0,71.8,52.0,0.0,1.0,1.0,65.9,1.0,1.0,0.0,48.33333333,47.2,70.0,70.1,100.0,2.0,80.0,60.0,0,False,False,False,False,False
2025-03-17 03:00:00,0.0,1.0,1.0,71.8,52.0,0.0,1.0,1.0,65.83333333,1.0,1.0,0.0,49.0,46.43333333,70.0,70.03333333,100.0,2.0,80.0,60.0,0,False,False,False,False,False
2025-03-17 03:15:00,0.0,1.0,1.0,71.8,52.0,0.0,1.0,1.0,65.66666667,1.0,1.0,0.0,49.0,45.33333333,70.0,69.93333333,100.0,2.0,80.0,60.0,0,False,False,False,False,False
2025-03-17 03:30:00,0.0,1.0,1.0,71.8,52.0,0.0,1.0,1.0,65.4,1.0,1.0,0.0,49.0,44.56666667,70.0,69.8,100.0,2.0,80.0,60.0,0,False,False,False,False,False
2025-03-17 03:45:00,0.0,1.0,1.0,71.8,52.0,0.0,1.0,1.0,65.4,1.0,1.0,0.0,48.0,45.36666667,70.0,69.8,100.0,2.0,80.0,60.0,0,False,False,False,False,False
2025-03-17 04:00:00,0.0,1.0,1.0,71.8,52.0,0.0,1.0,1.0,65.4,1.0,1.0,0.0,48.66666667,44.83333333,70.0,69.8,100.0,2.0,80.0,60.0,0,False,False,False,False,False
2025-03-17 04:15:00,0.0,1.0,1.0,71.8,52.0,0.0,1.0,1.0,65.36666667,1.0,1.0,0.0,48.33333333,44.33333333,70.0,69.8,100.0,2.0,80.0,60.0,0,False,False,False,False,False
2025-03-17 04:30:00,0.0,1.0,1.0,71.8,52.0,0.0,1.0,1.0,65.3,1.0,1.0,0.0,48.0,44.03333333,70.0,69.7,100.0,2.0,80.0,60.0,0,False,False,False,False,False
2025-03-17 04:45:00,0.0,1.0,1.0,71.8,52.0,0.0,1.0,1.0,65.3,1.0,1.0,0.0,48.0,44.13333333,70.0,69.56666667,100.0,2.0,80.0,60.0,0,False,False,False,False,False
2025-03-17 05:00:00,0.0,1.0,1.0,71.8,52.0,0.0,1.0,1.0,65.3,1.0,1.0,0.0,48.0,44.63333333,70.0,69.5,100.0,2.0,80.0,60.0,0,False,False,False,False,False
2025-03-17 05:15:00,0.0,1.0,1.0,71.8,52.0,0.0,1.0,1.0,65.23333333,1.0,1.0,0.0,47.66666667,44.9,70.0,69.5,100.0,2.0,80.0,60.0,0,False,False,False,False,False
2025-03-17 05:30:00,0.0,1.0,1.0,71.8,52.0,0.0,1.0,1.0,65.1,1.0,1.0,0.0,47.0,44.76666667,70.0,69.5,100.0,2.0,80.0,60.0,0,False,False,False,False,False
2025-03-17 05:45:00,0.0,1.0,1.0,71.8,52.0,0.0,1.0,1.0,65.1,1.0,1.0,0.0,48.0,44.23333333,70.0,69.5,100.0,2.0,80.0,60.0,0,False,False,False,False,False
2025-03-17 06:00:00,0.0,1.0,1.0,71.8,52.0,0.0,1.0,1.0,65.03333333,1.0,1.0,0.0,49.66666667,44.0,70.0,69.4,100.0,2.0,80.0,60.0,0,False,False,False,False,False
2025-03-17 06:15:00,0.0,1.0,1.0,71.8,52.0,0.0,1.0,1.0,64.93333333,1.0,1.0,0.0,49.0,44.1,70.0,69.4,100.0,2.0,80.0,60.0,0,False,False,False,False,False
2025-03-17 06:30:00,0.0,1.0,1.0,71.8,52.0,0.0,1.0,1.0,64.6,1.0,1.0,0.0,49.0,43.83333333,70.0,69.4,100.0,2.0,80.0,60.0,0,False,False,False,False,False
2025-03-17 06:45:00,0.0,1.0,1.0,71.8,52.0,0.0,1.0,1.0,64.6,1.0,1.0,0.0,48.33333333,43.6,70.0,69.33333333,100.0,2.0,80.0,60.0,0,False,False,False,False,False
2025-03-17 07:00:00,0.0,1.0,1.0,71.8,52.0,0.0,1.0,1.0,64.6,1.0,1.0,0.0,48.0,43.7,70.0,69.2,100.0,2.0,80.0,60.0,0,False,False,False,False,False
2025-03-17 07:15:00,0.0,1.0,1.0,71.8,52.0,0.0,1.0,1.0,64.56666667,1.0,1.0,0.0,48.0,43.2,70.0,69.2,100.0,2.0,80.0,60.0,0,False,False,False,False,False
2025-03-17 07:30:00,0.0,1.0,1.0,71.8,52.0,0.0,1.0,1.0,64.5,1.0,1.0,0.0,48.0,42.83333333,70.0,69.2,100.0,2.0,80.0,60.0,0,False,False,False,False,False
2025-03-17 07:45:00,0.0,1.0,1.0,71.8,52.0,0.0,1.0,1.0,64.5,1.0,1.0,0.0,48.0,43.96666667,70.0,69.06666667,100.0,2.0,80.0,60.0,0,False,False,False,False,False
2025-03-17 08:00:00,0.0,1.0,1.0,71.8,52.0,0.0,1.0,1.0,64.33333333,1.0,1.0,0.0,48.0,43.4,70.0,68.96666667,100.0,2.0,80.0,60.0,0,False,False,False,False,False
2025-03-17 08:15:00,0.0,1.0,1.0,71.8,52.0,0.0,1.0,1.0,64.3,1.0,1.0,0.0,47.0,43.16666667,70.0,68.9,100.0,2.0,80.0,60.0,0,False,False,False,False,False
2025-03-17 08:30:00,0.0,1.0,1.0,71.8,52.0,0.0,1.0,1.0,64.3,1.0,1.0,0.0,48.0,43.0,70.0,68.9,100.0,2.0,80.0,60.0,0,False,False,False,False,False
2025-03-17 08:45:00,0.0,1.0,1.0,71.8,52.0,0.0,1.0,1.0,64.3,1.0,1.0,0.0,48.0,43.46666667,70.0,68.9,100.0,2.0,80.0,60.0,0,False,False,False,False,False
2025-03-17 09:00:00,0.0,1.0,1.0,71.8,52.0,0.0,1.0,1.0,64.3,1.0,1.0,0.0,48.0,42.83333333,70.0,68.9,100.0,2.0,80.0,60.0,0,False,False,False,False,False
2025-03-17 09:15:00,0.0,1.0,1.0,71.8,52.0,0.0,1.0,1.0,64.16666667,1.0,1.0,0.0,48.0,41.63333333,70.0,68.7,100.0,2.0,80.0,60.0,0,False,False,False,False,False
2025-03-17 09:30:00,0.0,1.0,1.0,71.8,52.0,0.0,1.0,1.0,63.76666667,1.0,1.0,0.0,48.66666667,40.7,70.0,68.63333333,100.0,2.0,80.0,60.0,0,False,False,False,False,False
2025-03-17 09:45:00,0.0,1.0,1.0,71.8,52.0,0.0,1.0,1.0,63.7,1.0,1.0,0.0,49.0,40.46666667,70.0,68.6,100.0,2.0,80.0,60.0,0,False,False,False,False,False
2025-03-17 10:00:00,0.0,1.0,1.0,71.8,52.0,0.0,1.0,1.0,63.7,1.0,1.0,0.0,50.0,39.83333333,70.0,68.4,100.0,2.0,80.0,60.0,0,False,False,False,False,False
2025-03-17 10:15:00,0.0,1.0,1.0,71.8,52.0,0.0,1.0,1.0,63.43333333,1.0,1.0,0.0,50.33333333,40.13333333,70.0,68.4,100.0,2.0,80.0,60.0,0,False,False,False,False,False
2025-03-17 10:30:00,0.0,1.0,1.0,71.8,52.0,0.0,1.0,1.0,63.4,1.0,1.0,0.0,50.0,39.83333333,70.0,68.3,100.0,2.0,80.0,60.0,0,False,False,False,False,False
2025-03-17 10:45:00,0.0,1.0,1.0,71.8,52.0,0.0,1.0,1.0,63.33333333,1.0,1.0,0.0,50.0,39.73333333,70.0,68.3,100.0,2.0,80.0,60.0,0,False,False,False,False,False
2025-03-17 11:00:00,0.0,1.0,1.0,70.6,52.0,0.0,1.0,1.0,63.2,1.0,1.0,0.0,50.0,41.16666667,70.0,68.23333333,100.0,2.0,80.0,60.0,0,False,False,False,False,False
2025-03-17 11:15:00,0.0,1.0,1.0,68.2,52.0,0.0,1.0,1.0,63.2,1.0,1.0,0.0,50.0,41.06666667,70.0,68.1,100.0,2.0,80.0,60.0,0,False,False,False,False,False
2025-03-17 11:30:00,0.0,1.0,1.0,68.2,52.0,16.66666667,1.333333333,1.0,63.13333333,1.0,1.0,0.0,50.0,41.1,70.0,68.16666667,100.0,2.0,80.0,60.0,0,False,False,False,False,False
2025-03-17 11:45:00,0.0,1.0,1.0,68.2,52.0,0.0,1.0,1.0,63.9,1.0,1.0,0.0,50.0,41.73333333,70.0,70.06666667,100.0,2.0,80.0,60.0,1,False,False,False,False,False
2025-03-17 12:00:00,0.0,1.0,1.0,68.2,52.0,0.0,1.0,1.0,63.4,1.0,1.0,0.0,50.0,41.8,70.0,68.73333333,100.0,2.0,80.0,60.0,0,False,False,False,False,False
2025-03-17 12:15:00,0.0,1.0,1.0,68.2,52.0,0.0,1.0,1.0,63.2,1.0,1.0,0.0,49.66666667,41.6,70.0,68.4,100.0,2.0,80.0,60.0,0,False,False,False,False,False
2025-03-17 12:30:00,0.0,1.0,1.0,68.2,52.0,0.0,1.0,1.0,63.43333333,1.0,1.0,0.0,50.0,42.6,70.0,68.4,100.0,2.0,80.0,60.0,0,False,False,False,False,False
2025-03-17 12:45:00,0.0,1.0,1.0,68.2,52.0,0.0,1.0,1.0,63.9,1.0,1.0,0.0,48.33333333,44.8,70.0,68.4,100.0,2.0,80.0,60.0,0,False,False,False,False,False
2025-03-17 13:00:00,0.0,1.0,1.0,68.2,52.0,0.0,1.0,1.0,64.2,1.0,1.0,0.0,47.0,45.76666667,70.0,68.56666667,100.0,2.0,80.0,60.0,0,False,False,False,False,False
2025-03-17 13:15:00,0.0,1.0,1.0,68.2,52.0,0.0,1.0,1.0,64.2,1.0,1.0,0.0,44.66666667,45.3,70.0,68.83333333,100.0,2.0,80.0,60.0,0,False,False,False,False,False
2025-03-17 13:30:00,0.0,1.0,1.0,68.2,52.0,0.0,1.0,1.0,64.33333333,1.0,1.0,0.0,44.0,45.6,70.0,69.2,100.0,2.0,80.0,60.0,0,False,False,False,False,False
2025-03-17 13:45:00,0.0,1.0,1.0,68.2,52.0,0.0,1.0,1.0,64.8,1.0,1.0,0.0,42.33333333,47.0,70.0,69.63333333,100.0,2.0,80.0,60.0,0,False,False,False,False,False
2025-03-17 14:00:00,0.0,1.0,1.0,68.2,52.0,0.0,1.0,1.0,65.13333333,1.0,1.0,0.0,41.0,48.26666667,70.0,69.7,100.0,2.0,80.0,60.0,0,False,False,False,False,False
2025-03-17 14:15:00,0.0,1.0,1.0,68.2,52.0,0.0,1.0,1.0,65.3,1.0,1.0,0.0,40.0,49.36666667,70.0,69.8,100.0,2.0,80.0,60.0,0,False,False,False,False,False
2025-03-17 14:30:00,0.0,1.0,1.0,68.2,52.0,0.0,1.0,1.0,65.46666667,1.0,1.0,0.0,37.66666667,51.03333333,70.0,70.3,100.0,2.0,80.0,60.0,0,False,False,False,False,False
2025-03-17 14:45:00,0.0,1.0,1.0,68.2,52.0,0.0,1.0,1.0,65.73333333,1.0,1.0,0.0,36.33333333,52.73333333,70.0,71.03333333,100.0,2.0,80.0,60.0,0,False,False,False,False,False
2025-03-17 15:00:00,0.0,1.0,1.0,68.2,52.0,0.0,1.0,1.0,66.13333333,1.0,1.0,0.0,36.0,51.4,70.0,71.1,100.0,2.0,80.0,60.0,0,False,False,False,False,False
2025-03-17 15:15:00,0.0,1.0,1.0,68.2,52.0,0.0,1.0,1.0,66.16666667,1.0,1.0,0.0,35.33333333,53.96666667,70.0,71.13333333,100.0,2.0,80.0,60.0,0,False,False,False,False,False
2025-03-17 15:30:00,0.0,1.0,1.0,68.2,52.0,0.0,1.0,1.0,66.5,1.0,1.0,0.0,35.0,56.83333333,70.0,71.4,100.0,2.0,80.0,60.0,0,False,False,False,False,False
2025-03-17 15:45:00,0.0,1.0,1.0,70.6,52.0,0.0,1.0,1.0,66.76666667,1.0,1.0,0.0,33.0,56.76666667,70.0,71.96666667,100.0,2.0,80.0,60.0,0,False,False,False,False,False
2025-03-17 16:00:00,11.0,1.0,1.333333333,71.8,52.0,0.0,1.0,1.0,63.53333333,1.0,1.0,0.0,33.0,51.86666667,70.0,71.5,100.0,2.0,80.0,60.0,0,False,False,False,False,False
2025-03-17 16:15:00,0.0,1.0,1.0,71.8,52.0,0.0,1.0,1.0,66.63333333,1.0,1.0,0.0,32.0,54.13333333,70.0,71.73333333,100.0,2.0,80.0,60.0,0,False,False,False,False,False
2025-03-17 16:30:00,0.0,1.0,1.0,71.8,52.0,0.0,1.0,1.0,67.03333333,1.0,1.0,0.0,32.0,57.33333333,70.0,72.0,100.0,2.0,80.0,60.0,0,False,False,False,False,False
2025-03-17 16:45:00,0.0,1.0,1.0,71.8,52.0,0.0,1.0,1.0,63.63333333,1.0,1.0,0.0,31.66666667,53.3,70.0,71.4,100.0,2.0,80.0,60.0,0,False,False,False,False,False
2025-03-17 17:00:00,0.0,1.0,1.0,71.8,52.0,0.0,1.0,1.0,67.2,1.0,1.0,0.0,31.33333333,57.6,70.0,71.93333333,100.0,2.0,80.0,60.0,0,False,False,False,False,False
2025-03-17 17:15:00,11.0,1.0,1.333333333,71.8,52.0,0.0,1.0,1.0,65.93333333,1.0,1.0,0.0,31.0,54.4,70.0,71.83333333,100.0,2.0,80.0,60.0,0,False,False,False,False,False
2025-03-17 17:30:00,11.0,1.0,1.333333333,71.8,52.0,0.0,1.0,1.0,61.96666667,1.0,1.0,0.0,32.0,54.4,70.0,72.03333333,100.0,2.0,80.0,60.0,0,False,False,False,False,False
2025-03-17 17:45:00,0.0,1.0,1.0,71.8,52.0,0.0,1.0,1.0,66.9,1.0,1.0,0.0,32.0,56.96666667,70.0,71.76666667,100.0,2.0,80.0,60.0,0,False,False,False,False,False
2025-03-17 18:00:00,11.0,1.0,1.333333333,71.8,52.0,0.0,1.0,1.0,64.3,1.0,1.0,0.0,32.0,56.86666667,70.0,71.46666667,100.0,2.0,80.0,60.0,0,False,False,False,False,False
2025-03-17 18:15:00,0.0,1.0,1.0,71.8,52.0,0.0,1.0,1.0,67.46666667,1.0,1.0,0.0,32.0,59.9,70.0,71.86666667,100.0,2.0,80.0,60.0,0,False,False,False,False,False
2025-03-17 18:30:00,0.0,1.0,1.0,71.8,52.0,0.0,1.0,1.0,67.7,1.0,1.0,0.0,32.0,64.1,70.0,72.0,100.0,2.0,80.0,60.0,0,False,False,False,False,False
2025-03-17 18:45:00,0.0,1.0,1.0,71.8,52.0,0.0,1.0,1.0,64.93333333,1.0,1.0,0.0,32.0,62.43333333,70.0,71.13333333,100.0,2.0,80.0,60.0,0,False,False,False,False,False
2025-03-17 19:00:00,0.0,1.0,1.0,71.8,52.0,0.0,1.0,1.0,68.0,1.0,1.0,0.0,32.0,65.66666667,70.0,71.73333333,100.0,2.0,80.0,60.0,0,False,False,False,False,False
2025-03-17 19:15:00,22.0,1.0,1.666666667,71.8,52.0,0.0,1.0,1.0,63.33333333,1.0,1.0,0.0,31.66666667,63.5,70.0,72.43333333,100.0,2.0,80.0,60.0,0,False,False,False,False,False
2025-03-17 19:30:00,0.0,1.0,1.0,71.8,52.0,0.0,1.0,1.0,67.83333333,1.0,1.0,0.0,32.0,63.53333333,70.0,71.5,100.0,2.0,80.0,60.0,0,False,False,False,False,False
2025-03-17 19:45:00,0.0,1.0,1.0,71.8,52.0,0.0,1.0,1.0,67.93333333,1.0,1.0,0.0,33.33333333,64.7,70.0,72.06666667,100.0,2.0,80.0,60.0,0,False,False,False,False,False
2025-03-17 20:00:00,0.0,1.0,1.0,71.8,52.0,0.0,1.0,1.0,64.8,1.0,1.0,0.0,34.0,60.3,70.0,71.43333333,100.0,2.0,80.0,60.0,0,False,False,False,False,False
2025-03-17 20:15:00,0.0,1.0,1.0,71.8,52.0,0.0,1.0,1.0,68.83333333,1.0,1.0,0.0,33.0,65.96666667,70.0,71.66666667,100.0,2.0,80.0,60.0,0,False,False,False,False,False
2025-03-17 20:30:00,0.0,1.0,1.0,71.8,52.0,0.0,1.0,1.0,68.33333333,1.0,1.0,0.0,33.66666667,65.53333333,70.0,71.7,100.0,2.0,80.0,60.0,0,False,False,False,False,False
2025-03-17 20:45:00,0.0,1.0,1.0,71.8,52.0,0.0,1.0,1.0,67.93333333,1.0,1.0,0.0,35.66666667,64.53333333,70.0,71.7,100.0,2.0,80.0,60.0,0,False,False,False,False,False
2025-03-17 21:00:00,0.0,1.0,1.0,71.8,52.0,0.0,1.0,1.0,68.3,1.0,1.0,0.0,33.0,66.56666667,70.0,71.7,100.0,2.0,80.0,60.0,0,False,False,False,False,False
2025-03-17 21:15:00,0.0,1.0,1.0,71.8,52.0,0.0,1.0,1.0,67.5,1.0,1.0,0.0,33.66666667,62.86666667,70.0,71.53333333,100.0,2.0,80.0,60.0,0,False,False,False,False,False
2025-03-17 21:30:00,0.0,1.0,1.0,71.8,52.0,0.0,1.0,1.0,67.63333333,1.0,1.0,0.0,34.0,62.93333333,70.0,71.26666667,100.0,2.0,80.0,60.0,0,False,False,False,False,False
2025-03-17 21:45:00,0.0,1.0,1.0,71.8,52.0,0.0,1.0,1.0,67.7,1.0,1.0,0.0,34.33333333,62.03333333,70.0,71.16666667,100.0,2.0,80.0,60.0,0,False,False,False,False,False
2025-03-17 22:00:00,0.0,1.0,1.0,71.8,52.0,0.0,1.0,1.0,67.7,1.0,1.0,0.0,33.66666667,62.96666667,70.0,70.9,100.0,2.0,80.0,60.0,0,False,False,False,False,False
2025-03-17 22:15:00,0.0,1.0,1.0,71.8,52.0,0.0,1.0,1.0,68.0,1.0,1.0,0.0,33.0,64.36666667,70.0,70.9,100.0,2.0,80.0,60.0,0,False,False,False,False,False
2025-03-17 22:30:00,0.0,1.0,1.0,71.8,52.0,0.0,1.0,1.0,67.8,1.0,1.0,0.0,33.66666667,63.73333333,70.0,70.9,100.0,2.0,80.0,60.0,0,False,False,False,False,False
2025-03-17 22:45:00,0.0,1.0,1.0,71.8,52.0,0.0,1.0,1.0,67.63333333,1.0,1.0,0.0,33.0,61.16666667,70.0,70.9,100.0,2.0,80.0,60.0,0,False,False,False,False,False
2025-03-17 23:00:00,0.0,1.0,1.0,71.8,52.0,0.0,1.0,1.0,67.46666667,1.0,1.0,0.0,34.66666667,58.2,70.0,70.86666667,100.0,2.0,80.0,60.0,0,False,False,False,False,False
2025-03-17 23:15:00,0.0,1.0,1.0,71.8,52.0,0.0,1.0,1.0,67.33333333,1.0,1.0,0.0,35.33333333,57.0,70.0,70.6,100.0,2.0,80.0,60.0,0,False,False,False,False,False
2025-03-17 23:30:00,0.0,1.0,1.0,71.8,52.0,0.0,1.0,1.0,67.2,1.0,1.0,0.0,36.0,56.43333333,70.0,70.6,100.0,2.0,80.0,60.0,0,False,False,False,False,False
2025-03-17 23:45:00,0.0,1.0,1.0,71.8,52.0,0.0,1.0,1.0,67.2,1.0,1.0,0.0,36.0,55.96666667,70.0,70.6,100.0,2.0,80.0,60.0,0,False,False,False,False,False
2025-03-18 00:00:00,0.0,1.0,1.0,71.8,52.0,0.0,1.0,1.0,67.06666667,1.0,1.0,0.0,36.33333333,55.2,70.0,70.6,100.0,2.0,80.0,60.0,0,False,False,False,False,False
2025-03-18 00:15:00,0.0,1.0,1.0,71.8,52.0,0.0,1.0,1.0,67.0,1.0,1.0,0.0,39.33333333,54.66666667,70.0,70.53333333,100.0,2.0,80.0,60.0,0,False,False,False,False,False
2025-03-18 00:30:00,0.0,1.0,1.0,71.8,52.0,0.0,1.0,1.0,66.9,1.0,1.0,0.0,40.0,54.5,70.0,70.5,100.0,2.0,80.0,60.0,0,False,False,False,False,False
2025-03-18 00:45:00,0.0,1.0,1.0,71.8,52.0,0.0,1.0,1.0,66.7,1.0,1.0,0.0,40.66666667,54.16666667,70.0,70.36666667,100.0,2.0,80.0,60.0,0,False,False,False,False,False
2025-03-18 01:00:00,0.0,1.0,1.0,71.8,52.0,0.0,1.0,1.0,66.6,1.0,1.0,0.0,41.0,53.86666667,70.0,70.3,100.0,2.0,80.0,60.0,0,False,False,False,False,False
2025-03-18 01:15:00,0.0,1.0,1.0,71.8,52.0,0.0,1.0,1.0,66.6,1.0,1.0,0.0,40.33333333,53.8,70.0,70.16666667,100.0,2.0,80.0,60.0,0,False,False,False,False,False
2025-03-18 01:30:00,0.0,1.0,1.0,71.8,52.0,0.0,1.0,1.0,66.46666667,1.0,1.0,0.0,40.0,53.3,70.0,70.1,100.0,2.0,80.0,60.0,0,False,False,False,False,False
2025-03-18 01:45:00,0.0,1.0,1.0,71.8,52.0,0.0,1.0,1.0,66.4,1.0,1.0,0.0,39.0,53.53333333,70.0,70.1,100.0,2.0,80.0,60.0,0,False,False,False,False,False
2025-03-18 02:00:00,0.0,1.0,1.0,71.8,52.0,0.0,1.0,1.0,66.2,1.0,1.0,0.0,39.0,53.03333333,70.0,70.1,100.0,2.0,80.0,60.0,0,False,False,False,False,False
2025-03-18 02:15:00,0.0,1.0,1.0,71.8,52.0,0.0,1.0,1.0,66.2,1.0,1.0,0.0,39.66666667,53.1,70.0,70.06666667,100.0,2.0,80.0,60.0,0,False,False,False,False,False
2025-03-18 02:30:00,0.0,1.0,1.0,71.8,52.0,0.0,1.0,1.0,66.2,1.0,1.0,0.0,41.33333333,52.53333333,70.0,70.0,100.0,2.0,80.0,60.0,0,False,False,False,False,False
2025-03-18 02:45:00,0.0,1.0,1.0,71.8,52.0,0.0,1.0,1.0,66.2,1.0,1.0,0.0,42.0,52.3,70.0,70.0,100.0,2.0,80.0,60.0,0,False,False,False,False,False
2025-03-18 03:00:00,0.0,1.0,1.0,71.8,52.0,0.0,1.0,1.0,66.16666667,1.0,1.0,0.0,42.0,52.5,70.0,70.0,100.0,2.0,80.0,60.0,0,False,False,False,False,False
2025-03-18 03:15:00,0.0,1.0,1.0,71.8,52.0,0.0,1.0,1.0,66.03333333,1.0,1.0,0.0,42.66666667,52.36666667,70.0,70.0,100.0,2.0,80.0,60.0,0,False,False,False,False,False
2025-03-18 03:30:00,0.0,1.0,1.0,71.8,52.0,0.0,1.0,1.0,65.9,1.0,1.0,0.0,44.33333333,51.46666667,70.0,69.8,100.0,2.0,80.0,60.0,0,False,False,False,False,False
2025-03-18 03:45:00,0.0,1.0,1.0,71.8,52.0,0.0,1.0,1.0,65.83333333,1.0,1.0,0.0,45.66666667,51.1,70.0,69.8,100.0,2.0,80.0,60.0,0,False,False,False,False,False
2025-03-18 04:00:00,0.0,1.0,1.0,71.8,52.0,0.0,1.0,1.0,65.6,1.0,1.0,0.0,48.0,50.1,70.0,69.73333333,100.0,2.0,80.0,60.0,0,False,False,False,False,False
2025-03-18 04:15:00,0.0,1.0,1.0,71.8,52.0,0.0,1.0,1.0,65.4,1.0,1.0,0.0,49.0,49.8,70.0,69.63333333,100.0,2.0,80.0,60.0,0,False,False,False,False,False
2025-03-18 04:30:00,0.0,1.0,1.0,71.8,52.0,0.0,1.0,1.0,65.33333333,1.0,1.0,0.0,50.33333333,49.76666667,70.0,69.46666667,100.0,2.0,80.0,60.0,0,False,False,False,False,False
2025-03-18 04:45:00,0.0,1.0,1.0,71.8,52.0,0.0,1.0,1.0,65.3,1.0,1.0,0.0,51.0,49.16666667,70.0,69.4,100.0,2.0,80.0,60.0,0,False,False,False,False,False
2025-03-18 05:00:00,0.0,1.0,1.0,71.8,52.0,0.0,1.0,1.0,65.3,1.0,1.0,0.0,50.33333333,48.8,70.0,69.4,100.0,2.0,80.0,60.0,0,False,False,False,False,False
2025-03-18 05:15:00,0.0,1.0,1.0,71.8,52.0,0.0,1.0,1.0,65.3,1.0,1.0,0.0,50.0,48.8,70.0,69.4,100.0,2.0,80.0,60.0,0,False,False,False,False,False
2025-03-18 05:30:00,0.0,1.0,1.0,71.8,52.0,0.0,1.0,1.0,65.3,1.0,1.0,0.0,50.0,48.8,70.0,69.2,100.0,2.0,80.0,60.0,0,False,False,False,False,False
2025-03-18 05:45:00,0.0,1.0,1.0,71.8,52.0,0.0,1.0,1.0,65.3,1.0,1.0,0.0,50.0,48.46666667,70.0,69.0,100.0,2.0,80.0,60.0,0,False,False,False,False,False
2025-03-18 06:00:00,0.0,1.0,1.0,71.8,52.0,0.0,1.0,1.0,65.1,1.0,1.0,0.0,49.0,48.2,70.0,68.9,100.0,2.0,80.0,60.0,0,False,False,False,False,False
2025-03-18 06:15:00,0.0,1.0,1.0,71.8,52.0,0.0,1.0,1.0,65.06666667,1.0,1.0,0.0,50.0,48.2,70.0,68.9,100.0,2.0,80.0,60.0,0,False,False,False,False,False
2025-03-18 06:30:00,0.0,1.0,1.0,71.8,52.0,0.0,1.0,1.0,65.0,1.0,1.0,0.0,50.33333333,48.0,70.0,68.76666667,100.0,2.0,80.0,60.0,0,False,False,False,False,False
2025-03-18 06:45:00,0.0,1.0,1.0,71.8,52.0,0.0,1.0,1.0,64.93333333,1.0,1.0,0.0,51.66666667,47.8,70.0,68.7,100.0,2.0,80.0,60.0,0,False,False,False,False,False
2025-03-18 07:00:00,0.0,1.0,1.0,71.8,52.0,0.0,1.0,1.0,64.8,1.0,1.0,0.0,52.0,47.7,70.0,68.7,100.0,2.0,80.0,60.0,0,False,False,False,False,False
2025-03-18 07:15:00,0.0,1.0,1.0,71.8,52.0,0.0,1.0,1.0,64.66666667,1.0,1.0,0.0,52.33333333,47.73333333,70.0,68.7,100.0,2.0,80.0,60.0,0,False,False,False,False,False
2025-03-18 07:30:00,0.0,1.0,1.0,71.8,52.0,0.0,1.0,1.0,64.6,1.0,1.0,0.0,53.0,47.56666667,70.0,68.6,100.0,2.0,80.0,60.0,0,False,False,False,False,False
2025-03-18 07:45:00,0.0,1.0,1.0,71.8,52.0,0.0,1.0,1.0,64.6,1.0,1.0,0.0,52.0,47.43333333,70.0,68.7,100.0,2.0,80.0,60.0,0,False,False,False,False,False
2025-03-18 08:00:00,0.0,1.0,1.0,71.8,52.0,0.0,1.0,1.0,64.6,1.0,1.0,0.0,51.0,47.4,70.0,68.7,100.0,2.0,80.0,60.0,0,False,False,False,False,False
2025-03-18 08:15:00,0.0,1.0,1.0,71.8,52.0,0.0,1.0,1.0,64.6,1.0,1.0,0.0,51.0,47.6,70.0,68.7,100.0,2.0,80.0,60.0,0,False,False,False,False,False
2025-03-18 08:30:00,0.0,1.0,1.0,71.8,52.0,0.0,1.0,1.0,64.6,1.0,1.0,0.0,52.0,47.8,70.0,68.4,100.0,2.0,80.0,60.0,0,False,False,False,False,False
2025-03-18 08:45:00,0.0,1.0,1.0,71.8,52.0,0.0,1.0,1.0,64.6,1.0,1.0,0.0,52.0,47.8,70.0,68.4,100.0,2.0,80.0,60.0,0,False,False,False,False,False
2025-03-18 09:00:00,0.0,1.0,1.0,71.8,52.0,0.0,1.0,1.0,64.6,1.0,1.0,0.0,52.0,47.63333333,70.0,68.4,100.0,2.0,80.0,60.0,0,False,False,False,False,False
2025-03-18 09:15:00,0.0,1.0,1.0,71.8,52.0,0.0,1.0,1.0,64.6,1.0,1.0,0.0,51.33333333,47.5,70.0,68.4,100.0,2.0,80.0,60.0,0,False,False,False,False,False
2025-03-18 09:30:00,0.0,1.0,1.0,71.8,52.0,0.0,1.0,1.0,64.6,1.0,1.0,0.0,50.33333333,47.5,70.0,68.4,100.0,2.0,80.0,60.0,0,False,False,False,False,False
2025-03-18 09:45:00,0.0,1.0,1.0,71.8,52.0,0.0,1.0,1.0,64.6,1.0,1.0,0.0,51.0,47.56666667,70.0,68.4,100.0,2.0,80.0,60.0,0,False,False,False,False,False
2025-03-18 10:00:00,0.0,1.0,1.0,71.8,52.0,0.0,1.0,1.0,64.6,1.0,1.0,0.0,51.0,48.0,70.0,68.4,100.0,2.0,80.0,60.0,0,False,False,False,False,False
2025-03-18 10:15:00,0.0,1.0,1.0,71.8,52.0,0.0,1.0,1.0,64.6,1.0,1.0,0.0,51.0,48.23333333,70.0,68.4,100.0,2.0,80.0,60.0,0,False,False,False,False,False
2025-03-18 10:30:00,0.0,1.0,1.0,71.8,52.0,0.0,1.0,1.0,64.6,1.0,1.0,0.0,51.66666667,48.1,70.0,68.4,100.0,2.0,80.0,60.0,0,False,False,False,False,False
2025-03-18 10:45:00,0.0,1.0,1.0,71.8,52.0,0.0,1.0,1.0,64.6,1.0,1.0,0.0,52.0,48.0,70.0,68.4,100.0,2.0,80.0,60.0,0,False,False,False,False,False
2025-03-18 11:00:00,0.0,1.0,1.0,71.8,52.0,0.0,1.0,1.0,64.5,1.0,1.0,0.0,51.33333333,48.16666667,70.0,68.4,100.0,2.0,80.0,60.0,0,False,False,False,False,False
2025-03-18 11:15:00,0.0,1.0,1.0,71.8,52.0,0.0,1.0,1.0,64.5,1.0,1.0,0.0,51.0,48.7,70.0,68.4,100.0,2.0,80.0,60.0,0,False,False,False,False,False
2025-03-18 11:30:00,0.0,1.0,1.0,71.8,52.0,0.0,1.0,1.0,64.5,1.0,1.0,0.0,50.0,48.7,70.0,68.4,100.0,2.0,80.0,60.0,0,False,False,False,False,False
2025-03-18 11:45:00,0.0,1.0,1.0,71.8,52.0,0.0,1.0,1.0,64.5,1.0,1.0,0.0,50.66666667,48.7,70.0,68.4,100.0,2.0,80.0,60.0,0,False,False,False,False,False
2025-03-18 12:00:00,0.0,1.0,1.0,71.8,52.0,0.0,1.0,1.0,64.5,1.0,1.0,0.0,50.33333333,49.2,70.0,68.6,100.0,2.0,80.0,60.0,0,False,False,False,False,False
2025-03-18 12:15:00,0.0,1.0,1.0,71.8,52.0,0.0,1.0,1.0,64.53333333,1.0,1.0,0.0,48.66666667,50.26666667,70.0,68.6,100.0,2.0,80.0,60.0,0,False,False,False,False,False
2025-03-18 12:30:00,0.0,1.0,1.0,71.8,52.0,0.0,1.0,1.0,64.96666667,1.0,1.0,0.0,46.33333333,51.53333333,70.0,68.6,100.0,2.0,80.0,60.0,0,False,False,False,False,False
2025-03-18 12:45:00,0.0,1.0,1.0,71.8,52.0,0.0,1.0,1.0,65.36666667,1.0,1.0,0.0,45.66666667,53.0,70.0,68.7,100.0,2.0,80.0,60.0,0,False,False,False,False,False
2025-03-18 13:00:00,0.0,1.0,1.0,71.8,52.0,0.0,1.0,1.0,65.53333333,1.0,1.0,0.0,43.66666667,54.46666667,70.0,69.03333333,100.0,2.0,80.0,60.0,0,False,False,False,False,False
2025-03-18 13:15:00,0.0,1.0,1.0,71.8,52.0,0.0,1.0,1.0,65.96666667,1.0,1.0,0.0,41.33333333,55.93333333,70.0,69.63333333,100.0,2.0,80.0,60.0,0,False,False,False,False,False
2025-03-18 13:30:00,0.0,1.0,1.0,71.8,52.0,0.0,1.0,1.0,66.6,1.0,1.0,0.0,39.0,58.23333333,70.0,69.8,100.0,2.0,80.0,60.0,0,False,False,False,False,False
2025-03-18 13:45:00,0.0,1.0,1.0,71.8,52.0,0.0,1.0,1.0,66.86666667,1.0,1.0,0.0,36.33333333,60.16666667,70.0,70.0,100.0,2.0,80.0,60.0,0,False,False,False,False,False
2025-03-18 14:00:00,0.0,1.0,1.0,71.8,52.0,0.0,1.0,1.0,67.36666667,1.0,1.0,6.0,34.33333333,61.9,70.0,70.36666667,100.0,2.0,80.0,60.0,0,False,False,False,False,False
2025-03-18 14:15:00,0.0,1.0,1.0,71.8,52.0,0.0,1.0,1.0,67.73333333,1.0,1.0,0.0,32.33333333,63.83333333,70.0,70.63333333,100.0,2.0,80.0,60.0,0,False,False,False,False,False
2025-03-18 14:30:00,0.0,1.0,1.0,71.8,52.0,0.0,1.0,1.0,68.03333333,1.0,1.0,0.0,31.0,65.26666667,70.0,70.96666667,100.0,2.0,80.0,60.0,0,False,False,False,False,False
2025-03-18 14:45:00,0.0,1.0,1.0,71.8,52.0,0.0,1.0,1.0,68.36666667,1.0,1.0,0.0,30.0,66.8,70.0,71.6,100.0,2.0,80.0,60.0,0,False,False,False,False,False
2025-03-18 15:00:00,0.0,1.0,1.0,71.8,52.0,0.0,1.0,1.0,69.03333333,1.0,1.0,0.0,29.33333333,68.6,70.0,71.7,100.0,2.0,80.0,60.0,0,False,False,False,False,False
2025-03-18 15:15:00,0.0,1.0,1.0,71.8,52.0,0.0,1.0,1.0,69.1,1.0,1.0,0.0,29.0,69.1,70.0,72.0,100.0,2.0,80.0,60.0,0,False,False,False,False,False
2025-03-18 15:30:00,0.0,1.0,1.0,71.8,52.0,0.0,1.0,1.0,69.3,1.0,1.0,0.0,28.66666667,70.3,70.0,72.06666667,100.0,2.0,80.0,60.0,0,False,False,False,False,False
2025-03-18 15:45:00,11.0,1.0,1.333333333,71.8,52.0,0.0,1.0,1.0,66.5,1.0,1.0,0.0,28.0,69.06666667,70.0,71.8,100.0,2.0,80.0,60.0,0,False,False,False,False,False
2025-03-18 16:00:00,11.0,1.0,1.333333333,71.8,52.0,0.0,1.0,1.0,68.46666667,1.0,1.0,0.0,28.0,69.1,70.0,71.66666667,100.0,2.0,80.0,60.0,0,False,False,False,False,False
2025-03-18 16:15:00,0.0,1.0,1.0,71.8,52.0,0.0,1.0,1.0,69.3,1.0,1.0,0.0,28.0,70.66666667,70.0,71.9,100.0,2.0,80.0,60.0,0,False,False,False,False,False
2025-03-18 16:30:00,0.0,1.0,1.0,71.8,52.0,0.0,1.0,1.0,67.46666667,1.0,1.0,0.0,29.0,70.63333333,70.0,71.5,100.0,2.0,80.0,60.0,0,False,False,False,False,False
2025-03-18 16:45:00,0.0,1.0,1.0,71.8,52.0,0.0,1.0,1.0,69.73333333,1.0,1.0,0.0,29.0,72.93333333,70.0,72.0,100.0,2.0,80.0,60.0,0,False,False,False,False,False
2025-03-18 17:00:00,0.0,1.0,1.0,71.8,52.0,0.0,1.0,1.0,66.56666667,1.0,1.0,0.0,29.0,72.73333333,70.0,71.73333333,100.0,2.0,80.0,60.0,0,False,False,False,False,False
2025-03-18 17:15:00,11.0,1.0,1.333333333,71.8,52.0,0.0,1.0,1.0,66.23333333,1.0,1.0,0.0,28.0,73.36666667,70.0,71.76666667,100.0,2.0,80.0,60.0,0,False,False,False,False,False
2025-03-18 17:30:00,11.0,1.0,1.666666667,71.8,52.0,0.0,1.0,1.0,64.1,1.0,1.0,0.0,29.0,73.93333333,70.0,71.8,100.0,2.0,80.0,60.0,0,False,False,False,False,False
2025-03-18 17:45:00,11.0,1.0,1.333333333,71.8,52.0,0.0,1.0,1.0,66.53333333,1.0,1.0,0.0,29.0,74.76666667,70.0,71.86666667,100.0,2.0,80.0,60.0,0,False,False,False,False,False
2025-03-18 18:00:00,22.0,1.0,1.666666667,71.8,52.0,0.0,1.0,1.0,64.96666667,1.0,1.0,0.0,29.0,75.66666667,70.0,71.96666667,100.0,2.0,80.0,60.0,0,False,False,False,False,False
2025-03-18 18:15:00,0.0,1.0,1.0,71.8,52.0,0.0,1.0,1.0,69.76666667,1.0,1.0,0.0,30.66666667,77.53333333,70.0,71.56666667,100.0,2.0,80.0,60.0,0,False,False,False,False,False
2025-03-18 18:30:00,11.0,1.0,1.333333333,71.8,52.0,0.0,1.0,1.0,67.73333333,1.0,1.0,0.0,31.0,79.76666667,70.0,71.8,100.0,2.0,80.0,60.0,0,False,False,False,False,False
2025-03-18 18:45:00,11.0,1.0,1.333333333,71.8,52.0,0.0,1.0,1.0,67.1,1.0,1.0,0.0,31.0,79.73333333,70.0,71.7,100.0,2.0,80.0,60.0,0,False,False,False,False,False
2025-03-18 19:00:00,22.0,1.0,1.666666667,71.8,52.0,0.0,1.0,1.0,65.7,1.0,1.0,0.0,32.0,79.13333333,70.0,72.06666667,100.0,2.0,80.0,60.0,0,False,False,False,False,False
2025-03-18 19:15:00,22.0,1.0,1.666666667,71.8,52.0,0.0,1.0,1.0,64.8,1.0,1.0,0.0,32.0,78.06666667,70.0,72.06666667,100.0,2.0,80.0,60.0,0,False,False,False,False,False
2025-03-18 19:30:00,0.0,1.0,1.0,71.8,52.0,0.0,1.0,1.0,69.7,1.0,1.0,0.0,32.0,78.33333333,70.0,71.5,100.0,2.0,80.0,60.0,0,False,False,False,False,False
2025-03-18 19:45:00,11.0,1.0,1.333333333,71.8,52.0,0.0,1.0,1.0,66.83333333,1.0,1.0,0.0,32.33333333,76.9,70.0,71.7,100.0,2.0,80.0,60.0,0,False,False,False,False,False
2025-03-18 20:00:00,11.0,1.0,1.333333333,71.8,52.0,0.0,1.0,1.0,66.13333333,1.0,1.0,0.0,33.0,76.93333333,70.0,71.53333333,100.0,2.0,80.0,60.0,0,False,False,False,False,False
2025-03-18 20:15:00,0.0,1.0,1.0,71.8,52.0,0.0,1.0,1.0,70.46666667,1.0,1.0,0.0,33.0,78.56666667,70.0,71.73333333,100.0,2.0,80.0,60.0,0,False,False,False,False,False
2025-03-18 20:30:00,11.0,1.0,1.333333333,71.8,52.0,0.0,1.0,1.0,69.43333333,1.0,1.0,0.0,32.66666667,78.96666667,70.0,72.03333333,100.0,2.0,80.0,60.0,0,False,False,False,False,False
2025-03-18 20:45:00,0.0,1.0,1.0,71.8,52.0,0.0,1.0,1.0,70.06666667,1.0,1.0,0.0,32.0,77.96666667,70.0,71.23333333,100.0,2.0,80.0,60.0,0,False,False,False,False,False
2025-03-18 21:00:00,0.0,1.0,1.0,71.8,52.0,0.0,1.0,1.0,70.7,1.0,1.0,0.0,32.66666667,77.03333333,70.0,71.7,100.0,2.0,80.0,60.0,0,False,False,False,False,False
2025-03-18 21:15:00,0.0,1.0,1.0,71.8,52.0,0.0,1.0,1.0,71.0,1.0,1.0,0.0,32.0,78.7,70.0,71.96666667,100.0,2.0,80.0,60.0,0,False,False,False,False,False
2025-03-18 21:30:00,11.0,1.0,1.333333333,71.8,52.0,0.0,1.0,1.0,69.5,1.0,1.0,0.0,31.0,78.2,70.0,72.06666667,100.0,2.0,80.0,60.0,0,False,False,False,False,False
2025-03-18 21:45:00,11.0,1.0,1.333333333,71.8,52.0,0.0,1.0,1.0,67.83333333,1.0,1.0,0.0,31.33333333,78.03333333,70.0,71.46666667,100.0,2.0,80.0,60.0,0,False,False,False,False,False
2025-03-18 22:00:00,0.0,1.0,1.0,71.8,52.0,0.0,1.0,1.0,71.13333333,1.0,1.0,0.0,30.0,78.93333333,70.0,71.83333333,100.0,2.0,80.0,60.0,0,False,False,False,False,False
2025-03-18 22:15:00,0.0,1.0,1.0,71.8,52.0,0.0,1.0,1.0,71.2,1.0,1.0,0.0,30.0,77.7,70.0,72.0,100.0,2.0,80.0,60.0,0,False,False,False,False,False
2025-03-18 22:30:00,11.0,1.0,1.333333333,71.8,52.0,0.0,1.0,1.0,67.7,1.0,1.0,0.0,30.0,75.53333333,70.0,71.43333333,100.0,2.0,80.0,60.0,0,False,False,False,False,False
2025-03-18 22:45:00,0.0,1.0,1.0,71.8,52.0,0.0,1.0,1.0,70.7,1.0,1.0,0.0,30.0,75.13333333,70.0,71.46666667,100.0,2.0,80.0,60.0,0,False,False,False,False,False
2025-03-18 23:00:00,0.0,1.0,1.0,71.8,52.0,0.0,1.0,1.0,71.0,1.0,1.0,0.0,30.0,75.0,70.0,71.7,100.0,2.0,80.0,60.0,0,False,False,False,False,False
2025-03-18 23:15:00,0.0,1.0,1.0,71.8,52.0,0.0,1.0,1.0,71.13333333,1.0,1.0,0.0,29.0,74.96666667,70.0,71.96666667,100.0,2.0,80.0,60.0,0,False,False,False,False,False
2025-03-18 23:30:00,0.0,1.0,1.0,71.8,52.0,0.0,1.0,1.0,71.2,1.0,1.0,0.0,29.0,74.2,70.0,72.13333333,100.0,2.0,80.0,60.0,0,False,False,False,False,False
2025-03-18 23:45:00,11.0,1.0,1.333333333,71.8,52.0,0.0,1.0,1.0,67.53333333,1.0,1.0,0.0,29.66666667,72.7,70.0,71.53333333,100.0,2.0,80.0,60.0,0,False,False,False,False,False
2025-03-19 00:00:00,0.0,1.0,1.0,71.8,52.0,0.0,1.0,1.0,70.5,1.0,1.0,0.0,30.66666667,71.83333333,70.0,71.5,100.0,2.0,80.0,60.0,0,False,False,False,False,False
2025-03-19 00:15:00,0.0,1.0,1.0,71.8,52.0,0.0,1.0,1.0,70.63333333,1.0,1.0,0.0,31.0,71.6,70.0,71.9,100.0,2.0,80.0,60.0,0,False,False,False,False,False
2025-03-19 00:30:00,0.0,1.0,1.0,71.8,52.0,0.0,1.0,1.0,70.7,1.0,1.0,0.0,31.0,71.53333333,70.0,71.9,100.0,2.0,80.0,60.0,0,False,False,False,False,False
2025-03-19 00:45:00,0.0,1.0,1.0,71.8,52.0,0.0,1.0,1.0,70.7,1.0,1.0,0.0,31.0,71.13333333,70.0,71.9,100.0,2.0,80.0,60.0,0,False,False,False,False,False
2025-03-19 01:00:00,11.0,1.0,1.333333333,71.8,52.0,0.0,1.0,1.0,66.66666667,1.0,1.0,0.0,31.66666667,70.4,70.0,71.93333333,100.0,2.0,80.0,60.0,0,False,False,False,False,False
2025-03-19 01:15:00,0.0,1.0,1.0,71.8,52.0,0.0,1.0,1.0,70.33333333,1.0,1.0,0.0,32.0,69.8,70.0,71.36666667,100.0,2.0,80.0,60.0,0,False,False,False,False,False
2025-03-19 01:30:00,0.0,1.0,1.0,71.8,52.0,0.0,1.0,1.0,70.5,1.0,1.0,0.0,33.0,69.8,70.0,71.66666667,100.0,2.0,80.0,60.0,0,False,False,False,False,False
2025-03-19 01:45:00,0.0,1.0,1.0,71.8,52.0,0.0,1.0,1.0,70.5,1.0,1.0,0.0,33.0,69.66666667,70.0,71.93333333,100.0,2.0,80.0,60.0,0,False,False,False,False,False
2025-03-19 02:00:00,11.0,1.0,1.333333333,71.8,52.0,0.0,1.0,1.0,68.13333333,1.0,1.0,0.0,33.0,69.43333333,70.0,72.0,100.0,2.0,80.0,60.0,0,False,False,False,False,False
2025-03-19 02:15:00,0.0,1.0,1.0,71.8,52.0,0.0,1.0,1.0,69.96666667,1.0,1.0,0.0,33.0,68.83333333,70.0,71.13333333,100.0,2.0,80.0,60.0,0,False,False,False,False,False
2025-03-19 02:30:00,0.0,1.0,1.0,71.8,52.0,0.0,1.0,1.0,70.4,1.0,1.0,0.0,33.0,69.06666667,70.0,71.8,100.0,2.0,80.0,60.0,0,False,False,False,False,False
2025-03-19 02:45:00,0.0,1.0,1.0,71.8,52.0,0.0,1.0,1.0,70.46666667,1.0,1.0,0.0,32.0,69.4,70.0,71.9,100.0,2.0,80.0,60.0,0,False,False,False,False,False
2025-03-19 03:00:00,0.0,1.0,1.0,71.8,52.0,0.0,1.0,1.0,70.5,1.0,1.0,0.0,32.0,69.4,70.0,71.93333333,100.0,2.0,80.0,60.0,0,False,False,False,False,False
2025-03-19 03:15:00,11.0,1.0,1.333333333,71.8,52.0,0.0,1.0,1.0,69.5,1.0,1.0,0.0,32.0,69.26666667,70.0,72.2,100.0,2.0,80.0,60.0,0,False,False,False,False,False
2025-03-19 03:30:00,0.0,1.0,1.0,71.8,52.0,0.0,1.0,1.0,69.76666667,1.0,1.0,0.0,32.0,68.6,70.0,71.16666667,100.0,2.0,80.0,60.0,0,False,False,False,False,False
2025-03-19 03:45:00,0.0,1.0,1.0,71.8,52.0,0.0,1.0,1.0,70.13333333,1.0,1.0,0.0,32.0,68.6,70.0,71.66666667,100.0,2.0,80.0,60.0,0,False,False,False,False,False
2025-03-19 04:00:00,0.0,1.0,1.0,71.8,52.0,0.0,1.0,1.0,70.33333333,1.0,1.0,0.0,32.0,68.6,70.0,71.7,100.0,2.0,80.0,60.0,0,False,False,False,False,False
2025-03-19 04:15:00,0.0,1.0,1.0,71.8,52.0,0.0,1.0,1.0,70.4,1.0,1.0,0.0,32.0,68.46666667,70.0,71.93333333,100.0,2.0,80.0,60.0,0,False,False,False,False,False
2025-03-19 04:30:00,0.0,1.0,1.0,71.8,52.0,0.0,1.0,1.0,70.4,1.0,1.0,0.0,32.0,68.23333333,70.0,72.0,100.0,2.0,80.0,60.0,0,False,False,False,False,False
2025-03-19 04:45:00,0.0,1.0,1.0,71.8,52.0,0.0,1.0,1.0,70.4,1.0,1.0,0.0,32.0,68.1,70.0,72.0,100.0,2.0,80.0,60.0,0,False,False,False,False,False
2025-03-19 05:00:00,11.0,1.0,1.333333333,71.8,52.0,0.0,1.0,1.0,66.7,1.0,1.0,0.0,32.0,67.5,70.0,71.3,100.0,2.0,80.0,60.0,0,False,False,False,False,False
2025-03-19 05:15:00,0.0,1.0,1.0,71.8,52.0,0.0,1.0,1.0,69.9,1.0,1.0,0.0,32.0,67.5,70.0,71.66666667,100.0,2.0,80.0,60.0,0,False,False,False,False,False
2025-03-19 05:30:00,0.0,1.0,1.0,71.8,52.0,0.0,1.0,1.0,70.1,1.0,1.0,0.0,32.0,67.5,70.0,71.83333333,100.0,2.0,80.0,60.0,0,False,False,False,False,False
2025-03-19 05:45:00,0.0,1.0,1.0,71.8,52.0,0.0,1.0,1.0,70.16666667,1.0,1.0,0.0,32.0,67.5,70.0,72.0,100.0,2.0,80.0,60.0,0,False,False,False,False,False
2025-03-19 06:00:00,0.0,1.0,1.0,71.8,52.0,0.0,1.0,1.0,70.2,1.0,1.0,0.0,32.66666667,67.43333333,70.0,72.0,100.0,2.0,80.0,60.0,0,False,False,False,False,False
2025-03-19 06:15:00,0.0,1.0,1.0,71.8,52.0,0.0,1.0,1.0,66.5,1.0,1.0,0.0,33.33333333,66.46666667,70.0,71.53333333,100.0,2.0,80.0,60.0,0,False,False,False,False,False
2025-03-19 06:30:00,0.0,1.0,1.0,71.8,52.0,0.0,1.0,1.0,69.43333333,1.0,1.0,0.0,34.0,66.1,70.0,71.1,100.0,2.0,80.0,60.0,0,False,False,False,False,False
2025-03-19 06:45:00,0.0,1.0,1.0,71.8,52.0,0.0,1.0,1.0,69.7,1.0,1.0,0.0,34.0,66.1,70.0,71.46666667,100.0,2.0,80.0,60.0,0,False,False,False,False,False
2025-03-19 07:00:00,0.0,1.0,1.0,71.8,52.0,0.0,1.0,1.0,69.7,1.0,1.0,0.0,34.33333333,66.1,70.0,71.6,100.0,2.0,80.0,60.0,0,False,False,False,False,False
2025-03-19 07:15:00,0.0,1.0,1.0,71.8,52.0,0.0,1.0,1.0,69.9,1.0,1.0,0.0,35.0,66.1,70.0,71.7,100.0,2.0,80.0,60.0,0,False,False,False,False,False
2025-03-19 07:30:00,0.0,1.0,1.0,71.8,52.0,0.0,1.0,1.0,69.7,1.0,1.0,0.0,35.0,65.96666667,70.0,71.83333333,100.0,2.0,80.0,60.0,0,False,False,False,False,False
2025-03-19 07:45:00,0.0,1.0,1.0,71.8,52.0,0.0,1.0,1.0,69.76666667,1.0,1.0,0.0,35.33333333,65.56666667,70.0,72.0,100.0,2.0,80.0,60.0,0,False,False,False,False,False
2025-03-19 08:00:00,0.0,1.0,1.0,71.8,52.0,0.0,1.0,1.0,69.9,1.0,1.0,0.0,36.0,65.4,70.0,72.0,100.0,2.0,80.0,60.0,0,False,False,False,False,False
2025-03-19 08:15:00,0.0,1.0,1.0,71.8,52.0,0.0,1.0,1.0,69.7,1.0,1.0,0.0,36.0,65.4,70.0,72.0,100.0,2.0,80.0,60.0,0,False,False,False,False,False
2025-03-19 08:30:00,0.0,1.0,1.0,71.8,52.0,0.0,1.0,1.0,69.7,1.0,1.0,0.0,36.0,65.1,70.0,72.0,100.0,2.0,80.0,60.0,0,False,False,False,False,False
2025-03-19 08:45:00,0.0,1.0,1.0,71.8,52.0,0.0,1.0,1.0,69.7,1.0,1.0,0.0,36.0,65.1,70.0,72.0,100.0,2.0,80.0,60.0,0,False,False,False,False,False
2025-03-19 09:00:00,0.0,1.0,1.0,71.8,52.0,0.0,1.0,1.0,69.7,1.0,1.0,0.0,36.0,65.06666667,70.0,71.9,100.0,2.0,80.0,60.0,0,False,False,False,False,False
2025-03-19 09:15:00,0.0,1.0,1.0,71.8,52.0,0.0,1.0,1.0,69.7,1.0,1.0,0.0,36.0,64.8,70.0,71.9,100.0,2.0,80.0,60.0,0,False,False,False,False,False
2025-03-19 09:30:00,11.0,1.0,1.333333333,71.8,52.0,0.0,1.0,1.0,66.33333333,1.0,1.0,0.0,36.0,64.53333333,70.0,71.5,100.0,2.0,80.0,60.0,0,False,False,False,False,False
2025-03-19 09:45:00,0.0,1.0,1.0,71.8,52.0,0.0,1.0,1.0,69.2,1.0,1.0,0.0,36.0,64.5,70.0,71.0,100.0,2.0,80.0,60.0,0,False,False,False,False,False
2025-03-19 10:00:00,0.0,1.0,1.0,71.8,52.0,0.0,1.0,1.0,69.3,1.0,1.0,0.0,36.0,64.5,70.0,71.2,100.0,2.0,80.0,60.0,0,False,False,False,False,False
2025-03-19 10:15:00,0.0,1.0,1.0,71.8,52.0,0.0,1.0,1.0,69.3,1.0,1.0,0.0,36.66666667,64.6,70.0,71.4,100.0,2.0,80.0,60.0,0,False,False,False,False,False
2025-03-19 10:30:00,0.0,1.0,1.0,71.8,52.0,0.0,1.0,1.0,69.3,1.0,1.0,0.0,37.0,64.56666667,70.0,71.4,100.0,2.0,80.0,60.0,0,False,False,False,False,False
2025-03-19 10:45:00,0.0,1.0,1.0,71.8,52.0,0.0,1.0,1.0,69.3,1.0,1.0,0.0,37.0,64.3,70.0,71.4,100.0,2.0,80.0,60.0,0,False,False,False,False,False
2025-03-19 11:00:00,0.0,1.0,1.0,71.8,52.0,0.0,1.0,1.0,69.3,1.0,1.0,0.0,37.66666667,64.26666667,70.0,71.53333333,100.0,2.0,80.0,60.0,0,False,False,False,False,False
2025-03-19 11:15:00,0.0,1.0,1.0,71.8,52.0,0.0,1.0,1.0,69.3,1.0,1.0,0.0,38.0,64.0,70.0,71.6,100.0,2.0,80.0,60.0,0,False,False,False,False,False
2025-03-19 11:30:00,0.0,1.0,1.0,71.8,52.0,0.0,1.0,1.0,69.3,1.0,1.0,0.0,38.0,63.93333333,70.0,71.7,100.0,2.0,80.0,60.0,0,False,False,False,False,False
2025-03-19 11:45:00,0.0,1.0,1.0,71.8,52.0,0.0,1.0,1.0,69.3,1.0,1.0,0.0,38.0,63.86666667,70.0,71.7,100.0,2.0,80.0,60.0,0,False,False,False,False,False
2025-03-19 12:00:00,0.0,1.0,1.0,71.8,52.0,0.0,1.0,1.0,69.3,1.0,1.0,0.0,38.0,64.26666667,70.0,71.7,100.0,2.0,80.0,60.0,0,False,False,False,False,False
2025-03-19 12:15:00,0.0,1.0,1.0,71.8,52.0,0.0,1.0,1.0,69.3,1.0,1.0,0.0,38.0,64.3,70.0,71.7,100.0,2.0,80.0,60.0,0,False,False,False,False,False
2025-03-19 12:30:00,0.0,1.0,1.0,71.8,52.0,0.0,1.0,1.0,69.3,1.0,1.0,0.0,38.0,64.66666667,70.0,71.7,100.0,2.0,80.0,60.0,0,False,False,False,False,False
2025-03-19 12:45:00,0.0,1.0,1.0,71.8,52.0,0.0,1.0,1.0,69.43333333,1.0,1.0,0.0,37.0,65.6,70.0,71.7,100.0,2.0,80.0,60.0,0,False,False,False,False,False
2025-03-19 13:00:00,0.0,1.0,1.0,71.8,52.0,0.0,1.0,1.0,69.73333333,1.0,1.0,0.0,36.0,66.63333333,70.0,71.9,100.0,2.0,80.0,60.0,0,False,False,False,False,False
2025-03-19 13:15:00,0.0,1.0,1.0,71.8,52.0,0.0,1.0,1.0,69.9,1.0,1.0,0.0,34.66666667,67.76666667,70.0,72.0,100.0,2.0,80.0,60.0,1,False,False,False,False,False
2025-03-19 13:30:00,0.0,1.0,1.0,71.8,52.0,0.0,1.0,1.0,70.1,1.0,1.0,0.0,34.0,68.1,70.0,72.13333333,100.0,2.0,80.0,60.0,0,False,False,False,False,False
2025-03-19 13:45:00,0.0,1.0,1.0,71.8,52.0,0.0,1.0,1.0,70.1,1.0,1.0,0.0,35.0,67.8,70.0,72.2,100.0,2.0,80.0,60.0,0,False,False,False,False,False
2025-03-19 14:00:00,0.0,1.0,1.0,71.8,52.0,0.0,1.0,1.0,70.1,1.0,1.0,0.0,36.0,67.93333333,70.0,72.3,100.0,2.0,80.0,60.0,0,False,False,False,False,False
2025-03-19 14:15:00,0.0,1.0,1.0,71.8,52.0,0.0,1.0,1.0,70.1,1.0,1.0,0.0,37.0,67.8,70.0,72.3,100.0,2.0,80.0,60.0,0,False,False,False,False,False
