time,ClgPct,ClgStg01Cmd,ClgStg02Cmd,EffRmSp,ExhAirDmprFbk,HtgPct,HtgStg01Cmd,HtgStg02Cmd,MixAirTemp,OccCmd,OccStatus,OutAirDmprFbk,OutAirHum,OutAirTemp,RmSp,RmTemp,SuplFanSpd,SuplFanStatus,UnoccClgSp,UnoccHtgSp,oppMode
2025/1/27 14:30,0,1,1,68.2,52,0,1,1,60.7,1,1,0,41,45.5,70,67.6,100,2,80,60,5
2025/1/27 14:45,0,1,1,68.2,52,0,1,1,60.83333333,1,1,0,40.66666667,45.7,70,67.5,100,2,80,60,5
2025/1/27 15:00,0,1,1,68.2,52,0,1,1,62.3,1,1,0,39.33333333,46.36666667,70,69.5,100,2,80,60,5
2025/1/27 15:15,0,1,1,68.2,52,0,1,1,61.96666667,1,1,0,36.66666667,48.3,70,68.83333333,100,2,80,60,5
2025/1/27 15:30,0,1,1,68.2,52,0,1,1,61.73333333,1,1,0,34.66666667,48.66666667,70,68.4,100,2,80,60,5
2025/1/27 15:45,0,1,1,68.2,52,0,1,1,61.6,1,1,0,31,48.83333333,70,68.46666667,100,2,80,60,5
2025/1/27 16:00,0,1,1,68.2,52,0,1,1,61.6,1,1,0,29.33333333,48.73333333,70,68.6,100,2,80,60,5
2025/1/27 16:15,0,1,1,68.2,52,0,1,1,61.8,1,1,0,28.66666667,48.83333333,70,68.6,100,2,80,60,5
2025/1/27 16:30,0,1,1,68.2,52,0,1,1,61.8,1,1,0,28,48.6,70,68.6,100,2,80,60,5
2025/1/27 16:45,0,1,1,68.2,52,0,1,1,61.8,1,1,0,28,48.03333333,70,68.63333333,100,2,80,60,5
2025/1/27 17:00,0,1,1,68.2,52,0,1,1,61.9,1,1,0,27,50.5,70,68.7,100,2,80,60,5
2025/1/27 17:15,0,1,1,68.2,52,0,1,1,62.1,1,1,0,25.33333333,49.8,70,68.7,100,2,80,60,5
2025/1/27 17:30,0,1,1,68.2,52,0,1,1,62.1,1,1,0,25.66666667,50.86666667,70,68.63333333,100,2,80,60,5
2025/1/27 17:45,0,1,1,68.2,52,0,1,1,62.23333333,1,1,0,25,50.5,70,68.6,100,2,80,60,5
2025/1/27 18:00,0,1,1,68.2,52,0,1,1,62.33333333,1,1,0,25,51.4,70,68.66666667,100,2,80,60,5
2025/1/27 18:15,0,1,1,68.2,52,0,1,1,62.4,1,1,0,25,51.03333333,70,68.93333333,100,2,80,60,5
2025/1/27 18:30,0,1,1,68.2,52,0,1,1,62.66666667,1,1,0,25,52.43333333,70,69.4,100,2,80,60,5
2025/1/27 18:45,0,1,1,68.2,52,0,1,1,62.7,1,1,0,25,53.36666667,70,69.4,100,2,80,60,5
2025/1/27 19:00,0,1,1,68.2,52,0,1,1,62.7,1,1,0,25,53.3,70,69.26666667,100,2,80,60,5
2025/1/27 19:15,0,1,1,68.2,52,0,1,1,62.76666667,1,1,0,24.66666667,54.13333333,70,68.96666667,100,2,80,60,5
2025/1/27 19:30,0,1,1,68.2,52,0,1,1,62.63333333,1,1,0,23,51.06666667,70,68.63333333,100,2,80,60,5
2025/1/27 19:45,0,1,1,68.2,52,0,1,1,62.6,1,1,0,23,50.23333333,70,68.36666667,100,2,80,60,5
2025/1/27 20:00,0,1,1,68.2,52,0,1,1,62.4,1,1,0,23,51.26666667,70,68.3,100,2,80,60,5
2025/1/27 20:15,0,1,1,68.2,52,0,1,1,62.4,1,1,0,23,51.3,70,68.3,100,2,80,60,5
2025/1/27 20:30,0,1,1,68.2,52,0,1,1,62.53333333,1,1,0,23,53.76666667,70,68.16666667,100,2,80,60,5
2025/1/27 20:45,0,1,1,68.2,52,0,1,1,62.4,1,1,0,24,53.76666667,70,67.86666667,100,2,80,60,5
2025/1/27 21:00,0,1,1,68.2,52,0,1,1,62.3,1,1,0,24,53.46666667,70,67.63333333,100,2,80,60,5
2025/1/27 21:15,0,1,1,68.2,52,0,1,1,62.1,1,1,0,24,52.96666667,70,67.23333333,100,2,80,60,5
2025/1/27 21:30,0,1,1,68.2,52,16.66666667,1.333333333,1,62.56666667,1,1,0,23,53.06666667,70,68.06666667,100,2,80,60,5
2025/1/27 21:45,0,1,1,68.2,52,0,1,1,63.03333333,1,1,0,23,53.9,70,68.7,100,2,80,60,5
2025/1/27 22:00,0,1,1,68.2,52,0,1,1,62.2,1,1,0,23,51.86666667,70,67.46666667,100,2,80,60,5
2025/1/27 22:15,0,1,1,68.2,52,16.66666667,1.333333333,1,62.43333333,1,1,0,24,48.93333333,70,68,100,2,80,60,5
2025/1/27 22:30,0,1,1,68.2,52,0,1,1,62.4,1,1,0,25,48.16666667,70,68.56666667,100,2,80,60,5
2025/1/27 22:45,0,1,1,68.2,52,0,1,1,61.93333333,1,1,0,25,46.3,70,67.33333333,100,2,80,60,5
2025/1/27 23:00,0,1,1,68.2,52,16.66666667,1.333333333,1,62.56666667,1,1,0,25,45.76666667,70,68.76666667,100,2,80,60,5
2025/1/27 23:15,0,1,1,68.2,52,0,1,1,61.83333333,1,1,0,25,45.7,70,67.73333333,100,2,80,60,5
2025/1/27 23:30,0,1,1,68.2,52,16.66666667,1.333333333,1,62.03333333,1,1,0,25.33333333,45.2,70,67.93333333,100,2,80,60,5
2025/1/27 23:45,0,1,1,68.2,52,0,1,1,62.13333333,1,1,0,25,45.53333333,70,68.33333333,100,2,80,60,5
2025/1/28 0:00,0,1,1,68.2,52,0,1,1,61.7,1,1,0,25.66666667,44.5,70,67.43333333,100,2,80,60,5
2025/1/28 0:15,0,1,1,68.2,52,0,1,1,62.43333333,1,1,0,27,45.33333333,70,69.03333333,100,2,80,60,5
2025/1/28 0:30,0,1,1,68.2,52,16.66666667,1.333333333,1,61.46666667,1,1,0,27,44.7,70,67.26666667,100,2,80,60,5
2025/1/28 0:45,0,1,1,68.2,52,0,1,1,62.56666667,1,1,0,27,44.56666667,70,69.23333333,100,2,80,60,5
2025/1/28 1:00,0,1,1,68.2,52,0,1,1,61.53333333,1,1,0,27,44.6,70,67.3,100,2,80,60,5
2025/1/28 1:15,0,1,1,68.2,52,0,1,1,62.63333333,1,1,0,28,44.43333333,70,69.26666667,100,2,80,60,5
2025/1/28 1:30,0,1,1,68.2,52,0,1,1,61.6,1,1,0,28,44.6,70,67.43333333,100,2,80,60,5
2025/1/28 1:45,0,1,1,68.2,52,16.66666667,1.333333333,1,62.33333333,1,1,0,28,43.6,70,68.8,100,2,80,60,5
2025/1/28 2:00,0,1,1,68.2,52,0,1,1,61.66666667,1,1,0,28.66666667,44.16666667,70,67.53333333,100,2,80,60,5
2025/1/28 2:15,0,1,1,68.2,52,16.66666667,1.333333333,1,62.16666667,1,1,0,29,43.36666667,70,68.3,100,2,80,60,5
2025/1/28 2:30,0,1,1,68.2,52,0,1,1,61.66666667,1,1,0,29,43.86666667,70,67.53333333,100,2,80,60,5
2025/1/28 2:45,0,1,1,68.2,52,0,1,1,62.66666667,1,1,0,29,44.06666667,70,69.1,100,2,80,60,5
2025/1/28 3:00,0,1,1,68.2,52,0,1,1,61.6,1,1,0,29,44.13333333,70,67.36666667,100,2,80,60,5
2025/1/28 3:15,0,1,1,68.2,52,16.66666667,1.333333333,1,62.53333333,1,1,0,29,44,70,68.86666667,100,2,80,60,5
2025/1/28 3:30,0,1,1,68.2,52,0,1,1,61.86666667,1,1,0,29,44.2,70,67.73333333,100,2,80,60,5
2025/1/28 3:45,0,1,1,68.2,52,16.66666667,1.333333333,1,61.9,1,1,0,29,43.56666667,70,67.96666667,100,2,80,60,5
2025/1/28 4:00,0,1,1,68.2,52,0,1,1,62.2,1,1,0,29,44.5,70,68.66666667,100,2,80,60,5
2025/1/28 4:15,0,1,1,68.2,52,16.66666667,1.333333333,1,61.5,1,1,0,29.33333333,43.63333333,70,67,100,2,80,60,5
2025/1/28 4:30,0,1,1,68.2,52,0,1,1,62.6,1,1,0,29.33333333,44.76666667,70,69.26666667,100,2,80,60,5
2025/1/28 4:45,0,1,1,68.2,52,0,1.333333333,1,61.46666667,1,1,0,29,44.76666667,70,67.2,100,2,80,60,5
2025/1/28 5:00,0,1,1,68.2,52,0,1,1,62.73333333,1,1,0,29.66666667,44.43333333,70,69.23333333,100,2,80,60,5
2025/1/28 5:15,0,1,1,68.2,52,0,1,1,61.76666667,1,1,0,29,44.43333333,70,67.53333333,100,2,80,60,5
2025/1/28 5:30,0,1,1,68.2,52,16.66666667,1.333333333,1,62.33333333,1,1,0,30.66666667,44.7,70,68.4,100,2,80,60,5
2025/1/28 5:45,0,1,1,68.2,52,0,1,1,62.13333333,1,1,0,30.33333333,45.3,70,68.1,100,2,80,60,5
2025/1/28 6:00,0,1,1,68.2,52,0,1,1,61.83333333,1,1,0,31,44.36666667,70,67.53333333,100,2,80,60,5
2025/1/28 6:15,0,1,1,68.2,52,0,1,1,62.4,1,1,0,32,45.26666667,70,68.86666667,100,2,80,60,5
2025/1/28 6:30,0,1,1,68.2,52,16.66666667,1.333333333,1,61.3,1,1,0,32,44.03333333,70,67.1,100,2,80,60,5
2025/1/28 6:45,0,1,1,68.2,52,0,1,1,62.63333333,1,1,0,32,44.4,70,69.56666667,100,2,80,60,5
2025/1/28 7:00,0,1,1,68.2,52,0,1,1,61.33333333,1,1,0,32.33333333,43.76666667,70,67.3,100,2,80,60,5
2025/1/28 7:15,0,1,1,68.2,52,0,1,1,62.4,1,1,0,33.66666667,43.93333333,70,68.76666667,100,2,80,60,5
2025/1/28 7:30,0,1,1,68.2,52,0,1,1,61.46666667,1,1,0,33,43.76666667,70,67.43333333,100,2,80,60,5
2025/1/28 7:45,0,1,1,68.2,52,0,1,1,62.5,1,1,0,34,44.2,70,68.93333333,100,2,80,60,5
2025/1/28 8:00,0,1,1,68.2,52,0,1,1,61.6,1,1,0,34,44.73333333,70,67.43333333,100,2,80,60,5
2025/1/28 8:15,0,1,1,68.2,52,16.66666667,1.333333333,1,62.4,1,1,0,34,44.7,70,68.73333333,100,2,80,60,5
2025/1/28 8:30,0,1,1,68.2,52,0,1,1,61.86666667,1,1,0,34,45.16666667,70,67.93333333,100,2,80,60,5
2025/1/28 8:45,0,1,1,68.2,52,16.66666667,1.333333333,1,61.7,1,1,0,34.33333333,44.53333333,70,67.3,100,2,80,60,5
2025/1/28 9:00,0,1,1,68.2,52,0,1,1,62.6,1,1,0,34.66666667,45.6,70,69.13333333,100,2,80,60,5
2025/1/28 9:15,0,1,1,68.2,52,16.66666667,1.333333333,1,61.36666667,1,1,0,34.33333333,45.16666667,70,67.1,100,2,80,60,5
2025/1/28 9:30,0,1,1,68.2,52,0,1,1,62.7,1,1,0,35.33333333,45.76666667,70,69.5,100,2,80,60,5
2025/1/28 9:45,0,1,1,68.2,52,16.66666667,1.333333333,1,62.66666667,1,1,0,35.33333333,45.7,70,69.13333333,100,2,80,60,5
2025/1/28 10:00,0,1,1,68.2,52,0,1,1,62.46666667,1,1,0,35.33333333,45.2,70,68.7,100,2,80,60,5
2025/1/28 10:15,0,1,1,68.2,52,0,1,1,62.56666667,1,1,0,36,45.93333333,70,68.9,100,2,80,60,5
2025/1/28 10:30,0,1,1,68.2,52,0,1,1,63,1,1,0,36,45.43333333,70,70,100,2,80,60,5
2025/1/28 10:45,0,1,1,68.2,52,16.66666667,1.333333333,1,62.53333333,1,1,0,36,45.26666667,70,68.7,100,2,80,60,5
2025/1/28 11:00,0,1,1,68.2,52,16.66666667,1.333333333,1,62.3,1,1,0,36,45.76666667,70,68.33333333,100,2,80,60,5
2025/1/28 11:15,0,1,1,68.2,52,0,1,1,62.93333333,1,1,0,36.66666667,46.6,70,69.9,100,2,80,60,5
2025/1/28 11:30,0,1,1,68.2,52,16.66666667,1.333333333,1,62.46666667,1,1,0,36.66666667,45.6,70,68.9,100,2,80,60,5
2025/1/28 11:45,0,1,1,68.2,52,16.66666667,1.333333333,1,62.2,1,1,0,37.33333333,45.6,70,68.2,100,2,80,60,5
2025/1/28 12:00,0,1,1,68.2,52,0,1,1,62.6,1,1,0,37,46.7,70,69.5,100,2,80,60,5
2025/1/28 12:15,0,1,1,68.2,52,16.66666667,1.333333333,1,62.56666667,1,1,0,38,44.7,70,69.16666667,100,2,80,60,5
2025/1/28 12:30,0,1,1,68.2,52,16.66666667,1.333333333,1,61.96666667,1,1,0,38,43.96666667,70,68.06666667,100,2,80,60,5
2025/1/28 12:45,0,1,1,68.2,52,0,1,1,62.46666667,1,1,0,38,44.83333333,70,69.6,100,2,80,60,5
2025/1/28 13:00,0,1,1,68.2,52,16.66666667,1.333333333,1,62.33333333,1,1,0,39,44.76666667,70,68.86666667,100,2,80,60,5
2025/1/28 13:15,0,1,1,68.2,52,16.66666667,1.333333333,1,62.1,1,1,0,38,45.83333333,70,68.43333333,100,2,80,60,5
2025/1/28 13:30,0,1,1,68.2,52,0,1,1,62.76666667,1,1,0,38.33333333,45.93333333,70,69.9,100,2,80,60,5
2025/1/28 13:45,0,1,1,68.2,52,0,1,1,62.23333333,1,1,0,37.66666667,46.83333333,70,68.3,100,2,80,60,5
2025/1/28 14:00,0,1,1,68.2,52,0,1,1,62.3,1,1,0,36,47,70,68.1,100,2,80,60,5
2025/1/28 14:15,0,1,1,68.2,52,0,1,1,62.1,1,1,0,35,47.73333333,70,68.1,100,2,80,60,5
2025/1/28 14:30,0,1,1,68.2,52,0,1,1,62.1,1,1,0,35,48.33333333,70,68.1,100,2,80,60,5
2025/1/28 14:45,0,1,1,68.2,52,0,1,1,62.36666667,1,1,0,34,49.46666667,70,68.1,100,2,80,60,5
2025/1/28 15:00,0,1,1,68.2,52,0,1,1,62.6,1,1,0,33,50.43333333,70,68.1,100,2,80,60,5
2025/1/28 15:15,0,1,1,68.2,52,0,1,1,62.7,1,1,0,32.33333333,51.73333333,70,68.1,100,2,80,60,5
2025/1/28 15:30,0,1,1,68.2,52,0,1,1,62.76666667,1,1,0,32,52.03333333,70,68.43333333,100,2,80,60,5
2025/1/28 15:45,0,1,1,68.2,52,0,1,1,63,1,1,0,32,52.26666667,70,69.1,100,2,80,60,5
2025/1/28 16:00,0,1,1,68.2,52,0,1,1,63.36666667,1,1,0,31.66666667,53.46666667,70,69.4,100,2,80,60,5
2025/1/28 16:15,0,1,1,68.2,52,0,1,1,63.5,1,1,0,31,53.36666667,70,69.4,100,2,80,60,5
2025/1/28 16:30,0,1,1,68.2,52,0,1,1,63.66666667,1,1,0,31,54.23333333,70,69.4,100,2,80,60,5
2025/1/28 16:45,0,1,1,68.2,52,0,1,1,63.86666667,1,1,0,30.66666667,55.26666667,70,69.46666667,100,2,80,60,5
2025/1/28 17:00,0,1,1,68.2,52,0,1,1,64.06666667,1,1,0,30,55.73333333,70,69.7,100,2,80,60,5
2025/1/28 17:15,0,1,1,68.2,52,0,1,1,64.2,1,1,0,30,56.93333333,70,69.7,100,2,80,60,5
2025/1/28 17:30,0,1,1,68.2,52,0,1,1,64.2,1,1,0,29,57.76666667,70,69.7,100,2,80,60,5
2025/1/28 17:45,0,1,1,68.2,52,0,1,1,64.36666667,1,1,0,29,58.5,70,69.83333333,100,2,80,60,5
2025/1/28 18:00,0,1,1,68.2,52,0,1,1,64.53333333,1,1,0,28,58.33333333,70,70.03333333,100,2,80,60,5
2025/1/28 18:15,0,1,1,68.2,52,0,1,1,64.66666667,1,1,0,28,59.16666667,70,70.16666667,100,2,80,60,5
2025/1/28 18:30,0,1,1,68.2,52,0,1,1,64.93333333,1,1,0,28,60,70,70.56666667,100,2,80,60,5
2025/1/28 18:45,0,1,1,68.2,52,0,1,1,65,1,1,0,28,59.6,70,70.8,100,2,80,60,5
2025/1/28 19:00,0,1,1,68.2,52,0,1,1,65.06666667,1,1,0,28,60.6,70,70.56666667,100,2,80,60,5
2025/1/28 19:15,0,1,1,68.2,52,0,1,1,65.1,1,1,0,28,61.03333333,70,70.23333333,100,2,80,60,5
2025/1/28 19:30,0,1,1,68.2,52,0,1,1,65.1,1,1,0,27.33333333,61.26666667,70,69.86666667,100,2,80,60,5
2025/1/28 19:45,0,1,1,68.2,52,0,1,1,65.1,1,1,0,27,60.43333333,70,69.76666667,100,2,80,60,5
2025/1/28 20:00,0,1,1,68.2,52,0,1,1,65.1,1,1,0,27,61.06666667,70,69.7,100,2,80,60,5
2025/1/28 20:15,0,1,1,68.2,52,0,1,1,65.16666667,1,1,0,27,61.96666667,70,69.7,100,2,80,60,5
2025/1/28 20:30,0,1,1,68.2,52,0,1,1,65.3,1,1,0,27,62.13333333,70,69.46666667,100,2,80,60,5
2025/1/28 20:45,0,1,1,68.2,52,0,1,1,65.23333333,1,1,0,27,62,70,69.4,100,2,80,60,5
2025/1/28 21:00,0,1,1,68.2,52,0,1,1,65.1,1,1,0,27.33333333,60.33333333,70,69.26666667,100,2,80,60,5
2025/1/28 21:15,0,1,1,68.2,52,0,1,1,65.1,1,1,0,28,59.26666667,70,68.93333333,100,2,80,60,5
2025/1/28 21:30,0,1,1,68.2,52,0,1,1,65.03333333,1,1,0,28,59.53333333,70,68.66666667,100,2,80,60,5
2025/1/28 21:45,0,1,1,68.2,52,0,1,1,64.93333333,1,1,0,28.33333333,58.7,70,68.46666667,100,2,80,60,5
2025/1/28 22:00,0,1,1,68.2,52,0,1,1,64.73333333,1,1,0,29,58.96666667,70,68.36666667,100,2,80,60,5
2025/1/28 22:15,0,1,1,68.2,52,0,1,1,64.6,1,1,0,29,58.36666667,70,68.3,100,2,80,60,5
2025/1/28 22:30,0,1,1,68.2,52,0,1,1,64.43333333,1,1,0,29.33333333,57.86666667,70,67.8,100,2,80,60,5
2025/1/28 22:45,0,1,1,68.2,52,0,1,1,64.3,1,1,0,30,56.83333333,70,67.8,100,2,80,60,5
2025/1/28 23:00,0,1,1,68.2,52,0,1,1,64.3,1,1,0,30.33333333,56.3,70,67.66666667,100,2,80,60,5
2025/1/28 23:15,0,1,1,68.2,52,0,1,1,64.3,1,1,0,31,55.66666667,70,67.6,100,2,80,60,5
2025/1/28 23:30,0,1,1,68.2,52,0,1,1,64.23333333,1,1,0,31,55.6,70,67.6,100,2,80,60,5
2025/1/28 23:45,0,1,1,68.2,52,16.66666667,1.333333333,1,64.13333333,1,1,0,31.66666667,55.03333333,70,67.56666667,100,2,80,60,5
2025/1/29 0:00,0,1,1,68.2,52,0,1,1,65.2,1,1,0,32,56.86666667,70,69.86666667,100,2,80,60,5
2025/1/29 0:15,0,1,1,68.2,52,0,1,1,64.43333333,1,1,0,32,56.16666667,70,68.43333333,100,2,80,60,5
2025/1/29 0:30,0,1,1,68.2,52,0,1,1,64.06666667,1,1,0,32,55.06666667,70,67.93333333,100,2,80,60,5
2025/1/29 0:45,0,1,1,68.2,52,0,1,1,64.5,1,1,0,32,54.56666667,70,68.2,100,2,80,60,5
2025/1/29 1:00,0,1,1,68.2,52,0,1,1,65.33333333,1,1,0,32,55.5,70,69.8,100,2,80,60,5
2025/1/29 1:15,0,1,1,68.2,52,0,1,1,64.53333333,1,1,0,32.66666667,54.7,70,68.43333333,100,2,80,60,5
2025/1/29 1:30,0,1,1,68.2,52,0,1,1,64.3,1,1,0,33,54.13333333,70,67.96666667,100,2,80,60,5
2025/1/29 1:45,0,1,1,68.2,52,0,1,1,64.26666667,1,1,0,33,53.6,70,67.9,100,2,80,60,5
2025/1/29 2:00,0,1,1,68.2,52,16.66666667,1.333333333,1,64.2,1,1,0,33,53.8,70,67.83333333,100,2,80,60,5
2025/1/29 2:15,0,1,1,68.2,52,0,1,1,65.4,1,1,0,33,54.86666667,70,70.1,100,2,80,60,5
2025/1/29 2:30,0,1,1,68.2,52,0,1,1,64.46666667,1,1,0,33,54.2,70,68.36666667,100,2,80,60,5
2025/1/29 2:45,0,1,1,68.2,52,0,1,1,64.13333333,1,1,0,33,53.8,70,67.9,100,2,80,60,5
2025/1/29 3:00,0,1,1,68.2,52,0,1,1,64.23333333,1,1,0,33.66666667,53.4,70,68.2,100,2,80,60,5
2025/1/29 3:15,0,1,1,68.2,52,0,1,1,65.03333333,1,1,0,34,54.53333333,70,69.63333333,100,2,80,60,5
2025/1/29 3:30,0,1,1,68.2,52,0,1,1,64.26666667,1,1,0,34,53.63333333,70,68.3,100,2,80,60,5
2025/1/29 3:45,0,1,1,68.2,52,0,1,1,64.2,1,1,0,34,53.06666667,70,68.16666667,100,2,80,60,5
2025/1/29 4:00,0,1,1,68.2,52,0,1,1,64,1,1,0,34.66666667,52.53333333,70,67.9,100,2,80,60,5
2025/1/29 4:15,0,1,1,68.2,52,16.66666667,1.333333333,1,64,1,1,0,35.33333333,52.63333333,70,67.8,100,2,80,60,5
2025/1/29 4:30,0,1,1,68.2,52,0,1,1,65.16666667,1,1,0,35,53.8,70,70.03333333,100,2,80,60,5
2025/1/29 4:45,0,1,1,68.2,52,0,1,1,64.4,1,1,0,35.33333333,53.3,70,68.36666667,100,2,80,60,5
2025/1/29 5:00,0,1,1,68.2,52,0,1,1,63.86666667,1,1,0,36,52.8,70,67.83333333,100,2,80,60,5
2025/1/29 5:15,0,1,1,68.2,52,16.66666667,1.333333333,1,64.33333333,1,1,0,36,52.86666667,70,68.66666667,100,2,80,60,5
2025/1/29 5:30,0,1,1,68.2,52,0,1,1,64.56666667,1,1,0,36,54.03333333,70,69.03333333,100,2,80,60,5
2025/1/29 5:45,0,1,1,68.2,52,0,1,1,64,1,1,0,36,53.13333333,70,68.36666667,100,2,80,60,5
2025/1/29 6:00,0,1,1,68.2,52,0,1,1,63.73333333,1,1,0,37,52.43333333,70,68.03333333,100,2,80,60,5
2025/1/29 6:15,0,1,1,68.2,52,0,1,1,63.63333333,1,1,0,37,52.13333333,70,67.8,100,2,80,60,5
2025/1/29 6:30,0,1,1,68.2,52,16.66666667,1.333333333,1,64,1,1,0,38,52.03333333,70,68.56666667,100,2,80,60,5
2025/1/29 6:45,0,1,1,68.2,52,0,1,1,64.53333333,1,1,0,38,53.5,70,69.26666667,100,2,80,60,5
2025/1/29 7:00,0,1,1,68.2,52,0,1,1,63.73333333,1,1,0,38,52.63333333,70,68,100,2,80,60,5
2025/1/29 7:15,0,1,1,68.2,52,16.66666667,1.333333333,1,64.36666667,1,1,0,39,52.33333333,70,69.13333333,100,2,80,60,5
2025/1/29 7:30,0,1,1,68.2,52,0,1,1,64.16666667,1,1,0,39,52.93333333,70,68.63333333,100,2,80,60,5
2025/1/29 7:45,0,1,1,68.2,52,16.66666667,1.333333333,1,63.63333333,1,1,0,39,51.83333333,70,67.86666667,100,2,80,60,5
2025/1/29 8:00,0,1,1,68.2,52,0,1,1,64.7,1,1,0,40,52.5,70,69.86666667,100,2,80,60,5
2025/1/29 8:15,0,1,1,68.2,52,0,1,1,63.83333333,1,1,0,39,52.23333333,70,68.13333333,100,2,80,60,5
2025/1/29 8:30,0,1,1,68.2,52,0,1,1,63.93333333,1,1,0,40,51.93333333,70,68.46666667,100,2,80,60,5
2025/1/29 8:45,0,1,1,68.2,52,0,1,1,64.63333333,1,1,0,40,52.8,70,69.76666667,100,2,80,60,5
2025/1/29 9:00,0,1,1,68.2,52,0,1,1,64.03333333,1,1,0,40,52.43333333,70,68.5,100,2,80,60,5
2025/1/29 9:15,0,1,1,68.2,52,0,1,1,63.53333333,1,1,0,40,51.7,70,67.86666667,100,2,80,60,5
2025/1/29 9:30,0,1,1,68.2,52,16.66666667,1.333333333,1,64.2,1,1,0,40,51.53333333,70,68.83333333,100,2,80,60,5
2025/1/29 9:45,0,1,1,68.2,52,0,1,1,64.1,1,1,0,40,52.3,70,68.56666667,100,2,80,60,5
2025/1/29 10:00,0,1,1,68.2,52,0,1,1,63.53333333,1,1,0,40,51.63333333,70,67.83333333,100,2,80,60,5
2025/1/29 10:15,0,1,1,68.2,52,0,1,1,64.4,1,1,0,40,53.03333333,70,69.76666667,100,2,80,60,5
2025/1/29 10:30,0,1,1,68.2,52,0,1,1,63.46666667,1,1,0,40,52.43333333,70,68.06666667,100,2,80,60,5
2025/1/29 10:45,0,1,1,68.2,52,16.66666667,1.333333333,1,64.06666667,1,1,0,40,51.2,70,69.13333333,100,2,80,60,5
2025/1/29 11:00,0,1,1,68.2,52,0,1,1,63.7,1,1,0,40,51.63333333,70,68.46666667,100,2,80,60,5
2025/1/29 11:15,0,1,1,68.2,52,16.66666667,1.333333333,1,63.33333333,1,1,0,40.33333333,50.66666667,70,67.83333333,100,2,80,60,5
2025/1/29 11:30,0,1,1,68.2,52,0,1,1,64.4,1,1,0,41,51.3,70,70,100,2,80,60,5
2025/1/29 11:45,0,1,1,68.2,52,0,1,1,63.33333333,1,1,0,40,50.73333333,70,68.06666667,100,2,80,60,5
2025/1/29 12:00,0,1,1,68.2,52,16.66666667,1.333333333,1,64,1,1,0,41,50.16666667,70,69.43333333,100,2,80,60,5
2025/1/29 12:15,0,1,1,68.2,52,0,1,1,63.46666667,1,1,0,41,50.83333333,70,68.33333333,100,2,80,60,5
2025/1/29 12:30,0,1,1,68.2,52,16.66666667,1.333333333,1,63.4,1,1,0,41,49.6,70,68.46666667,100,2,80,60,5
2025/1/29 12:45,0,1,1,68.2,52,0,1,1,63.9,1,1,0,41,51.16666667,70,69.3,100,2,80,60,5
2025/1/29 13:00,0,1,1,68.2,52,0,1,1,63.03333333,1,1,0,41,51.03333333,70,67.86666667,100,2,80,60,5
2025/1/29 13:15,0,1,1,68.2,52,0,1,1,64.2,1,1,0,42,52.13333333,70,69.93333333,100,2,80,60,5
2025/1/29 13:30,0,1,1,68.2,52,0,1,1,63.53333333,1,1,0,41,52.36666667,70,68.73333333,100,2,80,60,5
2025/1/29 13:45,0,1,1,68.2,52,0,1,1,63.53333333,1,1,0,40.33333333,53.23333333,70,68.46666667,100,2,80,60,5
2025/1/29 14:00,0,1,1,68.2,52,0,1,1,63.73333333,1,1,0,38.66666667,53.23333333,70,68.4,100,2,80,60,5
2025/1/29 14:15,0,1,1,68.2,52,0,1,1,63.8,1,1,0,38,53.23333333,70,68.5,100,2,80,60,5
2025/1/29 14:30,0,1,1,68.2,52,0,1,1,64,1,1,0,37.66666667,53.23333333,70,68.7,100,2,80,60,5
2025/1/29 14:45,0,1,1,68.2,52,0,1,1,64.23333333,1,1,0,36.33333333,53.86666667,70,68.9,100,2,80,60,5
2025/1/29 15:00,0,1,1,68.2,52,0,1,1,64.4,1,1,0,35,55.26666667,70,68.93333333,100,2,80,60,5
2025/1/29 15:15,0,1,1,68.2,52,0,1,1,64.66666667,1,1,0,34,54.7,70,69.26666667,100,2,80,60,5
2025/1/29 15:30,0,1,1,68.2,52,0,1,1,64.8,1,1,0,34,53.76666667,70,69.66666667,100,2,80,60,5
2025/1/29 15:45,0,1,1,68.2,52,0,1,1,64.9,1,1,0,34,54.1,70,70.36666667,100,2,80,60,5
2025/1/29 16:00,0,1,1,68.2,52,0,1,1,65.3,1,1,0,33.33333333,54.93333333,70,70.5,100,2,80,60,5
2025/1/29 16:15,0,1,1,68.2,52,0,1,1,65.33333333,1,1,0,33,54.73333333,70,70.5,100,2,80,60,5
2025/1/29 16:30,0,1,1,68.2,52,0,1,1,65.4,1,1,0,32,56.36666667,70,70.5,100,2,80,60,5
2025/1/29 16:45,0,1,1,68.2,52,0,1,1,65.46666667,1,1,0,31.66666667,56.3,70,70.6,100,2,80,60,5
2025/1/29 17:00,0,1,1,68.2,52,0,1,1,65.66666667,1,1,0,31,57.33333333,70,71.1,100,2,80,60,5
2025/1/29 17:15,0,1,1,68.2,52,0,1,1,65.96666667,1,1,0,29.66666667,58.06666667,70,71.03333333,100,2,80,60,5
2025/1/29 17:30,0,1,1,68.2,52,0,1,1,66.1,1,1,0,29,58.36666667,70,70.9,100,2,80,60,5
2025/1/29 17:45,0,1,1,68.2,52,0,1,1,66.1,1,1,0,28,58.26666667,70,70.96666667,100,2,80,60,5
2025/1/29 18:00,0,1,1,68.2,52,0,1,1,66.26666667,1,1,0,28,59.46666667,70,71.13333333,100,2,80,60,5
2025/1/29 18:15,0,1,1,68.2,52,0,1,1,66.6,1,1,0,27,60.1,70,71.46666667,100,2,80,60,5
2025/1/29 18:30,0,1,1,68.2,52,0,1,1,66.7,1,1,0,26,60.73333333,70,71.66666667,100,2,80,60,
2025/1/29 18:45,0,1,1,71.8,52,0,1,1,66.86666667,1,1,0,25.33333333,61.73333333,70,71.9,100,2,80,60,5
2025/1/29 19:00,11,1,1.333333333,71.8,52,0,1,1,63.46666667,1,1,0,26,61.76666667,70,71.36666667,100,2,80,60,5
2025/1/29 19:15,0,1,1,71.8,52,0,1,1,66.63333333,1,1,0,25.66666667,63.33333333,70,70.8,100,2,80,60,5
2025/1/29 19:30,0,1,1,71.8,52,0,1,1,66.7,1,1,0,25,62.56666667,70,70.8,100,2,80,60,5
2025/1/29 19:45,0,1,1,71.8,52,0,1,1,66.7,1,1,0,24,61.83333333,70,70.8,100,2,80,60,
2025/1/29 20:00,0,1,1,71.8,52,0,1,1,66.7,1,1,0,23,61.03333333,70,70.8,100,2,80,60,
2025/1/29 20:15,0,1,1,71.8,52,0,1,1,66.7,1,1,0,23.33333333,61.56666667,70,70.8,100,2,80,60,
2025/1/29 20:30,0,1,1,71.8,52,0,1,1,66.9,1,1,0,24,62.5,70,70.8,100,2,80,60,5
2025/1/29 20:45,0,1,1,71.8,52,0,1,1,66.63333333,1,1,0,24,61.93333333,70,70.66666667,100,2,80,60,5
2025/1/29 21:00,0,1,1,71.8,52,0,1,1,66.6,1,1,0,23.66666667,60.56666667,70,70.6,100,2,80,60,5
2025/1/29 21:15,0,1,1,71.8,52,0,1,1,66.6,1,1,0,24,59.73333333,70,70.46666667,100,2,80,60,5
2025/1/29 21:30,0,1,1,71.8,52,0,1,1,66.46666667,1,1,0,24,59.46666667,70,70.06666667,100,2,80,60,
2025/1/29 21:45,0,1,1,71.8,52,0,1,1,66.2,1,1,0,24.33333333,58.9,70,69.8,100,2,80,60,
2025/1/29 22:00,0,1,1,71.8,52,0,1,1,66.1,1,1,0,24.33333333,57.83333333,70,69.76666667,100,2,80,60,
2025/1/29 22:15,0,1,1,71.8,52,0,1,1,65.8,1,1,0,25,56.56666667,70,69.63333333,100,2,80,60,
2025/1/29 22:30,0,1,1,71.8,52,0,1,1,65.6,1,1,0,26,56.1,70,69.5,100,2,80,60,
2025/1/29 22:45,0,1,1,71.8,52,0,1,1,65.4,1,1,0,26.66666667,55.66666667,70,69.4,100,2,80,60,
2025/1/29 23:00,0,1,1,71.8,52,0,1,1,65.13333333,1,1,0,27.33333333,54.6,70,69.2,100,2,80,60,
2025/1/29 23:15,0,1,1,71.8,52,0,1,1,65,1,1,0,28.33333333,53.9,70,69.13333333,100,2,80,60,
2025/1/29 23:30,0,1,1,71.8,52,0,1,1,64.73333333,1,1,0,29,53.26666667,70,69,100,2,80,60,
2025/1/29 23:45,0,1,1,71.8,52,0,1,1,64.6,1,1,0,30.33333333,53.23333333,70,68.9,100,2,80,60,
2025/1/30 0:00,0,1,1,71.8,52,0,1,1,64.4,1,1,0,31.66666667,52.93333333,70,68.66666667,100,2,80,60,
2025/1/30 0:15,0,1,1,71.8,52,0,1,1,64.2,1,1,0,32,51.8,70,68.6,100,2,80,60,
2025/1/30 0:30,0,1,1,71.8,52,0,1,1,64.2,1,1,0,32,51.73333333,70,68.6,100,2,80,60,
2025/1/30 0:45,0,1,1,71.8,52,0,1,1,64.2,1,1,0,32,50.66666667,70,68.6,100,2,80,60,
2025/1/30 1:00,0,1,1,71.8,52,0,1,1,64.2,1,1,0,32,51,70,68.6,100,2,80,60,
2025/1/30 1:15,0,1,1,71.8,52,0,1,1,64.2,1,1,0,32.33333333,50.56666667,70,68.6,100,2,80,60,
2025/1/30 1:30,0,1,1,71.8,52,0,1,1,64.2,1,1,0,33,50.86666667,70,68.53333333,100,2,80,60,
2025/1/30 1:45,0,1,1,71.8,52,0,1,1,64.2,1,1,0,33.66666667,50.56666667,70,68.4,100,2,80,60,
2025/1/30 2:00,0,1,1,71.8,52,0,1,1,64.06666667,1,1,0,34.33333333,50.26666667,70,68.36666667,100,2,80,60,
2025/1/30 2:15,0,1,1,71.8,52,0,1,1,63.73333333,1,1,0,36,48.73333333,70,68.3,100,2,80,60,
2025/1/30 2:30,0,1,1,71.8,52,0,1,1,63.7,1,1,0,37.66666667,48.33333333,70,68.3,100,2,80,60,
2025/1/30 2:45,0,1,1,69.4,52,0,1,1,63.63333333,1,1,0,38,48.56666667,70,68.16666667,100,2,80,60,
2025/1/30 3:00,0,1,1,68.2,52,16.66666667,1.333333333,1,63.43333333,1,1,0,38.66666667,47.6,70,68.1,100,2,80,60,5
2025/1/30 3:15,0,1,1,68.2,52,0,1,1,64.56666667,1,1,0,39.66666667,48.7,70,70.1,100,2,80,60,5
2025/1/30 3:30,0,1,1,68.2,52,0,1,1,63.83333333,1,1,0,39.33333333,48.16666667,70,68.9,100,2,80,60,5
2025/1/30 3:45,0,1,1,68.2,52,0,1,1,63.4,1,1,0,41,47.26666667,70,68.53333333,100,2,80,60,5
2025/1/30 4:00,0,1,1,68.2,52,0,1,1,63.33333333,1,1,0,41.66666667,46.36666667,70,68.3,100,2,80,60,5
2025/1/30 4:15,0,1,1,68.2,52,0,1,1,63.13333333,1,1,0,43.66666667,45.4,70,68.03333333,100,2,80,60,5
2025/1/30 4:30,0,1,1,68.2,52,0,1,1,63,1,1,0,44,45.53333333,70,67.86666667,100,2,80,60,5
2025/1/30 4:45,0,1,1,68.2,52,0,1,1,62.9,1,1,0,43,45.63333333,70,67.8,100,2,80,60,5
2025/1/30 5:00,0,1,1,68.2,52,0,1,1,62.76666667,1,1,0,44.33333333,45.03333333,70,67.66666667,100,2,80,60,5
2025/1/30 5:15,0,1,1,68.2,52,0,1,1,62.96666667,1,1,0,45,44.6,70,68.33333333,100,2,80,60,5
2025/1/30 5:30,0,1,1,68.2,52,0,1,1,63.63333333,1,1,0,45,45,70,69.5,100,2,80,60,5
2025/1/30 5:45,0,1,1,68.2,52,0,1,1,62.96666667,1,1,0,44.66666667,45.2,70,68.26666667,100,2,80,60,5
2025/1/30 6:00,0,1,1,68.2,52,0,1,1,62.63333333,1,1,0,45,43.73333333,70,68.03333333,100,2,80,60,5
2025/1/30 6:15,0,1,1,68.2,52,0,1,1,62.6,1,1,0,47,43.23333333,70,67.9,100,2,80,60,5
2025/1/30 6:30,0,1,1,68.2,52,0,1,1,62.7,1,1,0,46.66666667,42.66666667,70,68.63333333,100,2,80,60,5
2025/1/30 6:45,0,1,1,68.2,52,0,1,1,63.36666667,1,1,0,47,44.16666667,70,69.36666667,100,2,80,60,5
2025/1/30 7:00,0,1,1,68.2,52,0,1,1,62.56666667,1,1,0,47,43.46666667,70,68.1,100,2,80,60,5
2025/1/30 7:15,0,1,1,68.2,52,0,1,1,62.7,1,1,0,48.33333333,42.46666667,70,68.5,100,2,80,60,5
2025/1/30 7:30,0,1,1,68.2,52,0,1,1,63.1,1,1,0,49,42.83333333,70,69.23333333,100,2,80,60,5
2025/1/30 7:45,0,1,1,68.2,52,0,1,1,62.43333333,1,1,0,48,42.56666667,70,67.93333333,100,2,80,60,5
2025/1/30 8:00,0,1,1,68.2,52,0,1,1,63.3,1,1,0,49,41.93333333,70,70.03333333,100,2,80,60,5
2025/1/30 8:15,0,1,1,68.2,52,0,1,1,62.43333333,1,1,0,49.66666667,42.36666667,70,68.2,100,2,80,60,5
2025/1/30 8:30,0,1,1,68.2,52,16.66666667,1.333333333,1,62.56666667,1,1,0,50,41.53333333,70,68.83333333,100,2,80,60,5
2025/1/30 8:45,0,1,1,68.2,52,0,1,1,62.83333333,1,1,0,49.66666667,42.2,70,69.03333333,100,2,80,60,5
2025/1/30 9:00,0,1,1,68.2,52,16.66666667,1.333333333,1,62.13333333,1,1,0,49,41.66666667,70,68.06666667,100,2,80,60,5
2025/1/30 9:15,0,1,1,68.2,52,0,1,1,63.1,1,1,0,49,42.23333333,70,69.93333333,100,2,80,60,5
2025/1/30 9:30,0,1,1,68.2,52,0,1,1,62.23333333,1,1,0,48,42.5,70,68.06666667,100,2,80,60,5
2025/1/30 9:45,0,1,1,68.2,52,16.66666667,1.333333333,1,62.73333333,1,1,0,49.33333333,41.36666667,70,69.43333333,100,2,80,60,5
2025/1/30 10:00,0,1,1,68.2,52,0,1,1,62.16666667,1,1,0,51,41.6,70,68.26666667,100,2,80,60,5
2025/1/30 10:15,0,1,1,68.2,52,16.66666667,1.333333333,1,62.43333333,1,1,0,52,40.6,70,68.96666667,100,2,80,60,5
2025/1/30 10:30,0,1,1,68.2,52,0,1,1,62.13333333,1,1,0,52.33333333,41.2,70,68.5,100,2,80,60,5
2025/1/30 10:45,0,1,1,68.2,52,16.66666667,1.333333333,1,62.33333333,1,1,0,52.66666667,41.03333333,70,68.76666667,100,2,80,60,5
2025/1/30 11:00,0,1,1,68.2,52,0,1,1,62.4,1,1,0,52,42.16666667,70,68.56666667,100,2,80,60,5
2025/1/30 11:15,0,1,1,68.2,52,16.66666667,1.333333333,1,62.66666667,1,1,0,51.66666667,41.96666667,70,69.3,100,2,80,60,5
2025/1/30 11:30,0,1,1,68.2,52,0,1,1,62.4,1,1,0,49.33333333,42.9,70,68.3,100,2,80,60,5
2025/1/30 11:45,0,1,1,68.2,52,0,1,1,62.96666667,1,1,0,49,42.66666667,70,69.76666667,100,2,80,60,5
2025/1/30 12:00,0,1,1,68.2,52,0,1,1,62.1,1,1,0,50.66666667,42.33333333,70,68.1,100,2,80,60,5
2025/1/30 12:15,0,1,1,68.2,52,0,1,1,63.03333333,1,1,0,51.66666667,42.43333333,70,70.23333333,100,2,80,60,5
2025/1/30 12:30,0,1,1,68.2,52,0,1,1,62.36666667,1,1,0,51,42.7,70,68.46666667,100,2,80,60,5
2025/1/30 12:45,0,1,1,68.2,52,0,1,1,62.86666667,1,1,0,52.33333333,42.8,70,69.83333333,100,2,80,60,5
2025/1/30 13:00,0,1,1,68.2,52,16.66666667,1.333333333,1,62.03333333,1,1,0,53,42.46666667,70,67.93333333,100,2,80,60,5
2025/1/30 13:15,0,1,1,68.2,52,0,1,1,62.96666667,1,1,0,53,42.9,70,70.1,100,2,80,60,5
2025/1/30 13:30,0,1,1,68.2,52,0,1,1,62.36666667,1,1,0,52,44.13333333,70,68.16666667,100,2,80,60,5
2025/1/30 13:45,0,1,1,68.2,52,16.66666667,1.333333333,1,62.9,1,1,0,51.33333333,44.4,70,69.06666667,100,2,80,60,5
2025/1/30 14:00,0,1,1,68.2,52,0,1,1,62.63333333,1,1,0,50,46.33333333,70,68.46666667,100,2,80,60,5
2025/1/30 14:15,0,1,1,68.2,52,16.66666667,1.333333333,1,62.36666667,1,1,0,48.66666667,45.83333333,70,67.76666667,100,2,80,60,5
2025/1/30 14:30,0,1,1,68.2,52,0,1,1,63.4,1,1,0,51,45.36666667,70,69.96666667,100,2,80,60,5
2025/1/30 14:45,0,1,1,68.2,52,0,1,1,62.76666667,1,1,0,51,46.3,70,68.26666667,100,2,80,60,5
2025/1/30 15:00,0,1,1,68.2,52,0,1,1,62.7,1,1,0,51,47,70,67.93333333,100,2,80,60,5
2025/1/30 15:15,0,1,1,68.2,52,0,1,1,63.2,1,1,0,50.33333333,48.56666667,70,68.56666667,100,2,80,60,5
2025/1/30 15:30,0,1,1,68.2,52,0,1,1,63.83333333,1,1,0,47.33333333,51.13333333,70,69.36666667,100,2,80,60,5
2025/1/30 15:45,0,1,1,68.2,52,0,1,1,63.46666667,1,1,0,45.33333333,52.3,70,68.66666667,100,2,80,60,5
2025/1/30 16:00,0,1,1,68.2,52,0,1,1,63.4,1,1,0,43.33333333,53.33333333,70,68.23333333,100,2,80,60,5
2025/1/30 16:15,0,1,1,68.2,52,0,1,1,63.4,1,1,0,43.66666667,52.66666667,70,68.03333333,100,2,80,60,5
2025/1/30 16:30,0,1,1,68.2,52,0,1,1,63.4,1,1,0,43,53.1,70,67.9,100,2,80,60,5
2025/1/30 16:45,0,1,1,68.2,52,0,1,1,63.43333333,1,1,0,42.33333333,53.46666667,70,67.66666667,100,2,80,60,5
2025/1/30 17:00,0,1,1,68.2,52,16.66666667,1.333333333,1,64.3,1,1,0,41,53.66666667,70,68.86666667,100,2,80,60,5
2025/1/30 17:15,0,1,1,68.2,52,0,1,1,64.46666667,1,1,0,42,54,70,69.03333333,100,2,80,60,5
2025/1/30 17:30,0,1,1,68.2,52,0,1,1,64.06666667,1,1,0,42.33333333,54.1,70,68.33333333,100,2,80,60,5
2025/1/30 17:45,0,1,1,68.2,52,0,1,1,64,1,1,0,42,54.86666667,70,68.1,100,2,80,60,5
2025/1/30 18:00,0,1,1,68.2,52,0,1,1,64,1,1,0,39.66666667,54.53333333,70,68.1,100,2,80,60,5
2025/1/30 18:15,0,1,1,68.2,52,0,1,1,63.8,1,1,0,39.33333333,54.63333333,70,67.9,100,2,80,60,5
2025/1/30 18:30,0,1,1,68.2,52,0,1,1,64,1,1,0,38,55.1,70,68.1,100,2,80,60,5
2025/1/30 18:45,0,1,1,68.2,52,0,1,1,63.93333333,1,1,0,38,54.6,70,68.1,100,2,80,60,5
2025/1/30 19:00,0,1,1,68.2,52,0,1,1,63.8,1,1,0,40.33333333,55.4,70,67.93333333,100,2,80,60,5
2025/1/30 19:15,0,1,1,68.2,52,16.66666667,1.333333333,1,64.36666667,1,1,0,40.33333333,56.3,70,68.63333333,100,2,80,60,5
2025/1/30 19:30,0,1,1,68.2,52,0,1,1,64.53333333,1,1,0,43,57.63333333,70,69.03333333,100,2,80,60,5
2025/1/30 19:45,0,1,1,68.2,52,0,1,1,63.73333333,1,1,0,48.33333333,55.66666667,70,68.1,100,2,80,60,5
2025/1/30 20:00,0,1,1,68.2,52,0,1,1,63.4,1,1,0,54,53.73333333,70,67.9,100,2,80,60,5
2025/1/30 20:15,0,1,1,68.2,52,0,1,1,63.4,1,1,0,55.66666667,52.9,70,67.9,100,2,80,60,5
2025/1/30 20:30,0,1,1,68.2,52,0,1,1,64.23333333,1,1,0,60.66666667,50.9,70,69.83333333,100,2,80,60,5
2025/1/30 20:45,0,1,1,68.2,52,0,1,1,63.5,1,1,0,64,49.73333333,70,68.46666667,100,2,80,60,5
2025/1/30 21:00,0,1,1,68.2,52,0,1,1,63.2,1,1,0,66.33333333,49.73333333,70,67.83333333,100,2,80,60,5
2025/1/30 21:15,0,1,1,68.2,52,16.66666667,1.333333333,1,63.7,1,1,0,67,50.23333333,70,68.66666667,100,2,80,60,5
2025/1/30 21:30,0,1,1,68.2,52,0,1,1,63.83333333,1,1,0,69.33333333,50.26666667,70,68.9,100,2,80,60,5
2025/1/30 21:45,0,1,1,68.2,52,16.66666667,1.333333333,1,63.33333333,1,1,0,70,50.26666667,70,67.76666667,100,2,80,60,5
2025/1/30 22:00,0,1,1,68.2,52,0,1,1,64.13333333,1,1,0,70.33333333,51.26666667,70,69.8,100,2,80,60,5
2025/1/30 22:15,0,1,1,68.2,52,0,1,1,63.53333333,1,1,0,71,51.26666667,70,68.26666667,100,2,80,60,5
2025/1/30 22:30,0,1,1,68.2,52,16.66666667,1.333333333,1,63.33333333,1,1,0,71,50.83333333,70,67.83333333,100,2,80,60,5
2025/1/30 22:45,0,1,1,68.2,52,0,1,1,64.46666667,1,1,0,72,51.63333333,70,69.8,100,2,80,60,5
2025/1/30 23:00,0,1,1,68.2,52,0,1,1,63.53333333,1,1,0,70.66666667,51.56666667,70,68.2,100,2,80,60,5
2025/1/30 23:15,0,1,1,68.2,52,16.66666667,1.333333333,1,63.53333333,1,1,0,71,50.7,70,67.83333333,100,2,80,60,5
2025/1/30 23:30,0,1,1,68.2,52,0,1,1,64.3,1,1,0,71.33333333,50.83333333,70,69.6,100,2,80,60,5
2025/1/30 23:45,0,1,1,68.2,52,0,1,1,63.43333333,1,1,0,73,49.6,70,68.06666667,100,2,80,60,5
2025/1/31 0:00,0,1,1,68.2,52,16.66666667,1.333333333,1,64.23333333,1,1,0,73,49.73333333,70,69.03333333,100,2,80,60,5
2025/1/31 0:15,0,1,1,68.2,52,0,1,1,63.73333333,1,1,0,72,50.46666667,70,68.53333333,100,2,80,60,5
2025/1/31 0:30,0,1,1,68.2,52,0,1,1,63.4,1,1,0,70.33333333,50.93333333,70,67.66666667,100,2,80,60,5
2025/1/31 0:45,0,1,1,68.2,52,0,1,1,63.13333333,1,1,0,69.66666667,51.1,70,67.43333333,100,2,80,60,5
2025/1/31 1:00,0,1,1,68.2,52,16.66666667,1.333333333,1,63.96666667,1,1,0,71.66666667,50.6,70,68.93333333,100,2,80,60,5
2025/1/31 1:15,0,1,1,68.2,52,0,1,1,63.7,1,1,0,73.33333333,50.16666667,70,68.26666667,100,2,80,60,5
2025/1/31 1:30,0,1,1,68.2,52,0,1,1,64.43333333,1,1,0,74.66666667,49.5,70,69.66666667,100,2,80,60,5
2025/1/31 1:45,0,1,1,68.2,52,16.66666667,1.333333333,1,63.63333333,1,1,0,75,49.26666667,70,68.1,100,2,80,60,5
2025/1/31 2:00,0,1,1,68.2,52,0,1,1,64.4,1,1,0,76,49.33333333,70,69.83333333,100,2,80,60,5
2025/1/31 2:15,0,1,1,68.2,52,0,1,1,63.53333333,1,1,0,76,49.5,70,68.06666667,100,2,80,60,5
2025/1/31 2:30,0,1,1,68.2,52,0,1,1,64.3,1,1,0,76,50,70,69.36666667,100,2,80,60,5
2025/1/31 2:45,0,1,1,68.2,52,0,1,1,63.8,1,1,0,76,50,70,68.3,100,2,80,60,5
2025/1/31 3:00,0,1,1,68.2,52,0,1,1,64.26666667,1,1,0,76.66666667,49.3,70,69.1,100,2,80,60,5
2025/1/31 3:15,0,1,1,68.2,52,0,1,1,64.03333333,1,1,0,76.66666667,49.5,70,68.4,100,2,80,60,5
2025/1/31 3:30,0,1,1,68.2,52,16.66666667,1.333333333,1,64.26666667,1,1,0,76,50.06666667,70,68.76666667,100,2,80,60,5
2025/1/31 3:45,0,1,1,68.2,52,0,1,1,64.33333333,1,1,0,75,50.36666667,70,68.73333333,100,2,80,60,5
2025/1/31 4:00,0,1,1,68.2,52,16.66666667,1.333333333,1,63.73333333,1,1,0,75,50.5,70,67.8,100,2,80,60,5
2025/1/31 4:15,0,1,1,68.2,52,0,1,1,65,1,1,0,75,51.46666667,70,70.26666667,100,2,80,60,5
2025/1/31 4:30,0,1,1,68.2,52,0,1,1,64,1,1,0,75,50.5,70,68.26666667,100,2,80,60,5
2025/1/31 4:45,0,1,1,68.2,52,16.66666667,1.333333333,1,64.13333333,1,1,0,75.33333333,49.7,70,68.56666667,100,2,80,60,5
2025/1/31 5:00,0,1,1,68.2,52,0,1,1,64.43333333,1,1,0,76.66666667,49.63333333,70,68.9,100,2,80,60,5
2025/1/31 5:15,0,1,1,68.2,52,0,1,1,63.93333333,1,1,0,76.66666667,49.3,70,68.3,100,2,80,60,5
2025/1/31 5:30,0,1,1,68.2,52,0,1,1,64.6,1,1,0,76.33333333,49.16666667,70,69.53333333,100,2,80,60,5
2025/1/31 5:45,0,1,1,68.2,52,16.66666667,1.333333333,1,63.76666667,1,1,0,78,48.3,70,68,100,2,80,60,5
2025/1/31 6:00,0,1,1,68.2,52,0,1,1,64.93333333,1,1,0,78,48.5,70,70.1,100,2,80,60,5
2025/1/31 6:15,0,1,1,68.2,52,0,1,1,64.23333333,1,1,0,78,48.73333333,70,68.2,100,2,80,60,5
2025/1/31 6:30,0,1,1,68.2,52,0,1,1,64.8,1,1,0,78,49.1,70,69.6,100,2,80,60,5
2025/1/31 6:45,0,1,1,68.2,52,16.66666667,1.333333333,1,64.23333333,1,1,0,78,50,70,67.93333333,100,2,80,60,5
2025/1/31 7:00,0,1,1,68.2,52,0,1,1,65.13333333,1,1,0,78,51.43333333,70,69.73333333,100,2,80,60,5
2025/1/31 7:15,0,1,1,68.2,52,0,1,1,64.5,1,1,0,78,51.8,70,68.1,100,2,80,60,5
2025/1/31 7:30,0,1,1,68.2,52,16.66666667,1.333333333,1,64.73333333,1,1,0,78,52.26666667,70,68.66666667,100,2,80,60,5
2025/1/31 7:45,0,1,1,68.2,52,0,1,1,65.16666667,1,1,0,78,52.5,70,69.3,100,2,80,60,5
2025/1/31 8:00,0,1,1,68.2,52,0,1,1,64.36666667,1,1,0,78,51.43333333,70,67.93333333,100,2,80,60,5
2025/1/31 8:15,0,1,1,68.2,52,16.66666667,1.333333333,1,65,1,1,0,78,51.13333333,70,69.2,100,2,80,60,5
2025/1/31 8:30,0,1,1,68.2,52,0,1,1,64.7,1,1,0,78,51.2,70,68.26666667,100,2,80,60,5
2025/1/31 8:45,0,1,1,68.2,52,0,1,1,65.1,1,1,0,78,51.36666667,70,69.63333333,100,2,80,60,5
2025/1/31 9:00,0,1,1,68.2,52,0,1,1,64.66666667,1,1,0,78,51.66666667,70,68.83333333,100,2,80,60,5
2025/1/31 9:15,0,1,1,68.2,52,0,1,1,64.36666667,1,1,0,78,51.8,70,68.33333333,100,2,80,60,5
2025/1/31 9:30,0,1,1,68.2,52,0,1,1,65.1,1,1,0,78,52.36666667,70,69.7,100,2,80,60,5
2025/1/31 9:45,0,1,1,68.2,52,0,1,1,64.26666667,1,1,0,78,52,70,68,100,2,80,60,5
2025/1/31 10:00,0,1,1,68.2,52,16.66666667,1.333333333,1,64.9,1,1,0,78,51.9,70,69.43333333,100,2,80,60,5
2025/1/31 10:15,0,1,1,68.2,52,0,1,1,64.56666667,1,1,0,78,52.13333333,70,68.56666667,100,2,80,60,5
2025/1/31 10:30,0,1,1,68.2,52,16.66666667,1,1,64.06666667,1,1,0,78,51.8,70,67.86666667,100,2,80,60,5
2025/1/31 10:45,0,1,1,68.2,52,0,1,1,65,1,1,0,78,52.66666667,70,69.73333333,100,2,80,60,5
2025/1/31 11:00,0,1,1,68.2,52,0,1,1,64.16666667,1,1,0,78,52.5,70,68.2,100,2,80,60,5
2025/1/31 11:15,0,1,1,68.2,52,16.66666667,1.333333333,1,64.3,1,1,0,78,51.8,70,68.56666667,100,2,80,60,5
2025/1/31 11:30,0,1,1,68.2,52,0,1,1,64.8,1,1,0,78,52.73333333,70,69.16666667,100,2,80,60,5
2025/1/31 11:45,0,1,1,68.2,52,0,1,1,64.06666667,1,1,0,78,52.6,70,67.93333333,100,2,80,60,5
2025/1/31 12:00,0,1,1,68.2,52,0,1,1,64.96666667,1,1,0,78,53.1,70,69.36666667,100,2,80,60,5
2025/1/31 12:15,0,1,1,68.2,52,0,1,1,64.46666667,1,1,0,78,53.86666667,70,68.4,100,2,80,60,5
2025/1/31 12:30,0,1,1,68.2,52,0,1,1,64.3,1,1,0,78,54.46666667,70,67.86666667,100,2,80,60,5
2025/1/31 12:45,0,1,1,68.2,52,16.66666667,1,1,65.26666667,1,1,0,78,56.36666667,70,69.36666667,100,2,80,60,5
2025/1/31 13:00,0,1,1,68.2,52,0,1,1,65.03333333,1,1,0,78,57.93333333,70,68.53333333,100,2,80,60,5
2025/1/31 13:15,0,1,1,68.2,52,0,1,1,64.86666667,1,1,0,77,58.9,70,67.96666667,100,2,80,60,5
2025/1/31 13:30,0,1,1,68.2,52,0,1,1,65.06666667,1,1,0,75,59.7,70,68.2,100,2,80,60,5
2025/1/31 13:45,0,1,1,68.2,52,0,1,1,65.86666667,1,1,0,74,61,70,69.76666667,100,2,80,60,5
2025/1/31 14:00,0,1,1,68.2,52,0,1,1,65.26666667,1,1,0,74.33333333,61,70,68.43333333,100,2,80,60,5
2025/1/31 14:15,0,1,1,68.2,52,0,1,1,65.1,1,1,0,75,60.7,70,68.1,100,2,80,60,5
2025/1/31 14:30,0,1,1,68.2,52,0,1,1,65.16666667,1,1,0,75,61.23333333,70,68.1,100,2,80,60,5
2025/1/31 14:45,0,1,1,68.2,52,0,1,1,65.33333333,1,1,0,74.66666667,61.53333333,70,68.1,100,2,80,60,5
2025/1/31 15:00,0,1,1,68.2,52,0,1,1,65.4,1,1,0,72.66666667,62.1,70,67.9,100,2,80,60,5
2025/1/31 15:15,0,1,1,68.2,52,0,1,1,65.4,1,1,0,71.33333333,62.33333333,70,67.9,100,2,80,60,5
2025/1/31 15:30,0,1,1,68.2,52,0,1,1,65.4,1,1,0,70.33333333,62.6,70,67.96666667,100,2,80,60,5
2025/1/31 15:45,0,1,1,68.2,52,0,1,1,65.46666667,1,1,0,70,62.66666667,70,68.36666667,100,2,80,60,5
2025/1/31 16:00,0,1,1,68.2,52,0,1,1,65.6,1,1,0,69,62.9,70,68.53333333,100,2,80,60,5
2025/1/31 16:15,0,1,1,68.2,52,0,1,1,65.66666667,1,1,0,67.66666667,62.96666667,70,68.4,100,2,80,60,5
2025/1/31 16:30,0,1,1,68.2,52,0,1,1,65.8,1,1,0,66,62.6,70,68.4,100,2,80,60,5
2025/1/31 16:45,0,1,1,68.2,52,0,1,1,65.8,1,1,0,64.33333333,62.26666667,70,68.4,100,2,80,60,5
2025/1/31 17:00,0,1,1,68.2,52,0,1,1,65.86666667,1,1,0,62.66666667,62.53333333,70,68.53333333,100,2,80,60,5
2025/1/31 17:15,0,1,1,68.2,52,0,1,1,66.06666667,1,1,0,61,62.8,70,68.6,100,2,80,60,5
2025/1/31 17:30,0,1,1,68.2,52,0,1,1,66.33333333,1,1,0,57.66666667,63,70,68.7,100,2,80,60,5
2025/1/31 17:45,0,1,1,68.2,52,0,1,1,80.03333333,1,1,0,55.33333333,64.36666667,70,69.13333333,100,2,80,60,5
2025/1/31 18:00,0,1,1,68.2,52,0,1,1,66.76666667,1,1,0,53.66666667,65.16666667,70,69.53333333,100,2,80,60,5
2025/1/31 18:15,0,1,1,68.2,52,0,1,1,67.13333333,1,1,0,51.66666667,66.26666667,70,70.1,100,2,80,60,5
2025/1/31 18:30,0,1,1,68.2,52,0,1,1,67.2,1,1,0,47.66666667,65.9,70,70.63333333,100,2,80,60,5
2025/1/31 18:45,0,1,1,68.2,52,0,1,1,67.26666667,1,1,0,45.66666667,66,70,70.8,100,2,80,60,5
2025/1/31 19:00,0,1,1,68.2,52,0,1,1,67.4,1,1,0,44.33333333,66.23333333,70,70.9,100,2,80,60,5
2025/1/31 19:15,0,1,1,68.2,52,0,1,1,67.4,1,1,0,43.33333333,66,70,70.86666667,100,2,80,60,5
2025/1/31 19:30,0,1,1,68.2,52,0,1,1,67.4,1,1,0,43,66.1,70,70.66666667,100,2,80,60,5
2025/1/31 19:45,0,1,1,68.2,52,0,1,1,67.4,1,1,0,43,66.33333333,70,70.56666667,100,2,80,60,5
2025/1/31 20:00,0,1,1,68.2,52,0,1,1,67.4,1,1,0,42.66666667,66.86666667,70,70.3,100,2,80,60,5
2025/1/31 20:15,0,1,1,68.2,52,0,1,1,67.4,1,1,0,42,66.23333333,70,70.5,100,2,80,60,5
2025/1/31 20:30,0,1,1,68.2,52,0,1,1,67.33333333,1,1,0,42,65.5,70,70.5,100,2,80,60,5
2025/1/31 20:45,0,1,1,68.2,52,0,1,1,67.2,1,1,0,42,64.86666667,70,70.5,100,2,80,60,5
2025/1/31 21:00,0,1,1,68.2,52,0,1,1,67.06666667,1,1,0,42.33333333,64.53333333,70,70.36666667,100,2,80,60,5
2025/1/31 21:15,0,1,1,68.2,52,0,1,1,67.2,1,1,0,42.33333333,64.76666667,70,70.16666667,100,2,80,60,5
2025/1/31 21:30,0,1,1,68.2,52,0,1,1,67.2,1,1,0,42.66666667,64.2,70,70.06666667,100,2,80,60,5
2025/1/31 21:45,0,1,1,68.2,52,0,1,1,67.2,1,1,0,43,63.53333333,70,69.93333333,100,2,80,60,5
2025/1/31 22:00,0,1,1,68.2,52,0,1,1,66.96666667,1,1,0,43,62.7,70,69.63333333,100,2,80,60,5
2025/1/31 22:15,0,1,1,68.2,52,0,1,1,66.6,1,1,0,45.66666667,61.56666667,70,69.5,100,2,80,60,5
2025/1/31 22:30,0,1,1,68.2,52,0,1,1,66.6,1,1,0,48,61.96666667,70,69.4,100,2,80,60,5
2025/1/31 22:45,0,1,1,68.2,52,0,1,1,66.46666667,1,1,0,48,62.3,70,69.4,100,2,80,60,5
2025/1/31 23:00,0,1,1,68.2,52,0,1,1,66.4,1,1,0,48,61.9,70,69.26666667,100,2,80,60,5
2025/1/31 23:15,0,1,1,68.2,52,0,1,1,66.33333333,1,1,0,48,61.43333333,70,69.2,100,2,80,60,5
2025/1/31 23:30,0,1,1,68.2,52,0,1,1,66.16666667,1,1,0,48,60.93333333,70,69,100,2,80,60,5
2025/1/31 23:45,0,1,1,68.2,52,0,1,1,65.9,1,1,0,49,60.13333333,70,69,100,2,80,60,5
2025/2/1 0:00,0,1,1,68.2,52,0,1,1,65.96666667,1,1,0,49,60.2,70,68.93333333,100,2,80,60,5
2025/2/1 0:15,0,1,1,68.2,52,0,1,1,65.96666667,1,1,0,49,60.06666667,70,68.83333333,100,2,80,60,5
2025/2/1 0:30,0,1,1,68.2,52,0,1,1,65.9,1,1,0,50.33333333,59.16666667,70,68.7,100,2,80,60,5
2025/2/1 0:45,0,1,1,68.2,52,0,1,1,65.8,1,1,0,51.33333333,58.6,70,68.6,100,2,80,60,5
2025/2/1 1:00,0,1,1,68.2,52,0,1,1,65.66666667,1,1,0,52.33333333,58,70,68.53333333,100,2,80,60,5
2025/2/1 1:15,0,1,1,68.2,52,0,1,1,65.53333333,1,1,0,54,57.13333333,70,68.4,100,2,80,60,5
2025/2/1 1:30,0,1,1,68.2,52,0,1,1,65.36666667,1,1,0,55,56.53333333,70,68.4,100,2,80,60,5
2025/2/1 1:45,0,1,1,68.2,52,0,1,1,65.16666667,1,1,0,55,56.16666667,70,68.33333333,100,2,80,60,5
2025/2/1 2:00,0,1,1,68.2,52,0,1,1,65.06666667,1,1,0,55,55.6,70,68.23333333,100,2,80,60,5
2025/2/1 2:15,0,1,1,68.2,52,0,1,1,65,1,1,0,55,55.3,70,68.1,100,2,80,60,5
2025/2/1 2:30,0,1,1,68.2,52,0,1,1,64.93333333,1,1,0,55,55.3,70,68.1,100,2,80,60,5
2025/2/1 2:45,0,1,1,68.2,52,0,1,1,64.73333333,1,1,0,55,55,70,68.1,100,2,80,60,5
2025/2/1 3:00,0,1,1,68.2,52,0,1,1,64.56666667,1,1,0,55,54.93333333,70,68.1,100,2,80,60,5
2025/2/1 3:15,0,1,1,68.2,52,0,1,1,64.5,1,1,0,55,54.8,70,67.9,100,2,80,60,5
2025/2/1 3:30,0,1,1,68.2,52,0,1,1,64.26666667,1,1,0,55,54.13333333,70,67.86666667,100,2,80,60,5
2025/2/1 3:45,0,1,1,68.2,52,0,1,1,64.13333333,1,1,0,55.66666667,53.63333333,70,67.8,100,2,80,60,5
2025/2/1 4:00,0,1,1,68.2,52,0,1,1,64,1,1,0,56,52.86666667,70,67.73333333,100,2,80,60,5
2025/2/1 4:15,0,1,1,68.2,52,0,1,1,64,1,1,0,56,53.1,70,67.6,100,2,80,60,5
2025/2/1 4:30,0,1,1,68.2,52,0,1,1,64.06666667,1,1,0,57.33333333,54.23333333,70,67.56666667,100,2,80,60,5
2025/2/1 4:45,0,1,1,68.2,52,16.66666667,1.333333333,1,65.36666667,1,1,0,59,56.6,70,68.96666667,100,2,80,60,5
2025/2/1 5:00,0,1,1,60,52,0,1,1,65.66666667,2,2,0,59.66666667,56.9,70,69.03333333,0,1,80,60,5
2025/2/1 5:15,0,1,1,60,52,0,1,1,65.73333333,2,2,0,56.66666667,55.13333333,70,68.66666667,0,1,80,60,5
2025/2/1 5:30,0,1,1,60,52,0,1,1,65.13333333,2,2,0,56,53.96666667,70,68.6,0,1,80,60,5
2025/2/1 5:45,0,1,1,60,52,0,1,1,64.46666667,2,2,0,56,53.36666667,70,68.4,0,1,80,60,5
2025/2/1 6:00,0,1,1,60,52,0,1,1,63.83333333,2,2,0,56.33333333,52.56666667,70,68.33333333,0,1,80,60,5
2025/2/1 6:15,0,1,1,60,52,0,1,1,63.36666667,2,2,0,58,51.93333333,70,68.3,0,1,80,60,5
2025/2/1 6:30,0,1,1,60,52,0,1,1,62.9,2,2,0,58.66666667,49.2,70,68.16666667,0,1,80,60,5
2025/2/1 6:45,0,1,1,60,52,0,1,1,62.2,2,2,0,61,47.33333333,70,68.1,0,1,80,60,5
2025/2/1 7:00,0,1,1,60,52,0,1,1,61.76666667,2,2,0,61,46.93333333,70,68.1,0,1,80,60,5
2025/2/1 7:15,,,,,,,,,,,,,,,,,,,,,5
2025/2/1 7:30,,,,,,,,,,,,,,,,,,,,,5
2025/2/1 7:45,,,,,,,,,,,,,,,,,,,,,5
2025/2/1 8:00,,,,,,,,,,,,,,,,,,,,,5
2025/2/1 8:15,,,,,,,,,,,,,,,,,,,,,5
2025/2/1 8:30,,,,,,,,,,,,,,,,,,,,,5
2025/2/1 8:45,,,,,,,,,,,,,,,,,,,,,5
2025/2/1 9:00,,,,,,,,,,,,,,,,,,,,,5
2025/2/1 9:15,,,,,,,,,,,,,,,,,,,,,5
2025/2/1 9:30,,,,,,,,,,,,,,,,,,,,,5
2025/2/1 9:45,,,,,,,,,,,,,,,,,,,,,5
2025/2/1 10:00,,,,,,,,,,,,,,,,,,,,,5
2025/2/1 10:15,,,,,,,,,,,,,,,,,,,,,5
2025/2/1 10:30,,,,,,,,,,,,,,,,,,,,,5
2025/2/1 10:45,,,,,,,,,,,,,,,,,,,,,5
2025/2/1 11:00,,,,,,,,,,,,,,,,,,,,,5
2025/2/1 11:15,,,,,,,,,,,,,,,,,,,,,5
2025/2/1 11:30,,,,,,,,,,,,,,,,,,,,,5
2025/2/1 11:45,,,,,,,,,,,,,,,,,,,,,5
2025/2/1 12:00,,,,,,,,,,,,,,,,,,,,,5
2025/2/1 12:15,,,,,,,,,,,,,,,,,,,,,5
2025/2/1 12:30,,,,,,,,,,,,,,,,,,,,,5
2025/2/1 12:45,,,,,,,,,,,,,,,,,,,,,5
2025/2/1 13:00,,,,,,,,,,,,,,,,,,,,,5
2025/2/1 13:15,,,,,,,,,,,,,,,,,,,,,5
2025/2/1 13:30,,,,,,,,,,,,,,,,,,,,,5
2025/2/1 13:45,,,,,,,,,,,,,,,,,,,,,5
2025/2/1 14:00,,,,,,,,,,,,,,,,,,,,,5
2025/2/1 14:15,,,,,,,,,,,,,,,,,,,,,5
2025/2/1 14:30,,,,,,,,,,,,,,,,,,,,,5
2025/2/1 14:45,,,,,,,,,,,,,,,,,,,,,5
2025/2/1 15:00,,,,,,,,,,,,,,,,,,,,,5
2025/2/1 15:15,,,,,,,,,,,,,,,,,,,,,5
2025/2/1 15:30,,,,,,,,,,,,,,,,,,,,,5
2025/2/1 15:45,,,,,,,,,,,,,,,,,,,,,5
2025/2/1 16:00,,,,,,,,,,,,,,,,,,,,,5
2025/2/1 16:15,,,,,,,,,,,,,,,,,,,,,5
2025/2/1 16:30,,,,,,,,,,,,,,,,,,,,,5
2025/2/1 16:45,,,,,,,,,,,,,,,,,,,,,5
2025/2/1 17:00,,,,,,,,,,,,,,,,,,,,,5
2025/2/1 17:15,,,,,,,,,,,,,,,,,,,,,5
2025/2/1 17:30,,,,,,,,,,,,,,,,,,,,,5
2025/2/1 17:45,,,,,,,,,,,,,,,,,,,,,5
2025/2/1 18:00,,,,,,,,,,,,,,,,,,,,,5
2025/2/1 18:15,,,,,,,,,,,,,,,,,,,,,5
2025/2/1 18:30,,,,,,,,,,,,,,,,,,,,,5
2025/2/1 18:45,,,,,,,,,,,,,,,,,,,,,5
2025/2/1 19:00,,,,,,,,,,,,,,,,,,,,,5
2025/2/1 19:15,,,,,,,,,,,,,,,,,,,,,5
2025/2/1 19:30,,,,,,,,,,,,,,,,,,,,,5
2025/2/1 19:45,,,,,,,,,,,,,,,,,,,,,5
2025/2/1 20:00,,,,,,,,,,,,,,,,,,,,,5
2025/2/1 20:15,,,,,,,,,,,,,,,,,,,,,5
2025/2/1 20:30,,,,,,,,,,,,,,,,,,,,,5
2025/2/1 20:45,,,,,,,,,,,,,,,,,,,,,5
2025/2/1 21:00,,,,,,,,,,,,,,,,,,,,,5
2025/2/1 21:15,,,,,,,,,,,,,,,,,,,,,5
2025/2/1 21:30,,,,,,,,,,,,,,,,,,,,,5
2025/2/1 21:45,,,,,,,,,,,,,,,,,,,,,5
2025/2/1 22:00,,,,,,,,,,,,,,,,,,,,,5
2025/2/1 22:15,,,,,,,,,,,,,,,,,,,,,5
2025/2/1 22:30,,,,,,,,,,,,,,,,,,,,,5
2025/2/1 22:45,,,,,,,,,,,,,,,,,,,,,5
2025/2/1 23:00,,,,,,,,,,,,,,,,,,,,,5
2025/2/1 23:15,,,,,,,,,,,,,,,,,,,,,5
2025/2/1 23:30,,,,,,,,,,,,,,,,,,,,,5
2025/2/1 23:45,,,,,,,,,,,,,,,,,,,,,5
2025/2/2 0:00,,,,,,,,,,,,,,,,,,,,,5
2025/2/2 0:15,,,,,,,,,,,,,,,,,,,,,5
2025/2/2 0:30,,,,,,,,,,,,,,,,,,,,,5
2025/2/2 0:45,,,,,,,,,,,,,,,,,,,,,5
2025/2/2 1:00,,,,,,,,,,,,,,,,,,,,,5
2025/2/2 1:15,,,,,,,,,,,,,,,,,,,,,5
2025/2/2 1:30,,,,,,,,,,,,,,,,,,,,,5
2025/2/2 1:45,,,,,,,,,,,,,,,,,,,,,5
2025/2/2 2:00,,,,,,,,,,,,,,,,,,,,,5
2025/2/2 2:15,,,,,,,,,,,,,,,,,,,,,5
2025/2/2 2:30,,,,,,,,,,,,,,,,,,,,,5
2025/2/2 2:45,,,,,,,,,,,,,,,,,,,,,5
2025/2/2 3:00,,,,,,,,,,,,,,,,,,,,,5
2025/2/2 3:15,,,,,,,,,,,,,,,,,,,,,5
2025/2/2 3:30,,,,,,,,,,,,,,,,,,,,,5
2025/2/2 3:45,,,,,,,,,,,,,,,,,,,,,5
2025/2/2 4:00,,,,,,,,,,,,,,,,,,,,,5
2025/2/2 4:15,,,,,,,,,,,,,,,,,,,,,5
2025/2/2 4:30,,,,,,,,,,,,,,,,,,,,,5
2025/2/2 4:45,,,,,,,,,,,,,,,,,,,,,5
2025/2/2 5:00,,,,,,,,,,,,,,,,,,,,,5
2025/2/2 5:15,,,,,,,,,,,,,,,,,,,,,5
2025/2/2 5:30,,,,,,,,,,,,,,,,,,,,,5
2025/2/2 5:45,,,,,,,,,,,,,,,,,,,,,5
2025/2/2 6:00,,,,,,,,,,,,,,,,,,,,,5
2025/2/2 6:15,,,,,,,,,,,,,,,,,,,,,5
2025/2/2 6:30,,,,,,,,,,,,,,,,,,,,,5
2025/2/2 6:45,,,,,,,,,,,,,,,,,,,,,5
2025/2/2 7:00,,,,,,,,,,,,,,,,,,,,,5
2025/2/2 7:15,,,,,,,,,,,,,,,,,,,,,5
2025/2/2 7:30,,,,,,,,,,,,,,,,,,,,,5
2025/2/2 7:45,,,,,,,,,,,,,,,,,,,,,5
2025/2/2 8:00,,,,,,,,,,,,,,,,,,,,,5
2025/2/2 8:15,,,,,,,,,,,,,,,,,,,,,5
2025/2/2 8:30,,,,,,,,,,,,,,,,,,,,,5
2025/2/2 8:45,,,,,,,,,,,,,,,,,,,,,5
2025/2/2 9:00,,,,,,,,,,,,,,,,,,,,,5
2025/2/2 9:15,,,,,,,,,,,,,,,,,,,,,5
2025/2/2 9:30,,,,,,,,,,,,,,,,,,,,,5
2025/2/2 9:45,,,,,,,,,,,,,,,,,,,,,5
2025/2/2 10:00,,,,,,,,,,,,,,,,,,,,,5
2025/2/2 10:15,,,,,,,,,,,,,,,,,,,,,5
2025/2/2 10:30,,,,,,,,,,,,,,,,,,,,,5
2025/2/2 10:45,,,,,,,,,,,,,,,,,,,,,5
2025/2/2 11:00,,,,,,,,,,,,,,,,,,,,,5
2025/2/2 11:15,,,,,,,,,,,,,,,,,,,,,5
2025/2/2 11:30,,,,,,,,,,,,,,,,,,,,,5
2025/2/2 11:45,,,,,,,,,,,,,,,,,,,,,5
2025/2/2 12:00,,,,,,,,,,,,,,,,,,,,,5
2025/2/2 12:15,,,,,,,,,,,,,,,,,,,,,5
2025/2/2 12:30,,,,,,,,,,,,,,,,,,,,,5
2025/2/2 12:45,,,,,,,,,,,,,,,,,,,,,5
2025/2/2 13:00,,,,,,,,,,,,,,,,,,,,,5
2025/2/2 13:15,,,,,,,,,,,,,,,,,,,,,5
2025/2/2 13:30,,,,,,,,,,,,,,,,,,,,,5
2025/2/2 13:45,,,,,,,,,,,,,,,,,,,,,5
2025/2/2 14:00,,,,,,,,,,,,,,,,,,,,,5
2025/2/2 14:15,,,,,,,,,,,,,,,,,,,,,5
2025/2/2 14:30,,,,,,,,,,,,,,,,,,,,,5
2025/2/2 14:45,,,,,,,,,,,,,,,,,,,,,5
2025/2/2 15:00,,,,,,,,,,,,,,,,,,,,,5
2025/2/2 15:15,,,,,,,,,,,,,,,,,,,,,5
2025/2/2 15:30,,,,,,,,,,,,,,,,,,,,,5
2025/2/2 15:45,,,,,,,,,,,,,,,,,,,,,5
2025/2/2 16:00,,,,,,,,,,,,,,,,,,,,,5
2025/2/2 16:15,,,,,,,,,,,,,,,,,,,,,5
2025/2/2 16:30,,,,,,,,,,,,,,,,,,,,,5
2025/2/2 16:45,,,,,,,,,,,,,,,,,,,,,5
2025/2/2 17:00,,,,,,,,,,,,,,,,,,,,,5
2025/2/2 17:15,,,,,,,,,,,,,,,,,,,,,5
2025/2/2 17:30,,,,,,,,,,,,,,,,,,,,,5
2025/2/2 17:45,,,,,,,,,,,,,,,,,,,,,5
2025/2/2 18:00,,,,,,,,,,,,,,,,,,,,,5
2025/2/2 18:15,,,,,,,,,,,,,,,,,,,,,5
2025/2/2 18:30,,,,,,,,,,,,,,,,,,,,,5
2025/2/2 18:45,,,,,,,,,,,,,,,,,,,,,5
2025/2/2 19:00,,,,,,,,,,,,,,,,,,,,,5
2025/2/2 19:15,,,,,,,,,,,,,,,,,,,,,5
2025/2/2 19:30,,,,,,,,,,,,,,,,,,,,,5
2025/2/2 19:45,,,,,,,,,,,,,,,,,,,,,5
2025/2/2 20:00,,,,,,,,,,,,,,,,,,,,,5
2025/2/2 20:15,,,,,,,,,,,,,,,,,,,,,5
2025/2/2 20:30,,,,,,,,,,,,,,,,,,,,,5
2025/2/2 20:45,,,,,,,,,,,,,,,,,,,,,5
2025/2/2 21:00,,,,,,,,,,,,,,,,,,,,,5
2025/2/2 21:15,,,,,,,,,,,,,,,,,,,,,5
2025/2/2 21:30,,,,,,,,,,,,,,,,,,,,,5
2025/2/2 21:45,,,,,,,,,,,,,,,,,,,,,5
2025/2/2 22:00,,,,,,,,,,,,,,,,,,,,,5
2025/2/2 22:15,,,,,,,,,,,,,,,,,,,,,5
2025/2/2 22:30,,,,,,,,,,,,,,,,,,,,,5
2025/2/2 22:45,,,,,,,,,,,,,,,,,,,,,5
2025/2/2 23:00,,,,,,,,,,,,,,,,,,,,,5
2025/2/2 23:15,,,,,,,,,,,,,,,,,,,,,5
2025/2/2 23:30,,,,,,,,,,,,,,,,,,,,,5
2025/2/2 23:45,,,,,,,,,,,,,,,,,,,,,5
2025/2/3 0:00,,,,,,,,,,,,,,,,,,,,,5
2025/2/3 0:15,,,,,,,,,,,,,,,,,,,,,5
2025/2/3 0:30,,,,,,,,,,,,,,,,,,,,,5
2025/2/3 0:45,,,,,,,,,,,,,,,,,,,,,5
2025/2/3 1:00,,,,,,,,,,,,,,,,,,,,,5
2025/2/3 1:15,,,,,,,,,,,,,,,,,,,,,5
2025/2/3 1:30,,,,,,,,,,,,,,,,,,,,,5
2025/2/3 1:45,,,,,,,,,,,,,,,,,,,,,5
2025/2/3 2:00,,,,,,,,,,,,,,,,,,,,,5
2025/2/3 2:15,,,,,,,,,,,,,,,,,,,,,5
2025/2/3 2:30,,,,,,,,,,,,,,,,,,,,,5
2025/2/3 2:45,,,,,,,,,,,,,,,,,,,,,5
2025/2/3 3:00,,,,,,,,,,,,,,,,,,,,,5
2025/2/3 3:15,,,,,,,,,,,,,,,,,,,,,5
2025/2/3 3:30,,,,,,,,,,,,,,,,,,,,,5
2025/2/3 3:45,,,,,,,,,,,,,,,,,,,,,5
2025/2/3 4:00,,,,,,,,,,,,,,,,,,,,,5
2025/2/3 4:15,,,,,,,,,,,,,,,,,,,,,5
2025/2/3 4:30,,,,,,,,,,,,,,,,,,,,,5
2025/2/3 4:45,,,,,,,,,,,,,,,,,,,,,5
2025/2/3 5:00,,,,,,,,,,,,,,,,,,,,,5
2025/2/3 5:15,,,,,,,,,,,,,,,,,,,,,5
2025/2/3 5:30,,,,,,,,,,,,,,,,,,,,,5
2025/2/3 5:45,,,,,,,,,,,,,,,,,,,,,5
2025/2/3 6:00,,,,,,,,,,,,,,,,,,,,,5
2025/2/3 6:15,,,,,,,,,,,,,,,,,,,,,5
2025/2/3 6:30,,,,,,,,,,,,,,,,,,,,,5
2025/2/3 6:45,,,,,,,,,,,,,,,,,,,,,5
2025/2/3 7:00,,,,,,,,,,,,,,,,,,,,,5
2025/2/3 7:15,,,,,,,,,,,,,,,,,,,,,5
2025/2/3 7:30,,,,,,,,,,,,,,,,,,,,,5
2025/2/3 7:45,,,,,,,,,,,,,,,,,,,,,5
2025/2/3 8:00,,,,,,,,,,,,,,,,,,,,,5
2025/2/3 8:15,,,,,,,,,,,,,,,,,,,,,5
2025/2/3 8:30,,,,,,,,,,,,,,,,,,,,,5
2025/2/3 8:45,,,,,,,,,,,,,,,,,,,,,5
2025/2/3 9:00,,,,,,,,,,,,,,,,,,,,,5
2025/2/3 9:15,,,,,,,,,,,,,,,,,,,,,5
2025/2/3 9:30,,,,,,,,,,,,,,,,,,,,,5
2025/2/3 9:45,,,,,,,,,,,,,,,,,,,,,5
2025/2/3 10:00,,,,,,,,,,,,,,,,,,,,,5
2025/2/3 10:15,,,,,,,,,,,,,,,,,,,,,5
2025/2/3 10:30,,,,,,,,,,,,,,,,,,,,,5
2025/2/3 10:45,,,,,,,,,,,,,,,,,,,,,5
2025/2/3 11:00,,,,,,,,,,,,,,,,,,,,,5
2025/2/3 11:15,,,,,,,,,,,,,,,,,,,,,5
2025/2/3 11:30,,,,,,,,,,,,,,,,,,,,,5
2025/2/3 11:45,,,,,,,,,,,,,,,,,,,,,5
2025/2/3 12:00,,,,,,,,,,,,,,,,,,,,,5
2025/2/3 12:15,,,,,,,,,,,,,,,,,,,,,5
2025/2/3 12:30,,,,,,,,,,,,,,,,,,,,,5
2025/2/3 12:45,,,,,,,,,,,,,,,,,,,,,5
2025/2/3 13:00,,,,,,,,,,,,,,,,,,,,,5
2025/2/3 13:15,,,,,,,,,,,,,,,,,,,,,5
2025/2/3 13:30,,,,,,,,,,,,,,,,,,,,,5
2025/2/3 13:45,,,,,,,,,,,,,,,,,,,,,5
2025/2/3 14:00,,,,,,,,,,,,,,,,,,,,,5
2025/2/3 14:15,,,,,,,,,,,,,,,,,,,,,5
2025/2/3 14:30,,,,,,,,,,,,,,,,,,,,,5
2025/2/3 14:45,,,,,,,,,,,,,,,,,,,,,5
2025/2/3 15:00,,,,,,,,,,,,,,,,,,,,,5
2025/2/3 15:15,,,,,,,,,,,,,,,,,,,,,5
2025/2/3 21:15,0,1,1,71.8,52,0,1,1,69.8,1,1,0,42,73.8,70,71.4,100,2,80,60,
2025/2/3 21:30,0,1,1,71.8,52,0,1,1,69.9,1,1,0,41.33333333,73.7,70,71.4,100,2,80,60,5
2025/2/3 21:45,0,1,1,71.8,52,0,1,1,69.9,1,1,0,41.33333333,72.5,70,71.4,100,2,80,60,5
2025/2/3 22:00,0,1,1,71.8,52,0,1,1,69.9,1,1,0,42,71.83333333,70,71.4,100,2,80,60,5
2025/2/3 22:15,0,1,1,71.8,52,0,1,1,69.7,1,1,0,42,71.6,70,71.4,100,2,80,60,5
2025/2/3 22:30,0,1,1,71.8,52,0,1,1,69.7,1,1,0,42,71.4,70,71.4,100,2,80,60,5
2025/2/3 22:45,0,1,1,71.8,52,0,1,1,69.7,1,1,0,42,71.13333333,70,71.4,100,2,80,60,5
2025/2/3 23:00,0,1,1,71.8,52,0,1,1,69.7,1,1,0,42,70.96666667,70,71.4,100,2,80,60,5
2025/2/3 23:15,0,1,1,71.8,52,0,1,1,69.7,1,1,0,43,70.66666667,70,71.4,100,2,80,60,5
2025/2/3 23:30,0,1,1,71.8,52,0,1,1,69.7,1,1,0,43,70.43333333,70,71.2,100,2,80,60,5
2025/2/3 23:45,0,1,1,71.8,52,0,1,1,69.7,1,1,0,43.66666667,70.1,70,71.13333333,100,2,80,60,5
2025/2/4 0:00,0,1,1,71.8,52,0,1,1,69.6,1,1,0,44,69.66666667,70,71.1,100,2,80,60,5
2025/2/4 0:15,0,1,1,71.8,52,0,1,1,69.46666667,1,1,0,44.33333333,69.26666667,70,70.9,100,2,80,60,5
2025/2/4 0:30,0,1,1,71.8,52,0,1,1,69.4,1,1,0,45.33333333,68.93333333,70,70.9,100,2,80,60,5
2025/2/4 0:45,0,1,1,71.8,52,0,1,1,69.4,1,1,0,46,68.7,70,70.9,100,2,80,60,5
2025/2/4 1:00,0,1,1,71.8,52,0,1,1,69.4,1,1,0,46,68.7,70,70.9,100,2,80,60,5
2025/2/4 1:15,0,1,1,71.8,52,0,1,1,69.4,1,1,0,47,68.7,70,70.9,100,2,80,60,5
2025/2/4 1:30,0,1,1,71.8,52,0,1,1,69.4,1,1,0,48,68.7,70,70.9,100,2,80,60,5
2025/2/4 1:45,0,1,1,71.8,52,0,1,1,69.4,1,1,0,49.33333333,68.7,70,70.9,100,2,80,60,5
2025/2/4 2:00,0,1,1,71.8,52,0,1,1,69.4,1,1,0,50.33333333,68.7,70,70.9,100,2,80,60,5
2025/2/4 2:15,0,1,1,71.8,52,0,1,1,69.4,1,1,0,51,68.83333333,70,70.9,100,2,80,60,5
2025/2/4 2:30,0,1,1,71.8,52,0,1,1,69.4,1,1,0,51.66666667,68.9,70,70.9,100,2,80,60,5
2025/2/4 2:45,0,1,1,71.8,52,0,1,1,69.4,1,1,0,52.66666667,69.1,70,70.9,100,2,80,60,5
2025/2/4 3:00,0,1,1,71.8,52,0,1,1,69.4,1,1,0,53,69.4,70,70.9,100,2,80,60,5
2025/2/4 3:15,0,1,1,71.8,52,0,1,1,69.4,1,1,0,53.66666667,69.4,70,70.9,100,2,80,60,5
2025/2/4 3:30,0,1,1,71.8,52,0,1,1,69.46666667,1,1,0,54,69.4,70,71.1,100,2,80,60,5
2025/2/4 3:45,0,1,1,71.8,52,0,1,1,69.6,1,1,0,55,69.4,70,71.2,100,2,80,60,5
2025/2/4 4:00,0,1,1,71.8,52,0,1,1,69.6,1,1,0,55,69.06666667,70,71.2,100,2,80,60,5
2025/2/4 4:15,0,1,1,71.8,52,0,1,1,69.6,1,1,0,57,67.83333333,70,71.2,100,2,80,60,5
2025/2/4 4:30,0,1,1,71.8,52,0,1,1,69.46666667,1,1,0,58.33333333,66.7,70,71.2,100,2,80,60,5
2025/2/4 4:45,0,1,1,71.8,52,0,1,1,69.33333333,1,1,0,59,65.8,70,71.2,100,2,80,60,5
2025/2/4 5:00,0,1,1,71.8,52,0,1,1,69.1,1,1,0,60,65.26666667,70,71.2,100,2,80,60,5
2025/2/4 5:15,0,1,1,71.8,52,0,1,1,68.96666667,1,1,0,60,65,70,71.2,100,2,80,60,5
2025/2/4 5:30,0,1,1,71.8,52,0,1,1,68.86666667,1,1,0,61,64.6,70,71.1,100,2,80,60,5
2025/2/4 5:45,0,1,1,71.8,52,0,1,1,68.8,1,1,0,61.66666667,63.83333333,70,71.1,100,2,80,60,5
2025/2/4 6:00,0,1,1,71.8,52,0,1,1,68.8,1,1,0,62,64,70,71.1,100,2,80,60,5
2025/2/4 6:15,0,1,1,71.8,52,0,1,1,68.66666667,1,1,0,62,64,70,71.1,100,2,80,60,5
2025/2/4 6:30,0,1,1,71.8,52,0,1,1,68.56666667,1,1,0,63,63.8,70,71.1,100,2,80,60,5
2025/2/4 6:45,0,1,1,71.8,52,0,1,1,68.5,1,1,0,63,63.33333333,70,71.03333333,100,2,80,60,5
2025/2/4 7:00,0,1,1,71.8,52,0,1,1,68.5,1,1,1.333333333,63.66666667,63,70,70.9,100,2,80,60,5
2025/2/4 7:15,0,1,1,71.8,52,0,1,1,68.3,1,1,0,64.33333333,63.23333333,70,70.9,100,2,80,60,5
2025/2/4 7:30,0,1,1,71.8,52,0,1,1,68.43333333,1,1,0,66,64,70,70.9,100,2,80,60,5
2025/2/4 7:45,0,1,1,71.8,52,0,1,1,68.5,1,1,0,66,64.43333333,70,70.9,100,2,80,60,5
2025/2/4 8:00,0,1,1,71.8,52,0,1,1,68.56666667,1,1,0,66.66666667,63.33333333,70,70.9,100,2,80,60,5
2025/2/4 8:15,0,1,1,71.8,52,0,1,1,68.6,1,1,0,67,62.63333333,70,70.9,100,2,80,60,5
2025/2/4 8:30,0,1,1,71.8,52,0,1,1,68.6,1,1,0,67,62.63333333,70,70.9,100,2,80,60,5
2025/2/4 8:45,0,1,1,71.8,52,0,1,1,68.6,1,1,0,66.66666667,63.26666667,70,70.9,100,2,80,60,5
2025/2/4 9:00,0,1,1,71.8,52,0,1,1,68.6,1,1,3,66,63.06666667,70,70.9,100,2,80,60,5
2025/2/4 9:15,0,1,1,71.8,52,0,1,1,68.6,1,1,0,66,62.4,70,70.9,100,2,80,60,5
2025/2/4 9:30,0,1,1,71.8,52,0,1,1,68.6,1,1,0,66,62.6,70,70.9,100,2,80,60,5
2025/2/4 9:45,0,1,1,71.8,52,0,1,1,68.56666667,1,1,0,65,62.43333333,70,70.9,100,2,80,60,5
2025/2/4 10:00,0,1,1,71.8,52,0,1,1,68.36666667,1,1,0,59.66666667,61.26666667,70,70.9,100,2,80,60,5
2025/2/4 10:15,0,1,1,71.8,52,0,1,1,68.1,1,1,0,58,58.93333333,70,70.86666667,100,2,80,60,5
2025/2/4 10:30,0,1,1,71.8,52,0,1,1,67.7,1,1,0,57,57.76666667,70,70.8,100,2,80,60,5
2025/2/4 10:45,0,1,1,71.8,52,0,1,1,67.63333333,1,1,0,57.33333333,56.86666667,70,70.8,100,2,80,60,5
2025/2/4 11:00,0,1,1,71.8,52,0,1,1,67.43333333,1,1,0,58,56.13333333,70,70.66666667,100,2,80,60,5
2025/2/4 11:15,0,1,1,71.8,52,0,1,1,67.2,1,1,0,59,55.2,70,70.5,100,2,80,60,5
2025/2/4 11:30,0,1,1,71.8,52,0,1,1,66.93333333,1,1,0,59,54.1,70,70.43333333,100,2,80,60,5
2025/2/4 11:45,0,1,1,71.8,52,0,1,1,66.9,1,1,0,59,54,70,70.3,100,2,80,60,5
2025/2/4 12:00,0,1,1,71.8,52,0,1,1,66.9,1,1,0,59,53.63333333,70,70.3,100,2,80,60,5
2025/2/4 12:15,0,1,1,71.8,52,0,1,1,66.66666667,1,1,0,59,52.7,70,70.3,100,2,80,60,5
2025/2/4 12:30,0,1,1,71.8,52,0,1,1,66.46666667,1,1,0,59,52.03333333,70,70.1,100,2,80,60,5
2025/2/4 12:45,0,1,1,71.8,52,0,1,1,66.4,1,1,0,59,51.56666667,70,70.1,100,2,80,60,5
2025/2/4 13:00,0,1,1,71.8,52,0,1,1,66.4,1,1,0,59,51.5,70,70.1,100,2,80,60,5
2025/2/4 13:15,0,1,1,71.8,52,0,1,1,66.2,1,1,0,59,52.06666667,70,70.1,100,2,80,60,5
2025/2/4 13:30,0,1,1,71.8,52,0,1,1,66.16666667,1,1,0,58.33333333,51.8,70,70.1,100,2,80,60,5
2025/2/4 13:45,0,1,1,71.8,52,0,1,1,66.1,1,1,0,58.66666667,50.73333333,70,70.1,100,2,80,60,5
2025/2/4 14:00,0,1,1,71.8,52,0,1,1,66.1,1,1,0,58,50.83333333,70,70.16666667,100,2,80,60,5
2025/2/4 14:15,0,1,1,71.8,52,0,1,1,65.96666667,1,1,0,57,50.36666667,70,70.3,100,2,80,60,5
2025/2/4 14:30,0,1,1,71.8,52,0,1,1,65.9,1,1,0,56,50.3,70,70.3,100,2,80,60,5
2025/2/4 14:45,0,1,1,71.8,52,0,1,1,65.9,1,1,0,55,50.06666667,70,70.1,100,2,80,60,5
2025/2/4 15:00,0,1,1,71.8,52,0,1,1,65.83333333,1,1,0,55.66666667,49.43333333,70,70.1,100,2,80,60,5
2025/2/4 15:15,0,1,1,71.8,52,0,1,1,65.8,1,1,0,56,49.43333333,70,70.1,100,2,80,60,5
2025/2/4 15:30,0,1,1,71.8,52,0,1,1,65.73333333,1,1,0,56,49.53333333,70,70.1,100,2,80,60,5
2025/2/4 15:45,0,1,1,71.8,52,0,1,1,65.6,1,1,0,56,49.33333333,70,70.3,100,2,80,60,5
2025/2/4 16:00,0,1,1,71.8,52,0,1,1,65.6,1,1,0,55.33333333,50.16666667,70,70.3,100,2,80,60,5
2025/2/4 16:15,0,1,1,71.8,52,0,1,1,65.6,1,1,0,54.66666667,50.33333333,70,70.16666667,100,2,80,60,5
2025/2/4 16:30,0,1,1,71.8,52,0,1,1,65.6,1,1,0,54,51,70,70.1,100,2,80,60,5
2025/2/4 16:45,0,1,1,71.8,52,0,1,1,65.6,1,1,0,53.33333333,51.1,70,70.23333333,100,2,80,60,5
2025/2/4 17:00,0,1,1,71.8,52,0,1,1,65.66666667,1,1,0,53,52.43333333,70,70.3,100,2,80,60,5
2025/2/4 17:15,0,1,1,71.8,52,0,1,1,65.86666667,1,1,0,52,53.4,70,70.3,100,2,80,60,5
2025/2/4 17:30,0,1,1,71.8,52,0,1,1,65.9,1,1,0,51.33333333,54.13333333,70,70.3,100,2,80,60,5
2025/2/4 17:45,0,1,1,71.8,52,0,1,1,66.03333333,1,1,0,51,55.66666667,70,70.3,100,2,80,60,5
2025/2/4 18:00,0,1,1,71.8,52,0,1,1,66.13333333,1,1,0,50.33333333,55.93333333,70,70.36666667,100,2,80,60,5
2025/2/4 18:15,0,1,1,71.8,52,0,1,1,65.96666667,1,1,0,51,55.4,70,70.53333333,100,2,80,60,5
2025/2/4 18:30,0,1,1,71.8,52,0,1,1,66.33333333,1,1,0,50.33333333,56.56666667,70,70.96666667,100,2,80,60,5
2025/2/4 18:45,0,1,1,71.8,52,0,1,1,66.53333333,1,1,0,49.33333333,56.96666667,70,71.1,100,2,80,60,5
2025/2/4 19:00,0,1,1,71.8,52,0,1,1,66.46666667,1,1,0,49,56.63333333,70,71.03333333,100,2,80,60,5
2025/2/4 19:15,0,1,1,71.8,52,0,1,1,66.4,1,1,0,50.33333333,57.36666667,70,70.83333333,100,2,80,60,5
2025/2/4 19:30,0,1,1,71.8,52,0,1,1,66.2,1,1,0,49,56.56666667,70,70.8,100,2,80,60,5
2025/2/4 19:45,0,1,1,71.8,52,0,1,1,66.26666667,1,1,0,48.66666667,56.7,70,70.66666667,100,2,80,60,5
2025/2/4 20:00,0,1,1,71.8,52,0,1,1,67.1,1,1,0,48,59.26666667,70,70.6,100,2,80,60,5
2025/2/4 20:15,0,1,1,71.8,52,0,1,1,67.13333333,1,1,0,47.66666667,60,70,70.66666667,100,2,80,60,5
2025/2/4 20:30,0,1,1,71.8,52,0,1,1,66.9,1,1,0,48,59.26666667,70,70.8,100,2,80,60,5
2025/2/4 20:45,0,1,1,71.8,52,0,1,1,66.86666667,1,1,0,47,58.43333333,70,70.8,100,2,80,60,5
2025/2/4 21:00,0,1,1,71.8,52,0,1,1,66.66666667,1,1,0,47,58.16666667,70,70.8,100,2,80,60,5
2025/2/4 21:15,0,1,1,71.8,52,0,1,1,66.83333333,1,1,0,47,58.36666667,70,70.66666667,100,2,80,60,5
2025/2/4 21:30,0,1,1,71.8,52,0,1,1,66.66666667,1,1,0,47,58.63333333,70,70.43333333,100,2,80,60,5
2025/2/4 21:45,0,1,1,71.8,52,0,1,1,66.46666667,1,1,0,46,57.2,70,70.16666667,100,2,80,60,5
2025/2/4 22:00,0,1,1,71.8,52,0,1,1,66.26666667,1,1,0,46,56.53333333,70,70.06666667,100,2,80,60,5
2025/2/4 22:15,0,1,1,71.8,52,0,1,1,66.2,1,1,0,46,55.93333333,70,70,100,2,80,60,5
2025/2/4 22:30,0,1,1,71.8,52,0,1,1,66.13333333,1,1,0,45,55.66666667,70,69.86666667,100,2,80,60,5
2025/2/4 22:45,0,1,1,71.8,52,0,1,1,66.1,1,1,0,45,54.63333333,70,69.8,100,2,80,60,5
2025/2/4 23:00,0,1,1,71.8,52,0,1,1,66.1,1,1,0,45,54.03333333,70,69.8,100,2,80,60,5
2025/2/4 23:15,0,1,1,71.8,52,0,1,1,65.9,1,1,0,45,53.53333333,70,69.8,100,2,80,60,5
2025/2/4 23:30,0,1,1,71.8,52,0,1,1,65.9,1,1,0,45,53.23333333,70,69.7,100,2,80,60,5
2025/2/4 23:45,0,1,1,71.8,52,0,1,1,65.8,1,1,0,45,52.4,70,69.7,100,2,80,60,5
2025/2/5 0:00,0,1,1,71.8,52,0,1,1,65.8,1,1,0,45,52.43333333,70,69.5,100,2,80,60,5
2025/2/5 0:15,0,1,1,71.8,52,0,1,1,65.66666667,1,1,0,45,52.06666667,70,69.5,100,2,80,60,5
2025/2/5 0:30,0,1,1,71.8,52,0,1,1,65.53333333,1,1,0,45,51.56666667,70,69.5,100,2,80,60,5
2025/2/5 0:45,0,1,1,71.8,52,0,1,1,65.33333333,1,1,0,45,51.6,70,69.26666667,100,2,80,60,5
2025/2/5 1:00,0,1,1,71.8,52,0,1,1,65.3,1,1,0,46,51.33333333,70,69.2,100,2,80,60,5
2025/2/5 1:15,0,1,1,71.8,52,0,1,1,65.1,1,1,0,46,51.26666667,70,69.2,100,2,80,60,5
2025/2/5 1:30,0,1,1,71.8,52,0,1,1,65.1,1,1,0,46,51,70,69,100,2,80,60,5
2025/2/5 1:45,0,1,1,71.8,52,0,1,1,65.03333333,1,1,0,46,50.86666667,70,68.93333333,100,2,80,60,5
2025/2/5 2:00,0,1,1,71.8,52,0,1,1,65,1,1,0,46,51.2,70,68.9,100,2,80,60,5
2025/2/5 2:15,0,1,1,71.8,52,0,1,1,65,1,1,0,46,51.23333333,70,68.9,100,2,80,60,5
2025/2/5 2:30,0,1,1,71.8,52,0,1,1,64.93333333,1,1,0,46,51.3,70,68.9,100,2,80,60,5
2025/2/5 2:45,0,1,1,71.8,52,0,1,1,64.6,1,1,0,46,51.23333333,70,68.76666667,100,2,80,60,5
2025/2/5 3:00,0,1,1,71.8,52,0,1,1,64.6,1,1,0,46,50.9,70,68.7,100,2,80,60,5
2025/2/5 3:15,0,1,1,71.8,52,0,1,1,64.53333333,1,1,0,47.33333333,50.8,70,68.6,100,2,80,60,5
2025/2/5 3:30,0,1,1,71.8,52,0,1,1,64.5,1,1,0,48.66666667,50.5,70,68.6,100,2,80,60,5
2025/2/5 3:45,0,1,1,71.8,52,0,1,1,64.5,1,1,0,49,50.2,70,68.6,100,2,80,60,5
2025/2/5 4:00,0,1,1,71.8,52,0,1,1,64.5,1,1,0,48.33333333,50.26666667,70,68.6,100,2,80,60,5
2025/2/5 4:15,0,1,1,71.8,52,0,1,1,64.5,1,1,0,47,50.43333333,70,68.6,100,2,80,60,5
2025/2/5 4:30,0,1,1,71.8,52,0,1,1,64.5,1,1,0,46,50.2,70,68.6,100,2,80,60,5
2025/2/5 4:45,0,1,1,71.8,52,0,1,1,64.5,1,1,0,46,49.66666667,70,68.6,100,2,80,60,5
2025/2/5 5:00,0,1,1,71.8,52,0,1,1,64.36666667,1,1,0,46.66666667,49.76666667,70,68.6,100,2,80,60,5
2025/2/5 5:15,0,1,1,71.8,52,0,1,1,64.3,1,1,0,47,50.16666667,70,68.53333333,100,2,80,60,5
2025/2/5 5:30,0,1,1,71.8,52,0,1,1,64.3,1,1,0,47,50.5,70,68.4,100,2,80,60,5
2025/2/5 5:45,0,1,1,71.8,52,0,1,1,64.3,1,1,0,47,50.26666667,70,68.4,100,2,80,60,5
2025/2/5 6:00,0,1,1,71.8,52,0,1,1,64.3,1,1,0,47,50.3,70,68.4,100,2,80,60,5
2025/2/5 6:15,0,1,1,71.8,52,0,1,1,64.23333333,1,1,0,47,50.6,70,68.4,100,2,80,60,5
2025/2/5 6:30,0,1,1,71.8,52,0,1,1,64.2,1,1,0,47,50.36666667,70,68.33333333,100,2,80,60,5
2025/2/5 6:45,0,1,1,71.8,52,0,1,1,64.06666667,1,1,0,47,49.86666667,70,68.3,100,2,80,60,5
2025/2/5 7:00,0,1,1,71.8,52,0,1,1,64,1,1,0,48,49.73333333,70,68.3,100,2,80,60,5
2025/2/5 7:15,0,1,1,71.8,52,0,1,1,64,1,1,0,48,49.93333333,70,68.3,100,2,80,60,5
2025/2/5 7:30,0,1,1,68.2,52,0,1,1,63.86666667,1,1,0,48,49.83333333,70,68.1,100,2,80,60,5
2025/2/5 7:45,0,1,1,68.2,52,0,1,1,63.8,1,1,0,48,49.9,70,68.1,100,2,80,60,5
2025/2/5 8:00,0,1,1,68.2,52,16.66666667,1.333333333,1,64.73333333,1,1,0,48,50.1,70,69.83333333,100,2,80,60,5
2025/2/5 8:15,0,1,1,68.2,52,0,1,1,64.53333333,1,1,0,48.66666667,50.5,70,69.13333333,100,2,80,60,5
2025/2/5 8:30,0,1,1,68.2,52,0,1,1,64.2,1,1,0,49.33333333,49.4,70,68.63333333,100,2,80,60,5
2025/2/5 8:45,0,1,1,68.2,52,0,1,1,64,1,1,0,50.66666667,48.5,70,68.53333333,100,2,80,60,5
2025/2/5 9:00,0,1,1,68.2,52,0,1,1,64,1,1,0,50,49,70,68.33333333,100,2,80,60,5
2025/2/5 9:15,0,1,1,68.2,52,0,1,1,63.93333333,1,1,0,47.66666667,49.93333333,70,68.23333333,100,2,80,60,5
2025/2/5 9:30,0,1,1,68.2,52,0,1,1,63.8,1,1,0,47,49.7,70,68.1,100,2,80,60,5
2025/2/5 9:45,0,1,1,68.2,52,0,1,1,63.73333333,1,1,0,47,49.56666667,70,67.96666667,100,2,80,60,5
2025/2/5 10:00,0,1,1,68.2,52,0,1,1,63.7,1,1,0,47,49.23333333,70,67.9,100,2,80,60,5
2025/2/5 10:15,0,1,1,68.2,52,0,1,1,63.5,1,1,0,47,49.23333333,70,67.83333333,100,2,80,60,5
2025/2/5 10:30,0,1,1,68.2,52,0,1,1,63.43333333,1,1,0,47,48.66666667,70,67.8,100,2,80,60,5
2025/2/5 10:45,0,1,1,68.2,52,0,1,1,63.4,1,1,0,46.66666667,49.56666667,70,67.8,100,2,80,60,5
2025/2/5 11:00,0,1,1,68.2,52,0,1,1,63.4,1,1,0,46,49.3,70,67.8,100,2,80,60,5
2025/2/5 11:15,0,1,1,68.2,52,0,1,1,64.46666667,1,1,0,46,49.9,70,69.9,100,2,80,60,5
2025/2/5 11:30,0,1,1,68.2,52,0,1,1,63.83333333,1,1,0,46,50.33333333,70,68.6,100,2,80,60,5
2025/2/5 11:45,0,1,1,68.2,52,0,1,1,63.56666667,1,1,0,46,49.1,70,68.1,100,2,80,60,5
2025/2/5 12:00,0,1,1,68.2,52,0,1,1,63.43333333,1,1,0,46,49.2,70,67.86666667,100,2,80,60,5
2025/2/5 12:15,0,1,1,68.2,52,16.66666667,1.333333333,1,63.6,1,1,0,46.33333333,47.33333333,70,68.2,100,2,80,60,5
2025/2/5 12:30,0,1,1,68.2,52,0,1,1,64.13333333,1,1,0,48,48.96666667,70,69.53333333,100,2,80,60,5
2025/2/5 12:45,0,1,1,68.2,52,0,1,1,63.53333333,1,1,0,47.66666667,48.56666667,70,68.33333333,100,2,80,60,5
2025/2/5 13:00,0,1,1,68.2,52,0,1,1,63.33333333,1,1,0,47,47.9,70,68.1,100,2,80,60,5
2025/2/5 13:15,0,1,1,68.2,52,0,1,1,63.2,1,1,0,47.66666667,47.33333333,70,67.8,100,2,80,60,5
2025/2/5 13:30,0,1,1,68.2,52,0,1,1,64.03333333,1,1,0,48,47.3,70,69.36666667,100,2,80,60,5
2025/2/5 13:45,0,1,1,68.2,52,0,1,1,63.9,1,1,0,47.33333333,48.46666667,70,69,100,2,80,60,5
2025/2/5 14:00,0,1,1,68.2,52,0,1,1,63.4,1,1,0,47.66666667,47.13333333,70,68.33333333,100,2,80,60,5
2025/2/5 14:15,0,1,1,68.2,52,0,1,1,63.2,1,1,0,48,47.96666667,70,68.1,100,2,80,60,5
2025/2/5 14:30,0,1,1,68.2,52,0,1,1,63.06666667,1,1,0,48,48.1,70,68.1,100,2,80,60,5
2025/2/5 14:45,0,1,1,68.2,52,0,1,1,63,1,1,0,48.66666667,48,70,67.8,100,2,80,60,5
2025/2/5 15:00,0,1,1,68.2,52,16.66666667,1.333333333,1,63.8,1,1,0,48,49.06666667,70,69.4,100,2,80,60,5
2025/2/5 15:15,0,1,1,68.2,52,0,1,1,63.66666667,1,1,0,47.66666667,50.23333333,70,68.66666667,100,2,80,60,5
2025/2/5 15:30,0,1,1,68.2,52,0,1,1,63.26666667,1,1,0,47.66666667,49.06666667,70,68.3,100,2,80,60,5
2025/2/5 15:45,0,1,1,68.2,52,0,1,1,63.26666667,1,1,0,49,48.76666667,70,68.4,100,2,80,60,5
2025/2/5 16:00,0,1,1,68.2,52,0,1,1,63.4,1,1,0,48.66666667,48.5,70,68.16666667,100,2,80,60,5
2025/2/5 16:15,0,1,1,68.2,52,0,1,1,63.4,1,1,0,48.66666667,48.86666667,70,67.9,100,2,80,60,5
2025/2/5 16:30,0,1,1,68.2,52,0,1,1,63.2,1,1,0,48,49.46666667,70,67.8,100,2,80,60,5
2025/2/5 16:45,0,1,1,68.2,52,0,1,1,63.26666667,1,1,0,49,49.23333333,70,67.9,100,2,80,60,5
2025/2/5 17:00,0,1,1,68.2,52,0,1,1,63.4,1,1,0,47.33333333,50.06666667,70,68.1,100,2,80,60,5
2025/2/5 17:15,0,1,1,68.2,52,0,1,1,63.43333333,1,1,0,47.66666667,49.96666667,70,68.1,100,2,80,60,5
2025/2/5 17:30,0,1,1,68.2,52,0,1.333333333,1,63.46666667,1,1,0,49,49.7,70,67.96666667,100,2,80,60,5
2025/2/5 17:45,0,1,1,68.2,52,0,1,1,64.43333333,1,1,0,48.66666667,51.46666667,70,69.73333333,100,2,80,60,5
2025/2/5 18:00,0,1,1,68.2,52,0,1,1,63.73333333,1,1,0,51,50.26666667,70,68.63333333,100,2,80,60,5
2025/2/5 18:15,0,1,1,68.2,52,0,1,1,63.53333333,1,1,0,51.66666667,49.4,70,68.4,100,2,80,60,5
2025/2/5 18:30,0,1,1,68.2,52,0,1,1,63.43333333,1,1,0,51.33333333,50,70,68.4,100,2,80,60,5
2025/2/5 18:45,0,1,1,68.2,52,0,1,1,63.7,1,1,0,52,49.73333333,70,68.53333333,100,2,80,60,5
2025/2/5 19:00,0,1,1,68.2,52,0,1,1,63.7,1,1,0,53,49.56666667,70,68.4,100,2,80,60,5
2025/2/5 19:15,0,1,1,68.2,52,0,1,1,63.56666667,1,1,0,53,49.43333333,70,68.3,100,2,80,60,5
2025/2/5 19:30,0,1,1,68.2,52,0,1,1,63.43333333,1,1,0,52.66666667,49.66666667,70,67.86666667,100,2,80,60,5
2025/2/5 19:45,0,1,1,68.2,52,0,1,1,63.4,1,1,0,53.66666667,49.43333333,70,67.8,100,2,80,60,5
2025/2/5 20:00,0,1,1,68.2,52,0,1,1,63.26666667,1,1,0,55.66666667,48.56666667,70,67.8,100,2,80,60,5
2025/2/5 20:15,0,1,1,68.2,52,0,1,1,63,1,1,0,58.5,47.1,70,67.8,100,2,80,60,5
2025/2/5 20:30,0,1,1,68.2,52,0,1,1,63,1,1,0,59,47.76666667,70,67.8,100,2,80,60,5
2025/2/5 20:45,0,1,1,68.2,52,0,1,1,63,1,1,0,62,46.03333333,70,67.8,100,2,80,60,5
2025/2/5 21:00,0,1,1,68.2,52,16.66666667,1.333333333,1,63.36666667,1,1,0,60.33333333,47.2,70,68.73333333,100,2,80,60,5
2025/2/5 21:15,0,1,1,68.2,52,0,1,1,63.7,1,1,0,62,48.63333333,70,69.2,100,2,80,60,5
2025/2/5 21:30,0,1,1,68.2,52,0,1,1,63.2,1,1,0,60,48.4,70,68.1,100,2,80,60,5
2025/2/5 21:45,0,1,1,68.2,52,0,1,1,63.16666667,1,1,0,60.33333333,46.8,70,67.9,100,2,80,60,5
2025/2/5 22:00,0,1,1,68.2,52,0,1,1,63.83333333,1,1,0,61.33333333,47.36666667,70,69.56666667,100,2,80,60,5
2025/2/5 22:15,0,1,1,68.2,52,0,1,1,63.06666667,1,1,0,64.33333333,47.2,70,68.13333333,100,2,80,60,5
2025/2/5 22:30,0,1,1,68.2,52,0,1,1,62.96666667,1,1,0,62.33333333,46.4,70,67.83333333,100,2,80,60,5
2025/2/5 22:45,0,1,1,68.2,52,16.66666667,1.333333333,1,63.66666667,1,1,0,62.33333333,46.6,70,69.46666667,100,2,80,60,5
2025/2/5 23:00,0,1,1,68.2,52,0,1,1,63.36666667,1,1,0,63,46.96666667,70,68.53333333,100,2,80,60,5
2025/2/5 23:15,0,1,1,68.2,52,0,1,1,63.06666667,1,1,0,62,46.3,70,67.83333333,100,2,80,60,5
2025/2/5 23:30,0,1,1,68.2,52,0,1,1,63.96666667,1,1,0,62.33333333,47.5,70,69.7,100,2,80,60,5
2025/2/5 23:45,0,1,1,68.2,52,0,1,1,63.2,1,1,0,62,47.63333333,70,68.36666667,100,2,80,60,5
2025/2/6 0:00,0,1,1,68.2,52,0,1,1,63,1,1,0,62.33333333,46.9,70,67.83333333,100,2,80,60,5
2025/2/6 0:15,0,1,1,68.2,52,0,1,1,64.3,1,1,0,62,47.56666667,70,70.03333333,100,2,80,60,5
2025/2/6 0:30,0,1,1,68.2,52,0,1,1,63.53333333,1,1,0,61.33333333,47.9,70,68.6,100,2,80,60,5
2025/2/6 0:45,0,1,1,68.2,52,0,1,1,63.06666667,1,1,0,62,47,70,67.93333333,100,2,80,60,5
2025/2/6 1:00,0,1,1,68.2,52,16.66666667,1.333333333,1,63.16666667,1,1,0,65.33333333,46.36666667,70,68,100,2,80,60,5
2025/2/6 1:15,0,1,1,68.2,52,0,1,1,63.9,1,1,0,65.66666667,47.96666667,70,69.56666667,100,2,80,60,5
2025/2/6 1:30,0,1,1,68.2,52,0,1,1,63.13333333,1,1,0,64.66666667,47.33333333,70,68.13333333,100,2,80,60,5
2025/2/6 1:45,0,1,1,68.2,52,16.66666667,1.333333333,1,63.2,1,1,0,66.33333333,46.7,70,68.46666667,100,2,80,60,5
2025/2/6 2:00,0,1,1,68.2,52,0,1,1,63.63333333,1,1,0,67.33333333,47.3,70,69.33333333,100,2,80,60,5
2025/2/6 2:15,0,1,1,68.2,52,16.66666667,1,1,63,1,1,0,66.66666667,47.3,70,67.93333333,100,2,80,60,5
2025/2/6 2:30,0,1,1,68.2,52,0,1,1,64.03333333,1,1,0,64,48.9,70,70.03333333,100,2,80,60,1
2025/2/6 2:45,0,1,1,68.2,52,0,1,1,63.26666667,1,1,0,64,48.46666667,70,68.13333333,100,2,80,60,5
2025/2/6 3:00,0,1,1,68.2,52,0,1,1,63.73333333,1,1,0,64,48.33333333,70,69.26666667,100,2,80,60,5
2025/2/6 3:15,0,1,1,68.2,52,0,1,1,63.63333333,1,1,0,63.66666667,49.33333333,70,68.83333333,100,2,80,60,5
2025/2/6 3:30,0,1,1,68.2,52,0,1,1,63.2,1,1,0,63.66666667,49,70,67.93333333,100,2,80,60,5
2025/2/6 3:45,0,1,1,68.2,52,16.66666667,1.333333333,1,63.8,1,1,0,64,49,70,69.56666667,100,2,80,60,5
2025/2/6 4:00,0,1,1,68.2,52,0,1,1,63.5,1,1,0,63.66666667,48.43333333,70,68.53333333,100,2,80,60,5
2025/2/6 4:15,0,1,1,68.2,52,0,1,1,63.06666667,1,1,0,63.66666667,48.06666667,70,67.93333333,100,2,80,60,5
2025/2/6 4:30,0,1,1,68.2,52,16.66666667,1.333333333,1,63.8,1,1,0,65,48.26666667,70,69.7,100,2,80,60,5
2025/2/6 4:45,0,1,1,68.2,52,0,1,1,63.53333333,1,1,0,64.66666667,49.2,70,68.46666667,100,2,80,60,5
2025/2/6 5:00,0,1,1,68.2,52,16.66666667,1.333333333,1,63.3,1,1,0,64.33333333,49,70,67.86666667,100,2,80,60,5
2025/2/6 5:15,0,1,1,68.2,52,0,1,1,64.06666667,1,1,0,63.33333333,50.2,70,69.66666667,100,2,80,60,1
2025/2/6 5:30,0,1,1,68.2,52,0,1,1,63.4,1,1,0,64.66666667,49.83333333,70,68.13333333,100,2,80,60,5
2025/2/6 5:45,0,1,1,68.2,52,16.66666667,1.333333333,1,63.26666667,1,1,0,65.66666667,49.5,70,67.76666667,100,2,80,60,5
2025/2/6 6:00,0,1,1,68.2,52,0,1,1,63.93333333,1,1,0,66.66666667,50.1,70,69.56666667,100,2,80,60,1
2025/2/6 6:15,0,1,1,68.2,52,0,1,1,63.2,1,1,0,68,49.3,70,68.03333333,100,2,80,60,5
2025/2/6 6:30,0,1,1,68.2,52,0,1,1,63.66666667,1,1,0,68.33333333,48.6,70,69.2,100,2,80,60,5
2025/2/6 6:45,0,1,1,68.2,52,0,1,1,63.53333333,1,1,0,70,48.06666667,70,68.86666667,100,2,80,60,5
2025/2/6 7:00,0,1,1,68.2,52,16.66666667,1.333333333,1,63,1,1,0,71.66666667,47.6,70,67.83333333,100,2,80,60,5
2025/2/6 7:15,0,1,1,68.2,52,0,1,1,63.83333333,1,1,0,71,49.4,70,69.63333333,100,2,80,60,1
2025/2/6 7:30,0,1,1,68.2,52,0,1,1,63.33333333,1,1,0,71,49.5,70,68.03333333,100,2,80,60,5
2025/2/6 7:45,0,1,1,68.2,52,16.66666667,1.333333333,1,64.13333333,1,1,0,71.33333333,50.4,70,69.66666667,100,2,80,60,5
2025/2/6 8:00,0,1,1,68.2,52,0,1,1,63.73333333,1,1,0,71.33333333,51.53333333,70,68.56666667,100,2,80,60,5
2025/2/6 8:15,0,1,1,68.2,52,0,1,1,63.46666667,1,1,0,70.66666667,51.73333333,70,67.83333333,100,2,80,60,5
2025/2/6 8:30,0,1,1,68.2,52,0,1,1,64.53333333,1,1,0,70.33333333,52.83333333,70,69.7,100,2,80,60,5
2025/2/6 8:45,0,1,1,68.2,52,0,1,1,65.16666667,1,1,0,77,58.03333333,70,68.66666667,100,2,80,60,5
2025/2/6 9:00,0,1,1,68.2,52,0,1,1,65.66666667,1,1,0,78,61.46666667,70,68.33333333,100,2,80,60,5
2025/2/6 9:15,0,1,1,68.2,52,0,1,1,65.9,1,1,0,78,62.13333333,70,68.3,100,2,80,60,5
2025/2/6 9:30,0,1,1,68.2,52,0,1,1,65.9,1,1,0,76.66666667,61.73333333,70,68.3,100,2,80,60,5
2025/2/6 9:45,0,1,1,68.2,52,0,1,1,65.9,1,1,0,76,61.53333333,70,68.1,100,2,80,60,5
2025/2/6 10:00,0,1,1,68.2,52,0,1,1,65.9,1,1,0,76,61.6,70,68.1,100,2,80,60,5
2025/2/6 10:15,0,1,1,68.2,52,0,1,1,65.9,1,1,0,75,61.6,70,68.1,100,2,80,60,5
2025/2/6 10:30,0,1,1,68.2,52,0,1,1,65.83333333,1,1,0,75,61.6,70,68.1,100,2,80,60,5
2025/2/6 10:45,0,1,1,68.2,52,0,1,1,65.8,1,1,0,75,62,70,68.03333333,100,2,80,60,5
2025/2/6 11:00,0,1,1,68.2,52,0,1,1,65.8,1,1,0,75,62,70,67.9,100,2,80,60,5
2025/2/6 11:15,0,1,1,68.2,52,0,1,1,65.8,1,1,0,75,61.7,70,67.9,100,2,80,60,5
2025/2/6 11:30,0,1,1,68.2,52,0,1,1,65.8,1,1,0,75,61.3,70,67.9,100,2,80,60,5
2025/2/6 11:45,0,1,1,68.2,52,0,1,1,65.8,1,1,0,74,61.26666667,70,67.9,100,2,80,60,5
2025/2/6 12:00,0,1,1,68.2,52,0,1,1,65.73333333,1,1,0,73.33333333,61,70,67.9,100,2,80,60,5
2025/2/6 12:15,0,1,1,68.2,52,0,1,1,66.33333333,1,1,0,72.66666667,61.33333333,70,69.6,100,2,80,60,5
2025/2/6 12:30,0,1,1,68.2,52,0,1,1,65.83333333,1,1,0,72,60.23333333,70,69.03333333,100,2,80,60,5
2025/2/6 12:45,0,1,1,68.2,52,0,1,1,65.33333333,1,1,0,71.33333333,58.36666667,70,68.53333333,100,2,80,60,5
2025/2/6 13:00,0,1,1,68.2,52,0,1,1,65.1,1,1,0,71.33333333,57.2,70,68.3,100,2,80,60,5
2025/2/6 13:15,0,1,1,68.2,52,0,1,1,65,1,1,0,72,56.1,70,68.16666667,100,2,80,60,5
2025/2/6 13:30,0,1,1,68.2,52,0,1,1,64.8,1,1,0,72,55.53333333,70,68.1,100,2,80,60,5
2025/2/6 13:45,0,1,1,68.2,52,0,1,1,64.6,1,1,0,72,55.23333333,70,67.9,100,2,80,60,5
2025/2/6 14:00,0,1,1,68.2,52,0,1,1,64.6,1,1,0,72,55.1,70,67.9,100,2,80,60,5
2025/2/6 14:15,0,1,1,68.2,52,0,1,1,64.6,1,1,0,70,55.1,70,67.9,100,2,80,60,5
2025/2/6 14:30,0,1,1,68.2,52,0,1,1,64.6,1,1,0,69.66666667,55.4,70,67.9,100,2,80,60,5
2025/2/6 14:45,0,1,1,68.2,52,0,1,1,64.6,1,1,0,67.75,56.2,70,67.9,100,2,80,60,5
2025/2/6 15:00,0,1,1,68.2,52,16.66666667,1.333333333,1,64.6,1,1,0,67,55.96666667,70,67.9,100,2,80,60,5
2025/2/6 15:15,0,1,1,68.2,52,0,1,1,65.8,1,1,0,66.66666667,58.13333333,70,70.3,100,2,80,60,1
2025/2/6 15:30,0,1,1,68.2,52,0,1,1,65.16666667,1,1,0,65,58.26666667,70,69.06666667,100,2,80,60,5
2025/2/6 15:45,0,1,1,68.2,52,0,1,1,65.1,1,1,0,63.66666667,57.83333333,70,69,100,2,80,60,5
2025/2/6 16:00,0,1,1,68.2,52,0,1,1,65.1,1,1,0,63,57.5,70,68.93333333,100,2,80,60,5
2025/2/6 16:15,0,1,1,68.2,52,0,1,1,65.1,1,1,0,61.33333333,58.53333333,70,68.63333333,100,2,80,60,5
2025/2/6 16:30,0,1,1,68.2,52,0,1,1,65.1,1,1,0,61,59.2,70,68.6,100,2,80,60,5
2025/2/6 16:45,0,1,1,68.2,52,0,1,1,65.26666667,1,1,0,60.66666667,60.46666667,70,68.63333333,100,2,80,60,5
2025/2/6 17:00,0,1,1,68.2,52,0,1,1,65.4,1,1,0,59.66666667,61.06666667,70,68.9,100,2,80,60,5
2025/2/6 17:15,0,1,1,68.2,52,0,1,1,65.4,1,1,0,59,60.16666667,70,68.9,100,2,80,60,5
2025/2/6 17:30,0,1,1,68.2,52,0,1,1,65.6,1,1,0,59,61.76666667,70,68.9,100,2,80,60,5
2025/2/6 17:45,0,1,1,68.2,52,0,1,1,65.6,1,1,0,59,61.2,70,68.9,100,2,80,60,5
2025/2/6 18:00,0,1,1,68.2,52,0,1,1,65.6,1,1,0,59.66666667,61.26666667,70,68.9,100,2,80,60,5
2025/2/6 18:15,0,1,1,68.2,52,0,1,1,65.8,1,1,0,59,61.33333333,70,69.13333333,100,2,80,60,5
2025/2/6 18:30,0,1,1,68.2,52,0,1,1,65.8,1,1,0,59.66666667,60.56666667,70,69.46666667,100,2,80,60,5
2025/2/6 18:45,0,1,1,68.2,52,0,1,1,65.8,1,1,0,60,60.96666667,70,69.5,100,2,80,60,5
2025/2/6 19:00,0,1,1,68.2,52,0,1,1,65.8,1,1,0,60,60.46666667,70,69.46666667,100,2,80,60,5
2025/2/6 19:15,0,1,1,68.2,52,0,1,1,65.66666667,1,1,0,60.66666667,58.7,70,69.2,100,2,80,60,5
2025/2/6 19:30,0,1,1,68.2,52,0,1,1,65.6,1,1,0,61,58,70,69.13333333,100,2,80,60,5
2025/2/6 19:45,0,1,1,68.2,52,0,1,1,65.4,1,1,0,61.66666667,57.4,70,68.9,100,2,80,60,5
2025/2/6 20:00,0,1,1,68.2,52,0,1,1,65.3,1,1,0,62,57.53333333,70,68.9,100,2,80,60,5
2025/2/6 20:15,0,1,1,68.2,52,0,1,1,65.46666667,1,1,0,61,60,70,68.9,100,2,80,60,5
2025/2/6 20:30,0,1,1,68.2,52,0,1,1,65.6,1,1,0,58,60.73333333,70,68.9,100,2,80,60,5
2025/2/6 20:45,0,1,1,68.2,52,0,1,1,65.66666667,1,1,0,57.66666667,61.76666667,70,69.2,100,2,80,60,5
2025/2/6 21:00,0,1,1,68.2,52,0,1,1,65.83333333,1,1,0,55.66666667,62.26666667,70,69.2,100,2,80,60,5
2025/2/6 21:15,0,1,1,68.2,52,0,1,1,65.9,1,1,0,54.33333333,62.76666667,70,69.2,100,2,80,60,5
2025/2/6 21:30,0,1,1,68.2,52,0,1,1,65.9,1,1,0,53.33333333,62.26666667,70,69.06666667,100,2,80,60,5
2025/2/6 21:45,0,1,1,68.2,52,0,1,1,65.83333333,1,1,0,54,60.6,70,68.9,100,2,80,60,5
2025/2/6 22:00,0,1,1,68.2,52,0,1,1,65.8,1,1,0,54,58.83333333,70,68.7,100,2,80,60,5
2025/2/6 22:15,0,1,1,68.2,52,0,1,1,65.66666667,1,1,0,54,57.5,70,68.7,100,2,80,60,5
2025/2/6 22:30,0,1,1,68.2,52,0,1,1,65.33333333,1,1,0,55,54.63333333,70,68.63333333,100,2,80,60,5
2025/2/6 22:45,0,1,1,68.2,52,0,1,1,65.23333333,1,1,0,55,53.86666667,70,68.53333333,100,2,80,60,5
2025/2/6 23:00,0,1,1,68.2,52,0,1,1,65,1,1,0,54.66666667,53.86666667,70,68.4,100,2,80,60,5
2025/2/6 23:15,0,1,1,68.2,52,0,1,1,65,1,1,0,53.33333333,53.5,70,68.4,100,2,80,60,5
2025/2/6 23:30,0,1,1,68.2,52,0,1,1,65,1,1,0,54,52.65,70,68.4,100,2,80,60,5
2025/2/6 23:45,0,1,1,68.2,52,0,1,1,64.8,1,1,0,56,50.76666667,70,68.4,100,2,80,60,5
2025/2/7 0:00,0,1,1,68.2,52,0,1,1,64.56666667,1,1,0,57.66666667,49.5,70,68.3,100,2,80,60,5
2025/2/7 0:15,0,1,1,68.2,52,0,1,1,64.43333333,1,1,0,58.66666667,48.43333333,70,68.1,100,2,80,60,5
2025/2/7 0:30,0,1,1,68.2,52,0,1,1,64.13333333,1,1,0,59,47.76666667,70,68.03333333,100,2,80,60,5
2025/2/7 0:45,0,1,1,68.2,52,0,1,1,63.8,1,1,0,59,47.93333333,70,67.86666667,100,2,80,60,5
2025/2/7 1:00,0,1,1,68.2,52,0,1,1,63.93333333,1,1,0,58,48.13333333,70,67.8,100,2,80,60,5
2025/2/7 1:15,0,1,1,68.2,52,0,1,1,63.7,1,1,0,57,47.36666667,70,67.8,100,2,80,60,5
2025/2/7 1:30,0,1,1,68.2,52,0,1,1,63.63333333,1,1,0,57,46.8,70,67.73333333,100,2,80,60,5
2025/2/7 1:45,0,1,1,68.2,52,0,1,1,63.4,1,1,0,56,46.6,70,67.53333333,100,2,80,60,5
2025/2/7 2:00,0,1,1,68.2,52,16.66666667,1.333333333,1,63.93333333,1,1,0,56.33333333,46.16666667,70,68.26666667,100,2,80,60,5
2025/2/7 2:15,0,1,1,68.2,52,0,1,1,64.36666667,1,1,0,56.66666667,48.4,70,69.36666667,100,2,80,60,5
2025/2/7 2:30,0,1,1,68.2,52,0,1,1,63.7,1,1,0,55.33333333,47.83333333,70,68.1,100,2,80,60,5
2025/2/7 2:45,0,1,1,68.2,52,16.66666667,1.333333333,1,64.13333333,1,1,0,56.33333333,47.96666667,70,68.63333333,100,2,80,60,5
2025/2/7 3:00,0,1,1,68.2,52,0,1,1,64.23333333,1,1,0,56.33333333,49.6,70,69.06666667,100,2,80,60,5
2025/2/7 3:15,0,1,1,68.2,52,0,1,1,63.7,1,1,0,55.66666667,49.6,70,68.1,100,2,80,60,5
2025/2/7 3:30,0,1,1,68.2,52,0,1,1,63.33333333,1,1,0,54.33333333,49.5,70,67.9,100,2,80,60,5
2025/2/7 3:45,0,1,1,68.2,52,16.66666667,1.333333333,1,63.7,1,1,0,54.33333333,48.1,70,68.73333333,100,2,80,60,5
2025/2/7 4:00,0,1,1,68.2,52,0,1,1,63.76666667,1,1,0,54,47.63333333,70,69.03333333,100,2,80,60,5
2025/2/7 4:15,0,1,1,68.2,52,0,1,1,63.13333333,1,1,0,54,47.5,70,67.96666667,100,2,80,60,5
2025/2/7 4:30,0,1,1,68.2,52,16.66666667,1.333333333,1,63.43333333,1,1,0,54.33333333,47.9,70,68.63333333,100,2,80,60,5
2025/2/7 4:45,0,1,1,68.2,52,0,1,1,63.5,1,1,0,54,48.66666667,70,68.9,100,2,80,60,5
2025/2/7 5:00,0,1,1,68.2,52,0,1,1,62.86666667,1,1,0,53,47.3,70,67.83333333,100,2,80,60,5
2025/2/7 5:15,0,1,1,68.2,52,0,1,1,63.96666667,1,1,0,54,47.1,70,69.73333333,100,2,80,60,5
2025/2/7 5:30,0,1,1,68.2,52,0,1,1,63.2,1,1,0,54,47.36666667,70,68.4,100,2,80,60,5
2025/2/7 5:45,0,1,1,68.2,52,0,1,1,62.7,1,1,0,54,46.6,70,67.8,100,2,80,60,5
2025/2/7 6:00,0,1,1,68.2,52,0,1,1,64.03333333,1,1,0,55,47.86666667,70,69.93333333,100,2,80,60,5
2025/2/7 6:15,0,1,1,68.2,52,0,1,1,63.33333333,1,1,0,55,48.6,70,68.33333333,100,2,80,60,5
2025/2/7 6:30,0,1,1,68.2,52,16.66666667,1.333333333,1,63.3,1,1,0,55.33333333,46.63333333,70,67.93333333,100,2,80,60,5
2025/2/7 6:45,0,1,1,68.2,52,0,1,1,63.96666667,1,1,0,55.66666667,47.7,70,69.73333333,100,2,80,60,1
2025/2/7 7:00,0,1,1,68.2,52,0,1,1,62.96666667,1,1,0,55.33333333,46.1,70,68.1,100,2,80,60,5
2025/2/7 7:15,0,1,1,68.2,52,16.66666667,1.333333333,1,63.53333333,1,1,0,54.66666667,45.53333333,70,68.86666667,100,2,80,60,5
2025/2/7 7:30,0,1,1,68.2,52,0,1,1,63.2,1,1,0,53,46.26666667,70,68.53333333,100,2,80,60,5
2025/2/7 7:45,0,1,1,68.2,52,16.66666667,1.333333333,1,62.83333333,1,1,0,53.33333333,44.46666667,70,67.8,100,2,80,60,5
2025/2/7 8:00,0,1,1,68.2,52,0,1,1,63.86666667,1,1,0,53.66666667,45.86666667,70,70.03333333,100,2,80,60,1
2025/2/7 8:15,0,1,1,68.2,52,0,1,1,63.1,1,1,0,53,46.65,70,68.2,100,2,80,60,5
2025/2/7 8:30,0,1,1,68.2,52,12.5,1.25,1,63.35,1,1,0,53.5,45.925,70,68.975,100,2,80,60,5
2025/2/7 8:45,0,1,1,68.2,52,0,1,1,63.03333333,1,1,0,53,45.53333333,70,68.46666667,100,2,80,60,5
2025/2/7 9:00,0,1,1,68.2,52,0,1,1,63.1,1,1,0,53.66666667,43.83333333,70,68.7,100,2,80,60,5
2025/2/7 9:15,0,1,1,68.2,52,0,1,1,63.33333333,1,1,0,54.66666667,44.23333333,70,69.2,100,2,80,60,5
2025/2/7 9:30,0,1,1,68.2,52,16.66666667,1.333333333,1,62.63333333,1,1,0,54,44.93333333,70,67.86666667,100,2,80,60,5
2025/2/7 9:45,0,1,1,68.2,52,0,1,1,63.5,1,1,0,54,45.56666667,70,70,100,2,80,60,1
2025/2/7 10:00,0,1,1,68.2,52,0,1,1,62.6,1,1,0,52.66666667,44.56666667,70,67.93333333,100,2,80,60,5
2025/2/7 10:15,0,1,1,68.2,52,0,1,1,63.53333333,1,1,0,53,44.03333333,70,70.13333333,100,2,80,60,5
2025/2/7 10:30,0,1,1,68.2,52,0,1,1,62.56666667,1,1,0,53,44.96666667,70,68.06666667,100,2,80,60,5
2025/2/7 10:45,0,1,1,68.2,52,0,1,1,63.3,1,1,0,52.33333333,44.83333333,70,69.93333333,100,2,80,60,5
2025/2/7 11:00,0,1,1,68.2,52,16.66666667,1.333333333,1,62.46666667,1,1,0,51.66666667,44.76666667,70,68,100,2,80,60,5
2025/2/7 11:15,0,1,1,68.2,52,0,1,1,63.36666667,1,1,0,51.33333333,44.43333333,70,70.23333333,100,2,80,60,1
2025/2/7 11:30,0,1,1,68.2,52,0,1,1,62.4,1,1,0,51,44.26666667,70,68.1,100,2,80,60,5
2025/2/7 11:45,0,1,1,68.2,52,16.66666667,1.333333333,1,63.1,1,1,0,52,43.6,70,69.3,100,2,80,60,5
2025/2/7 12:00,0,1,1,68.2,52,0,1,1,62.4,1,1,0,52.33333333,44.63333333,70,68.23333333,100,2,80,60,5
2025/2/7 12:15,0,1,1,68.2,52,16.66666667,1.333333333,1,63.03333333,1,1,0,52,42.7,70,69.43333333,100,2,80,60,5
2025/2/7 12:30,0,1,1,68.2,52,0,1,1,75.86666667,1,1,0,53,43.63333333,70,68.3,100,2,80,60,5
2025/2/7 12:45,0,1,1,68.2,52,16.66666667,1.333333333,1,63.03333333,1,1,0,54.66666667,43.56666667,70,69.4,100,2,80,60,5
2025/2/7 13:00,0,1,1,68.2,52,0,1,1,62.76666667,1,1,0,55,45.36666667,70,68.46666667,100,2,80,60,5
2025/2/7 13:15,0,1,1,68.2,52,0,1,1,62.73333333,1,1,0,54.33333333,44.23333333,70,68.23333333,100,2,80,60,5
2025/2/7 13:30,0,1,1,68.2,52,0,1,1,63.36666667,1,1,0,52,45.03333333,70,69.7,100,2,80,60,5
2025/2/7 13:45,0,1,1,68.2,52,0,1,1,62.9,1,1,0,51,46.26666667,70,68.53333333,100,2,80,60,5
2025/2/7 14:00,0,1,1,68.2,52,0,1,1,63.13333333,1,1,0,50.66666667,48.03333333,70,68.4,100,2,80,60,5
2025/2/7 14:15,0,1,1,68.2,52,0,1,1,63.4,1,1,0,48,47.93333333,70,68.4,100,2,80,60,5
2025/2/7 14:30,0,1,1,68.2,52,0,1,1,63.5,1,1,0,45.66666667,48.2,70,68.76666667,100,2,80,60,5
2025/2/7 14:45,0,1,1,68.2,52,0,1,1,63.73333333,1,1,0,42.66666667,48.46666667,70,68.9,100,2,80,60,5
2025/2/7 15:00,0,1,1,68.2,52,0,1,1,63.73333333,1,1,0,38.66666667,49.2,70,68.96666667,100,2,80,60,5
2025/2/7 15:15,0,1,1,68.2,52,0,1,1,63.73333333,1,1,0,37,49.26666667,70,69,100,2,80,60,5
2025/2/7 15:30,0,1,1,68.2,52,0,1,1,63.86666667,1,1,0,36,50.6,70,69.53333333,100,2,80,60,5
2025/2/7 15:45,0,1,1,68.2,52,0,1,1,63.93333333,1,1,0,35.33333333,50.66666667,70,70,100,2,80,60,5
2025/2/7 16:00,0,1,1,68.2,52,0,1,1,64.23333333,1,1,0,34,51.63333333,70,70,100,2,80,60,5
2025/2/7 16:15,0,1,1,68.2,52,0,1,1,64.5,1,1,0,31.66666667,52.7,70,70.03333333,100,2,80,60,5
2025/2/7 16:30,0,1,1,68.2,52,0,1,1,64.5,1,1,0,30,54.16666667,70,70.1,100,2,80,60,5
2025/2/7 16:45,0,1,1,68.2,52,0,1,1,64.5,1,1,0,30,55.23333333,70,70.1,100,2,80,60,5
2025/2/7 17:00,0,1,1,68.2,52,0,1,1,64.6,1,1,0,29,55.76666667,70,70.1,100,2,80,60,5
2025/2/7 17:15,0,1,1,68.2,52,0,1,1,65,1,1,0,29.66666667,54.66666667,70,70.1,100,2,80,60,5
2025/2/7 17:30,0,1,1,68.2,52,0,1,1,65,1,1,0,27.66666667,54.9,70,70.1,100,2,80,60,5
2025/2/7 17:45,0,1,1,68.2,52,0,1,1,64.8,1,1,0,27,55.53333333,70,70.1,100,2,80,60,5
2025/2/7 18:00,0,1,1,68.2,52,0,1,1,65.26666667,1,1,0,26,57.23333333,70,70.23333333,100,2,80,60,5
2025/2/7 18:15,0,1,1,68.2,52,0,1,1,65.76666667,1,1,0,24.33333333,57.5,70,70.6,100,2,80,60,5
2025/2/7 18:30,0,1,1,68.2,52,0,1,1,66.2,1,1,0,24.66666667,58.23333333,70,70.9,100,2,80,60,5
2025/2/7 18:45,0,1,1,68.2,52,0,1,1,66.3,1,1,0,24,59.3,70,71.2,100,2,80,60,5
2025/2/7 19:00,0,1,1,68.2,52,0,1,1,65.86666667,1,1,0,24,60.16666667,70,71.16666667,100,2,80,60,5
2025/2/7 19:15,0,1,1,68.2,52,0,1,1,65.8,1,1,0,24,60.13333333,70,70.66666667,100,2,80,60,5
2025/2/7 19:30,0,1,1,68.2,52,0,1,1,65.6,1,1,0,24,59.26666667,70,70.53333333,100,2,80,60,5
2025/2/7 19:45,0,1,1,68.2,52,0,1,1,65.76666667,1,1,0,23,61.43333333,70,70.3,100,2,80,60,5
2025/2/7 20:00,0,1,1,68.2,52,0,1,1,65.53333333,1,1,0,22.33333333,61.03333333,70,70.1,100,2,80,60,5
2025/2/7 20:15,0,1,1,68.2,52,0,1,1,65.3,1,1,0,22,58.2,70,70.1,100,2,80,60,5
2025/2/7 20:30,0,1,1,68.2,52,0,1,1,65.16666667,1,1,0,23.66666667,55.8,70,70.03333333,100,2,80,60,5
2025/2/7 20:45,0,1,1,68.2,52,0,1,1,65,1,1,0,25,57.26666667,70,70,100,2,80,60,5
2025/2/7 21:00,0,1,1,68.2,52,0,1,1,65,1,1,0,25,57.7,70,69.93333333,100,2,80,60,5
2025/2/7 21:15,0,1,1,68.2,52,0,1,1,65,1,1,0,25,57.2,70,69.63333333,100,2,80,60,5
2025/2/7 21:30,0,1,1,68.2,52,0,1,1,65,1,1,0,24.33333333,56.73333333,70,69.4,100,2,80,60,5
2025/2/7 21:45,0,1,1,68.2,52,0,1,1,64.93333333,1,1,0,25.33333333,56.33333333,70,69.2,100,2,80,60,5
2025/2/7 22:00,0,1,1,68.2,52,0,1,1,64.8,1,1,0,26,55.83333333,70,69.2,100,2,80,60,5
2025/2/7 22:15,0,1,1,68.2,52,0,1,1,64.66666667,1,1,0,26,55.43333333,70,69,100,2,80,60,5
2025/2/7 22:30,0,1,1,68.2,52,0,1,1,64.6,1,1,0,26,55.6,70,68.96666667,100,2,80,60,5
2025/2/7 22:45,0,1,1,68.2,52,0,1,1,64.6,1,1,0,27.33333333,55.1,70,68.9,100,2,80,60,5
2025/2/7 23:00,0,1,1,68.2,52,0,1,1,64.6,1,1,0,28,55.1,70,68.9,100,2,80,60,5
2025/2/7 23:15,0,1,1,68.2,52,0,1,1,64.6,1,1,0,28,55.23333333,70,68.7,100,2,80,60,5
2025/2/7 23:30,0,1,1,68.2,52,0,1,1,64.6,1,1,0,28,54.86666667,70,68.66666667,100,2,80,60,5
2025/2/7 23:45,0,1,1,68.2,52,0,1,1,64.6,1,1,0,29.33333333,54.23333333,70,68.6,100,2,80,60,5
2025/2/8 0:00,0,1,1,68.2,52,0,1,1,64.6,1,1,0,31,54.23333333,70,68.6,100,2,80,60,5
2025/2/8 0:15,0,1,1,68.2,52,0,1,1,64.43333333,1,1,0,32.66666667,53.13333333,70,68.4,100,2,80,60,5
2025/2/8 0:30,0,1,1,68.2,52,0,1,1,64.3,1,1,0,34.66666667,52.96666667,70,68.4,100,2,80,60,5
2025/2/8 0:45,0,1,1,68.2,52,0,1,1,64.2,1,1,0,36.66666667,53,70,68.36666667,100,2,80,60,5
2025/2/8 1:00,0,1,1,68.2,52,0,1,1,64.2,1,1,0,38.66666667,52.73333333,70,68.3,100,2,80,60,5
2025/2/8 1:15,0,1,1,68.2,52,0,1,1,64.2,1,1,0,38.66666667,53.03333333,70,68.3,100,2,80,60,5
2025/2/8 1:30,0,1,1,68.2,52,0,1,1,64.13333333,1,1,0,38.66666667,53.06666667,70,68.3,100,2,80,60,5
2025/2/8 1:45,0,1,1,68.2,52,0,1,1,64,1,1,0,39.33333333,52.26666667,70,68.16666667,100,2,80,60,5
2025/2/8 2:00,0,1,1,68.2,52,0,1,1,63.8,1,1,0,40.66666667,51.7,70,67.9,100,2,80,60,5
2025/2/8 2:15,0,1,1,68.2,52,0,1,1,63.73333333,1,1,0,42.66666667,51.86666667,70,67.8,100,2,80,60,5
2025/2/8 2:30,0,1,1,68.2,52,0,1,1,63.7,1,1,0,42,51.63333333,70,67.8,100,2,80,60,5
2025/2/8 2:45,0,1,1,68.2,52,0,1,1,63.7,1,1,0,41,52,70,67.6,100,2,80,60,5
2025/2/8 3:00,0,1,1,68.2,52,0,1,1,63.7,1,1,0,41.33333333,51.73333333,70,67.6,100,2,80,60,5
2025/2/8 3:15,0,1,1,68.2,52,0,1,1,63.7,1,1,0,41.66666667,51.53333333,70,67.56666667,100,2,80,60,5
2025/2/8 3:30,0,1,1,68.2,52,0,1,1,64.96666667,1,1,0,40.66666667,51.96666667,70,69.66666667,100,2,80,60,5
2025/2/8 3:45,0,1,1,68.2,52,0,1,1,64.16666667,1,1,0,41.66666667,52.36666667,70,68.46666667,100,2,80,60,5
2025/2/8 4:00,0,1,1,68.2,52,0,1,1,63.76666667,1,1,0,42,52.03333333,70,67.96666667,100,2,80,60,5
2025/2/8 4:15,0,1,1,68.2,52,16.66666667,1.333333333,1,64,1,1,0,44.33333333,50.56666667,70,68.7,100,2,80,60,5
2025/2/8 4:30,0,1,1,68.2,52,0,1,1,64,1,1,0,48.66666667,51.2,70,69.2,100,2,80,60,5
2025/2/8 4:45,0,1,1,68.2,52,0,1,1,63.36666667,1,1,0,50.66666667,50.36666667,70,68.1,100,2,80,60,5
2025/2/8 5:00,0,1,1,65.46666667,52,0,1,1,63.36666667,1.333333333,1.333333333,0,53.66666667,49.16666667,70,67.9,100,2,80,60,5
2025/2/8 5:15,0,1,1,60,52,0,1,1,76.33333333,2,2,0,57.66666667,48.3,70,69.33333333,0,1,80,60,5
2025/2/8 5:30,0,1,1,60,52,0,1,1,76.53333333,2,2,0,51,46.43333333,70,68.56666667,0,1,80,60,5
2025/2/8 5:45,0,1,1,60,52,0,1,1,72.9,2,2,0,50.33333333,45.76666667,70,68.36666667,0,1,80,60,5
2025/2/8 6:00,0,1,1,60,52,0,1,1,69.2,2,2,0,51.66666667,45.33333333,70,68.3,0,1,80,60,5
2025/2/8 6:15,0,1,1,60,52,0,1,1,66.06666667,2,2,0,51.66666667,44.33333333,70,68.16666667,0,1,80,60,5
2025/2/8 6:30,0,1,1,60,52,0,1,1,63.03333333,2,2,0,55.33333333,43.66666667,70,68.1,0,1,80,60,5
2025/2/8 6:45,0,1,1,60,52,0,1,1,61.4,2,2,0,56,43.66666667,70,68.1,0,1,80,60,5
2025/2/8 7:00,0,1,1,60,52,0,1,1,59.9,2,2,0,56,43.6,70,67.96666667,0,1,80,60,5
2025/2/8 7:15,0,1,1,60,52,0,1,1,58.7,2,2,0,56.33333333,43.2,70,67.9,0,1,80,60,5
2025/2/8 7:30,0,1,1,60,52,0,1,1,57.6,2,2,0,57.5,43.1,70,67.9,0,1,80,60,5
2025/2/8 7:45,0,1,1,60,52,0,1,1,56.73333333,2,2,0,57.66666667,43.1,70,67.83333333,0,1,80,60,5
2025/2/8 8:00,0,1,1,60,52,0,1,1,56.13333333,2,2,0,56.66666667,43.13333333,70,67.8,0,1,80,60,5
2025/2/8 8:15,0,1,1,60,52,0,1,1,54.5,2,2,0,56.33333333,43.2,70,67.8,0,1,80,60,5
2025/2/8 8:30,0,1,1,60,52,0,1,1,51.63333333,2,2,0,56.66666667,43.2,70,67.6,0,1,80,60,5
2025/2/8 8:45,0,1,1,60,52,0,1,1,55.2,2,2,0,57,43.2,70,67.6,0,1,80,60,5
2025/2/8 9:00,0,1,1,60,52,0,1,1,56.36666667,2,2,0,56,43.2,70,67.6,0,1,80,60,5
2025/2/8 9:15,0,1,1,60,52,0,1,1,56.9,2,2,0,56.66666667,43.2,70,67.6,0,1,80,60,5
2025/2/8 9:30,0,1,1,60,52,0,1,1,56.83333333,2,2,0,57.33333333,43.23333333,70,67.6,0,1,80,60,5
2025/2/8 9:45,0,1,1,60,52,0,1,1,57.3,2,2,0,56.66666667,43.63333333,70,67.6,0,1,80,60,5
2025/2/8 10:00,0,1,1,60,52,0,1,1,57.8,2,2,0,54.33333333,43.76666667,70,67.5,0,1,80,60,5
2025/2/8 10:15,0,1,1,60,52,0,1,1,58,2,2,0,55,43.6,70,67.5,0,1,80,60,5
2025/2/8 10:30,0,1,1,60,52,0,1,1,58.33333333,2,2,0,55,43.6,70,67.5,0,1,80,60,5
2025/2/8 10:45,0,1,1,60,52,0,1,1,58.3,2,2,0,55.66666667,43.63333333,70,67.5,0,1,80,60,5
2025/2/8 11:00,0,1,1,60,52,0,1,1,58.56666667,2,2,0,55.66666667,44.03333333,70,67.5,0,1,80,60,5
2025/2/8 11:15,0,1,1,60,52,0,1,1,59.1,2,2,0,55,44.26666667,70,67.5,0,1,80,60,5
2025/2/8 11:30,0,1,1,60,52,0,1,1,59.13333333,2,2,0,54.66666667,44.4,70,67.5,0,1,80,60,5
2025/2/8 11:45,0,1,1,60,52,0,1,1,59.46666667,2,2,0,54,44.43333333,70,67.5,0,1,80,60,5
2025/2/8 12:00,0,1,1,60,52,0,1,1,59.5,2,2,0,55,44.16666667,70,67.5,0,1,80,60,5
2025/2/8 12:15,0,1,1,60,52,0,1,1,59.5,2,2,0,55,44.16666667,70,67.36666667,0,1,80,60,5
2025/2/8 12:30,0,1,1,60,52,0,1,1,59.7,2,2,0,55.33333333,44.4,70,67.3,0,1,80,60,5
2025/2/8 12:45,0,1,1,60,52,0,1,1,59.5,1.666666667,2,0,55,44.53333333,70,67.3,0,1,80,60,5
2025/2/8 13:00,0,1,1,68.2,52,16.66666667,1.333333333,1,63.86666667,1,1,0,55,47.63333333,70,69.53333333,100,2,80,60,5
2025/2/8 13:15,0,1,1,68.2,52,0,1,1,63.36666667,1,1,0,60,49.53333333,70,68.56666667,100,2,80,60,5
2025/2/8 13:30,0,1,1,68.2,52,0,1,1,63.56666667,1,1,0,61,50.73333333,70,69.4,100,2,80,60,5
2025/2/8 13:45,0,1,1,68.2,52,16.66666667,1.333333333,1,63.56666667,1,1,0,62.66666667,50.13333333,70,68.9,100,2,80,60,5
2025/2/8 14:00,0,1,1,68.2,52,0,1,1,63.2,1,1,0,62.33333333,51.13333333,70,68.3,100,2,80,60,5
2025/2/8 14:15,0,1,1,68.2,52,16.66666667,1.333333333,1,63.8,1,1,0,63,50.93333333,70,69.06666667,100,2,80,60,5
2025/2/8 14:30,0,1,1,68.2,52,0,1,1,63.2,1,1,0,62.66666667,51.8,70,68.23333333,100,2,80,60,5
2025/2/8 14:45,0,1,1,68.2,52,0,1,1,62.76666667,1,1,0,66,49.2,70,67.43333333,100,2,80,60,5
2025/2/8 15:00,0,1,1,68.2,52,16.66666667,1.333333333,1,63.36666667,1,1,0,66.33333333,49.56666667,70,68.26666667,100,2,80,60,5
2025/2/8 15:15,0,1,1,68.2,52,0,1,1,63.2,1,1,0,69.33333333,49.13333333,70,68.13333333,100,2,80,60,5
2025/2/8 15:30,0,1,1,68.2,52,16.66666667,1.333333333,1,62.76666667,1,1,0,71.33333333,48,70,67.2,100,2,80,60,5
2025/2/8 15:45,0,1,1,68.2,52,0,1,1,63.86666667,1,1,0,72,48.6,70,69.53333333,100,2,80,60,1
2025/2/8 16:00,0,1,1,68.2,52,0,1,1,63.03333333,1,1,0,73,48.9,70,67.6,100,2,80,60,5
2025/2/8 16:15,0,1,1,68.2,52,16.66666667,1.333333333,1,63.3,1,1,0,73,48.96666667,70,68.13333333,100,2,80,60,5
2025/2/8 16:30,0,1,1,68.2,52,0,1,1,63.73333333,1,1,0,73.33333333,50.7,70,68.66666667,100,2,80,60,5
2025/2/8 16:45,0,1,1,68.2,52,0,1,1,63.4,1,1,0,73,50.76666667,70,67.33333333,100,2,80,60,5
2025/2/8 17:00,0,1,1,68.2,52,16.66666667,1.333333333,1,64.36666667,1,1,0,72.66666667,53.73333333,70,68.73333333,100,2,80,60,5
2025/2/8 17:15,0,1,1,68.2,52,0,1,1,64.16666667,1,1,0,70,56.03333333,70,68.26666667,100,2,80,60,5
2025/2/8 17:30,0,1,1,68.2,52,0,1,1,64.06666667,1,1,0,70.33333333,57.16666667,70,67.66666667,100,2,80,60,5
2025/2/8 17:45,0,1,1,68.2,52,0,1,1,64.2,1,1,0,67.66666667,58.63333333,70,67.6,100,2,80,60,5
2025/2/8 18:00,0,1,1,68.2,52,0,1,1,64.93333333,1,1,0,67,59.56666667,70,68.46666667,100,2,80,60,5
2025/2/8 18:15,0,1,1,68.2,52,0,1,1,64.9,1,1,0,67.66666667,59.56666667,70,68.8,100,2,80,60,5
2025/2/8 18:30,0,1,1,68.2,52,0,1,1,64.6,1,1,0,69.66666667,58.6,70,67.93333333,100,2,80,60,5
2025/2/8 18:45,0,1,1,68.2,52,0,1,1,65.1,1,1,0,70,59.1,70,68.36666667,100,2,80,60,5
2025/2/8 19:00,0,1,1,68.2,52,0,1,1,65.3,1,1,0,69.66666667,61.36666667,70,69.36666667,100,2,80,60,5
2025/2/8 19:15,0,1,1,68.2,52,0,1,1,64.66666667,1,1,0,72,59.63333333,70,68.1,100,2,80,60,5
2025/2/8 19:30,0,1,1,68.2,52,0,1,1,64.6,1,1,0,73,60.63333333,70,67.83333333,100,2,80,60,5
2025/2/8 19:45,0,1,1,68.2,52,16.66666667,1.333333333,1,66.06666667,1,1,0,73,62.8,70,69.36666667,100,2,80,60,5
2025/2/8 20:00,0,1,1,68.2,52,0,1,1,65.83333333,1,1,0,73,64.6,70,68.7,100,2,80,60,5
2025/2/8 20:15,0,1,1,68.2,52,0,1,1,65.6,1,1,0,73.33333333,64.6,70,68.33333333,100,2,80,60,5
2025/2/8 20:30,0,1,1,68.2,52,0,1,1,65.6,1,1,0,74.66666667,64.6,70,68.1,100,2,80,60,5
2025/2/8 20:45,0,1,1,68.2,52,0,1,1,65.6,1,1,0,75,64.6,70,68.1,100,2,80,60,5
2025/2/8 21:00,0,1,1,68.2,52,0,1,1,65.66666667,1,1,0,75,64.23333333,70,67.96666667,100,2,80,60,5
2025/2/8 21:15,0,1,1,68.2,52,0,1,1,65.33333333,1,1,0,73.66666667,61.5,70,67.9,100,2,80,60,5
2025/2/8 21:30,0,1,1,60,52,0,1,1,65.6,2,2,0,74.66666667,63.13333333,70,67.9,0,1,80,60,5
2025/2/8 21:45,0,1,1,60,52,0,1,1,65.6,2,2,0,72.33333333,63.53333333,70,67.9,0,1,80,60,5
2025/2/8 22:00,0,1,1,60,52,0,1,1,65.6,2,2,0,71.66666667,63.9,70,67.9,0,1,80,60,
2025/2/8 22:15,0,1,1,60,52,0,1,1,65.6,2,2,0,68.66666667,63.13333333,70,67.96666667,0,1,80,60,
2025/2/8 22:30,0,1,1,60,52,0,1,1,65.26666667,2,2,0,65.33333333,59.23333333,70,68.1,0,1,80,60,
2025/2/8 22:45,0,1,1,60,52,0,1,1,64.8,2,2,0,64.66666667,58.9,70,68.1,0,1,80,60,
2025/2/8 23:00,0,1,1,60,52,0,1,1,64.36666667,2,2,0,63.66666667,58.53333333,70,68.1,0,1,80,60,
2025/2/8 23:15,0,1,1,60,52,0,1,1,64.13333333,2,2,0,64,57.1,70,68.1,0,1,80,60,
2025/2/8 23:30,0,1,1,60,52,0,1,1,63.76666667,2,2,0,64,56.16666667,70,68.1,0,1,80,60,
2025/2/8 23:45,0,1,1,60,52,0,1,1,63.33333333,2,2,0,63.33333333,55.76666667,70,68.1,0,1,80,60,
2025/2/9 0:00,0,1,1,60,52,0,1,1,63,2,2,0,62,53.93333333,70,68.1,0,1,80,60,
2025/2/9 0:15,0,1,1,60,52,0,1,1,62.83333333,2,2,0,63,53.36666667,70,68.1,0,1,80,60,5
2025/2/9 0:30,0,1,1,60,52,0,1,1,62.66666667,2,2,0,63.33333333,52.6,70,68.1,0,1,80,60,5
2025/2/9 0:45,0,1,1,60,52,0,1,1,62.4,2,2,0,63.33333333,51.53333333,70,68.1,0,1,80,60,5
2025/2/9 1:00,0,1,1,60,52,0,1,1,62.16666667,2,2,0,63,50.66666667,70,68.1,0,1,80,60,5
2025/2/9 1:15,0,1,1,60,52,0,1,1,61.66666667,2,2,0,63,50.33333333,70,68.1,0,1,80,60,5
2025/2/9 1:30,0,1,1,60,52,0,1,1,61.23333333,2,2,0,63,49.83333333,70,68.1,0,1,80,60,5
2025/2/9 1:45,0,1,1,60,52,0,1,1,61.1,2,2,0,63,49.23333333,70,67.96666667,0,1,80,60,5
2025/2/9 2:00,0,1,1,60,52,0,1,1,60.9,2,2,0,63,48.7,70,67.9,0,1,80,60,5
2025/2/9 2:15,0,1,1,60,52,0,1,1,60.73333333,2,2,0,62.66666667,48,70,67.9,0,1,80,60,5
2025/2/9 2:30,0,1,1,60,52,0,1,1,60.7,2,2,0,63,47.1,70,67.86666667,0,1,80,60,5
2025/2/9 2:45,0,1,1,60,52,0,1,1,60.63333333,2,2,0,63,46.13333333,70,67.8,0,1,80,60,5
2025/2/9 3:00,0,1,1,60,52,0,1,1,60.33333333,2,2,0,63,45.03333333,70,67.8,0,1,80,60,5
2025/2/9 3:15,0,1,1,60,52,0,1,1,60.03333333,2,2,0,63.33333333,44.43333333,70,67.8,0,1,80,60,5
2025/2/9 3:30,0,1,1,60,52,0,1,1,59.5,2,2,0,63.33333333,44.26666667,70,67.8,0,1,80,60,5
2025/2/9 3:45,0,1,1,60,52,0,1,1,58.8,2,2,0,64,44.1,70,67.8,0,1,80,60,5
2025/2/9 4:00,0,1,1,60,52,0,1,1,58.33333333,2,2,0,63,44.1,70,67.8,0,1,80,60,5
2025/2/9 4:15,0,1,1,60,52,0,1,1,58.23333333,2,2,0,62.33333333,43.96666667,70,67.8,0,1,80,60,5
2025/2/9 4:30,0,1,1,60,52,0,1,1,58,2,2,0,62.66666667,43.83333333,70,67.6,0,1,80,60,5
2025/2/9 4:45,0,1,1,60,52,0,1,1,57.8,2,2,0,62,43.53333333,70,67.6,0,1,80,60,5
2025/2/9 5:00,0,1,1,60,52,0,1,1,58.1,2,2,0,62.33333333,42.96666667,70,67.6,0,1,80,60,5
2025/2/9 5:15,0,1,1,60,52,0,1,1,58.9,2,2,0,63,42.6,70,67.6,0,1,80,60,5
2025/2/9 5:30,0,1,1,60,52,0,1,1,59.1,2,2,0,62.33333333,42.33333333,70,67.6,0,1,80,60,5
2025/2/9 5:45,0,1,1,60,52,0,1,1,59.16666667,2,2,0,62.66666667,42.1,70,67.53333333,0,1,80,60,5
2025/2/9 6:00,0,1,1,60,52,0,1,1,59.2,2,2,0,62,42.1,70,67.5,0,1,80,60,5
2025/2/9 6:15,0,1,1,60,52,0,1,1,58.9,2,2,0,62.66666667,42.1,70,67.5,0,1,80,60,5
2025/2/9 6:30,0,1,1,60,52,0,1,1,58.9,2,2,0,61,42.03333333,70,67.5,0,1,80,60,5
2025/2/9 6:45,0,1,1,60,52,0,1,1,58.9,2,2,0,61.66666667,41.83333333,70,67.5,0,1,80,60,5
2025/2/9 7:00,0,1,1,60,52,0,1,1,58.66666667,2,2,0,61.33333333,41.7,70,67.5,0,1,80,60,5
2025/2/9 7:15,0,1,1,60,52,0,1,1,58.6,2,2,0,62.33333333,41.53333333,70,67.5,0,1,80,60,5
2025/2/9 7:30,0,1,1,60,52,0,1,1,58.3,2,2,0,62.33333333,41.4,70,67.3,0,1,80,60,5
2025/2/9 7:45,0,1,1,60,52,0,1,1,57.96666667,2,2,0,61,41.4,70,67.3,0,1,80,60,5
2025/2/9 8:00,0,1,1,60,52,0,1,1,57.8,2,2,0,60.66666667,41.4,70,67.3,0,1,80,60,5
2025/2/9 8:15,0,1,1,60,52,0,1,1,57.53333333,2,2,0,61.66666667,41.4,70,67.3,0,1,80,60,5
2025/2/9 8:30,0,1,1,60,52,0,1,1,57.26666667,2,2,0,61.66666667,41.53333333,70,67.3,0,1,80,60,5
2025/2/9 8:45,0,1,1,60,52,0,1,1,57.2,2,2,0,60,41.6,70,67.3,0,1,80,60,5
2025/2/9 9:00,0,1,1,60,52,0,1,1,57.53333333,2,2,0,60,41.6,70,67.2,0,1,80,60,5
2025/2/9 9:15,0,1,1,60,52,0,1,1,57.53333333,2,2,0,61.33333333,41.33333333,70,67.2,0,1,80,60,5
2025/2/9 9:30,0,1,1,60,52,0,1,1,57.3,2,2,0,62,41.2,70,67.2,0,1,80,60,5
2025/2/9 9:45,0,1,1,60,52,0,1,1,57.1,2,2,0,61,41.2,70,67.2,0,1,80,60,5
2025/2/9 10:00,0,1,1,60,52,0,1,1,56.9,2,2,0,60.66666667,41.33333333,70,67.2,0,1,80,60,5
2025/2/9 10:15,0,1,1,60,52,0,1,1,56.9,2,2,0,60.33333333,41.4,70,67.2,0,1,80,60,5
2025/2/9 10:30,0,1,1,60,52,0,1,1,56.9,2,2,0,59.33333333,41.4,70,67.2,0,1,80,60,5
2025/2/9 10:45,0,1,1,60,52,0,1,1,56.9,2,2,0,60.66666667,41.4,70,67.06666667,0,1,80,60,5
2025/2/9 11:00,0,1,1,60,52,0,1,1,56.9,2,2,0,59.66666667,41.26666667,70,67,0,1,80,60,5
2025/2/9 11:15,0,1,1,60,52,0,1,1,56.9,2,2,0,59,41.2,70,67,0,1,80,60,5
2025/2/9 11:30,0,1,1,60,52,0,1,1,56.9,2,2,0,59.66666667,41.06666667,70,67,0,1,80,60,5
2025/2/9 11:45,0,1,1,60,52,0,1,1,57.1,2,2,0,60.33333333,40.9,70,67,0,1,80,60,5
2025/2/9 12:00,0,1,1,60,52,0,1,1,56.83333333,2,2,0,61.33333333,40.96666667,70,67,0,1,80,60,5
2025/2/9 12:15,0,1,1,60,52,0,1,1,56.7,2,2,0,59.66666667,41.16666667,70,67,0,1,80,60,5
2025/2/9 12:30,0,1,1,60,52,0,1,1,57.23333333,2,2,0,59,41.13333333,70,67,0,1,80,60,5
2025/2/9 12:45,0,1,1,60,52,0,1,1,57.6,2,2,0,60,41.2,70,67,0,1,80,60,5
2025/2/9 13:00,0,1,1,60,52,0,1,1,57.83333333,2,2,0,60.66666667,41.2,70,67,0,1,80,60,5
2025/2/9 13:15,0,1,1,60,52,0,1,1,57.96666667,2,2,0,59.33333333,41.16666667,70,67,0,1,80,60,5
2025/2/9 13:30,0,1,1,60,52,0,1,1,58.16666667,2,2,0,60.33333333,41.3,70,67,0,1,80,60,5
2025/2/9 13:45,0,1,1,60,52,0,1,1,58.33333333,2,2,0,59.66666667,41.9,70,66.8,0,1,80,60,5
2025/2/9 14:00,0,1,1,60,52,0,1,1,58.4,2,2,0,58.33333333,42.33333333,70,66.8,0,1,80,60,5
2025/2/9 14:15,0,1,1,60,52,0,1,1,58.63333333,2,2,0,59,43.3,70,66.8,0,1,80,60,5
2025/2/9 14:30,0,1,1,60,52,0,1,1,58.96666667,2,2,0,56.66666667,44.06666667,70,66.8,0,1,80,60,5
2025/2/9 14:45,0,1,1,60,52,0,1,1,59.1,2,2,0,56,44.33333333,70,66.8,0,1,80,60,5
2025/2/9 15:00,0,1,1,60,52,0,1,1,59.1,2,2,0,56.33333333,44.2,70,66.8,0,1,80,60,5
2025/2/9 15:15,0,1,1,60,52,0,1,1,59.1,2,2,0,56,45.13333333,70,66.8,0,1,80,60,5
2025/2/9 15:30,0,1,1,60,52,0,1,1,59.23333333,2,2,0,55.33333333,46.26666667,70,66.8,0,1,80,60,5
2025/2/9 15:45,0,1,1,60,52,0,1,1,59.56666667,2,2,0,54.33333333,46.16666667,70,66.8,0,1,80,60,5
2025/2/9 16:00,0,1,1,60,52,0,1,1,59.76666667,2,2,0,55.66666667,46.76666667,70,66.8,0,1,80,60,5
2025/2/9 16:15,0,1,1,60,52,0,1,1,60.13333333,2,2,0,52,47.86666667,70,66.8,0,1,80,60,5
2025/2/9 16:30,0,1,1,60,52,0,1,1,60.23333333,2,2,0,53,48.63333333,70,66.8,0,1,80,60,5
2025/2/9 16:45,0,1,1,60,52,0,1,1,60.3,2,2,0,52,47.73333333,70,66.8,0,1,80,60,5
2025/2/9 17:00,0,1,1,60,52,0,1,1,60.3,2,2,0,52.33333333,47.86666667,70,66.8,0,1,80,60,5
2025/2/9 17:15,0,1,1,60,52,0,1,1,60.3,2,2,0,51.33333333,48.46666667,70,66.8,0,1,80,60,5
2025/2/9 17:30,0,1,1,60,52,0,1,1,60.3,2,2,0,50.66666667,47,70,66.8,0,1,80,60,5
2025/2/9 17:45,0,1,1,60,52,0,1,1,60.3,2,2,0,51.66666667,47.46666667,70,66.8,0,1,80,60,5
2025/2/9 18:00,0,1,1,60,52,0,1,1,60.53333333,2,2,0,49.66666667,49.06666667,70,66.8,0,1,80,60,5
2025/2/9 18:15,0,1,1,60,52,0,1,1,60.8,2,2,0,50.33333333,49.16666667,70,66.8,0,1,80,60,5
2025/2/9 18:30,0,1,1,60,52,0,1,1,61,2,2,0,49.66666667,48.96666667,70,66.8,0,1,80,60,5
2025/2/9 18:45,0,1,1,60,52,0,1,1,61,2,2,0,49,48.83333333,70,66.8,0,1,80,60,5
2025/2/9 19:00,0,1,1,60,52,0,1,1,60.76666667,2,2,0,49.66666667,47.76666667,70,66.8,0,1,80,60,5
2025/2/9 19:15,0,1,1,60,52,0,1,1,60.36666667,2,2,0,50.66666667,47.56666667,70,66.8,0,1,80,60,5
2025/2/9 19:30,0,1,1,60,52,0,1,1,60.13333333,2,2,0,48.66666667,46.46666667,70,66.8,0,1,80,60,5
2025/2/9 19:45,0,1,1,60,52,0,1,1,60,2,2,0,51,46.36666667,70,66.8,0,1,80,60,5
2025/2/9 20:00,0,1,1,60,52,0,1,1,60.26666667,2,2,0,50.66666667,47.46666667,70,66.8,0,1,80,60,5
2025/2/9 20:15,0,1,1,60,52,0,1,1,60.3,2,2,0,49.66666667,48.2,70,66.8,0,1,80,60,5
2025/2/9 20:30,0,1,1,60,52,0,1,1,60.3,2,2,0,50,47.8,70,66.8,0,1,80,60,5
2025/2/9 20:45,0,1,1,60,52,0,1,1,60.43333333,2,2,0,48.66666667,47.93333333,70,66.8,0,1,80,60,5
2025/2/9 21:00,0,1,1,60,52,0,1,1,60.5,2,2,0,50,47.73333333,70,66.8,0,1,80,60,5
2025/2/9 21:15,0,1,1,60,52,0,1,1,60.26666667,2,2,0,50.33333333,47.7,70,66.8,0,1,80,60,5
2025/2/9 21:30,0,1,1,60,52,0,1,1,60.13333333,2,2,0,51,46.93333333,70,66.8,0,1,80,60,5
2025/2/9 21:45,0,1,1,60,52,0,1,1,59.93333333,2,2,0,51.66666667,46.53333333,70,66.8,0,1,80,60,5
2025/2/9 22:00,0,1,1,60,52,0,1,1,59.56666667,2,2,0,52,45.86666667,70,66.8,0,1,80,60,5
2025/2/9 22:15,0,1,1,60,52,0,1,1,59.46666667,2,2,0,51.33333333,45.33333333,70,66.8,0,1,80,60,5
2025/2/9 22:30,0,1,1,60,52,0,1,1,59.13333333,2,2,0,52.33333333,44.7,70,66.73333333,0,1,80,60,5
2025/2/9 22:45,0,1,1,60,52,0,1,1,58.83333333,2,2,0,54.66666667,44.26666667,70,66.7,0,1,80,60,5
2025/2/9 23:00,0,1,1,68.2,52,16.66666667,1.333333333,1,62.63333333,1,1,0,45.66666667,46.73333333,70,69.03333333,100,2,80,60,5
2025/2/9 23:15,0,1,1,68.2,52,16.66666667,1.333333333,1,62.46666667,1,1,0,45,48.43333333,70,68.66666667,100,2,80,60,5
2025/2/9 23:30,0,1,1,68.2,52,16.66666667,1.333333333,1,62.2,1,1,0,45,49.13333333,70,68.56666667,100,2,80,60,5
2025/2/9 23:45,0,1,1,68.2,52,0,1,1,62.9,1,1,0,45,49.3,70,69.6,100,2,80,60,1
2025/2/10 0:00,0,1,1,68.2,52,16.66666667,1.333333333,1,62.6,1,1,0,44.33333333,49.26666667,70,68.66666667,100,2,80,60,
2025/2/10 0:15,0,1,1,68.2,52,16.66666667,1.333333333,1,62.2,1,1,0,44,49.66666667,70,68.2,100,2,80,60,
2025/2/10 0:30,0,1,1,68.2,52,0,1,1,62.96666667,1,1,0,44,49.36666667,70,69.66666667,100,2,80,60,
2025/2/10 0:45,0,1,1,68.2,52,33.33333333,1.666666667,1,62.73333333,1,1,0,44,49.2,70,68.73333333,100,2,80,60,
2025/2/10 1:00,0,1,1,68.2,52,16.66666667,1.333333333,1,62.36666667,1,1,0,44,48.76666667,70,68.3,100,2,80,60,
2025/2/10 1:15,0,1,1,68.2,52,0,1,1,63,1,1,0,44,47.83333333,70,69.56666667,100,2,80,60,
2025/2/10 1:30,0,1,1,68.2,52,0,1,1,61.86666667,1,1,0,44.33333333,48.2,70,67.5,100,2,80,60,
2025/2/10 1:45,0,1,1,68.2,52,16.66666667,1.333333333,1,62.7,1,1,0,45,47.3,70,68.46666667,100,2,80,60,
2025/2/10 2:00,0,1,1,68.2,52,0,1,1,62,1,1,0,45,48.26666667,70,67.8,100,2,80,60,
2025/2/10 2:15,0,1,1,68.2,52,16.66666667,1.333333333,1,62.43333333,1,1,0,45,47.53333333,70,67.93333333,100,2,80,60,
2025/2/10 2:30,0,1,1,68.2,52,0,1,1,62.2,1,1,0,45,48.43333333,70,68.1,100,2,80,60,
2025/2/10 2:45,0,1,1,68.2,52,16.66666667,1.333333333,1,62.3,1,1,0,46,46.86666667,70,67.86666667,100,2,80,60,
2025/2/10 3:00,0,1,1,68.2,52,0,1,1,62.36666667,1,1,0,46,47.96666667,70,68.46666667,100,2,80,60,
2025/2/10 3:15,0,1,1,68.2,52,0,1,1,62.13333333,1,1,0,46.33333333,46.46666667,70,67.53333333,100,2,80,60,
2025/2/10 3:30,0,1,1,68.2,52,0,1,1,62.56666667,1,1,0,47,47.03333333,70,68.86666667,100,2,80,60,
2025/2/10 3:45,0,1,1,68.2,52,0,1,1,62.03333333,1,1,0,47.33333333,45.76666667,70,67.36666667,100,2,80,60,5
2025/2/10 4:00,0,1,1,68.2,52,0,1,1,62.56666667,1,1,0,47.66666667,47.4,70,68.96666667,100,2,80,60,5
2025/2/10 4:15,0,1,1,68.2,52,16.66666667,1.333333333,1,61.63333333,1,1,0,47,46.3,70,67.03333333,100,2,80,60,5
2025/2/10 4:30,0,1,1,68.2,52,0,1,1,62.66666667,1,1,0,47,46.8,70,69.3,100,2,80,60,1
2025/2/10 4:45,0,1,1,68.2,52,0,1,1,61.6,1,1,0,47,46.4,70,67.23333333,100,2,80,60,5
2025/2/10 5:00,0,1,1,68.2,52,0,1,1,62.83333333,1,1,0,48,46.3,70,69.16666667,100,2,80,60,5
2025/2/10 5:15,0,1,1,68.2,52,0,1,1,61.56666667,1,1,0,47,46.2,70,67.36666667,100,2,80,60,5
2025/2/10 5:30,0,1,1,68.2,52,0,1,1,62.46666667,1,1,0,48,45.26666667,70,68.7,100,2,80,60,5
2025/2/10 5:45,0,1,1,68.2,52,0,1,1,61.46666667,1,1,0,48,45.26666667,70,67.36666667,100,2,80,60,5
2025/2/10 6:00,0,1,1,68.2,52,0,1,1,62.56666667,1,1,0,48,45.03333333,70,69.03333333,100,2,80,60,5
2025/2/10 6:15,0,1,1,68.2,52,16.66666667,1.333333333,1,61.3,1,1,0,48,44.73333333,70,67.23333333,100,2,80,60,5
2025/2/10 6:30,0,1,1,68.2,52,0,1,1,62.56666667,1,1,0,48,43.96666667,70,69.3,100,2,80,60,1
2025/2/10 6:45,0,1,1,68.2,52,16.66666667,1.333333333,1,61.06666667,1,1,0,48,43.8,70,67.23333333,100,2,80,60,5
2025/2/10 7:00,0,1,1,68.2,52,0,1,1,62.26666667,1,1,0,48,43.83333333,70,69.1,100,2,80,60,1
2025/2/10 7:15,0,1,1,68.2,52,16.66666667,1.333333333,1,61.16666667,1,1,0,48,43.66666667,70,67.1,100,2,80,60,5
2025/2/10 7:30,0,1,1,68.2,52,0,1,1,62.1,1,1,0,47.66666667,42.93333333,70,69.13333333,100,2,80,60,1
2025/2/10 7:45,0,1,1,68.2,52,0,1,1,61.2,1,1,0,47.33333333,41.9,70,67.33333333,100,2,80,60,5
2025/2/10 8:00,0,1,1,68.2,52,0,1,1,61.66666667,1,1,0,47.66666667,42.33333333,70,68.9,100,2,80,60,5
2025/2/10 8:15,0,1,1,68.2,52,16.66666667,1.333333333,1,61.3,1,1,0,47,41.46666667,70,67.6,100,2,80,60,5
2025/2/10 8:30,0,1,1,68.2,52,0,1,1,61.33333333,1,1,0,47,43.03333333,70,68.33333333,100,2,80,60,5
2025/2/10 8:45,0,1,1,68.2,52,16.66666667,1.333333333,1,61.46666667,1,1,0,47,41.73333333,70,68.03333333,100,2,80,60,5
2025/2/10 9:00,0,1,1,68.2,52,0,1,1,61.2,1,1,0,47,42.36666667,70,68.13333333,100,2,80,60,5
2025/2/10 9:15,0,1,1,68.2,52,0,1,1,61.86666667,1,1,0,48,41.4,70,68.83333333,100,2,80,60,5
2025/2/10 9:30,0,1,1,68.2,52,16.66666667,1.333333333,1,60.73333333,1,1,0,48,41.83333333,70,67.16666667,100,2,80,60,5
2025/2/10 9:45,0,1,1,68.2,52,0,1,1,61.8,1,1,0,48,41.76666667,70,69.13333333,100,2,80,60,1
2025/2/10 10:00,0,1,1,68.2,52,0,1,1,61.03333333,1,1,0,47.33333333,41.03333333,70,67.46666667,100,2,80,60,5
2025/2/10 10:15,0,1,1,68.2,52,0,1,1,61.4,1,1,0,48,42.06666667,70,68.6,100,2,80,60,5
2025/2/10 10:30,0,1,1,68.2,52,33.33333333,1.666666667,1,61.16666667,1,1,0,48,40.76666667,70,67.93333333,100,2,80,60,5
2025/2/10 10:45,0,1,1,68.2,52,0,1,1,60.73333333,1,1,0,48,41.23333333,70,67.56666667,100,2,80,60,5
2025/2/10 11:00,0,1,1,68.2,52,0,1,1,61.66666667,1,1,0,48,40.43333333,70,68.96666667,100,2,80,60,5
2025/2/10 11:15,0,1,1,68.2,52,0,1,1,60.76666667,1,1,0,48,40.16666667,70,67.36666667,100,2,80,60,5
2025/2/10 11:30,0,1,1,68.2,52,0,1,1,61.3,1,1,0,48,40.53333333,70,68.73333333,100,2,80,60,5
2025/2/10 11:45,0,1,1,68.2,52,33.33333333,1.666666667,1,61.06666667,1,1,0,48,39.8,70,67.86666667,100,2,80,60,5
2025/2/10 12:00,0,1,1,68.2,52,16.66666667,1.333333333,1,60.7,1,1,0,48,40.56666667,70,67.56666667,100,2,80,60,5
2025/2/10 12:15,0,1,1,68.2,52,0,1,1,61.66666667,1,1,0,48,40.16666667,70,68.9,100,2,80,60,1
2025/2/10 12:30,0,1,1,68.2,52,16.66666667,1.333333333,1,60.86666667,1,1,0,48,40.23333333,70,67.53333333,100,2,80,60,5
2025/2/10 12:45,0,1,1,68.2,52,0,1,1,61.2,1,1,0,48,41.06666667,70,68.4,100,2,80,60,5
2025/2/10 13:00,0,1,1,68.2,52,16.66666667,1.333333333,1,61.33333333,1,1,0,47.33333333,40.1,70,68.2,100,2,80,60,5
2025/2/10 13:15,0,1,1,68.2,52,0,1,1,61.23333333,1,1,0,47.33333333,41.46666667,70,67.83333333,100,2,80,60,5
2025/2/10 13:30,0,1,1,68.2,52,16.66666667,1.333333333,1,61.43333333,1,1,0,47.33333333,41.23333333,70,67.93333333,100,2,80,60,5
2025/2/10 13:45,0,1,1,68.2,52,0,1,1,61.76666667,1,1,0,46.66666667,42.9,70,68.4,100,2,80,60,5
2025/2/10 14:00,0,1,1,68.2,52,0,1,1,61.06666667,1,1,0,45,43.63333333,70,67.36666667,100,2,80,60,5
2025/2/10 14:15,0,1,1,68.2,52,0,1,1,62.36666667,1,1,0,44.33333333,44.46666667,70,69.16666667,100,2,80,60,5
2025/2/10 14:30,0,1,1,68.2,52,0,1,1,61.86666667,1,1,0,43.33333333,46.23333333,70,68.2,100,2,80,60,5
2025/2/10 14:45,0,1,1,68.2,52,0,1,1,61.46666667,1,1,0,42.33333333,46.43333333,70,67.73333333,100,2,80,60,5
2025/2/10 15:00,0,1,1,68.2,52,16.66666667,1.333333333,1,60.86666667,1,1,0,42.33333333,44.96666667,70,67.4,100,2,80,60,5
2025/2/10 15:15,0,1,1,68.2,52,0,1,1,62.56666667,1,1,0,43,47.23333333,70,69.6,100,2,80,60,1
2025/2/10 15:30,0,1,1,68.2,52,0,1,1,61.66666667,1,1,0,41,48.23333333,70,68.23333333,100,2,80,60,5
2025/2/10 15:45,0,1,1,68.2,52,0,1,1,61.6,1,1,0,40,47.53333333,70,67.9,100,2,80,60,5
2025/2/10 16:00,0,1,1,68.2,52,0,1,1,61.6,1,1,0,39,48.1,70,67.9,100,2,80,60,5
2025/2/10 16:15,0,1,1,68.2,52,0,1,1,61.73333333,1,1,0,39,49.43333333,70,67.9,100,2,80,60,5
2025/2/10 16:30,0,1,1,68.2,52,0,1,1,62.16666667,1,1,0,37.66666667,50.63333333,70,67.96666667,100,2,80,60,5
2025/2/10 16:45,0,1,1,68.2,52,0,1,1,62.4,1,1,0,35.66666667,50.7,70,68.33333333,100,2,80,60,5
2025/2/10 17:00,0,1,1,68.2,52,0,1,1,62.4,1,1,0,35,50.53333333,70,68.46666667,100,2,80,60,5
2025/2/10 17:15,0,1,1,68.2,52,0,1,1,62.66666667,1,1,0,34.33333333,49,70,68.6,100,2,80,60,5
2025/2/10 17:30,0,1,1,68.2,52,0,1,1,62.73333333,1,1,0,33,49.73333333,70,68.6,100,2,80,60,5
2025/2/10 17:45,0,1,1,68.2,52,0,1,1,62.83333333,1,1,0,32,51.6,70,68.7,100,2,80,60,5
2025/2/10 18:00,0,1,1,68.2,52,0,1,1,62.8,1,1,0,32.33333333,53.2,70,68.76666667,100,2,80,60,5
2025/2/10 18:15,0,1,1,68.2,52,0,1,1,63.13333333,1,1,0,32.66666667,54.1,70,68.93333333,100,2,80,60,5
2025/2/10 18:30,0,1,1,68.2,52,0,1,1,63.46666667,1,1,0,32,54.7,70,69.33333333,100,2,80,60,5
2025/2/10 18:45,0,1,1,68.2,52,0,1,1,63.13333333,1,1,0,33.33333333,54.56666667,70,69.4,100,2,80,60,5
2025/2/10 19:00,0,1,1,68.2,52,0,1,1,63.33333333,1,1,0,31.33333333,54.83333333,70,69.4,100,2,80,60,5
2025/2/10 19:15,0,1,1,68.2,52,0,1,1,63.43333333,1,1,0,30.66666667,55.26666667,70,69.06666667,100,2,80,60,5
2025/2/10 19:30,0,1,1,68.2,52,0,1,1,63.53333333,1,1,0,30,56.43333333,70,68.96666667,100,2,80,60,5
2025/2/10 19:45,0,1,1,68.2,52,0,1,1,63.9,1,1,0,29,56.43333333,70,68.9,100,2,80,60,5
2025/2/10 20:00,0,1,1,68.2,52,0,1,1,63.83333333,1,1,0,29,56.83333333,70,68.9,100,2,80,60,5
2025/2/10 20:15,0,1,1,68.2,52,0,1,1,63.7,1,1,0,28,55.46666667,70,68.9,100,2,80,60,5
2025/2/10 20:30,0,1,1,68.2,52,0,1,1,64.2,1,1,0,28,57.03333333,70,68.83333333,100,2,80,60,5
2025/2/10 20:45,0,1,1,68.2,52,0,1,1,63.9,1,1,0,27,56.36666667,70,68.7,100,2,80,60,5
2025/2/10 21:00,0,1,1,68.2,52,0,1,1,64.06666667,1,1,0,27,57.2,70,68.53333333,100,2,80,60,5
2025/2/10 21:15,0,1,1,68.2,52,0,1,1,63.8,1,1,0,27.33333333,56.1,70,68.26666667,100,2,80,60,5
2025/2/10 21:30,0,1,1,68.2,52,0,1,1,63.7,1,1,0,28,55.7,70,67.9,100,2,80,60,5
2025/2/10 21:45,0,1,1,68.2,52,0,1,1,63.5,1,1,0,27,55.1,70,67.73333333,100,2,80,60,5
2025/2/10 22:00,0,1,1,68.2,52,0,1,1,63.33333333,1,1,0,27,54.03333333,70,67.56666667,100,2,80,60,5
2025/2/10 22:15,0,1,1,68.2,52,0,1,1,63.2,1,1,0,27,53.06666667,70,67.5,100,2,80,60,5
2025/2/10 22:30,0,1,1,68.2,52,0,1,1,63.43333333,1,1,0,27.33333333,51.6,70,67.63333333,100,2,80,60,5
2025/2/10 22:45,0,1,1,68.2,52,0,1,1,63.93333333,1,1,0,28,52.33333333,70,69.46666667,100,2,80,60,5
2025/2/10 23:00,0,1,1,68.2,52,0,1,1,63.13333333,1,1,0,28.33333333,51.2,70,68.06666667,100,2,80,60,5
2025/2/10 23:15,0,1,1,68.2,52,0,1,1,62.7,1,1,0,30,50.1,70,67.53333333,100,2,80,60,5
2025/2/10 23:30,0,1,1,68.2,52,16.66666667,1.333333333,1,63.16666667,1,1,0,31.33333333,49.9,70,67.96666667,100,2,80,60,5
2025/2/10 23:45,0,1,1,68.2,52,0,1,1,63.43333333,1,1,0,31,51.53333333,70,68.96666667,100,2,80,60,5
2025/2/11 0:00,0,1,1,68.2,52,0,1,1,62.76666667,1,1,0,31,50.63333333,70,67.66666667,100,2,80,60,5
2025/2/11 0:15,0,1,1,68.2,52,16.66666667,1.333333333,1,62.6,1,1,0,31,49.76666667,70,67.3,100,2,80,60,5
2025/2/11 0:30,0,1,1,68.2,52,0,1,1,63.86666667,1,1,0,31,50.46666667,70,69.6,100,2,80,60,1
2025/2/11 0:45,0,1,1,68.2,52,0,1,1,62.9,1,1,0,31,50.36666667,70,67.93333333,100,2,80,60,5
2025/2/11 1:00,0,1,1,68.2,52,0,1,1,62.53333333,1,1,0,31,49.36666667,70,67.4,100,2,80,60,5
2025/2/11 1:15,0,1,1,68.2,52,16.66666667,1.333333333,1,63.33333333,1,1,0,31.66666667,49.16666667,70,68.53333333,100,2,80,60,5
2025/2/11 1:30,0,1,1,68.2,52,0,1,1,63.03333333,1,1,0,32.66666667,50.1,70,68.26666667,100,2,80,60,5
2025/2/11 1:45,0,1,1,68.2,52,0,1,1,62.53333333,1,1,0,32,49.4,70,67.46666667,100,2,80,60,5
2025/2/11 2:00,0,1,1,68.2,52,16.66666667,1.333333333,1,63.4,1,1,0,32.33333333,49.4,70,68.63333333,100,2,80,60,5
2025/2/11 2:15,0,1,1,68.2,52,0,1,1,63.16666667,1,1,0,33,50.6,70,68.26666667,100,2,80,60,5
2025/2/11 2:30,0,1,1,68.2,52,0,1,1,62.66666667,1,1,0,33,50.2,70,67.46666667,100,2,80,60,5
2025/2/11 2:45,0,1,1,68.2,52,16.66666667,1.333333333,1,63,1,1,0,33,49.4,70,68.13333333,100,2,80,60,5
2025/2/11 3:00,0,1,1,68.2,52,0,1,1,63.36666667,1,1,0,33.33333333,50.8,70,68.96666667,100,2,80,60,5
2025/2/11 3:15,0,1,1,68.2,52,0,1,1,62.56666667,1,1,0,34.33333333,49.43333333,70,67.56666667,100,2,80,60,5
2025/2/11 3:30,0,1,1,68.2,52,16.66666667,1.333333333,1,62.36666667,1,1,0,34.66666667,48.7,70,67.3,100,2,80,60,5
2025/2/11 3:45,0,1,1,68.2,52,0,1,1,63.8,1,1,0,34,49.73333333,70,69.7,100,2,80,60,1
2025/2/11 4:00,0,1,1,68.2,52,0,1,1,62.86666667,1,1,0,33.66666667,49.66666667,70,67.86666667,100,2,80,60,5
2025/2/11 4:15,0,1,1,68.2,52,0,1,1,62.53333333,1,1,0,33,48.83333333,70,67.43333333,100,2,80,60,5
2025/2/11 4:30,0,1,1,68.2,52,0,1,1,63.1,1,1,0,32,48.73333333,70,68.36666667,100,2,80,60,5
2025/2/11 4:45,0,1,1,68.2,52,0,1,1,63.2,1,1,0,32,49.76666667,70,68.43333333,100,2,80,60,5
2025/2/11 5:00,0,1,1,68.2,52,16.66666667,1.333333333,1,63.63333333,1,1,0,32,49.63333333,70,69.23333333,100,2,80,60,5
2025/2/11 5:15,0,1,1,68.2,52,0,1,1,63.3,1,1,0,31,50.33333333,70,68.46666667,100,2,80,60,5
2025/2/11 5:30,0,1,1,68.2,52,16.66666667,1.333333333,1,63.2,1,1,0,31.33333333,48.76666667,70,68.7,100,2,80,60,5
2025/2/11 5:45,0,1,1,68.2,52,0,1,1,63.4,1,1,0,33,49.06666667,70,69.03333333,100,2,80,60,5
2025/2/11 6:00,0,1,1,68.2,52,0,1,1,62.83333333,1,1,0,33,48.73333333,70,67.96666667,100,2,80,60,
2025/2/11 6:15,0,1,1,68.2,52,16.66666667,1.333333333,1,63.36666667,1,1,0,34,48.5,70,68.9,100,2,80,60,
2025/2/11 6:30,0,1,1,68.2,52,0,1,1,63.23333333,1,1,0,34,49.66666667,70,68.56666667,100,2,80,60,
2025/2/11 6:45,0,1,1,68.2,52,16.66666667,1.333333333,1,63.1,1,1,0,35,48.43333333,70,68.56666667,100,2,80,60,
2025/2/11 7:00,0,1,1,68.2,52,0,1,1,63.36666667,1,1,0,37,48.4,70,68.9,100,2,80,60,
2025/2/11 7:15,0,1,1,68.2,52,16.66666667,1.333333333,1,63.2,1,1,0,36.33333333,48.93333333,70,68.7,100,2,80,60,
2025/2/11 7:30,0,1,1,68.2,52,0,1,1,63.36666667,1,1,0,35.66666667,49.53333333,70,68.8,100,2,80,60,
2025/2/11 7:45,0,1,1,68.2,52,16.66666667,1.333333333,1,62.76666667,1,1,0,36.33333333,48.76666667,70,67.76666667,100,2,80,60,
2025/2/11 8:00,0,1,1,68.2,52,0,1,1,63.63333333,1,1,0,36.66666667,49.26666667,70,69.46666667,100,2,80,60,
2025/2/11 8:15,0,1,1,68.2,52,16.66666667,1.333333333,1,62.83333333,1,1,0,36.33333333,49.06666667,70,67.86666667,100,2,80,60,
2025/2/11 8:30,0,1,1,68.2,52,0,1,1,63.96666667,1,1,0,36.33333333,49.63333333,70,70.2,100,2,80,60,
2025/2/11 8:45,0,1,1,68.2,52,0,1,1,63.03333333,1,1,0,36.33333333,50.06666667,70,68.33333333,100,2,80,60,
2025/2/11 9:00,0,1,1,68.2,52,16.66666667,1.333333333,1,62.7,1,1,0,36.66666667,48.63333333,70,67.7,100,2,80,60,
2025/2/11 9:15,0,1,1,68.2,52,0,1,1,63.56666667,1,1,0,42,47.26666667,70,69.63333333,100,2,80,60,
2025/2/11 9:30,0,1,1,68.2,52,0,1,1,62.5,1,1,0,54,43.63333333,70,68.5,100,2,80,60,
2025/2/11 9:45,0,1,1,68.2,52,0,1,1,62.46666667,1,1,0,61,43.03333333,70,69.13333333,100,2,80,60,
2025/2/11 10:00,0,1,1,68.2,52,0,1,1,63.05,1,1,0,63,42.55,70,70.05,100,2,80,60,
2025/2/11 10:15,0,1,1,68.2,52,0,1,1,62.26666667,1,1,0,62.33333333,43.4,70,68.23333333,100,2,80,60,
2025/2/11 10:30,0,1,1,68.2,52,0,1,1,62.9,1,1,0,59.66666667,44.43333333,70,69.9,100,2,80,60,
2025/2/11 10:45,0,1,1,68.2,52,0,1,1,62.2,1,1,0,57,44.23333333,70,68.16666667,100,2,80,60,
2025/2/11 11:00,0,1,1,68.2,52,0,1,1,62.76666667,1,1,0,56,44.1,70,69.53333333,100,2,80,60,
2025/2/11 11:15,0,1,1,68.2,52,0,1,1,62.36666667,1,1,0,56.66666667,43.76666667,70,68.6,100,2,80,60,
2025/2/11 11:30,0,1,1,68.2,52,0,1,1,62.26666667,1,1,0,57,44.56666667,70,68.33333333,100,2,80,60,
2025/2/11 11:45,0,1,1,68.2,52,0,1,1,61.76666667,1,1,0,57,43.7,70,67.4,100,2,80,60,
2025/2/11 12:00,0,1,1,68.2,52,16.66666667,1.333333333,1,62.53333333,1,1,0,57,43.7,70,69.06666667,100,2,80,60,
2025/2/11 12:15,0,1,1,68.2,52,0,1,1,62.46666667,1,1,0,57,44.2,70,68.66666667,100,2,80,60,
2025/2/11 12:30,0,1,1,68.2,52,0,1,1,62.56666667,1,1,0,57,44.7,70,69.13333333,100,2,80,60,
2025/2/11 12:45,0,1,1,68.2,52,16.66666667,1.333333333,1,62.33333333,1,1,0,57,43.83333333,70,68.7,100,2,80,60,
2025/2/11 13:00,0,1,1,68.2,52,0,1,1,62.36666667,1,1,0,56.66666667,44.4,70,68.43333333,100,2,80,60,
2025/2/11 13:15,0,1,1,68.2,52,0,1,1,63.03333333,1,1,0,57,44.43333333,70,69.76666667,100,2,80,60,
2025/2/11 13:30,0,1,1,68.2,52,0,1,1,62.2,1,1,0,56,44.53333333,70,68.23333333,100,2,80,60,
2025/2/11 13:45,0,1,1,68.2,52,16.66666667,1.333333333,1,62.33333333,1,1,0,56.66666667,44.23333333,70,68.73333333,100,2,80,60,
2025/2/11 14:00,0,1,1,68.2,52,0,1,1,62.36666667,1,1,0,56,45.23333333,70,68.86666667,100,2,80,60,
2025/2/11 14:15,0,1,1,68.2,52,0,1,1,62.23333333,1,1,0,56,44.83333333,70,68.56666667,100,2,80,60,5
2025/2/11 14:30,0,1,1,68.2,52,0,1,1,62.63333333,1,1,0,56,45.6,70,69.3,100,2,80,60,5
2025/2/11 14:45,0,1,1,68.2,52,0,1,1,62.1,1,1,0,56,45.56666667,70,67.93333333,100,2,80,60,5
2025/2/11 15:00,0,1,1,68.2,52,16.66666667,1.333333333,1,62.66666667,1,1,0,56,45.6,70,69.13333333,100,2,80,60,5
2025/2/11 15:15,0,1,1,68.2,52,0,1,1,62.33333333,1,1,0,56,47.2,70,68.33333333,100,2,80,60,5
2025/2/11 15:30,0,1,1,68.2,52,16.66666667,1.333333333,1,61.9,1,1,0,56,46.26666667,70,67.86666667,100,2,80,60,5
2025/2/11 15:45,0,1,1,68.2,52,0,1,1,62.86666667,1,1,0,56,46.56666667,70,69.73333333,100,2,80,60,1
2025/2/11 16:00,0,1,1,68.2,52,0,1,1,62.23333333,1,1,0,55,46.1,70,68.06666667,100,2,80,60,5
2025/2/11 16:15,0,1,1,68.2,52,0,1,1,62.03333333,1,1,0,55,46.46666667,70,67.63333333,100,2,80,60,5
2025/2/11 16:30,0,1,1,68.2,52,16.66666667,1.333333333,1,61.8,1,1,0,55.33333333,45.23333333,70,67.33333333,100,2,80,60,5
2025/2/11 16:45,0,1,1,68.2,52,0,1,1,63,1,1,0,56,46.9,70,69.73333333,100,2,80,60,1
2025/2/11 17:00,0,1,1,68.2,52,0,1,1,62.23333333,1,1,0,55.66666667,47.1,70,68.23333333,100,2,80,60,5
2025/2/11 17:15,0,1,1,68.2,52,0,1,1,61.5,1,1,0,55,46.5,70,67.43333333,100,2,80,60,5
2025/2/11 17:30,0,1,1,68.2,52,16.66666667,1.333333333,1,61.9,1,1,0,55.33333333,46.03333333,70,68.06666667,100,2,80,60,5
2025/2/11 17:45,0,1,1,68.2,52,0,1,1,62.4,1,1,0,55.66666667,47.23333333,70,68.9,100,2,80,60,5
2025/2/11 18:00,0,1,1,68.2,52,0,1,1,61.9,1,1,0,56,47.06666667,70,67.83333333,100,2,80,60,5
2025/2/11 18:15,0,1,1,68.2,52,0,1,1,61.86666667,1,1,0,56,46.3,70,67.6,100,2,80,60,5
2025/2/11 18:30,0,1,1,68.2,52,0,1,1,61.8,1,1,0,56,45.56666667,70,67.66666667,100,2,80,60,5
2025/2/11 18:45,0,1,1,68.2,52,16.66666667,1.333333333,1,61.8,1,1,0,56,45.76666667,70,67.8,100,2,80,60,5
2025/2/11 19:00,0,1,1,68.2,52,0,1,1,62.8,1,1,0,56,46.9,70,69.76666667,100,2,80,60,1
2025/2/11 19:15,0,1,1,68.2,52,0,1,1,62.36666667,1,1,0,55,47.3,70,68.46666667,100,2,80,60,5
2025/2/11 19:30,0,1,1,68.2,52,0,1,1,62.6,1,1,0,56,46.36666667,70,69.1,100,2,80,60,5
2025/2/11 19:45,0,1,1,68.2,52,16.66666667,1.333333333,1,62.46666667,1,1,0,56.33333333,45.8,70,68.73333333,100,2,80,60,5
2025/2/11 20:00,0,1,1,68.2,52,0,1,1,62.36666667,1,1,0,57,46.26666667,70,68.93333333,100,2,80,60,5
2025/2/11 20:15,0,1,1,68.2,52,0,1,1,61.96666667,1,1,0,57.66666667,45.96666667,70,67.86666667,100,2,80,60,5
2025/2/11 20:30,0,1,1,68.2,52,16.66666667,1.333333333,1,62.6,1,1,0,58,45.16666667,70,68.83333333,100,2,80,60,5
2025/2/11 20:45,0,1,1,68.2,52,0,1,1,62.33333333,1,1,0,58,44.86666667,70,68.73333333,100,2,80,60,5
2025/2/11 21:00,0,1,1,68.2,52,0,1,1,61.9,1,1,0,58.33333333,44.4,70,67.86666667,100,2,80,60,5
2025/2/11 21:15,0,1,1,68.2,52,0,1,1,62.83333333,1,1,0,59,44.4,70,69.53333333,100,2,80,60,5
2025/2/11 21:30,0,1,1,68.2,52,0,1,1,62.46666667,1,1,0,58.33333333,44.93333333,70,68.46666667,100,2,80,60,5
2025/2/11 21:45,0,1,1,68.2,52,0,1,1,62.73333333,1,1,0,58,44.83333333,70,69.33333333,100,2,80,60,5
2025/2/11 22:00,0,1,1,68.2,52,16.66666667,1.333333333,1,62.46666667,1,1,0,58.66666667,44.43333333,70,68.5,100,2,80,60,5
2025/2/11 22:15,0,1,1,68.2,52,0,1,1,62.36666667,1,1,0,59,44.53333333,70,68.73333333,100,2,80,60,5
2025/2/11 22:30,0,1,1,68.2,52,16.66666667,1.333333333,1,62.56666667,1,1,0,59,44.63333333,70,68.56666667,100,2,80,60,5
2025/2/11 22:45,0,1,1,68.2,52,0,1,1,62.4,1,1,0,58.66666667,45.66666667,70,68.76666667,100,2,80,60,5
2025/2/11 23:00,0,1,1,68.2,52,16.66666667,1.333333333,1,62.7,1,1,0,58,44.4,70,68.66666667,100,2,80,60,5
2025/2/11 23:15,0,1,1,68.2,52,0,1,1,62.26666667,1,1,0,58.66666667,45.03333333,70,68.5,100,2,80,60,5
2025/2/11 23:30,0,1,1,68.2,52,0,1.333333333,1,62.93333333,1,1,0,59,44.73333333,70,69.26666667,100,2,80,60,5
2025/2/11 23:45,0,1,1,68.2,52,0,1,1,62.06666667,1,1,0,59,44.7,70,67.96666667,100,2,80,60,5
2025/2/12 0:00,0,1,1,68.2,52,16.66666667,1.333333333,1,61.66666667,1,1,0,59,43.96666667,70,67.16666667,100,2,80,60,5
2025/2/12 0:15,0,1,1,68.2,52,0,1,1,62.8,1,1,0,59,44.73333333,70,69.46666667,100,2,80,60,1
2025/2/12 0:30,0,1,1,68.2,52,0,1,1,61.86666667,1,1,0,59,44.93333333,70,67.36666667,100,2,80,60,5
2025/2/12 0:45,0,1,1,68.2,52,16.66666667,1.333333333,1,62.33333333,1,1,0,59,45.1,70,68.36666667,100,2,80,60,5
2025/2/12 1:00,0,1,1,68.2,52,0,1,1,62.1,1,1,0,59,44.7,70,67.86666667,100,2,80,60,5
2025/2/12 1:15,0,1,1,68.2,52,16.66666667,1.333333333,1,62,1,1,0,59.66666667,43.4,70,68.03333333,100,2,80,60,5
2025/2/12 1:30,0,1,1,68.2,52,0,1,1,62.13333333,1,1,0,60,44.46666667,70,68.16666667,100,2,80,60,5
2025/2/12 1:45,0,1,1,68.2,52,16.66666667,1,1,61.93333333,1,1,0,60,43.13333333,70,67.73333333,100,2,80,60,5
2025/2/12 2:00,0,1,1,68.2,52,0,1,1,62.3,1,1,0,60,43.46666667,70,68.63333333,100,2,80,60,5
2025/2/12 2:15,0,1,1,68.2,52,16.66666667,1.333333333,1,61.56666667,1,1,0,59.66666667,43,70,67.06666667,100,2,80,60,5
2025/2/12 2:30,0,1,1,68.2,52,0,1,1,62.53333333,1,1,0,60,44.36666667,70,69,100,2,80,60,1
2025/2/12 2:45,0,1,1,68.2,52,16.66666667,1.333333333,1,61.6,1,1,0,60,43.23333333,70,67.2,100,2,80,60,5
2025/2/12 3:00,0,1,1,68.2,52,0,1,1,62.56666667,1,1,0,60,44.06666667,70,69.46666667,100,2,80,60,1
2025/2/12 3:15,0,1,1,68.2,52,16.66666667,1.333333333,1,62.6,1,1,0,60,43.46666667,70,69.2,100,2,80,60,5
2025/2/12 3:30,0,1,1,68.2,52,0,1,1,62.2,1,1,0,59,44.16666667,70,68.43333333,100,2,80,60,5
2025/2/12 3:45,0,1,1,68.2,52,0,1,1,62.6,1,1,0,59,45.1,70,69.43333333,100,2,80,60,5
2025/2/12 4:00,0,1,1,68.2,52,16.66666667,1.333333333,1,62.23333333,1,1,0,59,43.46666667,70,68.63333333,100,2,80,60,5
2025/2/12 4:15,0,1,1,68.2,52,16.66666667,1.333333333,1,62.2,1,1,0,59,44.16666667,70,68.4,100,2,80,60,5
2025/2/12 4:30,0,1,1,68.2,52,0,1,1,62.8,1,1,0,59,44.63333333,70,69.9,100,2,80,60,1
2025/2/12 4:45,0,1,1,68.2,52,16.66666667,1.333333333,1,62.4,1,1,0,59,44.9,70,68.7,100,2,80,60,5
2025/2/12 5:00,0,1,1,68.2,52,16.66666667,1.333333333,1,62.36666667,1,1,0,58,45.9,70,68.66666667,100,2,80,60,5
2025/2/12 5:15,0,1,1,68.2,52,0,1,1,62.86666667,1,1,0,58.66666667,45.5,70,70,100,2,80,60,1
2025/2/12 5:30,0,1,1,68.2,52,0,1,1,62.2,1,1,0,59,44.16666667,70,68.33333333,100,2,80,60,5
2025/2/12 5:45,0,1,1,68.2,52,0,1,1,62.6,1,1,0,59,44.4,70,69.33333333,100,2,80,60,5
2025/2/12 6:00,0,1,1,68.2,52,16.66666667,1.333333333,1,62.33333333,1,1,0,59.33333333,44.36666667,70,68.7,100,2,80,60,5
2025/2/12 6:15,0,1,1,68.2,52,0,1,1,62.4,1,1,0,59.33333333,45.56666667,70,68.66666667,100,2,80,60,5
2025/2/12 6:30,0,1,1,68.2,52,0,1,1,62.73333333,1,1,0,59,44.43333333,70,69.56666667,100,2,80,60,5
2025/2/12 6:45,0,1,1,68.2,52,16.66666667,1.333333333,1,62.33333333,1,1,0,59,44.4,70,68.66666667,100,2,80,60,5
2025/2/12 7:00,0,1,1,68.2,52,0,1,1,62.4,1,1,0,59,45.7,70,68.9,100,2,80,60,5
2025/2/12 7:15,0,1,1,68.2,52,0,1,1,62.8,1,1,0,58.33333333,45.13333333,70,69.66666667,100,2,80,60,5
2025/2/12 7:30,0,1,1,68.2,52,0,1,1,62.36666667,1,1,0,58,45.46666667,70,68.4,100,2,80,60,5
2025/2/12 7:45,0,1,1,68.2,52,0,1,1,62.66666667,1,1,0,58,45.96666667,70,69.36666667,100,2,80,60,5
2025/2/12 8:00,0,1,1,68.2,52,16.66666667,1.333333333,1,62.7,1,1,0,58,45.5,70,69.16666667,100,2,80,60,5
2025/2/12 8:15,0,1,1,68.2,52,16.66666667,1.333333333,1,62.26666667,1,1,0,58.33333333,45.73333333,70,68.26666667,100,2,80,60,5
2025/2/12 8:30,0,1,1,68.2,52,0,1,1,62.8,1,1,0,59,45.96666667,70,69.76666667,100,2,80,60,1
2025/2/12 8:45,0,1,1,68.2,52,16.66666667,1.333333333,1,61.9,1,1,0,58.33333333,45.7,70,67.86666667,100,2,80,60,5
2025/2/12 9:00,0,1,1,68.2,52,16.66666667,1.333333333,1,61.63333333,1,1,0,58,45.76666667,70,68.56666667,100,2,80,60,1
2025/2/12 9:15,0,1,1,68.2,52,16.66666667,1.333333333,1,62.4,1,1,0,58.33333333,45.66666667,70,68.73333333,100,2,80,60,5
2025/2/12 9:30,0,1,1,68.2,52,16.66666667,1.333333333,1,62.2,1,1,0,58.66666667,46.3,70,68.4,100,2,80,60,5
2025/2/12 9:45,0,1,1,68.2,52,0,1,1,62.8,1,1,0,58,46.13333333,70,69.73333333,100,2,80,60,1
2025/2/12 10:00,0,1,1,68.2,52,16.66666667,1,1,62.56666667,1,1,0,58,45.9,70,69,100,2,80,60,5
2025/2/12 10:15,0,1,1,68.2,52,16.66666667,1.333333333,1,62.2,1,1,0,58,46.26666667,70,68.33333333,100,2,80,60,5
2025/2/12 10:30,0,1,1,68.2,52,0,1,1,62.86666667,1,1,0,58,46.53333333,70,69.76666667,100,2,80,60,1
2025/2/12 10:45,0,1,1,68.2,52,16.66666667,1.333333333,1,62.46666667,1,1,0,58,46.06666667,70,68.7,100,2,80,60,5
2025/2/12 11:00,0,1,1,68.2,52,0,1,1,62.53333333,1,1,0,58.33333333,46.16666667,70,68.86666667,100,2,80,60,5
2025/2/12 11:15,0,1,1,68.2,52,16.66666667,1.333333333,1,62.73333333,1,1,0,59,45.1,70,69.3,100,2,80,60,5
2025/2/12 11:30,0,1,1,68.2,52,0,1,1,62.26666667,1,1,0,59,46.2,70,68.36666667,100,2,80,60,5
2025/2/12 11:45,0,1,1,68.2,52,0,1,1,62.66666667,1,1,0,59,46.83333333,70,69.43333333,100,2,80,60,5
2025/2/12 12:00,0,1,1,68.2,52,16.66666667,1.333333333,1,62.63333333,1,1,0,58.33333333,45.86666667,70,69.3,100,2,80,60,5
2025/2/12 12:15,0,1,1,68.2,52,16.66666667,1.333333333,1,62.26666667,1,1,0,59,45.66666667,70,68.3,100,2,80,60,5
2025/2/12 12:30,0,1,1,68.2,52,0,1,1,62.66666667,1,1,0,59,46,70,69.6,100,2,80,60,1
2025/2/12 12:45,0,1,1,68.2,52,16.66666667,1.333333333,1,62.23333333,1,1,0,59,45.46666667,70,68.66666667,100,2,80,60,5
2025/2/12 13:00,0,1,1,68.2,52,0,1,1,62.13333333,1,1,0,59,46.13333333,70,68.56666667,100,2,80,60,5
2025/2/12 13:15,0,1,1,68.2,52,16.66666667,1.333333333,1,62.56666667,1,1,0,59,45.33333333,70,69.23333333,100,2,80,60,5
2025/2/12 13:30,0,1,1,68.2,52,16.66666667,1.333333333,1,62.03333333,1,1,0,59,45.96666667,70,68.03333333,100,2,80,60,5
2025/2/12 13:45,0,1,1,68.2,52,0,1,1,62.73333333,1,1,0,59.66666667,46.56666667,70,69.66666667,100,2,80,60,1
2025/2/12 14:00,0,1,1,68.2,52,16.66666667,1.333333333,1,62.66666667,1,1,0,60,47.26666667,70,69.1,100,2,80,60,5
2025/2/12 14:15,0,1,1,68.2,52,0,1,1,62.1,1,1,0,59.66666667,47.4,70,68.3,100,2,80,60,5
2025/2/12 14:30,0,1,1,68.2,52,0,1,1,62.93333333,1,1,0,59.66666667,46.86666667,70,69.73333333,100,2,80,60,5
2025/2/12 14:45,0,1,1,68.2,52,0,1,1,62.1,1,1,0,61.66666667,46.76666667,70,68,100,2,80,60,5
2025/2/12 15:00,0,1,1,68.2,52,0,1,1,63.2,1,1,0,61,47.1,70,69.93333333,100,2,80,60,5
2025/2/12 15:15,0,1,1,68.2,52,0,1,1,62.26666667,1,1,0,60.66666667,47.9,70,68.03333333,100,2,80,60,5
2025/2/12 15:30,0,1,1,68.2,52,50,2,1,62.1,1,1,0,60,47.4,70,67.6,100,2,80,60,5
2025/2/12 15:45,0,1,1,70.6,52,0,1,1,62.4,1,1,0,56.66666667,47.63333333,70,68.13333333,100,2,80,60,1
2025/2/12 16:00,0,1,1,68.2,52,0,1,1,63.2,1,1,0,60.66666667,47.4,70,69.9,100,2,80,60,5
2025/2/12 16:15,0,1,1,68.2,52,0,1,1,62.7,1,1,0,62,48.26666667,70,68.56666667,100,2,80,60,5
2025/2/12 16:30,0,1,1,68.2,52,0,1,1,63,1,1,0,62,48.6,70,69.36666667,100,2,80,60,5
2025/2/12 16:45,0,1,1,68.2,52,0,1,1,62.16666667,1,1,0,63,48.1,70,68.06666667,100,2,80,60,
2025/2/12 17:00,0,1,1,68.2,52,0,1,1,63.13333333,1,1,0,63.66666667,47.63333333,70,69.56666667,100,2,80,60,5
2025/2/12 17:15,0,1,1,68.2,52,16.66666667,1.333333333,1,62.36666667,1,1,0,65.33333333,47.26666667,70,67.93333333,100,2,80,60,5
2025/2/12 17:30,0,1,1,68.2,52,0,1,1,63.46666667,1,1,0,67,47.43333333,70,70.13333333,100,2,80,60,1
2025/2/12 17:45,0,1,1,68.2,52,0,1,1,62.56666667,1,1,0,67,47.9,70,68.33333333,100,2,80,60,5
2025/2/12 18:00,0,1,1,68.2,52,16.66666667,1.333333333,1,62.5,1,1,0,64.33333333,48.73333333,70,67.96666667,100,2,80,60,5
2025/2/12 18:15,0,1,1,68.2,52,0,1,1,63.26666667,1,1,0,62.66666667,50.1,70,69.6,100,2,80,60,1
2025/2/12 18:30,0,1,1,68.2,52,0,1,1,62.53333333,1,1,0,61,49.83333333,70,68.4,100,2,80,60,5
2025/2/12 18:45,0,1,1,68.2,52,0,1,1,62.33333333,1,1,0,62,49.43333333,70,68.06666667,100,2,80,60,5
2025/2/12 19:00,0,1,1,68.2,52,0,1,1,62.16666667,1,1,0,62,50,70,67.56666667,100,2,80,60,5
2025/2/12 19:15,0,1,1,68.2,52,0,1,1,62.3,1,1,0,63,51.03333333,70,67.23333333,100,2,80,60,5
2025/2/12 19:30,0,1,1,68.2,52,0,1,1,63.43333333,1,1,0,63,50.96666667,70,69.4,100,2,80,60,5
2025/2/12 19:45,0,1,1,68.2,52,0,1,1,62.73333333,1,1,0,61.66666667,51.43333333,70,67.86666667,100,2,80,60,5
2025/2/12 20:00,0,1,1,68.2,52,0,1,1,62.16666667,1,1,0,64.66666667,49.46666667,70,67.5,100,2,80,60,5
2025/2/12 20:15,0,1,1,68.2,52,16.66666667,1.333333333,1,62.63333333,1,1,0,66.66666667,49.76666667,70,68.33333333,100,2,80,60,5
2025/2/12 20:30,0,1,1,68.2,52,0,1,1,63.1,1,1,0,66.33333333,51.3,70,69,100,2,80,60,5
2025/2/12 20:45,0,1,1,68.2,52,0,1,1,62.63333333,1,1,0,64,50.96666667,70,68.03333333,100,2,80,60,5
2025/2/12 21:00,0,1,1,68.2,52,0,1,1,62.4,1,1,0,65,50.2,70,67.56666667,100,2,80,60,5
2025/2/12 21:15,0,1,1,68.2,52,16.66666667,1.333333333,1,62.83333333,1,1,0,65.33333333,50.36666667,70,68.06666667,100,2,80,60,5
2025/2/12 21:30,0,1,1,68.2,52,0,1,1,63.13333333,1,1,0,66,51.4,70,68.63333333,100,2,80,60,5
2025/2/12 21:45,0,1,1,68.2,52,0,1,1,62.43333333,1,1,0,69,49.3,70,67.33333333,100,2,80,60,5
2025/2/12 22:00,0,1,1,68.2,52,0,1,1,63.26666667,1,1,0,69.66666667,49.4,70,68.56666667,100,2,80,60,5
2025/2/12 22:15,0,1,1,68.2,52,0,1,1,62.63333333,1,1,0,70,49.5,70,67.66666667,100,2,80,60,5
2025/2/12 22:30,0,1,1,68.2,52,33.33333333,1.333333333,1,63.06666667,1,1,0,71,49.23333333,70,68.26666667,100,2,80,60,5
2025/2/12 22:45,0,1,1,68.2,52,0,1,1,62.93333333,1,1,0,71,50.26666667,70,68.13333333,100,2,80,60,5
2025/2/12 23:00,0,1,1,68.2,52,16.66666667,1.333333333,1,62.53333333,1,1,0,70.66666667,50.06666667,70,67.26666667,100,2,80,60,5
2025/2/12 23:15,0,1,1,68.2,52,0,1,1,63.63333333,1,1,0,68.33333333,51.33333333,70,69.4,100,2,80,60,1
2025/2/12 23:30,0,1,1,68.2,52,0,1,1,62.6,1,1,0,69,51.13333333,70,67.5,100,2,80,60,5
2025/2/12 23:45,0,1,1,68.2,52,16.66666667,1.333333333,1,63.33333333,1,1,0,68.33333333,51.16666667,70,68.36666667,100,2,80,60,5
2025/2/13 0:00,0,1,1,68.2,52,0,1,1,62.96666667,1,1,0,68.33333333,51.96666667,70,67.93333333,100,2,80,60,5
2025/2/13 0:15,0,1,1,68.2,52,0,1,1,62.9,1,1,0,69,50.93333333,70,67.36666667,100,2,80,60,5
2025/2/13 0:30,0,1,1,68.2,52,0,1,1,63.7,1,1,0,66.33333333,52.6,70,69.2,100,2,80,60,5
2025/2/13 0:45,0,1,1,68.2,52,0,1,1,62.76666667,1,1,0,64.66666667,52.5,70,67.5,100,2,80,60,5
2025/2/13 1:00,0,1,1,68.2,52,16.66666667,1.333333333,1,63.4,1,1,0,65,51.96666667,70,68.53333333,100,2,80,60,5
2025/2/13 1:15,0,1,1,68.2,52,0,1,1,63.03333333,1,1,0,63.33333333,53.13333333,70,67.93333333,100,2,80,60,5
2025/2/13 1:30,0,1,1,68.2,52,16.66666667,1.333333333,1,62.66666667,1,1,0,63,52.1,70,67.13333333,100,2,80,60,5
2025/2/13 1:45,0,1,1,68.2,52,0,1,1,63.73333333,1,1,0,63.66666667,53.4,70,69.3,100,2,80,60,1
2025/2/13 2:00,0,1,1,68.2,52,0,1,1,62.86666667,1,1,0,64,52.43333333,70,67.53333333,100,2,80,60,5
2025/2/13 2:15,0,1,1,68.2,52,16.66666667,1.333333333,1,63.33333333,1,1,0,63.33333333,51.83333333,70,68.2,100,2,80,60,5
2025/2/13 2:30,0,1,1,68.2,52,0,1,1,63.2,1,1,0,63,52.46666667,70,68.26666667,100,2,80,60,5
2025/2/13 2:45,0,1,1,68.2,52,16.66666667,1.333333333,1,62.7,1,1,0,66,52,70,67.26666667,100,2,80,60,5
2025/2/13 3:00,0,1,1,68.2,52,0,1,1,64.03333333,1,1,0,66.66666667,52.8,70,69.23333333,100,2,80,60,1
2025/2/13 3:15,0,1,1,68.2,52,0,1,1,62.93333333,1,1,0,65.33333333,49.63333333,70,67.6,100,2,80,60,5
2025/2/13 3:30,0,1,1,68.2,52,16.66666667,1,1,63.06666667,1,1,0,66.33333333,48.63333333,70,67.9,100,2,80,60,5
2025/2/13 3:45,0,1,1,68.2,52,0,1,1,63.36666667,1,1,0,66,49.53333333,70,68.96666667,100,2,80,60,5
2025/2/13 4:00,0,1,1,68.2,52,0,1,1,62.63333333,1,1,0,66.33333333,47.63333333,70,67.43333333,100,2,80,60,5
2025/2/13 4:15,0,1,1,68.2,52,16.66666667,1.333333333,1,63.3,1,1,0,67,47.73333333,70,68.66666667,100,2,80,60,5
2025/2/13 4:30,0,1,1,68.2,52,0,1,1,62.9,1,1,0,67,47.33333333,70,68,100,2,80,60,5
2025/2/13 4:45,0,1,1,68.2,52,0,1,1,62.46666667,1,1,0,66,46.13333333,70,67.23333333,100,2,80,60,5
2025/2/13 5:00,0,1,1,68.2,52,0,1,1,63.6,1,1,0,66,46.5,70,69.56666667,100,2,80,60,5
2025/2/13 5:15,0,1,1,68.2,52,16.66666667,1.333333333,1,63.16666667,1,1,0,65,46.36666667,70,68.7,100,2,80,60,5
2025/2/13 5:30,0,1,1,68.2,52,0,1,1,63.03333333,1,1,0,65,46.1,70,69,100,2,80,60,5
2025/2/13 5:45,0,1,1,68.2,52,16.66666667,1.333333333,1,62.73333333,1,1,0,65,44.36666667,70,68.53333333,100,2,80,60,5
2025/2/13 6:00,0,1,1,68.2,52,0,1,1,62.93333333,1,1,0,64.66666667,45.5,70,68.76666667,100,2,80,60,5
2025/2/13 6:15,0,1,1,68.2,52,0,1,1,62.3,1,1,0,63.33333333,45.86666667,70,67.43333333,100,2,80,60,5
2025/2/13 6:30,0,1,1,68.2,52,16.66666667,1.333333333,1,62.9,1,1,0,63.66666667,44.8,70,68.66666667,100,2,80,60,5
2025/2/13 6:45,0,1,1,68.2,52,0,1,1,62.43333333,1,1,0,64,44.73333333,70,67.73333333,100,2,80,60,5
2025/2/13 7:00,0,1,1,68.2,52,16.66666667,1.333333333,1,62.53333333,1,1,0,64,44.36666667,70,67.93333333,100,2,80,60,5
2025/2/13 7:15,0,1,1,68.2,52,0,1,1,62.66666667,1,1,0,63,44.93333333,70,68.3,100,2,80,60,5
2025/2/13 7:30,0,1,1,68.2,52,16.66666667,1.333333333,1,62.1,1,1,0,63,43.73333333,70,67.16666667,100,2,80,60,5
2025/2/13 7:45,0,1,1,68.2,52,0,1,1,63.1,1,1,0,63,44.33333333,70,69.4,100,2,80,60,1
2025/2/13 8:00,0,1,1,68.2,52,0,1,1,62.03333333,1,1,0,62.33333333,42.3,70,67.36666667,100,2,80,60,5
2025/2/13 8:15,0,1,1,68.2,52,16.66666667,1.333333333,1,62.73333333,1,1,0,63,41.96666667,70,68.86666667,100,2,80,60,5
2025/2/13 8:30,0,1,1,68.2,52,0,1,1,62.6,1,1,0,62,43.23333333,70,68.56666667,100,2,80,60,5
2025/2/13 8:45,0,1,1,68.2,52,0,1,1,62.73333333,1,1,0,61,44.1,70,69.2,100,2,80,60,5
2025/2/13 9:00,0,1,1,68.2,52,0,1,1,62.5,1,1,0,61,43.3,70,68.56666667,100,2,80,60,5
2025/2/13 9:15,0,1,1,68.2,52,16.66666667,1,1,62.63333333,1,1,0,61,43.83333333,70,68.76666667,100,2,80,60,5
2025/2/13 9:30,0,1,1,68.2,52,0,1,1,62.83333333,1,1,0,59,45.33333333,70,69.1,100,2,80,60,5
2025/2/13 9:45,0,1,1,68.2,52,16.66666667,1.333333333,1,62.76666667,1,1,0,58.66666667,42.73333333,70,68.83333333,100,2,80,60,5
2025/2/13 10:00,0,1,1,68.2,52,16.66666667,1.333333333,1,62.2,1,1,0,59,41.96666667,70,68.2,100,2,80,60,5
2025/2/13 10:15,0,1,1,68.2,52,0,1,1,62.8,1,1,0,59,41.73333333,70,69.7,100,2,80,60,1
2025/2/13 10:30,0,1,1,68.2,52,16.66666667,1.333333333,1,62.53333333,1,1,0,59.66666667,41.8,70,69,100,2,80,60,5
2025/2/13 10:45,0,1,1,68.2,52,16.66666667,1.333333333,1,62.33333333,1,1,0,57.66666667,43.16666667,70,68.2,100,2,80,60,5
2025/2/13 11:00,0,1,1,68.2,52,0,1,1,63.06666667,1,1,0,55.66666667,43.66666667,70,70,100,2,80,60,1
2025/2/13 11:15,0,1,1,68.2,52,16.66666667,1.333333333,1,62.4,1,1,0,55,42.9,70,68.66666667,100,2,80,60,5
2025/2/13 11:30,0,1,1,68.2,52,0,1,1,62.33333333,1,1,0,54.66666667,43.8,70,68.66666667,100,2,80,60,5
2025/2/13 11:45,0,1,1,68.2,52,0,1,1,62.83333333,1,1,0,54,42.56666667,70,69.76666667,100,2,80,60,5
2025/2/13 12:00,0,1,1,68.2,52,16.66666667,1.333333333,1,62.33333333,1,1,0,53.66666667,42.06666667,70,68.8,100,2,80,60,5
2025/2/13 12:15,0,1,1,68.2,52,16.66666667,1.333333333,1,62.2,1,1,0,52.33333333,42.4,70,68.6,100,2,80,60,5
2025/2/13 12:30,0,1,1,68.2,52,0,1,1,62.63333333,1,1,0,51.33333333,43.33333333,70,69.76666667,100,2,80,60,1
2025/2/13 12:45,0,1,1,68.2,52,16.66666667,1.333333333,1,62.3,1,1,0,51,42.16666667,70,68.73333333,100,2,80,60,5
2025/2/13 13:00,0,1,1,68.2,52,16.66666667,1.333333333,1,61.93333333,1,1,0,51,42.2,70,68.33333333,100,2,80,60,5
2025/2/13 13:15,0,1,1,68.2,52,0,1,1,62.56666667,1,1,0,51.33333333,42.23333333,70,69.83333333,100,2,80,60,1
2025/2/13 13:30,0,1,1,68.2,52,16.66666667,1.333333333,1,62.2,1,1,0,51,42.9,70,68.66666667,100,2,80,60,5
2025/2/13 13:45,0,1,1,68.2,52,0,1,1,62.1,1,1,0,50,43.96666667,70,68.56666667,100,2,80,60,5
2025/2/13 14:00,0,1,1,68.2,52,0,1,1,62.66666667,1,1,0,50,42.86666667,70,69.6,100,2,80,60,5
2025/2/13 14:15,0,1,1,68.2,52,0,1,1,61.93333333,1,1,0,49.66666667,42.9,70,68.03333333,100,2,80,60,5
2025/2/13 14:30,0,1,1,68.2,52,0,1,1,62.3,1,1,0,48.33333333,43.3,70,69.56666667,100,2,80,60,5
2025/2/13 14:45,0,1,1,68.2,52,16.66666667,1.333333333,1,62.06666667,1,1,0,48,42.96666667,70,68.73333333,100,2,80,60,5
2025/2/13 15:00,0,1,1,68.2,52,0,1,1,62,1,1,0,47,43.4,70,68.43333333,100,2,80,60,5
2025/2/13 15:15,0,1,1,68.2,52,0,1,1,62.63333333,1,1,0,46.66666667,43.86666667,70,69.86666667,100,2,80,60,5
2025/2/13 15:30,0,1,1,68.2,52,0,1,1,61.6,1,1,0,46,42.7,70,68.2,100,2,80,60,5
2025/2/13 15:45,0,1,1,68.2,52,16.66666667,1.333333333,1,61.4,1,1,0,46.33333333,40.86666667,70,67.9,100,2,80,60,5
2025/2/13 16:00,0,1,1,68.2,52,0,1,1,62.3,1,1,0,46,42.03333333,70,69.43333333,100,2,80,60,1
2025/2/13 16:15,0,1,1,68.2,52,16.66666667,1.333333333,1,61.96666667,1,1,0,46,41.96666667,70,68.76666667,100,2,80,60,5
2025/2/13 16:30,0,1,1,68.2,52,0,1,1,61.86666667,1,1,0,45.33333333,42.8,70,68.5,100,2,80,60,5
2025/2/13 16:45,0,1,1,68.2,52,0,1,1,61.73333333,1,1,0,45.33333333,40.86666667,70,68.43333333,100,2,80,60,5
2025/2/13 17:00,0,1,1,68.2,52,0,1,1,61.8,1,1,0,46.33333333,40.36666667,70,69.13333333,100,2,80,60,5
2025/2/13 17:15,0,1,1,68.2,52,0,1,1,61.2,1,1,0,46.66666667,40.46666667,70,67.5,100,2,80,60,5
2025/2/13 17:30,0,1,1,68.2,52,16.66666667,1.333333333,1,61.5,1,1,0,47.33333333,40.76666667,70,68.33333333,100,2,80,60,5
2025/2/13 17:45,0,1,1,68.2,52,0,1,1,61.46666667,1,1,0,46.33333333,41.9,70,68.2,100,2,80,60,5
2025/2/13 18:00,0,1,1,68.2,52,0,1,1,60.8,1,1,0,46,40.1,70,67.36666667,100,2,80,60,5
2025/2/13 18:15,0,1,1,68.2,52,16.66666667,1.333333333,1,61.53333333,1,1,0,46.33333333,39.93333333,70,68.7,100,2,80,60,5
2025/2/13 18:30,0,1,1,68.2,52,0,1,1,61.36666667,1,1,0,46,40.9,70,68.76666667,100,2,80,60,5
2025/2/13 18:45,0,1,1,68.2,52,0,1,1,60.8,1,1,0,45,40.9,70,68,100,2,80,60,5
2025/2/13 19:00,0,1,1,68.2,52,0,1,1,60.7,1,1,0,45,40.4,70,67.26666667,100,2,80,60,5
2025/2/13 19:15,0,1,1,68.2,52,16.66666667,1.333333333,1,61.4,1,1,0,45,41.33333333,70,68.1,100,2,80,60,5
2025/2/13 19:30,0,1,1,68.2,52,0,1,1,61.06666667,1,1,0,45,41.83333333,70,67.63333333,100,2,80,60,5
2025/2/13 19:45,0,1,1,68.2,52,16.66666667,1.333333333,1,61.76666667,1,1,0,45,41.36666667,70,68.6,100,2,80,60,5
2025/2/13 20:00,0,1,1,68.2,52,0,1,1,61.4,1,1,0,44,42.36666667,70,68.1,100,2,80,60,5
2025/2/13 20:15,0,1,1,68.2,52,0,1,1,62.03333333,1,1,0,43,44.4,70,69.4,100,2,80,60,5
2025/2/13 20:30,0,1,1,68.2,52,16.66666667,1.333333333,1,61.66666667,1,1,0,43,44.63333333,70,68.56666667,100,2,80,60,5
2025/2/13 20:45,0,1,1,68.2,52,0,1,1,61.86666667,1,1,0,42,45.3,70,69.26666667,100,2,80,60,5
2025/2/13 21:00,0,1,1,68.2,52,16.66666667,1.333333333,1,61.16666667,1,1,0,42,44.7,70,67.8,100,2,80,60,5
2025/2/13 21:15,0,1,1,68.2,52,0,1,1,62.23333333,1,1,0,41.66666667,44.86666667,70,69.46666667,100,2,80,60,1
2025/2/13 21:30,0,1,1,68.2,52,16.66666667,1.333333333,1,62.16666667,1,1,0,41.66666667,43.3,70,68.96666667,100,2,80,60,5
2025/2/13 21:45,0,1,1,68.2,52,16.66666667,1,1,61.8,1,1,0,41.33333333,43.46666667,70,68.33333333,100,2,80,60,5
2025/2/13 22:00,0,1,1,68.2,52,0,1,1,62.16666667,1,1,0,42,43.56666667,70,69.46666667,100,2,80,60,1
2025/2/13 22:15,0,1,1,68.2,52,0,1,1,62.26666667,1,1,0,41.66666667,43.53333333,70,69.53333333,100,2,80,60,5
2025/2/13 22:30,0,1,1,68.2,52,16.66666667,1.333333333,1,61.53333333,1,1,0,40.33333333,42.6,70,68.03333333,100,2,80,60,5
2025/2/13 22:45,0,1,1,68.2,52,0,1,1,61.86666667,1,1,0,40,42.7,70,69.46666667,100,2,80,60,1
2025/2/13 23:00,0,1,1,68.2,52,16.66666667,1.333333333,1,61.46666667,1,1,0,41,41.63333333,70,68.46666667,100,2,80,60,5
2025/2/13 23:15,0,1,1,68.2,52,0,1,1,61.23333333,1,1,0,41,41.3,70,68.26666667,100,2,80,60,5
2025/2/13 23:30,0,1,1,68.2,52,16.66666667,1.333333333,1,60.96666667,1,1,0,41.66666667,38.73333333,70,67.8,100,2,80,60,5
2025/2/13 23:45,0,1,1,68.2,52,0,1,1,60.86666667,1,1,0,42,38.3,70,68.46666667,100,2,80,60,5
2025/2/14 0:00,0,1,1,68.2,52,16.66666667,1.333333333,1,60.73333333,1,1,0,42.33333333,37.1,70,67.8,100,2,80,60,5
2025/2/14 0:15,0,1,1,68.2,52,0,1,1,60.63333333,1,1,0,42.66666667,39.5,70,68.06666667,100,2,80,60,5
2025/2/14 0:30,0,1,1,68.2,52,16.66666667,1.333333333,1,61,1,1,0,42,39.76666667,70,68.46666667,100,2,80,60,5
2025/2/14 0:45,0,1,1,68.2,52,16.66666667,1,1,60.26666667,1,1,0,42,39.6,70,67.26666667,100,2,80,60,5
2025/2/14 1:00,0,1,1,68.2,52,0,1,1,61.23333333,1,1,0,43,38.96666667,70,69.3,100,2,80,60,1
2025/2/14 1:15,0,1,1,68.2,52,0,1,1,59.76666667,1,1,0,42,38.53333333,70,66.8,100,2,80,60,5
2025/2/14 1:30,0,1,1,68.2,52,0,1,1,60.9,1,1,0,43.66666667,38.3,70,68.96666667,100,2,80,60,5
2025/2/14 1:45,0,1,1,68.2,52,16.66666667,1.333333333,1,60.16666667,1,1,0,43.33333333,37.83333333,70,67.73333333,100,2,80,60,5
2025/2/14 2:00,0,1,1,68.2,52,0,1,1,60.43333333,1,1,0,44,39.36666667,70,68,100,2,80,60,5
2025/2/14 2:15,0,1,1,68.2,52,16.66666667,1.333333333,1,60.83333333,1,1,0,44,37.73333333,70,68.86666667,100,2,80,60,5
2025/2/14 2:30,0,1,1,68.2,52,0,1,1,60.2,1,1,0,43.66666667,37.66666667,70,67.3,100,2,80,60,5
2025/2/14 2:45,0,1,1,68.2,52,0,1,1,61.1,1,1,0,43.66666667,38.43333333,70,69.16666667,100,2,80,60,5
2025/2/14 3:00,0,1,1,68.2,52,16.66666667,1.333333333,1,59.93333333,1,1,0,42.33333333,37.26666667,70,67.3,100,2,80,60,5
2025/2/14 3:15,0,1,1,68.2,52,0,1,1,60.53333333,1,1,0,42.66666667,36.4,70,68.63333333,100,2,80,60,5
2025/2/14 3:30,0,1,1,68.2,52,16.66666667,1.333333333,1,60.43333333,1,1,0,43.33333333,35.43333333,70,68.66666667,100,2,80,60,5
2025/2/14 3:45,0,1,1,68.2,52,0,1,1,59.66666667,1,1,0,43,36.76666667,70,67.36666667,100,2,80,60,5
2025/2/14 4:00,0,1,1,68.2,52,0,1,1,60.46666667,1,1,0,43.66666667,36.3,70,68.86666667,100,2,80,60,5
2025/2/14 4:15,0,1,1,68.2,52,16.66666667,1.333333333,1,59.66666667,1,1,0,44,36.66666667,70,66.93333333,100,2,80,60,5
2025/2/14 4:30,0,1,1,68.2,52,0,1,1,60.33333333,1,1,0,44,36.33333333,70,68.66666667,100,2,80,60,1
2025/2/14 4:45,0,1,1,68.2,52,0,1,1,60.3,1,1,0,43.66666667,35.3,70,68.4,100,2,80,60,5
2025/2/14 5:00,0,1,1,68.2,52,0,1,1,59.96666667,1,1,0,43,36.33333333,70,67.56666667,100,2,80,60,5
2025/2/14 5:15,0,1,1,68.2,52,0,1,1,60.33333333,1,1,0,42.33333333,35.5,70,68.66666667,100,2,80,60,5
2025/2/14 5:30,0,1,1,68.2,52,16.66666667,1.333333333,1,59.96666667,1,1,0,42.33333333,34.83333333,70,67.83333333,100,2,80,60,5
2025/2/14 5:45,0,1,1,68.2,52,0,1,1,59.8,1,1,0,41.66666667,34.8,70,67.6,100,2,80,60,5
2025/2/14 6:00,0,1,1,68.2,52,16.66666667,1.333333333,1,60.46666667,1,1,0,42.66666667,34.2,70,68.7,100,2,80,60,5
2025/2/14 6:15,0,1,1,68.2,52,16.66666667,1.333333333,1,59.76666667,1,1,0,41.33333333,33.53333333,70,67.2,100,2,80,60,5
2025/2/14 6:30,0,1,1,68.2,52,0,1,1,60.13333333,1,1,0,41,33.53333333,70,68.4,100,2,80,60,5
2025/2/14 6:45,0,1,1,68.2,52,16.66666667,1.333333333,1,60.3,1,1,0,41,34.43333333,70,68.66666667,100,2,80,60,5
2025/2/14 7:00,0,1,1,68.2,52,16.66666667,1.333333333,1,59.76666667,1,1,0,41,33.9,70,67.2,100,2,80,60,5
2025/2/14 7:15,0,1,1,68.2,52,0,1,1,59.86666667,1,1,0,42,33.26666667,70,68.1,100,2,80,60,5
2025/2/14 7:30,0,1,1,68.2,52,16.66666667,1.333333333,1,60.4,1,1,0,43,34.33333333,70,68.73333333,100,2,80,60,5
2025/2/14 7:45,0,1,1,68.2,52,16.66666667,1.333333333,1,59.6,1,1,0,41.66666667,32.46666667,70,67.8,100,2,80,60,5
2025/2/14 8:00,0,1,1,68.2,52,0,1,1,59.76666667,1,1,0,42,33.83333333,70,67.76666667,100,2,80,60,5
2025/2/14 8:15,0,1,1,68.2,52,0,1,1,60.33333333,1,1,0,41.33333333,35,70,68.9,100,2,80,60,5
2025/2/14 8:30,0,1,1,68.2,52,0,1,1,59.96666667,1,1,0,40.66666667,34.8,70,67.96666667,100,2,80,60,5
2025/2/14 8:45,0,1,1,68.2,52,16.66666667,1.333333333,1,59.66666667,1,1,0,40.33333333,34.96666667,70,67.36666667,100,2,80,60,5
2025/2/14 9:00,0,1,1,68.2,52,0,1,1,60.3,1,1,0,40.66666667,34.7,70,69.2,100,2,80,60,1
2025/2/14 9:15,0,1,1,68.2,52,16.66666667,1.333333333,1,60.06666667,1,1,0,40,34.7,70,68.56666667,100,2,80,60,5
2025/2/14 9:30,0,1,1,68.2,52,33.33333333,1.666666667,1,59.46666667,1,1,0,39,34.8,70,67.13333333,100,2,80,60,5
2025/2/14 9:45,0,1,1,68.2,52,0,1,1,59.86666667,1,1,0,39.66666667,35.16666667,70,68.33333333,100,2,80,60,1
2025/2/14 10:00,0,1,1,68.2,52,16.66666667,1.333333333,1,59.86666667,1,1,0,39,33.96666667,70,68.46666667,100,2,80,60,5
2025/2/14 10:15,0,1,1,68.2,52,16.66666667,1.333333333,1,59.8,1,1,0,39.33333333,33.86666667,70,68.03333333,100,2,80,60,5
2025/2/14 10:30,0,1,1,68.2,52,0,1,1,59.43333333,1,1,0,39,34.53333333,70,67.46666667,100,2,80,60,5
2025/2/14 10:45,0,1,1,68.2,52,0,1,1,59.9,1,1,0,40,33.2,70,68.7,100,2,80,60,5
2025/2/14 11:00,0,1,1,68.2,52,0,1,1,59.93333333,1,1,0,40.66666667,33.4,70,68.56666667,100,2,80,60,5
2025/2/14 11:15,0,1,1,68.2,52,16.66666667,1.333333333,1,59.16666667,1,1,0,39,32.43333333,70,67.16666667,100,2,80,60,5
2025/2/14 11:30,0,1,1,68.2,52,0,1,1,59.63333333,1,1,0,40.66666667,33.13333333,70,68.23333333,100,2,80,60,1
2025/2/14 11:45,0,1,1,68.2,52,16.66666667,1.333333333,1,59.86666667,1,1,0,40.33333333,33.4,70,68.66666667,100,2,80,60,5
2025/2/14 12:00,0,1,1,68.2,52,16.66666667,1.333333333,1,59.53333333,1,1,0,41,32.93333333,70,67.56666667,100,2,80,60,5
2025/2/14 12:15,0,1,1,68.2,52,16.66666667,1.333333333,1,59.36666667,1,1,0,40,33.93333333,70,67.56666667,100,2,80,60,5
2025/2/14 12:30,0,1,1,68.2,52,0,1,1,59.9,1,1,0,40,34,70,68.83333333,100,2,80,60,1
2025/2/14 12:45,0,1,1,68.2,52,0,1,1,59.7,1,1,0,41,33.66666667,70,68.36666667,100,2,80,60,5
2025/2/14 13:00,0,1,1,68.2,52,0,1,1,59.36666667,1,1,0,40.66666667,34.7,70,67.43333333,100,2,80,60,5
2025/2/14 13:15,0,1,1,68.2,52,0,1,1,60.33333333,1,1,0,41,35.9,70,69,100,2,80,60,5
2025/2/14 13:30,0,1,1,68.2,52,16.66666667,1.333333333,1,59.73333333,1,1,0,40.33333333,35.3,70,67.43333333,100,2,80,60,5
2025/2/14 13:45,0,1,1,68.2,52,0,1,1,60.23333333,1,1,0,42.66666667,35.56666667,70,68.46666667,100,2,80,60,5
2025/2/14 14:00,0,1,1,68.2,52,16.66666667,1.333333333,1,60.06666667,1,1,0,40.66666667,36.66666667,70,67.76666667,100,2,80,60,5
2025/2/14 14:15,0,1,1,68.2,52,0,1,1,60.56666667,1,1,0,38,39.06666667,70,68.56666667,100,2,80,60,5
2025/2/14 14:30,0,1,1,68.2,52,0,1,1,59.56666667,1,1,0,41,36.6,70,67.36666667,100,2,80,60,5
2025/2/14 14:45,0,1,1,68.2,52,16.66666667,1.333333333,1,60.9,1,1,0,40,39.23333333,70,69.2,100,2,80,60,5
2025/2/14 15:00,0,1,1,68.2,52,0,1,1,60.46666667,1,1,0,37.66666667,40.63333333,70,68.36666667,100,2,80,60,5
2025/2/14 15:15,0,1,1,68.2,52,0,1,1,60.3,1,1,0,35,40.83333333,70,67.96666667,100,2,80,60,5
2025/2/14 15:30,0,1,1,68.2,52,0,1,1,60.13333333,1,1,0,36,40.93333333,70,67.9,100,2,80,60,5
2025/2/14 15:45,0,1,1,68.2,52,0,1,1,61.43333333,1,1,0,35.66666667,41.4,70,69.9,100,2,80,60,5
2025/2/14 16:00,0,1,1,68.2,52,0,1,1,60.76666667,1,1,0,36,42.23333333,70,68.93333333,100,2,80,60,5
2025/2/14 16:15,0,1,1,68.2,52,0,1,1,60.7,1,1,0,33,43.46666667,70,68.66666667,100,2,80,60,5
2025/2/14 16:30,0,1,1,68.2,52,0,1,1,60.73333333,1,1,0,32.33333333,44.36666667,70,68.6,100,2,80,60,5
2025/2/14 16:45,0,1,1,68.2,52,0,1,1,60.7,1,1,0,32.66666667,44.43333333,70,68.46666667,100,2,80,60,5
2025/2/14 17:00,0,1,1,68.2,52,0,1,1,60.9,1,1,0,31.66666667,44.36666667,70,68.4,100,2,80,60,5
2025/2/14 17:15,0,1,1,68.2,52,0,1,1,60.96666667,1,1,0,31.66666667,45.43333333,70,68.4,100,2,80,60,5
2025/2/14 17:30,0,1,1,68.2,52,0,1,1,61.03333333,1,1,0,29.66666667,46.33333333,70,68.4,100,2,80,60,5
2025/2/14 17:45,0,1,1,68.2,52,0,1,1,61.03333333,1,1,0,29,46.1,70,68.4,100,2,80,60,5
2025/2/14 18:00,0,1,1,68.2,52,0,1,1,61.46666667,1,1,0,28,46.83333333,70,68.4,100,2,80,60,5
2025/2/14 18:15,0,1,1,68.2,52,0,1,1,61.46666667,1,1,0,29.33333333,48.66666667,70,68.4,100,2,80,60,5
2025/2/14 18:30,0,1,1,68.2,52,0,1,1,61.43333333,1,1,0,30.66666667,48,70,68.46666667,100,2,80,60,5
2025/2/14 18:45,0,1,1,68.2,52,0,1,1,61.56666667,1,1,0,31,48.66666667,70,68.6,100,2,80,60,5
2025/2/14 19:00,0,1,1,68.2,52,0,1,1,61.56666667,1,1,0,31.66666667,49.53333333,70,68.6,100,2,80,60,5
2025/2/14 19:15,0,1,1,68.2,52,0,1,1,61.6,1,1,0,31.33333333,48.76666667,70,68.53333333,100,2,80,60,5
2025/2/14 19:30,0,1,1,68.2,52,0,1,1,61.56666667,1,1,0,32,47.43333333,70,68.33333333,100,2,80,60,5
2025/2/14 19:45,0,1,1,68.2,52,0,1,1,61.5,1,1,0,33.66666667,46.93333333,70,67.9,100,2,80,60,5
2025/2/14 20:00,0,1,1,68.2,52,0,1,1,61.3,1,1,0,33.66666667,47.43333333,70,67.53333333,100,2,80,60,5
2025/2/14 20:15,0,1,1,68.2,52,0,1,1,61.56666667,1,1,0,33,48.6,70,67.5,100,2,80,60,5
2025/2/14 20:30,0,1,1,68.2,52,0,1,1,61.53333333,1,1,0,33.33333333,47.66666667,70,67.36666667,100,2,80,60,5
2025/2/14 20:45,0,1,1,68.2,52,0,1,1,62.76666667,1,1,0,32.33333333,48.76666667,70,69.23333333,100,2,80,60,5
2025/2/14 21:00,0,1,1,68.2,52,0,1,1,62.16666667,1,1,0,33.66666667,48.43333333,70,68,100,2,80,60,5
2025/2/14 21:15,0,1,1,68.2,52,0,1,1,61.76666667,1,1,0,35,47.26666667,70,67.3,100,2,80,60,5
2025/2/14 21:30,0,1,1,68.2,52,0,1,1,62.93333333,1,1,0,35,48.9,70,69.16666667,100,2,80,60,5
2025/2/14 21:45,0,1,1,68.2,52,0,1,1,62.26666667,1,1,0,33.33333333,48.6,70,67.9,100,2,80,60,5
2025/2/14 22:00,0,1,1,68.2,52,0,1,1,61.66666667,1,1,0,34.33333333,47.6,70,67.3,100,2,80,60,5
2025/2/14 22:15,0,1,1,68.2,52,0,1,1,62.76666667,1,1,0,35,47.93333333,70,69,100,2,80,60,5
2025/2/14 22:30,0,1,1,68.2,52,0,1,1,62.03333333,1,1,0,35,48.63333333,70,67.73333333,100,2,80,60,5
2025/2/14 22:45,0,1,1,68.2,52,16.66666667,1.333333333,1,62,1,1,0,36,46.73333333,70,67.46666667,100,2,80,60,5
2025/2/14 23:00,0,1,1,68.2,52,0,1,1,62.5,1,1,0,37,46.83333333,70,68.86666667,100,2,80,60,5
2025/2/14 23:15,0,1,1,68.2,52,16.66666667,1.333333333,1,61.63333333,1,1,0,37.66666667,46,70,67.1,100,2,80,60,5
2025/2/14 23:30,0,1,1,68.2,52,0,1,1,62.66666667,1,1,0,39,46.56666667,70,68.96666667,100,2,80,60,1
2025/2/14 23:45,0,1,1,68.2,52,16.66666667,1.333333333,1,61.86666667,1,1,0,39.33333333,46.36666667,70,67.26666667,100,2,80,60,5
2025/2/15 0:00,0,1,1,68.2,52,0,1,1,62.7,1,1,0,40,45.96666667,70,69.06666667,100,2,80,60,1
2025/2/15 0:15,0,1,1,68.2,52,0,1,1,61.93333333,1,1,0,40.33333333,46.2,70,67.26666667,100,2,80,60,5
2025/2/15 0:30,0,1,1,68.2,52,0,1,1,62.9,1,1,0,40,46.76666667,70,69.2,100,2,80,60,5
2025/2/15 0:45,0,1,1,68.2,52,0,1,1,61.96666667,1,1,0,40,47.26666667,70,67.56666667,100,2,80,60,5
2025/2/15 1:00,0,1,1,68.2,52,16.66666667,1.333333333,1,62.66666667,1,1,0,39.66666667,46.53333333,70,68.73333333,100,2,80,60,5
2025/2/15 1:15,0,1,1,68.2,52,0,1,1,62.13333333,1,1,0,40.66666667,46.46666667,70,67.76666667,100,2,80,60,5
2025/2/15 1:30,0,1,1,68.2,52,16.66666667,1.333333333,1,62.66666667,1,1,0,41.33333333,45.86666667,70,68.66666667,100,2,80,60,5
2025/2/15 1:45,0,1,1,68.2,52,0,1,1,62.13333333,1,1,0,42.33333333,46.36666667,70,67.83333333,100,2,80,60,5
2025/2/15 2:00,0,1,1,68.2,52,0,1,1,62.53333333,1,1,0,43.33333333,45.36666667,70,68.33333333,100,2,80,60,5
2025/2/15 2:15,0,1,1,68.2,52,0,1,1,62.13333333,1,1,0,44,45.96666667,70,68.16666667,100,2,80,60,5
2025/2/15 2:30,0,1,1,68.2,52,0,1,1,62.36666667,1,1,0,44,45.83333333,70,68.1,100,2,80,60,5
2025/2/15 2:45,0,1,1,68.2,52,0,1,1,62.13333333,1,1,0,43.33333333,47.86666667,70,68.13333333,100,2,80,60,5
2025/2/15 3:00,0,1,1,68.2,52,16.66666667,1.333333333,1,62.2,1,1,0,43,47.33333333,70,67.5,100,2,80,60,5
2025/2/15 3:15,0,1,1,68.2,52,0,1,1,62.3,1,1,0,42,49.06666667,70,68.46666667,100,2,80,60,5
2025/2/15 3:30,0,1,1,68.2,52,16.66666667,1.333333333,1,62.2,1,1,0,43.66666667,45.9,70,67.63333333,100,2,80,60,5
2025/2/15 3:45,0,1,1,68.2,52,0,1,1,62.2,1,1,0,45.66666667,46.26666667,70,68.3,100,2,80,60,5
2025/2/15 4:00,0,1,1,68.2,52,16.66666667,1.333333333,1,62.46666667,1,1,0,46,46.03333333,70,67.93333333,100,2,80,60,5
2025/2/15 4:15,0,1,1,68.2,52,0,1,1,62.23333333,1,1,0,45.33333333,47.9,70,68.4,100,2,80,60,5
2025/2/15 4:30,0,1,1,68.2,52,16.66666667,1.333333333,1,62.23333333,1,1,0,43.66666667,47.93333333,70,67.5,100,2,80,60,5
2025/2/15 4:45,0,1,1,68.2,52,0,1,1,62.36666667,1,1,0,45,48.2,70,68.5,100,2,80,60,5
2025/2/15 5:00,0,1,1,60,52,0,1,1,62.13333333,2,2,0,47.33333333,46.3,70,67.2,0,1,80,60,5
2025/2/15 5:15,0,1,1,60,52,0,1,1,61.96666667,2,2,0,46.66666667,45.26666667,70,67.2,0,1,80,60,5
2025/2/15 5:30,0,1,1,60,52,0,1,1,61.46666667,2,2,0,43.66666667,45.56666667,70,67.2,0,1,80,60,5
2025/2/15 5:45,0,1,1,60,52,0,1,1,60.5,2,2,0,43.66666667,44.16666667,70,67,0,1,80,60,5
2025/2/15 6:00,0,1,1,60,52,0,1,1,59.86666667,2,2,0,46.66666667,43.66666667,70,66.8,0,1,80,60,5
2025/2/15 6:15,0,1,1,60,52,0,1,1,59.43333333,2,2,0,48.33333333,43.73333333,70,66.7,0,1,80,60,5
2025/2/15 6:30,0,1,1,60,52,0,1,1,59.26666667,2,2,0,47.33333333,44.43333333,70,66.63333333,0,1,80,60,5
2025/2/15 6:45,0,1,1,60,52,0,1,1,59.2,2,2,0,46,44.76666667,70,66.5,0,1,80,60,5
2025/2/15 7:00,0,1,1,60,52,0,1,1,59.06666667,2,2,0,44.66666667,44.66666667,70,66.43333333,0,1,80,60,5
2025/2/15 7:15,0,1,1,60,52,0,1,1,58.76666667,2,2,0,46.33333333,43.96666667,70,66.4,0,1,80,60,5
2025/2/15 7:30,0,1,1,60,52,0,1,1,58.53333333,2,2,0,46.33333333,43.4,70,66.4,0,1,80,60,5
2025/2/15 7:45,0,1,1,60,52,0,1,1,58.3,2,2,0,49,44.06666667,70,66.33333333,0,1,80,60,5
2025/2/15 8:00,0,1,1,60,52,0,1,1,58.36666667,2,2,0,48.33333333,44.7,70,66.2,0,1,80,60,5
2025/2/15 8:15,0,1,1,60,52,0,1,1,58.4,2,2,0,47.66666667,44.23333333,70,66.2,0,1,80,60,5
2025/2/15 8:30,0,1,1,60,52,0,1,1,58.4,2,2,0,48,44.2,70,66.2,0,1,80,60,5
2025/2/15 8:45,0,1,1,60,52,0,1,1,58.3,2,2,0,48,44.33333333,70,66.1,0,1,80,60,5
2025/2/15 9:00,0,1,1,60,52,0,1,1,58.3,2,2,0,48,44.7,70,66.1,0,1,80,60,5
2025/2/15 9:15,0,1,1,60,52,0,1,1,58.1,2,2,0,47,43.86666667,70,66.1,0,1,80,60,5
2025/2/15 9:30,0,1,1,60,52,0,1,1,57.96666667,2,2,0,48,43.23333333,70,66.1,0,1,80,60,5
2025/2/15 9:45,0,1,1,60,52,0,1,1,57.83333333,2,2,0,50.66666667,42.26666667,70,66.1,0,1,80,60,5
2025/2/15 10:00,0,1,1,60,52,0,1,1,58.56666667,2,2,0,56.66666667,41.9,70,65.96666667,0,1,80,60,5
2025/2/15 10:15,0,1,1,60,52,0,1,1,59.1,2,2,0,60,41.3,70,65.9,0,1,80,60,5
2025/2/15 10:30,0,1,1,60,52,0,1,1,59.1,2,2,0,62.66666667,40.76666667,70,65.76666667,0,1,80,60,5
2025/2/15 10:45,0,1,1,60,52,0,1,1,59.03333333,2,2,0,63,40.6,70,65.7,0,1,80,60,5
2025/2/15 11:00,0,1,1,60,52,0,1,1,58.26666667,2,2,0,62.33333333,40.7,70,65.7,0,1,80,60,5
2025/2/15 11:15,0,1,1,60,52,0,1,1,58.03333333,2,2,0,61.33333333,41.4,70,65.6,0,1,80,60,5
2025/2/15 11:30,0,1,1,60,52,0,1,1,57.76666667,2,2,0,58,41.7,70,65.6,0,1,80,60,5
2025/2/15 11:45,0,1,1,60,52,0,1,1,57.33333333,2,2,0,58,41.83333333,70,65.6,0,1,80,60,5
2025/2/15 12:00,0,1,1,60,52,0,1,1,57.2,2,2,0,56.33333333,42.3,70,65.6,0,1,80,60,5
2025/2/15 12:15,0,1,1,60,52,0,1,1,57.2,2,2,0,53.66666667,42.66666667,70,65.46666667,0,1,80,60,5
2025/2/15 12:30,0,1,1,60,52,0,1,1,57.2,2,2,0,54,43.16666667,70,65.4,0,1,80,60,5
2025/2/15 12:45,0,1,1,60,52,0,1,1,57.2,2,2,0,52.33333333,43.1,70,65.4,0,1,80,60,5
2025/2/15 13:00,0,1,1,68.2,52,33.33333333,1.333333333,1.333333333,61.43333333,1,1,0,54,44.76666667,70,68.4,100,2,80,60,5
2025/2/15 13:15,0,1,1,68.2,52,16.66666667,1.333333333,1,62.06666667,1,1,0,58,48.36666667,70,68.36666667,100,2,80,60,5
2025/2/15 13:30,0,1,1,68.2,52,16.66666667,1.333333333,1,62.06666667,1,1,0,59.66666667,49.16666667,70,68.66666667,100,2,80,60,5
2025/2/15 13:45,0,1,1,68.2,52,0,1,1,62.26666667,1,1,0,61,48.1,70,69.03333333,100,2,80,60,1
2025/2/15 14:00,0,1,1,68.2,52,16.66666667,1.333333333,1,62,1,1,0,61.66666667,45.53333333,70,67.86666667,100,2,80,60,5
2025/2/15 14:15,0,1,1,68.2,52,0,1,1,61.5,1,1,0,62.66666667,45.63333333,70,68.06666667,100,2,80,60,5
2025/2/15 14:30,0,1,1,68.2,52,16.66666667,1.333333333,1,62.2,1,1,0,63,46.76666667,70,68.56666667,100,2,80,60,5
2025/2/15 14:45,0,1,1,68.2,52,16.66666667,1.333333333,1,61.26666667,1,1,0,63,47.63333333,70,67.3,100,2,80,60,5
2025/2/15 15:00,0,1,1,68.2,52,0,1,1,62.36666667,1,1,0,63,47.73333333,70,69.16666667,100,2,80,60,1
2025/2/15 15:15,0,1,1,68.2,52,33.33333333,1.666666667,1,61.63333333,1,1,0,63,47.76666667,70,67.13333333,100,2,80,60,5
2025/2/15 15:30,0,1,1,68.2,52,0,1,1,62.3,1,1,0,63,49.4,70,68.63333333,100,2,80,60,1
2025/2/15 15:45,0,1,1,68.2,52,16.66666667,1.333333333,1,62.13333333,1,1,0,62,49.13333333,70,67.86666667,100,2,80,60,5
2025/2/15 16:00,0,1,1,68.2,52,0,1,1,61.9,1,1,0,64.33333333,48.76666667,70,68.2,100,2,80,60,5
2025/2/15 16:15,0,1,1,68.2,52,16.66666667,1.333333333,1,62.3,1,1,0,66.66666667,48.03333333,70,68.43333333,100,2,80,60,5
2025/2/15 16:30,0,1,1,68.2,52,0,1,1,61.63333333,1,1,0,67,48,70,67.5,100,2,80,60,5
2025/2/15 16:45,0,1,1,68.2,52,0,1,1,62.53333333,1,1,0,69.33333333,47.86666667,70,68.83333333,100,2,80,60,5
2025/2/15 17:00,0,1,1,68.2,52,16.66666667,1.333333333,1,61.63333333,1,1,0,70.66666667,47.56666667,70,67.03333333,100,2,80,60,5
2025/2/15 17:15,0,1,1,68.2,52,0,1,1,62.43333333,1,1,0,70,48.9,70,68.66666667,100,2,80,60,1
2025/2/15 17:30,0,1,1,68.2,52,16.66666667,1.333333333,1,62.53333333,1,1,0,69,48.96666667,70,67.96666667,100,2,80,60,5
2025/2/15 17:45,0,1,1,68.2,52,0,1,1,62.23333333,1,1,0,70.33333333,49.83333333,70,68.1,100,2,80,60,5
2025/2/15 18:00,0,1,1,68.2,52,16.66666667,1.333333333,1,62.66666667,1,1,0,71,49.26666667,70,68.63333333,100,2,80,60,5
2025/2/15 18:15,0,1,1,68.2,52,0,1,1,62.13333333,1,1,0,72,49.3,70,67.43333333,100,2,80,60,5
2025/2/15 18:30,0,1,1,68.2,52,0,1,1,63.2,1,1,0,72.33333333,50.63333333,70,69.03333333,100,2,80,60,5
2025/2/15 18:45,0,1,1,68.2,52,0,1,1,62.26666667,1,1,0,71,51.56666667,70,67.26666667,100,2,80,60,5
2025/2/15 19:00,0,1,1,68.2,52,0,1,1,63.43333333,1,1,0,70.66666667,53.4,70,68.86666667,100,2,80,60,5
2025/2/15 19:15,0,1,1,68.2,52,0,1,1,62.56666667,1,1,0,69.66666667,53.26666667,70,67.26666667,100,2,80,60,5
2025/2/15 19:30,0,1,1,68.2,52,0,1,1,63.56666667,1,1,0,72,53.36666667,70,69.1,100,2,80,60,5
2025/2/15 19:45,0,1,1,68.2,52,0,1,1,62.56666667,1,1,0,71,53.56666667,70,67.26666667,100,2,80,60,5
2025/2/15 20:00,0,1,1,68.2,52,0,1,1,63.73333333,1,1,0,71,54.46666667,70,68.93333333,100,2,80,60,5
2025/2/15 20:15,0,1,1,68.2,52,16.66666667,1.333333333,1,62.8,1,1,0,71.66666667,54.8,70,67.33333333,100,2,80,60,5
2025/2/15 20:30,0,1,1,68.2,52,0,1,1,63.96666667,1,1,0,72,55.5,70,69.2,100,2,80,60,1
2025/2/15 20:45,0,1,1,68.2,52,0,1,1,63.03333333,1,1,0,72.33333333,54.83333333,70,67.4,100,2,80,60,5
2025/2/15 21:00,0,1,1,68.2,52,16.66666667,1.333333333,1,64.03333333,1,1,0,72.66666667,56.23333333,70,68.76666667,100,2,80,60,5
2025/2/15 21:15,0,1,1,68.2,52,0,1,1,63.36666667,1,1,0,73,56.16666667,70,67.63333333,100,2,80,60,5
2025/2/15 21:30,0,1,1,65.46666667,52,16.66666667,1,1,64.13333333,1.333333333,1.333333333,0,72.33333333,56.26666667,70,68.86666667,66.66666667,1.666666667,80,60,5
2025/2/15 21:45,0,1,1,60,52,0,1,1,66.5,2,2,0,66.66666667,56.3,70,68.66666667,0,1,80,60,5
2025/2/15 22:00,0,1,1,60,52,0,1,1,66.66666667,2,2,0,59.66666667,55.96666667,70,68.1,0,1,80,60,5
2025/2/15 22:15,0,1,1,60,52,0,1,1,65.86666667,2,2,0,57,55.2,70,67.66666667,0,1,80,60,5
2025/2/15 22:30,0,1,1,60,52,0,1,1,64.73333333,2,2,0,57,54.66666667,70,67.43333333,0,1,80,60,5
2025/2/15 22:45,0,1,1,60,52,0,1,1,63.56666667,2,2,0,56,53.53333333,70,67.23333333,0,1,80,60,5
2025/2/15 23:00,0,1,1,60,52,0,1,1,62.76666667,2,2,0,57,52.86666667,70,67,0,1,80,60,5
2025/2/15 23:15,0,1,1,60,52,0,1,1,62.16666667,2,2,0,64.66666667,52.66666667,70,66.86666667,0,1,80,60,5
2025/2/15 23:30,0,1,1,60,52,0,1,1,61.9,2,2,0,64.66666667,52.73333333,70,66.76666667,0,1,80,60,5
2025/2/15 23:45,0,1,1,60,52,0,1,1,61.86666667,2,2,0,65.66666667,53,70,66.7,0,1,80,60,5
2025/2/16 0:00,0,1,1,60,52,0,1,1,61.8,2,2,0,64,53,70,66.56666667,0,1,80,60,5
2025/2/16 0:15,0,1,1,60,52,0,1,1,61.66666667,2,2,0,64,53.03333333,70,66.5,0,1,80,60,5
2025/2/16 0:30,0,1,1,60,52,0,1,1,61.6,2,2,0,62,53.3,70,66.5,0,1,80,60,5
2025/2/16 0:45,0,1,1,60,52,0,1,1,61.4,2,2,0,62.33333333,53,70,66.43333333,0,1,80,60,5
2025/2/16 1:00,0,1,1,60,52,0,1,1,61.1,2,2,0,66,53.3,70,66.4,0,1,80,60,5
2025/2/16 1:15,0,1,1,60,52,0,1,1,60.8,2,2,0,63.33333333,52.4,70,66.4,0,1,80,60,5
2025/2/16 1:30,0,1,1,60,52,0,1,1,60.63333333,2,2,0,63.33333333,51.16666667,70,66.4,0,1,80,60,5
2025/2/16 1:45,0,1,1,60,52,0,1,1,60.23333333,2,2,0,63.33333333,50.73333333,70,66.33333333,0,1,80,60,5
2025/2/16 2:00,0,1,1,60,52,0,1,1,60,2,2,0,64,51.2,70,66.2,0,1,80,60,5
2025/2/16 2:15,0,1,1,60,52,0,1,1,59.9,2,2,0,62.33333333,51.23333333,70,66.2,0,1,80,60,5
2025/2/16 2:30,0,1,1,60,52,0,1,1,59.83333333,2,2,0,61,51.53333333,70,66.2,0,1,80,60,5
2025/2/16 2:45,0,1,1,60,52,0,1,1,59.63333333,2,2,0,60.33333333,51.63333333,70,66.16666667,0,1,80,60,5
2025/2/16 3:00,0,1,1,60,52,0,1,1,59.5,2,2,0,62,51.8,70,66.1,0,1,80,60,5
2025/2/16 3:15,0,1,1,60,52,0,1,1,59.5,2,2,0,60.33333333,51.93333333,70,66.1,0,1,80,60,5
2025/2/16 3:30,0,1,1,60,52,0,1,1,59.5,2,2,0,61,51.8,70,66.1,0,1,80,60,5
2025/2/16 3:45,0,1,1,60,52,0,1,1,59.5,2,2,0,60.66666667,52.16666667,70,66.1,0,1,80,60,5
2025/2/16 4:00,0,1,1,60,52,0,1,1,59.5,2,2,0,61,52.1,70,66.1,0,1,80,60,5
2025/2/16 4:15,0,1,1,60,52,0,1,1,59.5,2,2,0,61,51.9,70,66.1,0,1,80,60,5
2025/2/16 4:30,0,1,1,60,52,0,1,1,59.5,2,2,0,60.66666667,52.1,70,66.1,0,1,80,60,5
2025/2/16 4:45,0,1,1,60,52,0,1,1,59.5,2,2,0,61,50.8,70,66.1,0,1,80,60,5
2025/2/16 5:00,0,1,1,60,52,0,1,1,59.43333333,2,2,0,60.33333333,51.03333333,70,66.1,0,1,80,60,5
2025/2/16 5:15,0,1,1,60,52,0,1,1,59.26666667,2,2,0,60,51,70,66.1,0,1,80,60,5
2025/2/16 5:30,0,1,1,60,52,0,1,1,59.2,2,2,0,60.66666667,51,70,66.1,0,1,80,60,5
2025/2/16 5:45,0,1,1,60,52,0,1,1,59.1,2,2,0,60.33333333,50.8,70,66.1,0,1,80,60,5
2025/2/16 6:00,0,1,1,60,52,0,1,1,59.1,2,2,0,59.66666667,50.86666667,70,66.1,0,1,80,60,5
2025/2/16 6:15,0,1,1,60,52,0,1,1,59.1,2,2,0,59.66666667,50.73333333,70,66.1,0,1,80,60,5
2025/2/16 6:30,0,1,1,60,52,0,1,1,59.1,2,2,0,61,50.4,70,66.1,0,1,80,60,5
2025/2/16 6:45,0,1,1,60,52,0,1,1,59.1,2,2,0,61.33333333,49.33333333,70,66.1,0,1,80,60,5
2025/2/16 7:00,0,1,1,60,52,0,1,1,59.03333333,2,2,0,60.66666667,48.73333333,70,66.1,0,1,80,60,5
2025/2/16 7:15,0,1,1,60,52,0,1,1,58.76666667,2,2,0,59.33333333,48.73333333,70,66.1,0,1,80,60,5
2025/2/16 7:30,0,1,1,60,52,0,1,1,58.63333333,2,2,0,59,49.3,70,66.1,0,1,80,60,5
2025/2/16 7:45,0,1,1,60,52,0,1,1,58.6,2,2,0,58.33333333,48.93333333,70,65.96666667,0,1,80,60,5
2025/2/16 8:00,0,1,1,60,52,0,1,1,58.6,2,2,0,60.33333333,48.93333333,70,65.9,0,1,80,60,5
2025/2/16 8:15,0,1,1,60,52,0,1,1,58.46666667,2,2,0,66.33333333,48.46666667,70,65.9,0,1,80,60,5
2025/2/16 8:30,0,1,1,60,52,0,1,1,58.4,2,2,0,64,48.7,70,65.9,0,1,80,60,5
2025/2/16 8:45,0,1,1,60,52,0,1,1,58.4,2,2,0,61.66666667,48.8,70,65.9,0,1,80,60,5
2025/2/16 9:00,0,1,1,60,52,0,1,1,58.53333333,2,2,0,59.33333333,49.13333333,70,65.9,0,1,80,60,5
2025/2/16 9:15,0,1,1,60,52,0,1,1,58.6,2,2,0,58,49.63333333,70,65.9,0,1,80,60,5
2025/2/16 9:30,0,1,1,60,52,0,1,1,58.6,2,2,0,59.66666667,48.6,70,65.9,0,1,80,60,5
2025/2/16 9:45,0,1,1,60,52,0,1,1,58.6,2,2,0,62.33333333,47.7,70,65.9,0,1,80,60,5
2025/2/16 10:00,0,1,1,60,52,0,1,1,58.6,2,2,0,63.33333333,45.26666667,70,65.83333333,0,1,80,60,5
2025/2/16 10:15,0,1,1,60,52,0,1,1,58.43333333,2,2,0,64,43.9,70,65.7,0,1,80,60,5
2025/2/16 10:30,0,1,1,60,52,0,1,1,58.1,2,2,0,64,42.36666667,70,65.7,0,1,80,60,5
2025/2/16 10:45,0,1,1,60,52,0,1,1,57.76666667,2,2,0,64,41.33333333,70,65.7,0,1,80,60,5
2025/2/16 11:00,0,1,1,60,52,0,1,1,57.46666667,2,2,0,64,40.73333333,70,65.66666667,0,1,80,60,5
2025/2/16 11:15,0,1,1,60,52,0,1,1,57.2,2,2,0,64.33333333,39.96666667,70,65.6,0,1,80,60,5
2025/2/16 11:30,0,1,1,60,52,0,1,1,56.9,2,2,0,64.66666667,39.66666667,70,65.6,0,1,80,60,5
2025/2/16 11:45,0,1,1,60,52,0,1,1,56.43333333,2,2,0,64,38.63333333,70,65.6,0,1,80,60,5
2025/2/16 12:00,0,1,1,60,52,0,1,1,55.9,2,2,0,64,36.46666667,70,65.53333333,0,1,80,60,5
2025/2/16 12:15,0,1,1,60,52,0,1,1,55.53333333,2,2,0,64,35.3,70,65.4,0,1,80,60,5
2025/2/16 12:30,0,1,1,60,52,0,1,1,55.26666667,2,2,0,65,34.9,70,65.4,0,1,80,60,5
2025/2/16 12:45,0,1,1,60,52,0,1,1,55.2,2,2,0,65.33333333,34.9,70,65.4,0,1,80,60,5
2025/2/16 13:00,0,1,1,60,52,0,1,1,55.33333333,2,2,0,66,34.76666667,70,65.36666667,0,1,80,60,5
2025/2/16 13:15,0,1,1,60,52,0,1,1,55.66666667,2,2,0,67,34.7,70,65.3,0,1,80,60,5
2025/2/16 13:30,0,1,1,60,52,0,1,1,55.46666667,2,2,0,66.66666667,34.9,70,65.3,0,1,80,60,5
2025/2/16 13:45,0,1,1,60,52,0,1,1,55.06666667,2,2,0,67.66666667,34.7,70,65.3,0,1,80,60,5
2025/2/16 14:00,0,1,1,60,52,0,1,1,54.9,2,2,0,67.33333333,34.9,70,65.3,0,1,80,60,5
2025/2/16 14:15,0,1,1,60,52,0,1,1,54.76666667,2,2,0,66.66666667,35.56666667,70,65.3,0,1,80,60,5
2025/2/16 14:30,0,1,1,60,52,0,1,1,54.5,2,2,0,65,35.7,70,65.3,0,1,80,60,5
2025/2/16 14:45,0,1,1,60,52,0,1,1,54.5,2,2,0,64,35.7,70,65.3,0,1,80,60,
2025/2/16 15:00,0,1,1,60,52,0,1,1,54.43333333,2,2,0,64.66666667,35.3,70,65.3,0,1,80,60,5
2025/2/16 15:15,0,1,1,60,52,0,1,1,54.4,2,2,0,64,35.5,70,65.3,0,1,80,60,5
2025/2/16 15:30,0,1,1,60,52,0,1,1,54.4,2,2,0,64,35.3,70,65.16666667,0,1,80,60,5
2025/2/16 15:45,0,1,1,60,52,0,1,1,54.4,2,2,0,63,35.1,70,65.1,0,1,80,60,5
2025/2/16 16:00,0,1,1,60,52,0,1,1,54.2,2,2,0,63.66666667,35.23333333,70,65.1,0,1,80,60,5
2025/2/16 16:15,0,1,1,60,52,0,1,1,54.33333333,2,2,0,63.33333333,34.9,70,65.1,0,1,80,60,5
2025/2/16 16:30,0,1,1,60,52,0,1,1,54.26666667,2,2,0,64.66666667,34.53333333,70,65.1,0,1,80,60,5
2025/2/16 16:45,0,1,1,60,52,0,1,1,54.06666667,2,2,0,66.33333333,34.23333333,70,65.1,0,1,80,60,5
2025/2/16 17:00,0,1,1,60,52,0,1,1,54,2,2,0,65.33333333,34.5,70,65.1,0,1,80,60,5
2025/2/16 17:15,0,1,1,60,52,0,1,1,54,2,2,0,64.66666667,34.63333333,70,65.1,0,1,80,60,5
2025/2/16 17:30,0,1,1,60,52,0,1,1,54.26666667,2,2,0,64.33333333,35.1,70,65.1,0,1,80,60,5
2025/2/16 17:45,0,1,1,60,52,0,1,1,54.4,2,2,0,63.66666667,35.43333333,70,65.1,0,1,80,60,5
2025/2/16 18:00,0,1,1,60,52,0,1,1,54.4,2,2,0,62.66666667,36.1,70,65.1,0,1,80,60,5
2025/2/16 18:15,0,1,1,60,52,0,1,1,54.5,2,2,0,61,36.03333333,70,65.1,0,1,80,60,5
2025/2/16 18:30,0,1,1,60,52,0,1,1,54.5,2,2,0,60.33333333,35.9,70,65.1,0,1,80,60,5
2025/2/16 18:45,0,1,1,60,52,0,1,1,54.63333333,2,2,0,59.66666667,35.76666667,70,65.1,0,1,80,60,5
2025/2/16 19:00,0,1,1,60,52,0,1,1,54.56666667,2,2,0,61.66666667,34.76666667,70,65.1,0,1,80,60,5
2025/2/16 19:15,0,1,1,60,52,0,1,1,54.06666667,2,2,0,62.66666667,35.03333333,70,65.1,0,1,80,60,5
2025/2/16 19:30,0,1,1,60,52,0,1,1,54,2,2,0,62,35.5,70,65.06666667,0,1,80,60,5
2025/2/16 19:45,0,1,1,60,52,0,1,1,54,2,2,0,61.66666667,35.5,70,65,0,1,80,60,5
2025/2/16 20:00,0,1,1,60,52,0,1,1,54,2,2,0,61,34.76666667,70,65,0,1,80,60,5
2025/2/16 20:15,0,1,1,60,52,0,1,1,53.9,2,2,0,61.66666667,34.7,70,65,0,1,80,60,5
2025/2/16 20:30,0,1,1,60,52,0,1,1,53.9,2,2,0,62,34.76666667,70,65,0,1,80,60,5
2025/2/16 20:45,0,1,1,60,52,0,1,1,53.9,2,2,0,61.66666667,35.3,70,65,0,1,80,60,5
2025/2/16 21:00,0,1,1,60,52,0,1,1,53.9,2,2,0,62,35.43333333,70,64.93333333,0,1,80,60,5
2025/2/16 21:15,0,1,1,60,52,0,1,1,53.7,2,2,0,60,35.5,70,64.8,0,1,80,60,5
2025/2/16 21:30,0,1,1,60,52,0,1,1,53.56666667,2,2,0,60.66666667,35.23333333,70,64.8,0,1,80,60,5
2025/2/16 21:45,0,1,1,60,52,0,1,1,53.5,2,2,0,61.66666667,35.36666667,70,64.8,0,1,80,60,5
2025/2/16 22:00,0,1,1,60,52,0,1,1,53.4,2,2,0,60.66666667,36.03333333,70,64.8,0,1,80,60,5
2025/2/16 22:15,0,1,1,60,52,0,1,1,53.4,2,2,0,60.33333333,35.63333333,70,64.6,0,1,80,60,5
2025/2/16 22:30,0,1,1,60,52,0,1,1,53.2,2,2,0,61.66666667,35.1,70,64.6,0,1,80,60,5
2025/2/16 22:45,0,1,1,60,52,0,1,1,53.3,2,2,0,60.5,34.8,70,64.6,0,1,80,60,5
2025/2/16 23:00,0,1,1,68.2,52,33.33333333,1.333333333,1.666666667,59.03333333,1,1,0,58,38.56666667,70,68.03333333,100,2,80,60,5
2025/2/16 23:15,0,1,1,68.2,52,16.66666667,1.333333333,1,60.16666667,1,1,0,58,39.8,70,68.56666667,100,2,80,60,5
2025/2/16 23:30,0,1,1,68.2,52,16.66666667,1.666666667,1,59.8,1,1,0,58.33333333,38.73333333,70,68.46666667,100,2,80,60,5
2025/2/16 23:45,0,1,1,68.2,52,33.33333333,1.666666667,1,59.53333333,1,1,0,58,39.5,70,68.46666667,100,2,80,60,5
2025/2/17 0:00,0,1,1,68.2,52,16.66666667,1.333333333,1,59.43333333,1,1,0,58,40,70,68.66666667,100,2,80,60,1
2025/2/17 0:15,0,1,1,68.2,52,0,1,1,60.03333333,1,1,0,57.33333333,41.1,70,69.23333333,100,2,80,60,1
2025/2/17 0:30,0,1,1,68.2,52,0,1,1,60,1,1,0,56,41.13333333,70,68.96666667,100,2,80,60,5
2025/2/17 0:45,0,1,1,68.2,52,0,1,1,59.93333333,1,1,0,54.33333333,41.26666667,70,68.33333333,100,2,80,60,5
2025/2/17 1:00,0,1,1,68.2,52,33.33333333,1.666666667,1,59.43333333,1,1,0,52.66666667,41.9,70,67.26666667,100,2,80,60,5
2025/2/17 1:15,0,1,1,68.2,52,0,1,1,60,1,1,0,52,42.8,70,68.03333333,100,2,80,60,1
2025/2/17 1:30,0,1,1,68.2,52,0,1,1,60.33333333,1,1,0,52.33333333,42.3,70,68.56666667,100,2,80,60,5
2025/2/17 1:45,0,1,1,68.2,52,16.66666667,1.333333333,1,60.36666667,1,1,0,52,42.33333333,70,68.63333333,100,2,80,60,5
2025/2/17 2:00,0,1,1,68.2,52,16.66666667,1.333333333,1,60.3,1,1,0,51.66666667,41.9,70,67.83333333,100,2,80,60,5
2025/2/17 2:15,0,1,1,68.2,52,16.66666667,1.333333333,1,59.76666667,1,1,0,51.66666667,41.6,70,67.23333333,100,2,80,60,5
2025/2/17 2:30,0,1,1,68.2,52,0,1,1,59.7,1,1,0,53,38.76666667,70,68.46666667,100,2,80,60,1
2025/2/17 2:45,0,1,1,68.2,52,16.66666667,1.333333333,1,59.66666667,1,1,0,56,37.16666667,70,68.53333333,100,2,80,60,5
2025/2/17 3:00,0,1,1,68.2,52,16.66666667,1.333333333,1,59.7,1,1,0,55,38.2,70,68.06666667,100,2,80,60,5
2025/2/17 3:15,0,1,1,68.2,52,16.66666667,1.333333333,1,59.1,1,1,0,54,37.73333333,70,67.16666667,100,2,80,60,5
2025/2/17 3:30,0,1,1,68.2,52,0,1,1,59.63333333,1,1,0,54,38.8,70,68.13333333,100,2,80,60,1
2025/2/17 3:45,0,1,1,68.2,52,0,1,1,59.73333333,1,1,0,53.66666667,38.2,70,68.53333333,100,2,80,60,5
2025/2/17 4:00,0,1,1,68.2,52,16.66666667,1.333333333,1,59.8,1,1,0,53,38.4,70,68.63333333,100,2,80,60,5
2025/2/17 4:15,0,1,1,68.2,52,16.66666667,1.333333333,1,59.23333333,1,1,0,52.66666667,36.26666667,70,67.26666667,100,2,80,60,5
2025/2/17 4:30,0,1,1,68.2,52,16.66666667,1.333333333,1,59.23333333,1,1,0,53.33333333,36.53333333,70,67.9,100,2,80,60,5
2025/2/17 4:45,0,1,1,68.2,52,0,1,1,59.9,1,1,0,53,37.8,70,68.76666667,100,2,80,60,1
2025/2/17 5:00,0,1,1,68.2,52,16.66666667,1.333333333,1,60.1,1,1,0,51.33333333,39.53333333,70,68.56666667,100,2,80,60,5
2025/2/17 5:15,0,1,1,68.2,52,16.66666667,1.333333333,1,59.7,1,1,0,50.33333333,38.1,70,67.66666667,100,2,80,60,5
2025/2/17 5:30,0,1,1,68.2,52,16.66666667,1.333333333,1,59.4,1,1,0,50.33333333,37.3,70,67.4,100,2,80,60,5
2025/2/17 5:45,0,1,1,68.2,52,0,1,1,59.66666667,1,1,0,51,36.8,70,68.2,100,2,80,60,1
2025/2/17 6:00,0,1,1,68.2,52,0,1,1,59.86666667,1,1,0,50.33333333,34.46666667,70,68.63333333,100,2,80,60,5
2025/2/17 6:15,0,1,1,68.2,52,0,1,1,59.86666667,1,1,0,50.66666667,34.03333333,70,68.43333333,100,2,80,60,5
2025/2/17 6:30,0,1,1,68.2,52,33.33333333,1.666666667,1,59.2,1,1,0,49.33333333,34.33333333,70,67.1,100,2,80,60,5
2025/2/17 6:45,0,1,1,68.2,52,0,1,1,59.7,1,1,0,49,35.06666667,70,68.13333333,100,2,80,60,1
2025/2/17 7:00,0,1,1,68.2,52,0,1,1,60.1,1,1,0,49.33333333,35.13333333,70,68.8,100,2,80,60,5
2025/2/17 7:15,0,1,1,68.2,52,0,1,1,59.86666667,1,1,0,48,36.8,70,68.3,100,2,80,60,5
2025/2/17 7:30,0,1,1,68.2,52,33.33333333,1.666666667,1,59.06666667,1,1,0,48.66666667,34.7,70,67.36666667,100,2,80,60,5
2025/2/17 7:45,0,1,1,68.2,52,0,1,1,59.66666667,1,1,0,48.33333333,34.96666667,70,67.96666667,100,2,80,60,1
2025/2/17 8:00,0,1,1,68.2,52,0,1,1,60,1,1,0,48,35.23333333,70,68.63333333,100,2,80,60,5
2025/2/17 8:15,0,1,1,68.2,52,0,1,1,59.96666667,1,1,0,48,34.66666667,70,68.4,100,2,80,60,5
2025/2/17 8:30,0,1,1,68.2,52,16.66666667,1.333333333,1,59.3,1,1,0,47.33333333,33.56666667,70,67.53333333,100,2,80,60,5
2025/2/17 8:45,0,1,1,68.2,52,16.66666667,1.333333333,1,59.43333333,1,1,0,47.66666667,35.03333333,70,67.8,100,2,80,60,5
2025/2/17 9:00,0,1,1,68.2,52,0,1,1,60.13333333,1,1,0,47.66666667,35.56666667,70,68.8,100,2,80,60,1
2025/2/17 9:15,0,1,1,68.2,52,16.66666667,1.333333333,1,60,1,1,0,48,35.56666667,70,68.43333333,100,2,80,60,5
2025/2/17 9:30,0,1,1,68.2,52,0,1,1,59.93333333,1,1,0,48,35.66666667,70,68.36666667,100,2,80,60,5
2025/2/17 9:45,0,1,1,68.2,52,16.66666667,1.666666667,1,59.1,1,1,0,43.33333333,36.8,70,67.3,100,2,80,60,5
2025/2/17 10:00,0,1,1,68.2,52,16.66666667,1.333333333,1,58.96666667,1,1,0,43,36.43333333,70,67.9,100,2,80,60,5
2025/2/17 10:15,0,1,1,68.2,52,0,1,1,59.56666667,1,1,0,43,36.63333333,70,68.63333333,100,2,80,60,1
2025/2/17 10:30,0,1,1,68.2,52,16.66666667,1.333333333,1,59.6,1,1,0,42.66666667,36.63333333,70,68.56666667,100,2,80,60,5
2025/2/17 10:45,0,1,1,68.2,52,0,1,1,59.45,1,1,0,42.5,36.95,70,68.25,100,2,80,60,5
2025/2/17 11:00,0,1,1,68.2,52,16.66666667,1.333333333,1,58.96666667,1,1,0,42.33333333,37.46666667,70,67.53333333,100,2,80,60,5
2025/2/17 11:15,0,1,1,68.2,52,0,1,1,59.56666667,1,1,0,42,37.33333333,70,68.5,100,2,80,60,5
2025/2/17 11:30,0,1,1,68.2,52,16.66666667,1.333333333,1,59.5,1,1,0,41.66666667,37.66666667,70,68.6,100,2,80,60,5
2025/2/17 11:45,0,1,1,68.2,52,0,1,1,59.6,1,1,0,41.33333333,36.7,70,68.63333333,100,2,80,60,5
2025/2/17 12:00,0,1,1,68.2,52,16.66666667,1.333333333,1,58.93333333,1,1,0,40.66666667,36.96666667,70,67.26666667,100,2,80,60,5
2025/2/17 12:15,0,1,1,68.2,52,16.66666667,1.333333333,1,58.86666667,1,1,0,39.66666667,36.46666667,70,67.8,100,2,80,60,5
2025/2/17 12:30,0,1,1,68.2,52,0,1,1,59.36666667,1,1,0,40.33333333,36.46666667,70,68.6,100,2,80,60,1
2025/2/17 12:45,0,1,1,68.2,52,16.66666667,1.333333333,1,59.33333333,1,1,0,40,36.1,70,68.56666667,100,2,80,60,5
2025/2/17 13:00,0,1,1,68.2,52,0,1,1,59.23333333,1,1,0,40,35.9,70,68.1,100,2,80,60,5
2025/2/17 13:15,0,1,1,68.2,52,16.66666667,1.333333333,1,58.8,1,1,0,40,37.23333333,70,67.36666667,100,2,80,60,5
2025/2/17 13:30,0,1,1,68.2,52,0,1,1,59.5,1,1,0,40.33333333,36.43333333,70,68.8,100,2,80,60,1
2025/2/17 13:45,0,1,1,68.2,52,0,1,1,59.53333333,1,1,0,40.66666667,36.13333333,70,68.23333333,100,2,80,60,5
2025/2/17 14:00,0,1,1,68.2,52,0,1,1,59.43333333,1,1,0,40.33333333,34.03333333,70,67.93333333,100,2,80,60,5
2025/2/17 14:15,0,1,1,68.2,52,0,1,1,59.33333333,1,1,0,39.66666667,35.3,70,68.63333333,100,2,80,60,5
2025/2/17 14:30,0,1,1,68.2,52,0,1,1,59.1,1,1,0,39.33333333,36.6,70,67.7,100,2,80,60,5
2025/2/17 14:45,0,1,1,68.2,52,16.66666667,1.333333333,1,60.2,1,1,0,40,35,70,69.03333333,100,2,80,60,5
2025/2/17 15:00,0,1,1,68.2,52,16.66666667,1.333333333,1,59.86666667,1,1,0,37.66666667,38.13333333,70,68.2,100,2,80,60,5
2025/2/17 15:15,0,1,1,68.2,52,0,1,1,60.76666667,1,1,0,37,40.3,70,69.93333333,100,2,80,60,1
2025/2/17 15:30,0,1,1,68.2,52,0,1,1,59.8,1,1,0,36,37.33333333,70,68.4,100,2,80,60,5
2025/2/17 15:45,0,1,1,68.2,52,0,1,1,59.63333333,1,1,0,36,37.36666667,70,68.16666667,100,2,80,60,5
2025/2/17 16:00,0,1,1,68.2,52,0,1,1,59.56666667,1,1,0,36,38.5,70,68.03333333,100,2,80,60,5
2025/2/17 16:15,0,1,1,68.2,52,0,1,1,59.43333333,1,1,0,35,39.03333333,70,67.86666667,100,2,80,60,5
2025/2/17 16:30,0,1,1,68.2,52,16.66666667,1.333333333,1,60.43333333,1,1,0,35,41.03333333,70,69.63333333,100,2,80,60,5
2025/2/17 16:45,0,1,1,68.2,52,0,1,1,60.16666667,1,1,0,35,41.2,70,69,100,2,80,60,5
2025/2/17 17:00,0,1,1,68.2,52,0,1,1,59.83333333,1,1,0,35,41.63333333,70,68.43333333,100,2,80,60,5
2025/2/17 17:15,0,1,1,68.2,52,0,1,1,73.23333333,1,1,0,36,41.73333333,70,68.03333333,100,2,80,60,5
2025/2/17 17:30,0,1,1,68.2,52,0,1,1,59.7,1,1,0,36.33333333,38.96666667,70,67.9,100,2,80,60,5
2025/2/17 17:45,0,1,1,68.2,52,0,1,1,59.7,1,1,0,37,40.2,70,67.9,100,2,80,60,5
2025/2/17 18:00,0,1,1,68.2,52,0,1,1,59.7,1,1,0,37,42,70,67.9,100,2,80,60,5
2025/2/17 18:15,0,1,1,68.2,52,0,1,1,59.93333333,1,1,0,37,42.73333333,70,67.9,100,2,80,60,5
2025/2/17 18:30,0,1,1,68.2,52,0,1,1,60.2,1,1,0,37,43.16666667,70,68.23333333,100,2,80,60,5
2025/2/17 18:45,0,1,1,68.2,52,0,1,1,60.13333333,1,1,0,36,45.03333333,70,68.3,100,2,80,60,5
2025/2/17 19:00,0,1,1,68.2,52,16.66666667,1.333333333,1,59.86666667,1,1,0,36.66666667,43.06666667,70,67.76666667,100,2,80,60,5
2025/2/17 19:15,0,1,1,68.2,52,0,1,1,61.06666667,1,1,0,37,42.9,70,69.56666667,100,2,80,60,1
2025/2/17 19:30,0,1,1,68.2,52,33.33333333,1.666666667,1,60.33333333,1,1,0,37.33333333,43.03333333,70,67.83333333,100,2,80,60,5
2025/2/17 19:45,0,1,1,68.2,52,0,1,1,61.16666667,1,1,0,37.66666667,45.46666667,70,69.3,100,2,80,60,1
2025/2/17 20:00,0,1,1,68.2,52,0,1,1,61.03333333,1,1,0,37.33333333,45.2,70,68.73333333,100,2,80,60,5
2025/2/17 20:15,0,1,1,68.2,52,0,1,1,61,1,1,0,36,43.55,70,68.8,100,2,80,60,5
2025/2/17 20:30,0,1,1,68.2,52,0,1,1,60.23333333,1,1,0,36,43.7,70,67.4,100,2,80,60,5
2025/2/17 20:45,0,1,1,68.2,52,16.66666667,1.333333333,1,60.63333333,1,1,0,36.66666667,41.9,70,68.23333333,100,2,80,60,5
2025/2/17 21:00,0,1,1,68.2,52,0,1,1,60.63333333,1,1,0,37,41.3,70,68.33333333,100,2,80,60,5
2025/2/17 21:15,0,1,1,68.2,52,16.66666667,1.333333333,1,60.5,1,1,0,37,43.96666667,70,67.43333333,100,2,80,60,5
2025/2/17 21:30,0,1,1,68.2,52,0,1,1,61.3,1,1,0,36.33333333,46.63333333,70,68.76666667,100,2,80,60,5
2025/2/17 21:45,0,1,1,68.2,52,16.66666667,1.333333333,1,60.5,1,1,0,36,44.06666667,70,67.03333333,100,2,80,60,5
2025/2/17 22:00,0,1,1,68.2,52,0,1,1,61.23333333,1,1,0,37,44.53333333,70,69.16666667,100,2,80,60,1
2025/2/17 22:15,0,1,1,68.2,52,0,1,1,60.13333333,1,1,0,36,43.23333333,70,67.1,100,2,80,60,5
2025/2/17 22:30,0,1,1,68.2,52,0,1,1,61.03333333,1,1,0,37.33333333,41.56666667,70,68.73333333,100,2,80,60,5
2025/2/17 22:45,0,1,1,68.2,52,16.66666667,1.333333333,1,60.16666667,1,1,0,37,41.36666667,70,67.03333333,100,2,80,60,5
2025/2/17 23:00,0,1,1,68.2,52,0,1,1,61.13333333,1,1,0,38,40.03333333,70,68.86666667,100,2,80,60,1
2025/2/17 23:15,0,1,1,68.2,52,33.33333333,1.666666667,1,60.23333333,1,1,0,37.66666667,38.56666667,70,67.1,100,2,80,60,5
2025/2/17 23:30,0,1,1,68.2,52,0,1,1,61.03333333,1,1,0,37.66666667,40.26666667,70,68.7,100,2,80,60,1
2025/2/17 23:45,0,1,1,68.2,52,16.66666667,1.333333333,1,60.7,1,1,0,38,37.96666667,70,67.63333333,100,2,80,60,5
2025/2/18 0:00,0,1,1,68.2,52,0,1,1,60.6,1,1,0,37.33333333,37.03333333,70,68.1,100,2,80,60,5
2025/2/18 0:15,0,1,1,68.2,52,16.66666667,1.333333333,1,61.03333333,1,1,0,38.66666667,38.23333333,70,68.66666667,100,2,80,60,5
2025/2/18 0:30,0,1,1,68.2,52,0,1,1,60.3,1,1,0,37.33333333,37.23333333,70,67.5,100,2,80,60,5
2025/2/18 0:45,0,1,1,68.2,52,0,1,1,61.2,1,1,0,37,36.83333333,70,68.93333333,100,2,80,60,5
2025/2/18 1:00,0,1,1,68.2,52,16.66666667,1.333333333,1,60.06666667,1,1,0,36,36.53333333,70,67.1,100,2,80,60,5
2025/2/18 1:15,0,1,1,68.2,52,0,1,1,61.03333333,1,1,0,36.33333333,36.46666667,70,68.9,100,2,80,60,1
2025/2/18 1:30,0,1,1,68.2,52,16.66666667,1.333333333,1,60.5,1,1,0,36.66666667,38.43333333,70,67.4,100,2,80,60,5
2025/2/18 1:45,0,1,1,68.2,52,0,1,1,60.6,1,1,0,36.33333333,37.93333333,70,68.16666667,100,2,80,60,5
2025/2/18 2:00,0,1,1,68.2,52,16.66666667,1.333333333,1,60.9,1,1,0,36,36.6,70,68.73333333,100,2,80,60,5
2025/2/18 2:15,0,1,1,68.2,52,16.66666667,1.333333333,1,59.9,1,1,0,36,35.7,70,67.1,100,2,80,60,5
2025/2/18 2:30,0,1,1,68.2,52,0,1,1,60.93333333,1,1,0,36.66666667,36.76666667,70,68.83333333,100,2,80,60,1
2025/2/18 2:45,0,1,1,68.2,52,0,1,1,60.86666667,1,1,0,36.66666667,35.96666667,70,68.1,100,2,80,60,5
2025/2/18 3:00,0,1,1,68.2,52,0,1,1,60.3,1,1,0,36.33333333,36.7,70,67.73333333,100,2,80,60,5
2025/2/18 3:15,0,1,1,68.2,52,0,1,1,60.93333333,1,1,0,36,37.16666667,70,68.63333333,100,2,80,60,5
2025/2/18 3:30,0,1,1,68.2,52,16.66666667,1.333333333,1,60.63333333,1,1,0,36,36.93333333,70,67.73333333,100,2,80,60,5
2025/2/18 3:45,0,1,1,68.2,52,0,1,1,60.33333333,1,1,0,36.33333333,38.7,70,68,100,2,80,60,5
2025/2/18 4:00,0,1,1,68.2,52,16.66666667,1.333333333,1,60.76666667,1,1,0,37,37.06666667,70,68.63333333,100,2,80,60,5
2025/2/18 4:15,0,1,1,68.2,52,16.66666667,1.333333333,1,59.93333333,1,1,0,37,36.76666667,70,67.2,100,2,80,60,5
2025/2/18 4:30,0,1,1,68.2,52,0,1,1,60.6,1,1,0,37,36.6,70,68.56666667,100,2,80,60,1
2025/2/18 4:45,0,1,1,68.2,52,0,1,1,60.83333333,1,1,0,37,36.2,70,68.43333333,100,2,80,60,5
2025/2/18 5:00,0,1,1,68.2,52,16.66666667,1.333333333,1,59.9,1,1,0,37,36.9,70,67.53333333,100,2,80,60,5
2025/2/18 5:15,0,1,1,68.2,52,0,1,1,60.76666667,1,1,0,38,36.4,70,68.73333333,100,2,80,60,1
2025/2/18 5:30,0,1,1,68.2,52,16.66666667,1.333333333,1,60.33333333,1,1,0,37,36.66666667,70,67.73333333,100,2,80,60,5
2025/2/18 5:45,0,1,1,68.2,52,0,1,1,60.1,1,1,0,37,37.26666667,70,68.16666667,100,2,80,60,5
2025/2/18 6:00,0,1,1,68.2,52,16.66666667,1.333333333,1,60.73333333,1,1,0,37.66666667,35.9,70,68.7,100,2,80,60,5
2025/2/18 6:15,0,1,1,68.2,52,0,1,1,59.7,1,1,0,37.66666667,36.7,70,67.46666667,100,2,80,60,5
2025/2/18 6:30,0,1,1,68.2,52,16.66666667,1,1,60.46666667,1,1,0,37,36.63333333,70,68.66666667,100,2,80,60,5
2025/2/18 6:45,0,1,1,68.2,52,16.66666667,1.333333333,1,60.13333333,1,1,0,37,36.1,70,67.8,100,2,80,60,5
2025/2/18 7:00,0,1,1,68.2,52,0,1,1,59.76666667,1,1,0,37,36.96666667,70,67.66666667,100,2,80,60,5
2025/2/18 7:15,0,1,1,68.2,52,0,1,1,60.63333333,1,1,0,38,36.96666667,70,68.86666667,100,2,80,60,5
2025/2/18 7:30,0,1,1,68.2,52,0,1,1,60.3,1,1,0,38.66666667,35.86666667,70,68.26666667,100,2,80,60,5
2025/2/18 7:45,0,1,1,68.2,52,0,1,1,60.03333333,1,1,0,39,35.9,70,67.53333333,100,2,80,60,5
2025/2/18 8:00,0,1,1,68.2,52,0,1,1,60.63333333,1,1,0,40,35.7,70,68.66666667,100,2,80,60,5
2025/2/18 8:15,0,1,1,68.2,52,16.66666667,1.333333333,1,60.4,1,1,0,41.66666667,35.03333333,70,68.56666667,100,2,80,60,5
2025/2/18 8:30,0,1,1,68.2,52,16.66666667,1.333333333,1,59.6,1,1,0,43.33333333,34.7,70,67.13333333,100,2,80,60,5
2025/2/18 8:45,0,1,1,68.2,52,0,1,1,60.33333333,1,1,0,45,35.7,70,68.9,100,2,80,60,1
2025/2/18 9:00,0,1,1,68.2,52,0,1,1,59.86666667,1,1,0,45.66666667,34.9,70,67.83333333,100,2,80,60,5
2025/2/18 9:15,0,1,1,68.2,52,0,1.333333333,1,59.63333333,1,1,0,46,34.76666667,70,67.33333333,100,2,80,60,
2025/2/18 9:30,0,1,1,68.2,52,0,1,1,60.46666667,1,1,0,46.33333333,35.5,70,69,100,2,80,60,5
2025/2/18 9:45,0,1,1,68.2,52,16.66666667,1.333333333,1,60,1,1,0,46.33333333,34.73333333,70,68.06666667,100,2,80,60,5
2025/2/18 10:00,0,1,1,68.2,52,0,1,1,59.73333333,1,1,0,47,36.1,70,67.6,100,2,80,60,5
2025/2/18 10:15,0,1,1,68.2,52,0,1,1,60.4,1,1,0,47,34.8,70,68.8,100,2,80,60,5
2025/2/18 10:30,0,1,1,68.2,52,16.66666667,1.333333333,1,60.03333333,1,1,0,46.66666667,33.9,70,68.1,100,2,80,60,5
2025/2/18 10:45,0,1,1,68.2,52,16.66666667,1.333333333,1,59.63333333,1,1,0,46.33333333,34.5,70,67.46666667,100,2,80,60,5
2025/2/18 11:00,0,1,1,68.2,52,0,1,1,60.3,1,1,0,46,34.26666667,70,68.93333333,100,2,80,60,1
2025/2/18 11:15,0,1,1,68.2,52,0,1,1,60.13333333,1,1,0,46,34.76666667,70,68.4,100,2,80,60,5
2025/2/18 11:30,0,1,1,68.2,52,16.66666667,1.333333333,1,59.53333333,1,1,0,46,34.43333333,70,67.33333333,100,2,80,60,5
2025/2/18 11:45,0,1,1,68.2,52,0,1,1,59.86666667,1,1,0,45.33333333,35.03333333,70,68.3,100,2,80,60,1
2025/2/18 12:00,0,1,1,68.2,52,16.66666667,1.333333333,1,59.8,1,1,0,44,34.03333333,70,68.63333333,100,2,80,60,5
2025/2/18 12:15,0,1,1,68.2,52,16.66666667,1.333333333,1,59.43333333,1,1,0,44,33.9,70,67.46666667,100,2,80,60,5
2025/2/18 12:30,0,1,1,68.2,52,0,1,1,59.73333333,1,1,0,43.33333333,34.2,70,68.26666667,100,2,80,60,5
2025/2/18 12:45,0,1,1,68.2,52,16.66666667,1.333333333,1,59.76666667,1,1,0,43,32.73333333,70,68.53333333,100,2,80,60,5
2025/2/18 13:00,0,1,1,68.2,52,16.66666667,1.333333333,1,59.43333333,1,1,0,42.66666667,34.1,70,67.33333333,100,2,80,60,5
2025/2/18 13:15,0,1,1,68.2,52,0,1,1,59.73333333,1,1,0,42,34.43333333,70,68.2,100,2,80,60,5
2025/2/18 13:30,0,1,1,68.2,52,16.66666667,1.333333333,1,59.8,1,1,0,43.33333333,33.63333333,70,68.6,100,2,80,60,5
2025/2/18 13:45,0,1,1,68.2,52,33.33333333,1.666666667,1,59.26666667,1,1,0,44,34.4,70,67,100,2,80,60,5
2025/2/18 14:00,0,1,1,68.2,52,0,1,1,59.8,1,1,0,44,35.23333333,70,68.56666667,100,2,80,60,1
2025/2/18 14:15,0,1,1,68.2,52,16.66666667,1.333333333,1,59.66666667,1,1,0,45,33.76666667,70,68.63333333,100,2,80,60,5
2025/2/18 14:30,0,1,1,68.2,52,16.66666667,1.333333333,1,58.96666667,1,1,0,45.33333333,33.33333333,70,67.06666667,100,2,80,60,5
2025/2/18 14:45,0,1,1,68.2,52,0,1,1,59.66666667,1,1,0,46,33.46666667,70,68.4,100,2,80,60,1
2025/2/18 15:00,0,1,1,68.2,52,16.66666667,1.333333333,1,59.86666667,1,1,0,46,33.8,70,68.73333333,100,2,80,60,5
2025/2/18 15:15,0,1,1,68.2,52,16.66666667,1.333333333,1,59.2,1,1,0,46,34.9,70,66.93333333,100,2,80,60,5
2025/2/18 15:30,0,1,1,68.2,52,0,1,1,59.8,1,1,0,46,34.9,70,68.96666667,100,2,80,60,1
2025/2/18 15:45,0,1,1,68.2,52,16.66666667,1.333333333,1,58.93333333,1,1,0,45,36.16666667,70,67.03333333,100,2,80,60,5
2025/2/18 16:00,0,1,1,68.2,52,0,1,1,60,1,1,0,44.66666667,37.63333333,70,68.8,100,2,80,60,1
2025/2/18 16:15,0,1,1,68.2,52,0,1,1,60.23333333,1,1,0,44,37.13333333,70,68.96666667,100,2,80,60,5
2025/2/18 16:30,0,1,1,68.2,52,0,1,1,59.8,1,1,0,43.33333333,36.76666667,70,68.5,100,2,80,60,5
2025/2/18 16:45,0,1,1,68.2,52,16.66666667,1.333333333,1,59.56666667,1,1,0,43.33333333,36.83333333,70,68,100,2,80,60,5
2025/2/18 17:00,0,1,1,68.2,52,0,1,1,59.93333333,1,1,0,42.66666667,38.76666667,70,68.4,100,2,80,60,5
2025/2/18 17:15,0,1,1,68.2,52,16.66666667,1.333333333,1,59.6,1,1,0,42,37.8,70,67.86666667,100,2,80,60,5
2025/2/18 17:30,0,1,1,68.2,52,0,1,1,59.66666667,1,1,0,41.66666667,38.86666667,70,68.23333333,100,2,80,60,5
2025/2/18 17:45,0,1,1,68.2,52,0,1,1,59.83333333,1,1,0,41.66666667,38.3,70,68.6,100,2,80,60,5
2025/2/18 18:00,0,1,1,68.2,52,0,1,1,59.56666667,1,1,0,42,38.13333333,70,67.66666667,100,2,80,60,5
2025/2/18 18:15,0,1,1,68.2,52,0,1,1,59.93333333,1,1,0,42,37.8,70,68.46666667,100,2,80,60,5
2025/2/18 18:30,0,1,1,68.2,52,0,1,1,59.5,1,1,0,41.66666667,38.6,70,67.8,100,2,80,60,5
2025/2/18 18:45,0,1,1,68.2,52,0,1,1,59.9,1,1,0,41,37.53333333,70,68.56666667,100,2,80,60,5
2025/2/18 19:00,0,1,1,68.2,52,0,1,1,59.76666667,1,1,0,41.66666667,39,70,67.96666667,100,2,80,60,5
2025/2/18 19:15,0,1,1,68.2,52,16.66666667,1.333333333,1,60.23333333,1,1,0,41.33333333,38.5,70,68.46666667,100,2,80,60,1
2025/2/18 19:30,0,1,1,68.2,52,16.66666667,1.333333333,1,59.63333333,1,1,0,41.33333333,37.86666667,70,67.3,100,2,80,60,5
2025/2/18 19:45,0,1,1,68.2,52,0,1,1,60.4,1,1,0,41.66666667,38.6,70,68.7,100,2,80,60,5
2025/2/18 20:00,0,1,1,68.2,52,0,1,1,59.66666667,1,1,0,40.66666667,39.2,70,67.6,100,2,80,60,5
2025/2/18 20:15,0,1,1,68.2,52,0,1,1,60.23333333,1,1,0,40.33333333,40.23333333,70,68.76666667,100,2,80,60,5
2025/2/18 20:30,0,1,1,68.2,52,0,1,1,59.73333333,1,1,0,40,40.7,70,67.33333333,100,2,80,60,5
2025/2/18 20:45,0,1,1,68.2,52,0,1,1,60.6,1,1,0,39.33333333,41.3,70,68.9,100,2,80,60,5
2025/2/18 21:00,0,1,1,68.2,52,16.66666667,1.333333333,1,60,1,1,0,39,40.53333333,70,67.8,100,2,80,60,5
2025/2/18 21:15,0,1,1,68.2,52,0,1,1,60.56666667,1,1,0,39,41.4,70,68.56666667,100,2,80,60,5
2025/2/18 21:30,0,1,1,68.2,52,16.66666667,1.333333333,1,60.16666667,1,1,0,38.66666667,39.96666667,70,68,100,2,80,60,5
2025/2/18 21:45,0,1,1,68.2,52,16.66666667,1.333333333,1,60,1,1,0,38.33333333,39.43333333,70,67.66666667,100,2,80,60,5
2025/2/18 22:00,0,1,1,68.2,52,16.66666667,1.333333333,1,60.13333333,1,1,0,37.66666667,38.2,70,68.3,100,2,80,60,1
2025/2/18 22:15,0,1,1,68.2,52,0,1,1,59.63333333,1,1,0,37.66666667,38.03333333,70,67.33333333,100,2,80,60,5
2025/2/18 22:30,0,1,1,68.2,52,0,1,1,60.06666667,1,1,0,38,37.53333333,70,68.5,100,2,80,60,5
2025/2/18 22:45,0,1,1,68.2,52,0,1,1,60.26666667,1,1,0,38,37.1,70,68.46666667,100,2,80,60,5
2025/2/18 23:00,0,1,1,68.2,52,16.66666667,1.333333333,1,59.5,1,1,0,38,36.53333333,70,67.63333333,100,2,80,60,5
2025/2/18 23:15,0,1,1,68.2,52,0,1,1,60.16666667,1,1,0,38,36.56666667,70,68.53333333,100,2,80,60,5
2025/2/18 23:30,0,1,1,68.2,52,16.66666667,1.333333333,1,59.93333333,1,1,0,37,35.86666667,70,67.9,100,2,80,60,5
2025/2/18 23:45,0,1,1,68.2,52,16.66666667,1.333333333,1,59.63333333,1,1,0,37,35.9,70,67.86666667,100,2,80,60,5
2025/2/19 0:00,0,1,1,68.2,52,0,1.333333333,1,60.16666667,1,1,0,37,35.56666667,70,68.43333333,100,2,80,60,5
2025/2/19 0:15,0,1,1,68.2,52,16.66666667,1.333333333,1,59.8,1,1,0,36,35.83333333,70,67.83333333,100,2,80,60,5
2025/2/19 0:30,0,1,1,68.2,52,16.66666667,1.333333333,1,59.6,1,1,0,35.33333333,35.9,70,67.76666667,100,2,80,60,5
2025/2/19 0:45,0,1,1,68.2,52,0,1,1,60.16666667,1,1,0,34.66666667,34.93333333,70,68.73333333,100,2,80,60,5
2025/2/19 1:00,0,1,1,68.2,52,16.66666667,1,1,60.13333333,1,1,0,34,35.1,70,68.23333333,100,2,80,60,5
2025/2/19 1:15,0,1,1,68.2,52,16.66666667,1.333333333,1,59.66666667,1,1,0,33,35.4,70,67.6,100,2,80,60,5
2025/2/19 1:30,0,1,1,68.2,52,16.66666667,1.333333333,1,60.2,1,1,0,33.66666667,34.93333333,70,68.43333333,100,2,80,60,1
2025/2/19 1:45,0,1,1,68.2,52,16.66666667,1.333333333,1,59.8,1,1,0,33,34.76666667,70,67.83333333,100,2,80,60,5
2025/2/19 2:00,0,1,1,68.2,52,16.66666667,1.333333333,1,59.8,1,1,0,33.33333333,35.3,70,67.9,100,2,80,60,5
2025/2/19 2:15,0,1,1,68.2,52,16.66666667,1.333333333,1,59.83333333,1,1,0,34.33333333,34.43333333,70,68.2,100,2,80,60,1
2025/2/19 2:30,0,1,1,68.2,52,16.66666667,1.333333333,1,59.83333333,1,1,0,35.66666667,33.96666667,70,68.13333333,100,2,80,60,5
2025/2/19 2:45,0,1,1,68.2,52,16.66666667,1.333333333,1,59.4,1,1,0,38.33333333,34.4,70,67.8,100,2,80,60,5
2025/2/19 3:00,0,1,1,68.2,52,0,1,1,59.7,1,1,0,41,33.83333333,70,68.46666667,100,2,80,60,5
2025/2/19 3:15,0,1,1,68.2,52,16.66666667,1.333333333,1,59.53333333,1,1,0,42.66666667,33.83333333,70,68.4,100,2,80,60,1
2025/2/19 3:30,0,1,1,68.2,52,16.66666667,1.333333333,1,59.4,1,1,0,43,33.56666667,70,67.76666667,100,2,80,60,5
2025/2/19 3:45,0,1,1,68.2,52,0,1,1,59.33333333,1,1,0,44,34.2,70,68.16666667,100,2,80,60,5
2025/2/19 4:00,0,1,1,68.2,52,16.66666667,1.333333333,1,59.46666667,1,1,0,44.33333333,33.26666667,70,68.3,100,2,80,60,1
2025/2/19 4:15,0,1,1,68.2,52,16.66666667,1.333333333,1,59.23333333,1,1,0,45,32.53333333,70,67.93333333,100,2,80,60,5
2025/2/19 4:30,0,1,1,68.2,52,16.66666667,1.333333333,1,59.1,1,1,0,45,32.33333333,70,67.93333333,100,2,80,60,5
2025/2/19 4:45,0,1,1,68.2,52,0,1,1,59.2,1,1,0,45.33333333,31.76666667,70,68.43333333,100,2,80,60,5
2025/2/19 5:00,0,1,1,68.2,52,0,1,1,59.23333333,1,1,0,46,31.7,70,68.26666667,100,2,80,60,5
2025/2/19 5:15,0,1,1,68.2,52,16.66666667,1.333333333,1,59.1,1,1,0,45.33333333,31.43333333,70,67.86666667,100,2,80,60,5
2025/2/19 5:30,0,1,1,68.2,52,16.66666667,1.333333333,1,58.96666667,1,1,0,45.33333333,31.1,70,68.06666667,100,2,80,60,5
2025/2/19 5:45,0,1,1,68.2,52,16.66666667,1.333333333,1,59.03333333,1,1,0,46,31,70,68.03333333,100,2,80,60,1
2025/2/19 6:00,0,1,1,68.2,52,0,1,1,59.06666667,1,1,0,46,31.66666667,70,68.23333333,100,2,80,60,5
2025/2/19 6:15,0,1,1,68.2,52,0,1,1,58.93333333,1,1,0,45,31.33333333,70,67.83333333,100,2,80,60,5
2025/2/19 6:30,0,1,1,68.2,52,0,1,1,59.03333333,1,1,0,45,31.33333333,70,68.33333333,100,2,80,60,5
2025/2/19 6:45,0,1,1,68.2,52,16.66666667,1.333333333,1,59.03333333,1,1,0,45,29.86666667,70,68.1,100,2,80,60,1
2025/2/19 7:00,0,1,1,68.2,52,16.66666667,1.333333333,1,59,1,1,0,45.66666667,29.66666667,70,68.2,100,2,80,60,5
2025/2/19 7:15,0,1,1,68.2,52,0,1,1,58.83333333,1,1,0,46.33333333,29.96666667,70,67.93333333,100,2,80,60,5
2025/2/19 7:30,0,1,1,68.2,52,16.66666667,1.333333333,1,59.03333333,1,1,0,46.66666667,30.63333333,70,68.13333333,100,2,80,60,5
2025/2/19 7:45,0,1,1,68.2,52,16.66666667,1.333333333,1,58.96666667,1,1,0,45.66666667,31.16666667,70,67.96666667,100,2,80,60,1
2025/2/19 8:00,0,1,1,68.2,52,16.66666667,1.333333333,1,58.9,1,1,0,45.66666667,30.23333333,70,68.16666667,100,2,80,60,5
2025/2/19 8:15,0,1,1,68.2,52,16.66666667,1.333333333,1,58.96666667,1,1,0,46,30.63333333,70,68.13333333,100,2,80,60,5
2025/2/19 8:30,0,1,1,68.2,52,16.66666667,1.333333333,1,58.66666667,1,1,0,45.66666667,31.03333333,70,67.93333333,100,2,80,60,5
2025/2/19 8:45,0,1,1,68.2,52,0,1,1,59,1,1,0,45,31.36666667,70,68.16666667,100,2,80,60,5
2025/2/19 9:00,0,1,1,68.2,52,0,1,1,58.86666667,1,1,0,45,30.86666667,70,67.9,100,2,80,60,5
2025/2/19 9:15,0,1,1,68.2,52,16.66666667,1.333333333,1,58.9,1,1,0,45,30.5,70,68.13333333,100,2,80,60,5
2025/2/19 9:30,0,1,1,68.2,52,16.66666667,1.333333333,1,58.7,1,1,0,45,30.96666667,70,67.83333333,100,2,80,60,5
2025/2/19 9:45,0,1,1,68.2,52,0,1,1,58.96666667,1,1,0,44.66666667,31.16666667,70,68.26666667,100,2,80,60,5
2025/2/19 10:00,0,1,1,68.2,52,16.66666667,1.333333333,1,58.76666667,1,1,0,44,30.13333333,70,68.1,100,2,80,60,1
2025/2/19 10:15,0,1,1,68.2,52,0,1,1,58.93333333,1,1,0,44,30,70,68.46666667,100,2,80,60,5
2025/2/19 10:30,0,1,1,68.2,52,16.66666667,1.333333333,1,58.63333333,1,1,0,44,30.56666667,70,68,100,2,80,60,5
2025/2/19 10:45,0,1,1,68.2,52,16.66666667,1.333333333,1,58.73333333,1,1,0,44,30.56666667,70,67.96666667,100,2,80,60,5
2025/2/19 11:00,0,1,1,68.2,52,0,1,1,58.86666667,1,1,0,44,29.6,70,68.16666667,100,2,80,60,5
2025/2/19 11:15,0,1,1,68.2,52,16.66666667,1.333333333,1,58.83333333,1,1,0,44.66666667,29.9,70,68.16666667,100,2,80,60,1
2025/2/19 11:30,0,1,1,68.2,52,16.66666667,1.333333333,1,58.73333333,1,1,0,45,29.2,70,68.06666667,100,2,80,60,5
2025/2/19 11:45,0,1,1,68.2,52,0,1,1,58.76666667,1,1,0,44.33333333,29.93333333,70,67.9,100,2,80,60,5
2025/2/19 12:00,0,1,1,68.2,52,16.66666667,1.333333333,1,58.83333333,1,1,0,44,30.3,70,68.2,100,2,80,60,5
2025/2/19 12:15,0,1,1,68.2,52,16.66666667,1.333333333,1,58.96666667,1,1,0,44,31.06666667,70,68.26666667,100,2,80,60,1
2025/2/19 12:30,0,1,1,68.2,52,0,1,1,58.83333333,1,1,0,43,31.06666667,70,68,100,2,80,60,5
2025/2/19 12:45,0,1,1,68.2,52,16.66666667,1.333333333,1,58.8,1,1,0,43,30.96666667,70,68.16666667,100,2,80,60,5
2025/2/19 13:00,0,1,1,68.2,52,16.66666667,1.333333333,1,58.73333333,1,1,0,43,30.9,70,68,100,2,80,60,5
2025/2/19 13:15,0,1,1,68.2,52,0,1,1,59,1,1,0,42.33333333,31.43333333,70,68.4,100,2,80,60,5
2025/2/19 13:30,0,1,1,68.2,52,16.66666667,1.333333333,1,59,1,1,0,41.33333333,31.03333333,70,68.33333333,100,2,80,60,1
2025/2/19 13:45,0,1,1,68.2,52,0,1,1,59.13333333,1,1,0,41.66666667,32.6,70,67.73333333,100,2,80,60,5
2025/2/19 14:00,0,1,1,68.2,52,0,1,1,59.5,1,1,0,40,33.6,70,68.73333333,100,2,80,60,5
2025/2/19 14:15,0,1,1,68.2,52,16.66666667,1.333333333,1,59.1,1,1,0,39.66666667,33.4,70,67.83333333,100,2,80,60,5
2025/2/19 14:30,0,1,1,68.2,52,0,1,1,58.56666667,1,1,0,39.66666667,33.16666667,70,67.93333333,100,2,80,60,5
2025/2/19 14:45,0,1,1,68.2,52,16.66666667,1.333333333,1,59.06666667,1,1,0,40,33.7,70,68.46666667,100,2,80,60,1
2025/2/19 15:00,0,1,1,68.2,52,0,1,1,59.1,1,1,0,39.66666667,34.8,70,67.76666667,100,2,80,60,5
2025/2/19 15:15,0,1,1,68.2,52,0,1,1,59.2,1,1,0,38.66666667,35.5,70,68.43333333,100,2,80,60,5
2025/2/19 15:30,0,1,1,68.2,52,0,1,1,59.43333333,1,1,0,38,35.6,70,68.43333333,100,2,80,60,5
2025/2/19 15:45,0,1,1,68.2,52,0,1,1,59.5,1,1,0,37,38.33333333,70,68.13333333,100,2,80,60,5
2025/2/19 16:00,0,1,1,68.2,52,0,1,1,59.3,1,1,0,36.66666667,39.76666667,70,67.4,100,2,80,60,5
2025/2/19 16:15,0,1,1,68.2,52,16.66666667,1.333333333,1,60.03333333,1,1,0,35.66666667,40.43333333,70,68.93333333,100,2,80,60,1
2025/2/19 16:30,0,1,1,68.2,52,0,1,1,59.16666667,1,1,0,35.33333333,38.96666667,70,68.26666667,100,2,80,60,5
2025/2/19 16:45,0,1,1,68.2,52,0,1,1,58.9,1,1,0,36.33333333,39.36666667,70,67.46666667,100,2,80,60,5
2025/2/19 17:00,0,1,1,68.2,52,0,1,1,59.8,1,1,0,36.66666667,39.26666667,70,68.33333333,100,2,80,60,5
2025/2/19 17:15,0,1,1,68.2,52,0,1,1,59.8,1,1,0,35.33333333,40.7,70,68.66666667,100,2,80,60,5
2025/2/19 17:30,0,1,1,68.2,52,0,1,1,59.06666667,1,1,0,35.66666667,38.46666667,70,67.7,100,2,80,60,5
2025/2/19 17:45,0,1,1,68.2,52,0,1,1,58.73333333,1,1,0,36.33333333,38.76666667,70,67.36666667,100,2,80,60,5
2025/2/19 18:00,0,1,1,68.2,52,16.66666667,1.333333333,1,59.83333333,1,1,0,35.66666667,40.4,70,68.9,100,2,80,60,1
2025/2/19 18:15,0,1,1,68.2,52,0,1,1,59.33333333,1,1,0,35.66666667,40.03333333,70,68.23333333,100,2,80,60,5
2025/2/19 18:30,0,1,1,68.2,52,0,1,1,59.16666667,1,1,0,35.66666667,40.76666667,70,67.73333333,100,2,80,60,5
2025/2/19 18:45,0,1,1,68.2,52,16.66666667,1.333333333,1,58.9,1,1,0,36.66666667,38.13333333,70,67.43333333,100,2,80,60,5
2025/2/19 19:00,0,1,1,68.2,52,0,1,1,59.96666667,1,1,0,37,40.13333333,70,68.73333333,100,2,80,60,5
2025/2/19 19:15,0,1,1,68.2,52,0,1,1,59.63333333,1,1,0,37.33333333,38.76666667,70,67.93333333,100,2,80,60,5
2025/2/19 19:30,0,1,1,68.2,52,0,1,1,59.86666667,1,1,0,37.66666667,38.66666667,70,68.53333333,100,2,80,60,5
2025/2/19 19:45,0,1,1,68.2,52,16.66666667,1,1,59.93333333,1,1,0,38.66666667,38.2,70,68,100,2,80,60,5
2025/2/19 20:00,0,1,1,68.2,52,0,1,1,59.73333333,1,1,0,37.66666667,38.53333333,70,67.96666667,100,2,80,60,5
2025/2/19 20:15,0,1,1,68.2,52,0,1,1,59.96666667,1,1,0,36.66666667,39.6,70,68.7,100,2,80,60,5
2025/2/19 20:30,0,1,1,68.2,52,0,1,1,59.63333333,1,1,0,36,40.06666667,70,67.63333333,100,2,80,60,5
2025/2/19 20:45,0,1,1,68.2,52,16.66666667,1.333333333,1,59.93333333,1,1,0,36,39.2,70,68.43333333,100,2,80,60,1
2025/2/19 21:00,0,1,1,68.2,52,16.66666667,1.333333333,1,59.6,1,1,0,36,38.46666667,70,67.4,100,2,80,60,5
2025/2/19 21:15,0,1,1,68.2,52,0,1,1,60.06666667,1,1,0,36,38.56666667,70,68.73333333,100,2,80,60,5
2025/2/19 21:30,0,1,1,68.2,52,16.66666667,1.333333333,1,59.86666667,1,1,0,36,38,70,67.93333333,100,2,80,60,5
2025/2/19 21:45,0,1,1,68.2,52,0,1,1,59.93333333,1,1,0,36,37.93333333,70,68,100,2,80,60,5
2025/2/19 22:00,0,1,1,68.2,52,16.66666667,1.333333333,1,60.16666667,1,1,0,36.66666667,37.6,70,68.36666667,100,2,80,60,1
2025/2/19 22:15,0,1,1,68.2,52,0,1,1,59.9,1,1,0,37,35.8,70,67.53333333,100,2,80,60,5
2025/2/19 22:30,0,1,1,68.2,52,0,1,1,60.175,1,1,0,38,35.2,70,68.85,100,2,80,60,5
2025/2/19 22:45,0,1,1,68.2,52,0,1,1,59.86666667,1,1,0,38.33333333,34.93333333,70,67.93333333,100,2,80,60,5
2025/2/19 23:00,0,1,1,68.2,52,16.66666667,1.333333333,1,59.63333333,1,1,0,38,35.03333333,70,67.56666667,100,2,80,60,5
2025/2/19 23:15,0,1,1,68.2,52,0,1,1,60.13333333,1,1,0,38,35.03333333,70,68.8,100,2,80,60,5
2025/2/19 23:30,0,1,1,68.2,52,16.66666667,1.333333333,1,59.76666667,1,1,0,38.66666667,34.16666667,70,67.9,100,2,80,60,5
2025/2/19 23:45,0,1,1,68.2,52,16.66666667,1.333333333,1,59.56666667,1,1,0,39,33.76666667,70,67.8,100,2,80,60,5
2025/2/20 0:00,0,1,1,68.2,52,16.66666667,1.333333333,1,59.93333333,1,1,0,39,34.06666667,70,68.33333333,100,2,80,60,1
2025/2/20 0:15,0,1,1,68.2,52,16.66666667,1.333333333,1,59.6,1,1,0,39,34.4,70,67.83333333,100,2,80,60,5
2025/2/20 0:30,0,1,1,68.2,52,16.66666667,1.333333333,1,59.53333333,1,1,0,38.33333333,34.8,70,68.16666667,100,2,80,60,5
2025/2/20 0:45,0,1,1,68.2,52,16.66666667,1.333333333,1,59.73333333,1,1,0,38,34.2,70,68.2,100,2,80,60,1
2025/2/20 1:00,0,1,1,68.2,52,16.66666667,1.333333333,1,59.73333333,1,1,0,38,33.63333333,70,67.9,100,2,80,60,5
2025/2/20 1:15,0,1,1,68.2,52,0,1,1,59.8,1,1,0,38,33.86666667,70,68,100,2,80,60,5
2025/2/20 1:30,0,1,1,68.2,52,16.66666667,1.333333333,1,59.86666667,1,1,0,38,33.86666667,70,68.2,100,2,80,60,1
2025/2/20 1:45,0,1,1,68.2,52,16.66666667,1.333333333,1,59.76666667,1,1,0,38,33.53333333,70,67.96666667,100,2,80,60,5
2025/2/20 2:00,0,1,1,68.2,52,0,1,1,59.63333333,1,1,0,38,33.53333333,70,68.03333333,100,2,80,60,5
2025/2/20 2:15,0,1,1,68.2,52,16.66666667,1.333333333,1,59.63333333,1,1,0,38,33.6,70,68.16666667,100,2,80,60,1
2025/2/20 2:30,0,1,1,68.2,52,16.66666667,1.333333333,1,59.46666667,1,1,0,38,33.06666667,70,67.86666667,100,2,80,60,5
2025/2/20 2:45,0,1,1,68.2,52,16.66666667,1.333333333,1,59.43333333,1,1,0,39,33.53333333,70,67.66666667,100,2,80,60,5
2025/2/20 3:00,0,1,1,68.2,52,0,1,1,59.7,1,1,0,41.66666667,32.06666667,70,68.46666667,100,2,80,60,5
2025/2/20 3:15,0,1,1,68.2,52,0,1,1,59.6,1,1,0,42.66666667,32.4,70,68.13333333,100,2,80,60,5
2025/2/20 3:30,0,1,1,68.2,52,16.66666667,1.333333333,1,59.1,1,1,0,43.33333333,32.3,70,67.6,100,2,80,60,5
2025/2/20 3:45,0,1,1,68.2,52,0,1,1,59.53333333,1,1,0,45,31.9,70,68.43333333,100,2,80,60,5
2025/2/20 4:00,0,1,1,68.2,52,16.66666667,1.333333333,1,59.43333333,1,1,0,45,31.23333333,70,68.46666667,100,2,80,60,1
2025/2/20 4:15,0,1,1,68.2,52,0,1,1,59.16666667,1,1,0,45.33333333,30.9,70,67.8,100,2,80,60,5
2025/2/20 4:30,0,1,1,68.2,52,0,1,1,59.4,1,1,0,46,31.03333333,70,68.2,100,2,80,60,5
2025/2/20 4:45,0,1,1,68.2,52,16.66666667,1.333333333,1,59.36666667,1,1,0,46,30.5,70,68.13333333,100,2,80,60,1
2025/2/20 5:00,0,1,1,68.2,52,16.66666667,1.333333333,1,59.26666667,1,1,0,46.66666667,30,70,67.83333333,100,2,80,60,5
2025/2/20 5:15,0,1,1,68.2,52,0,1,1,59.2,1,1,0,47.33333333,30.03333333,70,67.86666667,100,2,80,60,5
2025/2/20 5:30,0,1,1,68.2,52,0,1,1,59.36666667,1,1,0,47,30.03333333,70,68.23333333,100,2,80,60,5
2025/2/20 5:45,0,1,1,68.2,52,16.66666667,1.333333333,1,59.5,1,1,0,46.66666667,29.43333333,70,68.33333333,100,2,80,60,1
2025/2/20 6:00,0,1,1,68.2,52,16.66666667,1.333333333,1,58.86666667,1,1,0,46,28.73333333,70,67.56666667,100,2,80,60,5
2025/2/20 6:15,0,1,1,68.2,52,16.66666667,1.333333333,1,59.06666667,1,1,0,46,28.6,70,68.13333333,100,2,80,60,5
2025/2/20 6:30,0,1,1,68.2,52,16.66666667,1.333333333,1,59.26666667,1,1,0,47,28.86666667,70,68.16666667,100,2,80,60,1
2025/2/20 6:45,0,1,1,68.2,52,0,1,1,59.23333333,1,1,0,47.33333333,28.73333333,70,67.96666667,100,2,80,60,5
2025/2/20 7:00,0,1,1,68.2,52,0,1,1,59.06666667,1,1,0,47.33333333,30.3,70,67.8,100,2,80,60,5
2025/2/20 7:15,0,1,1,68.2,52,0,1,1,59.06666667,1,1,0,47.33333333,28.73333333,70,68.3,100,2,80,60,5
2025/2/20 7:30,0,1,1,68.2,52,16.66666667,1.333333333,1,58.8,1,1,0,47,28.06666667,70,68.03333333,100,2,80,60,1
2025/2/20 7:45,0,1,1,68.2,52,0,1,1,58.96666667,1,1,0,47,28.13333333,70,68.2,100,2,80,60,5
2025/2/20 8:00,0,1,1,68.2,52,0,1,1,58.7,1,1,0,46.66666667,27.76666667,70,67.96666667,100,2,80,60,5
2025/2/20 8:15,0,1,1,68.2,52,16.66666667,1.333333333,1,58.66666667,1,1,0,47.33333333,27.6,70,68.13333333,100,2,80,60,5
2025/2/20 8:30,0,1,1,68.2,52,16.66666667,1.333333333,1,58.56666667,1,1,0,48,26.76666667,70,68,100,2,80,60,1
2025/2/20 8:45,0,1,1,68.2,52,0,1,1,58.73333333,1,1,0,48,26.56666667,70,68.5,100,2,80,60,5
2025/2/20 9:00,0,1,1,68.2,52,16.66666667,1.333333333,1,58.86666667,1,1,0,47.33333333,26.93333333,70,68.8,100,2,80,60,5
2025/2/20 9:15,0,1,1,68.2,52,16.66666667,1.333333333,1,59,1,1,0,47.33333333,26.6,70,69.43333333,100,2,80,60,5
2025/2/20 9:30,0,1,1,68.2,52,16.66666667,1.333333333,1,58.9,1,1,0,46.66666667,27,70,69.26666667,100,2,80,60,5
2025/2/20 9:45,0,1,1,68.2,52,16.66666667,1.333333333,1,58.76666667,1,1,0,46.33333333,27.96666667,70,69.33333333,100,2,80,60,5
2025/2/20 10:00,0,1,1,68.2,52,16.66666667,1.333333333,1,58.73333333,1,1,0,45.66666667,26.46666667,70,69.4,100,2,80,60,5
2025/2/20 10:15,0,1,1,68.2,52,0,1,1,58.73333333,1,1,0,45.33333333,26.16666667,70,69.23333333,100,2,80,60,5
2025/2/20 10:30,0,1,1,68.2,52,0,1,1,58.73333333,1,1,0,44.66666667,24.46666667,70,69.2,100,2,80,60,5
2025/2/20 10:45,0,1,1,68.2,52,16.66666667,1.333333333,1,58.5,1,1,0,44.33333333,24.43333333,70,69,100,2,80,60,5
2025/2/20 11:00,0,1,1,68.2,52,16.66666667,1.333333333,1,58.4,1,1,0,44.33333333,25.83333333,70,68.8,100,2,80,60,5
2025/2/20 11:15,0,1,1,68.2,52,16.66666667,1.333333333,1,58.56666667,1,1,0,43.33333333,27.06666667,70,68.96666667,100,2,80,60,5
2025/2/20 11:30,0,1,1,68.2,52,16.66666667,1.333333333,1,58.63333333,1,1,0,44,24.16666667,70,69.1,100,2,80,60,5
2025/2/20 11:45,0,1,1,68.2,52,16.66666667,1.333333333,1,58.5,1,1,0,43.33333333,25,70,68.83333333,100,2,80,60,1
2025/2/20 12:00,0,1,1,68.2,52,16.66666667,1.333333333,1,58.36666667,1,1,0,42.66666667,24.63333333,70,68.83333333,100,2,80,60,1
2025/2/20 12:15,0,1,1,68.2,52,16.66666667,1.333333333,1,58.03333333,1,1,0,42.66666667,24.56666667,70,68.86666667,100,2,80,60,1
2025/2/20 12:30,0,1,1,68.2,52,16.66666667,1.333333333,1,57.96666667,1,1,0,43.33333333,23.83333333,70,68.93333333,100,2,80,60,1
2025/2/20 12:45,0,1,1,68.2,52,16.66666667,1.333333333,1,58,1,1,0,43.33333333,23,70,69.1,100,2,80,60,1
2025/2/20 13:00,0,1,1,68.2,52,16.66666667,1.333333333,1,57.83333333,1,1,0,43,22.4,70,69.2,100,2,80,60,1
2025/2/20 13:15,0,1,1,68.2,52,0,1,1,57.73333333,1,1,0,42.33333333,21.36666667,70,69.1,100,2,80,60,5
2025/2/20 13:30,0,1,1,68.2,52,0,1,1,58.23333333,1,1,0,42.33333333,22.76666667,70,69.33333333,100,2,80,60,5
2025/2/20 13:45,0,1,1,68.2,52.33333333,16.66666667,1.333333333,1,58.56666667,1,1,0,41,24.53333333,70,69.03333333,100,2,80,60,5
2025/2/20 14:00,0,1,1,68.2,52,16.66666667,1.333333333,1,58.5,1,1,0,41,26.8,70,69.23333333,100,2,80,60,5
2025/2/20 14:15,0,1,1,68.2,52,16.66666667,1.333333333,1,58.03333333,1,1,0,40.66666667,25.56666667,70,69.3,100,2,80,60,5
2025/2/20 14:30,0,1,1,68.2,52,16.66666667,1.333333333,1,57.7,1,1,0,41.33333333,24.36666667,70,69.1,100,2,80,60,5
2025/2/20 14:45,0,1,1,68.2,52,16.66666667,1.333333333,1,58.06666667,1,1,0,41.33333333,24.46666667,70,69.03333333,100,2,80,60,5
2025/2/20 15:00,0,1,1,68.2,52,16.66666667,1.333333333,1,58.1,1,1,0,41,26.7,70,68.83333333,100,2,80,60,5
2025/2/20 15:15,0,1,1,68.2,52,0,1,1,58.46666667,1,1,0,41,27.56666667,70,69.2,100,2,80,60,5
2025/2/20 15:30,0,1,1,68.2,52,16.66666667,1.333333333,1,58.8,1,1,0,39.33333333,26.43333333,70,69.26666667,100,2,80,60,1
2025/2/20 15:45,0,1,1,68.2,52,0,1,1,58.46666667,1,1,0,38,26.23333333,70,68.2,100,2,80,60,5
2025/2/20 16:00,0,1,1,68.2,52,16.66666667,1.333333333,1,59.16666667,1,1,0,37.66666667,26.1,70,69.23333333,100,2,80,60,1
2025/2/20 16:15,0,1,1,68.2,52,0,1,1,58.66666667,1,1,0,37,29.6,70,68.3,100,2,80,60,5
2025/2/20 16:30,0,1,1,68.2,52,16.66666667,1.333333333,1,58.86666667,1,1,0,37,31.23333333,70,69.03333333,100,2,80,60,1
2025/2/20 16:45,0,1,1,68.2,52,0,1,1,58.36666667,1,1,0,37,32.93333333,70,68.26666667,100,2,80,60,5
2025/2/20 17:00,0,1,1,68.2,52,0,1,1,59.06666667,1,1,0,36.33333333,34.56666667,70,69.33333333,100,2,80,60,5
2025/2/20 17:15,0,1,1,68.2,52,16.66666667,1.333333333,1,58.83333333,1,1,0,35.66666667,34.46666667,70,68.73333333,100,2,80,60,5
2025/2/20 17:30,0,1,1,68.2,52,0,1,1,59.13333333,1,1,0,36,33.76666667,70,68.96666667,100,2,80,60,5
2025/2/20 17:45,0,1,1,68.2,52,0,1,1,58.76666667,1,1,0,34.66666667,34.1,70,68.36666667,100,2,80,60,5
2025/2/20 18:00,0,1,1,68.2,52,0,1,1,58.63333333,1,1,0,34.33333333,32.73333333,70,68.3,100,2,80,60,5
2025/2/20 18:15,0,1,1,68.2,52,0,1,1,58.6,1,1,0,35,33,70,68.3,100,2,80,60,5
2025/2/20 18:30,0,1,1,68.2,52,0,1,1,58.5,1,1,0,35,34.33333333,70,68.3,100,2,80,60,5
2025/2/20 18:45,0,1,1,68.2,52,0,1,1,58.3,1,1,0,34,35.76666667,70,68.23333333,100,2,80,60,5
2025/2/20 19:00,0,1,1,68.2,52,0,1,1,58.16666667,1,1,0,34,36.23333333,70,67.93333333,100,2,80,60,5
2025/2/20 19:15,0,1,1,68.2,52,0,1,1,58.23333333,1,1,0,33.66666667,37.23333333,70,67.63333333,100,2,80,60,5
2025/2/20 19:30,0,1,1,68.2,52,16.66666667,1.333333333,1,59.16666667,1,1,0,33,36.6,70,69,100,2,80,60,1
2025/2/20 19:45,0,1,1,68.2,52,0,1,1,59.26666667,1,1,0,34,38.6,70,68.73333333,100,2,80,60,5
2025/2/20 20:00,0,1,1,68.2,52,0,1,1,59.43333333,1,1,0,33.33333333,38.33333333,70,69.1,100,2,80,60,5
2025/2/20 20:15,0,1,1,68.2,52,16.66666667,1.333333333,1,59.4,1,1,0,33,37.4,70,69.16666667,100,2,80,60,1
2025/2/20 20:30,0,1,1,68.2,52,0,1.333333333,1,59.7,1,1,0,33.33333333,37.66666667,70,68.76666667,100,2,80,60,5
2025/2/20 20:45,0,1,1,68.2,52,0,1.333333333,1,59.66666667,1,1,0,32.66666667,38.4,70,69.06666667,100,2,80,60,5
2025/2/20 21:00,0,1,1,68.2,52,16.66666667,1.333333333,1,59.73333333,1,1,0,33,38.43333333,70,69.06666667,100,2,80,60,1
2025/2/20 21:15,0,1,1,68.2,52,0,1,1,59.96666667,1,1,0,33,38.56666667,70,68.83333333,100,2,80,60,5
2025/2/20 21:30,0,1,1,68.2,52,16.66666667,1.333333333,1,60.16666667,1,1,0,32.33333333,38.73333333,70,69.1,100,2,80,60,5
2025/2/20 21:45,0,1,1,68.2,52,0,1,1,60.13333333,1,1,0,32,38.46666667,70,68.96666667,100,2,80,60,5
2025/2/20 22:00,0,1,1,68.2,52,0,1,1,59.93333333,1,1,0,31.33333333,38.26666667,70,69.16666667,100,2,80,60,5
2025/2/20 22:15,0,1,1,68.2,52,16.66666667,1.333333333,1,59.7,1,1,0,32,37.33333333,70,68.96666667,100,2,80,60,1
2025/2/20 22:30,0,1,1,68.2,52,0,1,1,60.06666667,1,1,0,32,36.2,70,69.1,100,2,80,60,5
2025/2/20 22:45,0,1,1,68.2,52,16.66666667,1.333333333,1,59.66666667,1,1,0,32.33333333,34.7,70,68.8,100,2,80,60,5
2025/2/20 23:00,0,1,1,68.2,52,0,1,1,59.03333333,1,1,0,32.33333333,34.03333333,70,68.66666667,100,2,80,60,5
2025/2/20 23:15,0,1,1,68.2,52,0,1,1,59.03333333,1,1,0,33,32.43333333,70,68.33333333,100,2,80,60,5
2025/2/20 23:30,0,1,1,68.2,52,16.66666667,1.333333333,1,58.43333333,1,1,0,33,32.23333333,70,67.63333333,100,2,80,60,5
2025/2/20 23:45,0,1,1,68.2,52,0,1,1,59.43333333,1,1,0,33.66666667,33,70,68.33333333,100,2,80,60,5
2025/2/21 0:00,0,1,1,68.2,52,25,1.5,1,58.75,1,1,0,33,33.1,70,67,100,2,80,60,5
2025/2/21 0:15,0,1,1,68.2,52,0,1,1,59.26666667,1,1,0,33.66666667,33.56666667,70,68.26666667,100,2,80,60,5
2025/2/21 0:30,0,1,1,68.2,52,0,1,1,59.2,1,1,0,33.33333333,30.36666667,70,68.23333333,100,2,80,60,5
2025/2/21 0:45,0,1,1,68.2,52,16.66666667,1.333333333,1,58.83333333,1,1,0,34.66666667,27.5,70,68.43333333,100,2,80,60,1
2025/2/21 1:00,0,1,1,68.2,52,16.66666667,1.333333333,1,58.8,1,1,0,35,26.8,70,68,100,2,80,60,5
2025/2/21 1:15,0,1,1,68.2,52,16.66666667,1.333333333,1,58.5,1,1,0,35,27.16666667,70,67.76666667,100,2,80,60,5
2025/2/21 1:30,0,1,1,68.2,52,0,1,1,58.76666667,1,1,0,35.66666667,25.76666667,70,68.3,100,2,80,60,5
2025/2/21 1:45,0,1,1,68.2,52,0,1,1,58.7,1,1,0,35.66666667,25.9,70,68.36666667,100,2,80,60,5
2025/2/21 2:00,0,1,1,68.2,52,16.66666667,1.333333333,1,58.56666667,1,1,0,35.33333333,27.56666667,70,67.93333333,100,2,80,60,5
2025/2/21 2:15,0,1,1,68.2,52,16.66666667,1.333333333,1,58.46666667,1,1,0,35.66666667,27.96666667,70,67.83333333,100,2,80,60,5
2025/2/21 2:30,0,1,1,68.2,52,0,1,1,58.7,1,1,0,35.33333333,26.1,70,68.36666667,100,2,80,60,5
2025/2/21 2:45,0,1,1,68.2,52,16.66666667,1.333333333,1,58.8,1,1,0,35.33333333,28.56666667,70,68.23333333,100,2,80,60,1
2025/2/21 3:00,0,1,1,68.2,52,16.66666667,1.333333333,1,58.66666667,1,1,0,34.66666667,29.83333333,70,67.83333333,100,2,80,60,5
2025/2/21 3:15,0,1,1,68.2,52,16.66666667,1.333333333,1,58.7,1,1,0,34.33333333,30.33333333,70,67.8,100,2,80,60,5
2025/2/21 3:30,0,1,1,68.2,52,0,1,1,58.8,1,1,0,34.33333333,29.1,70,68.43333333,100,2,80,60,5
2025/2/21 3:45,0,1,1,68.2,52,16.66666667,1.333333333,1,58.8,1,1,0,35,28.86666667,70,68.26666667,100,2,80,60,1
2025/2/21 4:00,0,1,1,68.2,52,16.66666667,1.333333333,1,58.73333333,1,1,0,35,29.73333333,70,68,100,2,80,60,5
2025/2/21 4:15,0,1,1,68.2,52,16.66666667,1.333333333,1,58.36666667,1,1,0,35.33333333,27.43333333,70,67.76666667,100,2,80,60,5
2025/2/21 4:30,0,1,1,68.2,52,0,1,1,58.76666667,1,1,0,36,26.56666667,70,68.4,100,2,80,60,5
2025/2/21 4:45,0,1,1,68.2,52,16.66666667,1.333333333,1,58.6,1,1,0,35.66666667,26.86666667,70,68.3,100,2,80,60,1
2025/2/21 5:00,0,1,1,68.2,52,16.66666667,1.333333333,1,58.46666667,1,1,0,35.33333333,28.33333333,70,68.06666667,100,2,80,60,5
2025/2/21 5:15,0,1,1,68.2,52,16.66666667,1.333333333,1,58.36666667,1,1,0,34.66666667,28.93333333,70,67.8,100,2,80,60,5
2025/2/21 5:30,0,1,1,68.2,52,0,1,1,58.56666667,1,1,0,35,28.73333333,70,68.26666667,100,2,80,60,5
2025/2/21 5:45,0,1,1,68.2,52,16.66666667,1.333333333,1,58.43333333,1,1,0,35.33333333,27.86666667,70,68.4,100,2,80,60,1
2025/2/21 6:00,0,1,1,68.2,52,16.66666667,1.333333333,1,58.26666667,1,1,0,35,27.93333333,70,67.96666667,100,2,80,60,5
2025/2/21 6:15,0,1,1,68.2,52,16.66666667,1.333333333,1,58.3,1,1,0,34.66666667,27.43333333,70,67.93333333,100,2,80,60,5
2025/2/21 6:30,0,1,1,68.2,52,0,1,1,58.36666667,1,1,0,35.33333333,28.03333333,70,68.3,100,2,80,60,5
2025/2/21 6:45,0,1,1,68.2,52,16.66666667,1.333333333,1,58.33333333,1,1,0,36,28.46666667,70,68.1,100,2,80,60,1
2025/2/21 7:00,0,1,1,68.2,52,16.66666667,1.333333333,1,58.26666667,1,1,0,35.66666667,27.96666667,70,67.9,100,2,80,60,5
2025/2/21 7:15,0,1,1,68.2,52,16.66666667,1.333333333,1,58.1,1,1,0,36,28.13333333,70,68.1,100,2,80,60,5
2025/2/21 7:30,0,1,1,68.2,52,16.66666667,1.333333333,1,58.26666667,1,1,0,36,28.33333333,70,68.03333333,100,2,80,60,5
2025/2/21 7:45,0,1,1,68.2,52,0,1,1,58.3,1,1,0,36,27.8,70,68.26666667,100,2,80,60,5
2025/2/21 8:00,0,1,1,68.2,52,0,1,1,58.63333333,1,1,0,36.33333333,27.8,70,68.76666667,100,2,80,60,5
2025/2/21 8:15,0,1,1,68.2,52,0,1,1,58.53333333,1,1,0,36.33333333,28.2,70,68.3,100,2,80,60,5
2025/2/21 8:30,0,1,1,68.2,52,16.66666667,1.333333333,1,58.13333333,1,1,0,36.66666667,28.33333333,70,68.06666667,100,2,80,60,5
2025/2/21 8:45,0,1,1,68.2,52,16.66666667,1.333333333,1,58.1,1,1,0,37,27.8,70,67.93333333,100,2,80,60,5
2025/2/21 9:00,0,1,1,68.2,52,0,1,1,58.26666667,1,1,0,37.33333333,27.66666667,70,68.2,100,2,80,60,5
2025/2/21 9:15,0,1,1,68.2,52,16.66666667,1.333333333,1,58.2,1,1,0,37.33333333,28.96666667,70,68.23333333,100,2,80,60,1
2025/2/21 9:30,0,1,1,68.2,52,0,1,1,58.13333333,1,1,0,37.33333333,27.86666667,70,68.16666667,100,2,80,60,5
2025/2/21 9:45,0,1,1,68.2,52,16.66666667,1.333333333,1,58.13333333,1,1,0,37.66666667,26,70,68.13333333,100,2,80,60,5
2025/2/21 10:00,0,1,1,68.2,52,16.66666667,1.333333333,1,58.2,1,1,0,37.33333333,26.66666667,70,67.93333333,100,2,80,60,5
2025/2/21 10:15,0,1,1,68.2,52,16.66666667,1.333333333,1,58.16666667,1,1,0,37.66666667,26.5,70,68.2,100,2,80,60,5
2025/2/21 10:30,0,1,1,68.2,52,16.66666667,1.333333333,1,58.3,1,1,0,38,26.3,70,68.16666667,100,2,80,60,1
2025/2/21 10:45,0,1,1,68.2,52,16.66666667,1.333333333,1,58.4,1,1,0,38.33333333,26.33333333,70,68.3,100,2,80,60,1
2025/2/21 11:00,0,1,1,68.2,52,16.66666667,1.333333333,1,58.06666667,1,1,0,37.33333333,26.86666667,70,67.93333333,100,2,80,60,5
2025/2/21 11:15,0,1,1,68.2,52,0,1,1,57.9,1,1,0,37.66666667,28.13333333,70,68.1,100,2,80,60,5
2025/2/21 11:30,0,1,1,68.2,52,16.66666667,1.333333333,1,57.93333333,1,1,0,38.33333333,27.63333333,70,67.9,100,2,80,60,5
2025/2/21 11:45,0,1,1,68.2,52,0,1,1,57.8,1,1,0,38.66666667,25.8,70,68.03333333,100,2,80,60,5
2025/2/21 12:00,0,1,1,68.2,52.33333333,16.66666667,1.333333333,1,57.9,1,1,0,38.33333333,26.8,70,68.06666667,100,2,80,60,1
2025/2/21 12:15,0,1,1,68.2,52,0,1,1,58.13333333,1,1,0,38.33333333,26.43333333,70,68.33333333,100,2,80,60,5
2025/2/21 12:30,0,1,1,68.2,52,16.66666667,1.333333333,1,58.03333333,1,1,0,38.33333333,26.1,70,67.93333333,100,2,80,60,5
2025/2/21 12:45,0,1,1,68.2,52,0,1,1,58.06666667,1,1,0,38.33333333,26.6,70,68.03333333,100,2,80,60,5
2025/2/21 13:00,0,1,1,68.2,52,0,1,1,58.2,1,1,0,37.66666667,27.9,70,68.23333333,100,2,80,60,5
2025/2/21 13:15,0,1,1,68.2,52,16.66666667,1.333333333,1,58.26666667,1,1,0,37.66666667,29.2,70,68.16666667,100,2,80,60,1
2025/2/21 13:30,0,1,1,68.2,52,16.66666667,1.333333333,1,58.5,1,1,0,37,29.2,70,68.03333333,100,2,80,60,5
2025/2/21 13:45,0,1,1,68.2,52,16.66666667,1,1,58.76666667,1,1,0,36.66666667,31.16666667,70,67.73333333,100,2,80,60,5
2025/2/21 14:00,0,1,1,68.2,52,0,1,1,59.4,1,1,0,36.33333333,33.63333333,70,68.8,100,2,80,60,5
2025/2/21 14:15,0,1,1,68.2,52,16.66666667,1.333333333,1,58.83333333,1,1,0,35.66666667,32.93333333,70,67.86666667,100,2,80,60,5
2025/2/21 14:30,0,1,1,68.2,52,0,1,1,59.3,1,1,0,35.33333333,34.93333333,70,68.73333333,100,2,80,60,5
2025/2/21 14:45,0,1,1,68.2,52,0,1,1,59.16666667,1,1,0,36,36.56666667,70,67.73333333,100,2,80,60,5
2025/2/21 15:00,0,1,1,68.2,52,0,1,1,59.8,1,1,0,35.33333333,38.06666667,70,68.73333333,100,2,80,60,5
2025/2/21 15:15,0,1,1,68.2,52,16.66666667,1.333333333,1,59.23333333,1,1,0,34,38.1,70,67.36666667,100,2,80,60,5
2025/2/21 15:30,0,1,1,68.2,52,16.66666667,1.333333333,1,60.06666667,1,1,0,33.66666667,39.6,70,68.76666667,100,2,80,60,1
2025/2/21 15:45,0,1,1,68.2,52,0,1,1,59.86666667,1,1,0,33,40.46666667,70,68.56666667,100,2,80,60,5
2025/2/21 16:00,0,1,1,68.2,52,0,1,1,59.56666667,1,1,0,32.66666667,40.1,70,68.1,100,2,80,60,5
2025/2/21 16:15,0,1,1,68.2,52,0,1,1,59.56666667,1,1,0,32,40.4,70,67.86666667,100,2,80,60,5
2025/2/21 16:30,0,1,1,68.2,52,0,1,1,59.7,1,1,0,32,40.4,70,67.8,100,2,80,60,5
2025/2/21 16:45,0,1,1,68.2,52,0,1,1,59.56666667,1,1,0,32,40.96666667,70,67.8,100,2,80,60,5
2025/2/21 17:00,0,1,1,68.2,52,0,1,1,59.7,1,1,0,32,41.26666667,70,67.8,100,2,80,60,5
2025/2/21 17:15,0,1,1,68.2,52,0,1,1,60.16666667,1,1,0,32.33333333,42.56666667,70,68.03333333,100,2,80,60,5
2025/2/21 17:30,0,1,1,68.2,52,0,1,1,61.23333333,1,1,0,32.66666667,44.06666667,70,69.83333333,100,2,80,60,5
2025/2/21 17:45,0,1,1,68.2,52,0,1,1,60.76666667,1,1,0,32.33333333,43.7,70,68.56666667,100,2,80,60,5
2025/2/21 18:00,0,1,1,68.2,52,0,1,1,60.36666667,1,1,0,33,44.53333333,70,68.16666667,100,2,80,60,5
2025/2/21 18:15,0,1,1,68.2,52,0,1,1,60.3,1,1,0,33,45.43333333,70,68.1,100,2,80,60,5
2025/2/21 18:30,0,1,1,68.2,52,0,1,1,60.3,1,1,0,33,46.93333333,70,68.1,100,2,80,60,5
2025/2/21 18:45,0,1,1,68.2,52,0,1,1,60.3,1,1,0,33,45.9,70,68.1,100,2,80,60,5
2025/2/21 19:00,0,1,1,68.2,52,0,1,1,60.3,1,1,0,33,45.93333333,70,68.1,100,2,80,60,5
2025/2/21 19:15,0,1,1,68.2,52,0,1,1,60.3,1,1,0,33,47.13333333,70,68.03333333,100,2,80,60,5
2025/2/21 19:30,0,1,1,68.2,52,0,1,1,60.36666667,1,1,0,32.66666667,47.9,70,67.7,100,2,80,60,5
2025/2/21 19:45,0,1,1,68.2,52,16.66666667,1.333333333,1,61.43333333,1,1,0,33.66666667,49.4,70,69.2,100,2,80,60,1
2025/2/21 20:00,0,1,1,68.2,52,0,1,1,61.16666667,1,1,0,33,50.23333333,70,68.46666667,100,2,80,60,5
2025/2/21 20:15,0,1,1,68.2,52,0,1,1,60.8,1,1,0,33,49.9,70,67.86666667,100,2,80,60,5
2025/2/21 20:30,0,1,1,68.2,52,16.66666667,1.333333333,1,61.66666667,1,1,0,34.33333333,50.6,70,69.03333333,100,2,80,60,1
2025/2/21 20:45,0,1,1,68.2,52,16.66666667,1.333333333,1,61.56666667,1,1,0,33.33333333,51.46666667,70,68.03333333,100,2,80,60,5
2025/2/21 21:00,0,1,1,68.2,52,0,1,1,61.73333333,1,1,0,33.66666667,51.33333333,70,68.86666667,100,2,80,60,5
2025/2/21 21:15,0,1,1,68.2,52,0,1,1,61.13333333,1,1,0,34.66666667,51.7,70,67.6,100,2,80,60,5
2025/2/21 21:30,0,1,1,68.2,52,16.66666667,1.333333333,1,61.76666667,1,1,0,34,51.33333333,70,68.73333333,100,2,80,60,1
2025/2/21 21:45,0,1,1,68.2,52,0,1,1,61.23333333,1,1,0,35,50.2,70,67.8,100,2,80,60,5
2025/2/21 22:00,0,1,1,68.2,52,0,1,1,61.6,1,1,0,35.66666667,50.26666667,70,68.26666667,100,2,80,60,5
2025/2/21 22:15,0,1,1,68.2,52,0,1,1,61.3,1,1,0,34.66666667,49.76666667,70,68.03333333,100,2,80,60,5
2025/2/21 22:30,0,1,1,68.2,52,16.66666667,1.333333333,1,61.13333333,1,1,0,34.66666667,47.1,70,67.9,100,2,80,60,5
2025/2/21 22:45,0,1,1,68.2,52,0,1,1,61.23333333,1,1,0,35,46.56666667,70,68.3,100,2,80,60,5
2025/2/21 23:00,0,1,1,68.2,52,16.66666667,1.333333333,1,61.23333333,1,1,0,35.66666667,44.53333333,70,68.2,100,2,80,60,5
2025/2/21 23:15,0,1,1,68.2,52,0,1,1,61.03333333,1,1,0,36,44.36666667,70,68.06666667,100,2,80,60,5
2025/2/21 23:30,0,1,1,68.2,52,16.66666667,1.333333333,1,61.13333333,1,1,0,36,43.23333333,70,68.53333333,100,2,80,60,1
2025/2/21 23:45,0,1,1,68.2,52,16.66666667,1.333333333,1,60.7,1,1,0,36,43.5,70,67.56666667,100,2,80,60,5
2025/2/22 0:00,0,1,1,68.2,52,16.66666667,1.333333333,1,61.1,1,1,0,36.66666667,42.4,70,68.46666667,100,2,80,60,1
2025/2/22 0:15,0,1,1,68.2,52,16.66666667,1.333333333,1,60.6,1,1,0,38,41.86666667,70,67.6,100,2,80,60,5
2025/2/22 0:30,0,1,1,68.2,52,0,1,1,60.9,1,1,0,42.66666667,40.4,70,68.46666667,100,2,80,60,5
2025/2/22 0:45,0,1,1,68.2,52,0,1,1,60.76666667,1,1,0,44.66666667,39.9,70,68.36666667,100,2,80,60,5
2025/2/22 1:00,0,1,1,68.2,52,16.66666667,1.333333333,1,60.4,1,1,0,45.33333333,39.7,70,67.53333333,100,2,80,60,5
2025/2/22 1:15,0,1,1,68.2,52,0,1,1,60.73333333,1,1,0,46,39.4,70,68.5,100,2,80,60,
2025/2/22 1:30,0,1,1,68.2,52,0,1,1,60.66666667,1,1,0,47,38.93333333,70,68.16666667,100,2,80,60,5
2025/2/22 1:45,0,1,1,68.2,52,16.66666667,1.333333333,1,60.3,1,1,0,46.66666667,39.13333333,70,67.63333333,100,2,80,60,5
2025/2/22 2:00,0,1,1,68.2,52,16.66666667,1.333333333,1,60.76666667,1,1,0,46,39.03333333,70,68.53333333,100,2,80,60,1
2025/2/22 2:15,0,1,1,68.2,52,16.66666667,1.333333333,1,60.46666667,1,1,0,45.33333333,39.1,70,67.83333333,100,2,80,60,5
2025/2/22 2:30,0,1,1,68.2,52,0,1,1,60.56666667,1,1,0,45,39.2,70,68.36666667,100,2,80,60,5
2025/2/22 2:45,0,1,1,68.2,52,16.66666667,1.333333333,1,60.43333333,1,1,0,46,38,70,68.36666667,100,2,80,60,1
2025/2/22 3:00,0,1,1,68.2,52,0,1,1,60.33333333,1,1,0,46.66666667,38.26666667,70,67.96666667,100,2,80,60,5
2025/2/22 3:15,0,1,1,68.2,52,0,1,1,60.73333333,1,1,0,47,38.26666667,70,68.36666667,100,2,80,60,5
2025/2/22 3:30,0,1,1,68.2,52,16.66666667,1.333333333,1,60.73333333,1,1,0,48.66666667,37.6,70,68.5,100,2,80,60,1
2025/2/22 3:45,0,1,1,68.2,52,0,1,1,60.36666667,1,1,0,50.33333333,37.03333333,70,67.76666667,100,2,80,60,5
2025/2/22 4:00,0,1,1,68.2,52,0,1,1,60.43333333,1,1,0,51,36.43333333,70,68.36666667,100,2,80,60,5
2025/2/22 4:15,0,1,1,68.2,52,16.66666667,1.333333333,1,60.46666667,1,1,0,51.66666667,35.9,70,68.5,100,2,80,60,1
2025/2/22 4:30,0,1,1,68.2,52,0,1,1,60.73333333,1,1,0,52,36.03333333,70,69.1,100,2,80,60,5
2025/2/22 4:45,0,1,1,68.2,52,0,1,1,60.6,1,1,0,52.66666667,35.43333333,70,69.16666667,100,2,80,60,5
2025/2/22 5:00,0,1,1,62.73333333,52,0,1,1,59.6,1.666666667,2,0,54.33333333,34.33333333,70,68.63333333,33.33333333,1,80,60,5
2025/2/22 5:15,0,1,1,60,52,0,1,1,56.9,2,2,0,52.33333333,31.96666667,70,68.06666667,0,1,80,60,5
2025/2/22 5:30,0,1,1,60,52,0,1,1,54.46666667,2,2,0,51.66666667,31.1,70,67.53333333,0,1,80,60,5
2025/2/22 5:45,0,1,1,60,52,0,1,1,51.9,2,2,0,52,29.96666667,70,67,0,1,80,60,5
2025/2/22 6:00,0,1,1,60,52,0,1,1,47.43333333,2,2,0,52,29.43333333,70,66.66666667,0,1,80,60,5
2025/2/22 6:15,0,1,1,60,52,0,1,1,45.6,2,2,0,51.33333333,29.06666667,70,66.26666667,0,1,80,60,5
2025/2/22 6:30,0,1,1,60,52,0,1,1,52.2,2,2,0,50.33333333,28.86666667,70,66.13333333,0,1,80,60,5
2025/2/22 6:45,0,1,1,60,52,0,1,1,52.26666667,2,2,0,50,28.8,70,65.83333333,0,1,80,60,5
2025/2/22 7:00,0,1,1,60,52,0,1,1,51.46666667,2,2,0,50,28.6,70,65.6,0,1,80,60,5
2025/2/22 7:15,0,1,1,60,52,0,1,1,49.96666667,2,2,0,51,28.46666667,70,65.36666667,0,1,80,60,5
2025/2/22 7:30,0,1,1,60,52,0,1,1,51.3,2,2,0,51,28.4,70,65.23333333,0,1,80,60,5
2025/2/22 7:45,0,1,1,60,52,0,1,1,50.6,2,2,0,51.33333333,28.33333333,70,65.03333333,0,1,80,60,5
2025/2/22 8:00,0,1,1,60,52,0,1,1,49.3,2,2,0,51,28,70,64.93333333,0,1,80,60,5
2025/2/22 8:15,0,1,1,60,52,0,1,1,51.33333333,2,2,0,50.33333333,27.8,70,64.73333333,0,1,80,60,5
2025/2/22 8:30,0,1,1,60,52,0,1,1,51,2,2,0,50,27.8,70,64.6,0,1,80,60,5
2025/2/22 8:45,0,1,1,60,52,0,1,1,52.36666667,2,2,0,49.33333333,27.8,70,64.53333333,0,1,80,60,5
2025/2/22 9:00,0,1,1,60,52,0,1,1,52.3,2,2,0,47.66666667,27.8,70,64.5,0,1,80,60,5
2025/2/22 9:15,0,1,1,60,52,0,1,1,52.06666667,2,2,0,47,27.8,70,64.36666667,0,1,80,60,5
2025/2/22 9:30,0,1,1,60,52,0,1,1,51.66666667,2,2,0,46.33333333,27.8,70,64.3,0,1,80,60,5
2025/2/22 9:45,0,1,1,60,52,0,1,1,51.16666667,2,2,0,47.33333333,27.8,70,64.23333333,0,1,80,60,5
2025/2/22 10:00,0,1,1,60,52,0,1,1,51.46666667,2,2,0,48.66666667,27.6,70,64.2,0,1,80,60,5
2025/2/22 10:15,0,1,1,60,52,0,1,1,52.93333333,2,2,0,46.33333333,27.4,70,64.13333333,0,1,80,60,5
2025/2/22 10:30,0,1,1,60,52,0,1,1,53.26666667,2,2,0,46,27.26666667,70,64,0,1,80,60,5
2025/2/22 10:45,0,1,1,60,52,0,1,1,53.53333333,2,2,0,46.33333333,27.26666667,70,63.93333333,0,1,80,60,5
2025/2/22 11:00,0,1,1,60,52.33333333,0,1,1,53.63333333,2,2,0,45,27.2,70,63.8,0,1,80,60,5
2025/2/22 11:15,0,1,1,60,52.33333333,0,1,1,53.5,2,2,0,45,27.13333333,70,63.8,0,1,80,60,5
2025/2/22 11:30,0,1,1,60,52,0,1,1,53.63333333,2,2,0,44.33333333,27.53333333,70,63.73333333,0,1,80,60,5
2025/2/22 11:45,0,1,1,60,52.33333333,0,1,1,53.83333333,2,2,0,45.33333333,27.4,70,63.7,0,1,80,60,5
2025/2/22 12:00,0,1,1,60,52,0,1,1,53.43333333,2,2,0,45.66666667,27.46666667,70,63.56666667,0,1,80,60,5
2025/2/22 12:15,0,1,1,60,52.33333333,0,1,1,53.06666667,2,2,0,47,27.53333333,70,63.5,0,1,80,60,5
2025/2/22 12:30,0,1,1,60,52,0,1,1,53.8,2,2,0,45,28.13333333,70,63.5,0,1,80,60,5
2025/2/22 12:45,0,1,1,60,52,0,1,1,54.43333333,2,2,0,43.66666667,28.4,70,63.5,0,1,80,60,5
2025/2/22 13:00,0,1,1,62.73333333,52,33.33333333,1.333333333,1.333333333,55.3,1.666666667,1.666666667,0,40,29.1,70,63.6,33.33333333,1.333333333,80,60,5
2025/2/22 13:15,0,1,1,68.2,52,33.33333333,1.666666667,1.333333333,60.16666667,1,1,0,37.33333333,36,70,68.96666667,100,2,80,60,1
2025/2/22 13:30,0,1,1,68.2,52,16.66666667,1.333333333,1,59.76666667,1,1,0,43.33333333,39.76666667,70,68.6,100,2,80,60,1
2025/2/22 13:45,0,1,1,68.2,52,16.66666667,1.333333333,1,59.93333333,1,1,0,44.33333333,40.73333333,70,68.7,100,2,80,60,1
2025/2/22 14:00,0,1,1,68.2,52,16.66666667,1.333333333,1,60.1,1,1,0,45,41.8,70,68.86666667,100,2,80,60,1
2025/2/22 14:15,0,1,1,68.2,52,16.66666667,1.333333333,1,60.2,1,1,0,44.33333333,41.83333333,70,69.1,100,2,80,60,1
2025/2/22 14:30,0,1,1,68.2,52,0,1,1,60.4,1,1,0,44.33333333,43.83333333,70,69.03333333,100,2,80,60,5
2025/2/22 14:45,0,1,1,68.2,52,16.66666667,1,1,60.56666667,1,1,0,44,43.83333333,70,69,100,2,80,60,5
2025/2/22 15:00,0,1,1,68.2,52,16.66666667,1.333333333,1,60.8,1,1,0,44,45.3,70,69,100,2,80,60,5
2025/2/22 15:15,0,1,1,68.2,52,16.66666667,1.333333333,1,60.9,1,1,0,42.66666667,45.8,70,69.2,100,2,80,60,5
2025/2/22 15:30,0,1,1,68.2,52,0,1,1,61.3,1,1,0,42.33333333,47.03333333,70,69.16666667,100,2,80,60,5
2025/2/22 15:45,0,1,1,68.2,52,0,1,1,61.3,1,1,0,41,49.1,70,69.2,100,2,80,60,5
2025/2/22 16:00,0,1,1,68.2,52,16.66666667,1.333333333,1,61.5,1,1,0,39.33333333,50.93333333,70,69.13333333,100,2,80,60,1
2025/2/22 16:15,0,1,1,68.2,52,16.66666667,1.333333333,1,61.2,1,1,0,37.66666667,48.73333333,70,68.8,100,2,80,60,5
2025/2/22 16:30,0,1,1,68.2,52,0,1,1,61.6,1,1,0,37.66666667,45.46666667,70,69.33333333,100,2,80,60,5
2025/2/22 16:45,0,1,1,68.2,52,0,1.333333333,1,60.9,1,1,0,36,47.4,70,68,100,2,80,60,5
2025/2/22 17:00,0,1,1,68.2,52,16.66666667,1.333333333,1,61.93333333,1,1,0,35.66666667,47.06666667,70,69.23333333,100,2,80,60,1
2025/2/22 17:15,0,1,1,68.2,52,0,1,1,61.33333333,1,1,0,35,49.36666667,70,68.43333333,100,2,80,60,5
2025/2/22 17:30,0,1,1,68.2,52,0,1,1,60.96666667,1,1,0,34.66666667,49.2,70,67.83333333,100,2,80,60,5
2025/2/22 17:45,0,1,1,68.2,52,16.66666667,1.333333333,1,61.96666667,1,1,0,33.33333333,47.93333333,70,69.46666667,100,2,80,60,1
2025/2/22 18:00,0,1,1,68.2,52,0,1,1,61.5,1,1,0,33,50.1,70,68.5,100,2,80,60,5
2025/2/22 18:15,0,1,1,68.2,52,0,1,1,61.06666667,1,1,0,32.66666667,50.9,70,67.93333333,100,2,80,60,5
2025/2/22 18:30,0,1,1,68.2,52,0,1.333333333,1,61.83333333,1,1,0,32.66666667,50.1,70,68.9,100,2,80,60,5
2025/2/22 18:45,0,1,1,68.2,52,0,1,1,62.1,1,1,0,32.66666667,53.83333333,70,69.26666667,100,2,80,60,5
2025/2/22 19:00,0,1,1,68.2,52,0,1,1,61.36666667,1,1,0,32.66666667,53.4,70,68.2,100,2,80,60,5
2025/2/22 19:15,0,1,1,68.2,52,0,1,1,61.3,1,1,0,32.33333333,53.6,70,67.83333333,100,2,80,60,5
2025/2/22 19:30,0,1,1,68.2,52,16.66666667,1.333333333,1,62.03333333,1,1,0,33.66666667,53.46666667,70,69.36666667,100,2,80,60,1
2025/2/22 19:45,0,1,1,68.2,52,0,1,1,61.43333333,1,1,0,34,52.2,70,68.36666667,100,2,80,60,5
2025/2/22 20:00,0,1,1,68.2,52,0,1,1,61.83333333,1,1,0,35,50.46666667,70,69.03333333,100,2,80,60,5
2025/2/22 20:15,0,1,1,68.2,52,0,1,1,61.4,1,1,0,35,49.36666667,70,68,100,2,80,60,5
2025/2/22 20:30,0,1,1,68.2,52,16.66666667,1.333333333,1,61.43333333,1,1,0,35.33333333,50.83333333,70,67.93333333,100,2,80,60,5
2025/2/22 20:45,0,1,1,68.2,52,0,1,1,62.2,1,1,0,35,54.2,70,68.8,100,2,80,60,5
2025/2/22 21:00,0,1,1,68.2,52,16.66666667,1.333333333,1,61.23333333,1,1,0,34,53.63333333,70,67.16666667,100,2,80,60,5
2025/2/22 21:15,0,1,1,68.2,52,0,1,1,62.16666667,1,1,0,34.66666667,53.9,70,68.63333333,100,2,80,60,5
2025/2/22 21:30,0,1,1,62.73333333,52,0,1,1,62.5,1.666666667,2,0,37,53.36666667,70,67.8,33.33333333,1.333333333,80,60,5
2025/2/22 21:45,0,1,1,60,52,0,1,1,61.56666667,2,2,0,37,47.3,70,67.8,0,1,80,60,5
2025/2/22 22:00,0,1,1,60,52,0,1,1,59.43333333,2,2,0,37.33333333,46.26666667,70,67.56666667,0,1,80,60,5
2025/2/22 22:15,0,1,1,60,52,0,1,1,57.63333333,2,2,0,36.66666667,45.1,70,67.33333333,0,1,80,60,5
2025/2/22 22:30,0,1,1,60,52,0,1,1,55.43333333,2,2,0,38,44,70,67.13333333,0,1,80,60,5
2025/2/22 22:45,0,1,1,60,52,0,1,1,52.06666667,2,2,0,38.33333333,43.33333333,70,66.93333333,0,1,80,60,5
2025/2/22 23:00,0,1,1,60,52,0,1,1,49.4,2,2,0,38.66666667,43,70,66.73333333,0,1,80,60,5
2025/2/22 23:15,0,1,1,60,52,0,1,1,51.86666667,2,2,0,38.66666667,42.63333333,70,66.56666667,0,1,80,60,5
2025/2/22 23:30,0,1,1,60,52,0,1,1,52.66666667,2,2,0,38.66666667,42.2,70,66.43333333,0,1,80,60,5
2025/2/22 23:45,0,1,1,60,52,0,1,1,53,2,2,0,38,41.9,70,66.33333333,0,1,80,60,5
2025/2/23 0:00,0,1,1,60,52,0,1,1,53.06666667,2,2,0,39.33333333,41.56666667,70,66.2,0,1,80,60,5
2025/2/23 0:15,0,1,1,60,52,0,1,1,53,2,2,0,39.66666667,41.33333333,70,66.13333333,0,1,80,60,5
2025/2/23 0:30,0,1,1,60,52,0,1,1,52.83333333,2,2,0,38.33333333,41.1,70,66.03333333,0,1,80,60,5
2025/2/23 0:45,0,1,1,60,52,0,1,1,52.93333333,2,2,0,39.33333333,40.7,70,65.9,0,1,80,60,5
2025/2/23 1:00,0,1,1,60,52,0,1,1,52.76666667,2,2,0,39,40.5,70,65.9,0,1,80,60,5
2025/2/23 1:15,0,1,1,60,52,0,1,1,52.7,2,2,0,39.33333333,40.36666667,70,65.7,0,1,80,60,5
2025/2/23 1:30,0,1,1,60,52,0,1,1,53.1,2,2,0,39.66666667,40.3,70,65.66666667,0,1,80,60,5
2025/2/23 1:45,0,1,1,60,52,0,1,1,52.63333333,2,2,0,39.33333333,40.1,70,65.6,0,1,80,60,5
2025/2/23 2:00,0,1,1,60,52,0,1,1,52.93333333,2,2,0,40.66666667,39.86666667,70,65.6,0,1,80,60,5
2025/2/23 2:15,0,1,1,60,52,0,1,1,52.63333333,2,2,0,40,39.5,70,65.6,0,1,80,60,5
2025/2/23 2:30,0,1,1,60,52,0,1,1,52.8,2,2,0,40,38.5,70,65.46666667,0,1,80,60,5
2025/2/23 2:45,0,1,1,60,52,0,1,1,53.5,2,2,0,41.33333333,37.86666667,70,65.4,0,1,80,60,5
2025/2/23 3:00,0,1,1,60,52,0,1,1,53.43333333,2,2,0,42,37.06666667,70,65.33333333,0,1,80,60,5
2025/2/23 3:15,0,1,1,60,52,0,1,1,53.3,2,2,0,42,36.5,70,65.3,0,1,80,60,5
2025/2/23 3:30,0,1,1,60,52,0,1,1,54.03333333,2,2,0,42,36.3,70,65.16666667,0,1,80,60,5
2025/2/23 3:45,0,1,1,60,52,0,1,1,55.23333333,2,2,0,42,36.1,70,65.1,0,1,80,60,5
2025/2/23 4:00,0,1,1,60,52,0,1,1,55.66666667,2,2,0,41.33333333,35.9,70,65.06666667,0,1,80,60,5
2025/2/23 4:15,0,1,1,60,52,0,1,1,55.7,2,2,0,41.33333333,35.56666667,70,65,0,1,80,60,5
2025/2/23 4:30,0,1,1,60,52,0,1,1,55.7,2,2,0,42.66666667,35.16666667,70,65,0,1,80,60,5
2025/2/23 4:45,0,1,1,60,52,0,1,1,55.7,2,2,0,42.33333333,34.9,70,64.8,0,1,80,60,5
2025/2/23 5:00,0,1,1,60,52,0,1,1,55.7,2,2,0,42,34.7,70,64.8,0,1,80,60,5
2025/2/23 5:15,0,1,1,60,52,0,1,1,55.7,2,2,0,42,34.36666667,70,64.66666667,0,1,80,60,5
2025/2/23 5:30,0,1,1,60,52,0,1,1,55.7,2,2,0,42.33333333,34.23333333,70,64.6,0,1,80,60,5
2025/2/23 5:45,0,1,1,60,52,0,1,1,55.7,2,2,0,42.33333333,34.2,70,64.6,0,1,80,60,5
2025/2/23 6:00,0,1,1,60,52,0,1,1,55.66666667,2,2,0,43,33.93333333,70,64.53333333,0,1,80,60,5
2025/2/23 6:15,0,1,1,60,52,0,1,1,55.6,2,2,0,42.33333333,33.66666667,70,64.5,0,1,80,60,5
2025/2/23 6:30,0,1,1,60,52,0,1,1,55.6,2,2,0,42.33333333,33.6,70,64.5,0,1,80,60,5
2025/2/23 6:45,0,1,1,60,52,0,1,1,55.6,2,2,0,43.33333333,33.53333333,70,64.5,0,1,80,60,5
2025/2/23 7:00,0,1,1,60,52,0,1,1,55.4,2,2,0,43.66666667,33.26666667,70,64.43333333,0,1,80,60,5
2025/2/23 7:15,0,1,1,60,52,0,1,1,55.4,2,2,0,43,33.06666667,70,64.3,0,1,80,60,5
2025/2/23 7:30,0,1,1,60,52,0,1,1,55.4,2,2,0,42.66666667,32.86666667,70,64.3,0,1,80,60,5
2025/2/23 7:45,0,1,1,60,52,0,1,1,55.33333333,2,2,0,42.33333333,32.66666667,70,64.26666667,0,1,80,60,5
2025/2/23 8:00,0,1,1,60,52,0,1,1,54.06666667,2,2,0,43,32.26666667,70,64.2,0,1,80,60,5
2025/2/23 8:15,0,1,1,60,52,0,1,1,52.9,2,2,0,44,32.2,70,64.2,0,1,80,60,5
2025/2/23 8:30,0,1,1,60,52,0,1,1,52.96666667,2,2,0,43.33333333,32.06666667,70,64.06666667,0,1,80,60,5
2025/2/23 8:45,0,1,1,60,52,0,1,1,52.96666667,2,2,0,43.33333333,32,70,64,0,1,80,60,5
2025/2/23 9:00,0,1,1,60,52,0,1,1,52.83333333,2,2,0,44,31.93333333,70,64,0,1,80,60,5
2025/2/23 9:15,0,1,1,60,52,0,1,1,52.53333333,2,2,0,44,31.8,70,63.86666667,0,1,80,60,5
2025/2/23 9:30,0,1,1,60,52,0,1,1,52.2,2,2,0,43,31.73333333,70,63.8,0,1,80,60,5
2025/2/23 9:45,0,1,1,60,52,0,1,1,52,2,2,0,44.33333333,31.63333333,70,63.8,0,1,80,60,5
2025/2/23 10:00,0,1,1,60,52,0,1,1,52,2,2,0,44.33333333,31.43333333,70,63.8,0,1,80,60,5
2025/2/23 10:15,0,1,1,60,52,0,1,1,51.9,2,2,0,44.33333333,31.3,70,63.76666667,0,1,80,60,5
2025/2/23 10:30,0,1,1,60,52,0,1,1,51.7,2,2,0,45.66666667,31.03333333,70,63.7,0,1,80,60,5
2025/2/23 10:45,0,1,1,60,52,0,1,1,51.63333333,2,2,0,45,30.9,70,63.7,0,1,80,60,5
2025/2/23 11:00,0,1,1,60,52,0,1,1,51.56666667,2,2,0,44.33333333,30.9,70,63.63333333,0,1,80,60,5
2025/2/23 11:15,0,1,1,60,52,0,1,1,51.56666667,2,2,0,46,30.9,70,63.5,0,1,80,60,5
2025/2/23 11:30,0,1,1,60,52,0,1,1,51.5,2,2,0,45,30.7,70,63.5,0,1,80,60,5
2025/2/23 11:45,0,1,1,60,52,0,1,1,51.36666667,2,2,0,45.33333333,30.7,70,63.46666667,0,1,80,60,5
2025/2/23 12:00,0,1,1,60,52,0,1,1,50.86666667,2,2,0,45.66666667,30.56666667,70,63.4,0,1,80,60,5
2025/2/23 12:15,0,1,1,60,52,0,1,1,50.56666667,2,2,0,48,30.36666667,70,63.4,0,1,80,60,5
2025/2/23 12:30,0,1,1,60,52,0,1,1,50.66666667,2,2,0,47.33333333,30.36666667,70,63.4,0,1,80,60,5
2025/2/23 12:45,0,1,1,60,52,0,1,1,51.16666667,2,2,0,47,31.03333333,70,63.2,0,1,80,60,5
2025/2/23 13:00,0,1,1,60,52,0,1,1,52.46666667,2,2,0,43.66666667,32.23333333,70,63.2,0,1,80,60,5
2025/2/23 13:15,0,1,1,60,52,0,1,1,53.4,2,2,0,40.66666667,33.66666667,70,63.2,0,1,80,60,5
2025/2/23 13:30,0,1,1,60,52,0,1,1,53.56666667,2,2,0,40.33333333,35.1,70,63.4,0,1,80,60,5
2025/2/23 13:45,0,1,1,60,52,0,1,1,53.7,2,2,0,39,36.6,70,63.43333333,0,1,80,60,5
2025/2/23 14:00,0,1,1,60,52,0,1,1,54.4,2,2,0,39.33333333,38.6,70,63.63333333,0,1,80,60,5
2025/2/23 14:15,0,1,1,60,52,0,1,1,56.23333333,2,2,0,34.66666667,40.7,70,63.83333333,0,1,80,60,5
2025/2/23 14:30,0,1,1,60,52,0,1,1,57.36666667,2,2,0,31.33333333,42.5,70,64.13333333,0,1,80,60,5
2025/2/23 14:45,0,1,1,60,52,0,1,1,57.8,2,2,0,33,43.13333333,70,64.36666667,0,1,80,60,5
2025/2/23 15:00,0,1,1,60,52,0,1,1,57.8,2,2,0,33.33333333,44.1,70,64.63333333,0,1,80,60,5
2025/2/23 15:15,0,1,1,60,52,0,1,1,58,2,2,0,34,45.13333333,70,64.96666667,0,1,80,60,5
2025/2/23 15:30,0,1,1,60,52,0,1,1,58.9,2,2,0,30.66666667,45.53333333,70,65.36666667,0,1,80,60,5
2025/2/23 15:45,0,1,1,60,52,0,1,1,60.86666667,2,2,0,29,46.33333333,70,65.63333333,0,1,80,60,5
2025/2/23 16:00,0,1,1,60,52,0,1,1,62.33333333,2,2,0,28.33333333,47.46666667,70,66.03333333,0,1,80,60,5
2025/2/23 16:15,0,1,1,60,52,0,1,1,64.2,2,2,0,26.33333333,48.46666667,70,66.33333333,0,1,80,60,5
2025/2/23 16:30,0,1,1,60,52,0,1,1,65.43333333,2,2,0,25.33333333,49.66666667,70,66.53333333,0,1,80,60,5
2025/2/23 16:45,0,1,1,60,52,0,1,1,65.9,2,2,0,26,50.83333333,70,66.83333333,0,1,80,60,5
2025/2/23 17:00,0,1,1,60,52,0,1,1,66.33333333,2,2,0,26,51.26666667,70,67.13333333,0,1,80,60,5
2025/2/23 17:15,0,1,1,60,52,0,1,1,67.2,2,2,0,25.66666667,51.56666667,70,67.26666667,0,1,80,60,5
2025/2/23 17:30,0,1,1,60,52,0,1,1,67.4,2,2,0,25.33333333,51.96666667,70,67.43333333,0,1,80,60,5
2025/2/23 17:45,0,1,1,60,52,0,1,1,67.76666667,2,2,0,25.33333333,52.76666667,70,67.56666667,0,1,80,60,5
2025/2/23 18:00,0,1,1,60,52,0,1,1,68.5,2,2,0,25,53.76666667,70,67.66666667,0,1,80,60,5
2025/2/23 18:15,0,1,1,60,52,0,1,1,68.96666667,2,2,0,24.33333333,53.8,70,67.8,0,1,80,60,5
2025/2/23 18:30,0,1,1,60,52,0,1,1,68.36666667,2,2,0,26.33333333,55.26666667,70,67.83333333,0,1,80,60,5
2025/2/23 18:45,0,1,1,60,52,0,1,1,67.93333333,2,2,0,26.66666667,55.6,70,67.9,0,1,80,60,
2025/2/23 19:00,0,1,1,60,52,0,1,1,68.2,2,2,0,27.66666667,57.93333333,70,67.9,0,1,80,60,5
2025/2/23 19:15,0,1,1,60,52,0,1,1,68.2,2,2,0,27,57.43333333,70,68.1,0,1,80,60,5
2025/2/23 19:30,0,1,1,60,52,0,1,1,69.1,2,2,0,27.33333333,58.76666667,70,68.1,0,1,80,60,5
2025/2/23 19:45,0,1,1,60,52,0,1,1,69.26666667,2,2,0,28,58.9,70,68.1,0,1,80,60,5
2025/2/23 20:00,0,1,1,60,52,0,1,1,69.66666667,2,2,0,28.66666667,59.86666667,70,68.1,0,1,80,60,5
2025/2/23 20:15,0,1,1,60,52,0,1,1,69.66666667,2,2,0,28.33333333,60.33333333,70,68.1,0,1,80,60,5
2025/2/23 20:30,0,1,1,60,52,0,1,1,69.4,2,2,0,30,59.83333333,70,67.86666667,0,1,80,60,5
2025/2/23 20:45,0,1,1,60,52,0,1,1,69.5,2,2,0,30,60.2,70,67.73333333,0,1,80,60,5
2025/2/23 21:00,0,1,1,60,52,0,1,1,69.66666667,2,2,0,29.66666667,61.43333333,70,67.53333333,0,1,80,60,5
2025/2/23 21:15,0,1,1,60,52,0,1,1,69.03333333,2,2,0,29.66666667,60.73333333,70,67.36666667,0,1,80,60,5
2025/2/23 21:30,0,1,1,60,52,0,1,1,67.6,2,2,0,30.66666667,59.6,70,67.23333333,0,1,80,60,5
2025/2/23 21:45,0,1,1,60,52,0,1,1,65.93333333,2,2,0,31.66666667,58.6,70,67.06666667,0,1,80,60,5
2025/2/23 22:00,0,1,1,60,52,0,1,1,64.16666667,2,2,0,32.33333333,57.16666667,70,66.86666667,0,1,80,60,5
2025/2/23 22:15,0,1,1,60,52,0,1,1,62.63333333,2,2,0,33.66666667,56.43333333,70,66.73333333,0,1,80,60,5
2025/2/23 22:30,0,1,1,60,52,0,1,1,61.5,2,2,0,34.66666667,54.4,70,66.63333333,0,1,80,60,5
2025/2/23 22:45,0,1,1,60,52,0,1,1,60.43333333,2,2,0,35,52.46666667,70,66.46666667,0,1,80,60,5
2025/2/23 23:00,0,1,1,65.46666667,52,0,1,1,61.46666667,1.333333333,1.333333333,0,34,52.16666667,70,68.33333333,66.66666667,1.666666667,80,60,5
2025/2/23 23:15,0,1,1,68.2,52,16.66666667,1.333333333,1,62.5,1,1,0,34,54.3,70,69.03333333,100,2,80,60,5
2025/2/23 23:30,0,1,1,68.2,52,16.66666667,1.333333333,1,62.53333333,1,1,0,35,54.3,70,69.13333333,100,2,80,60,5
2025/2/23 23:45,0,1,1,68.2,52,16.66666667,1.333333333,1,62.53333333,1,1,0,35,54.26666667,70,68.8,100,2,80,60,5
2025/2/24 0:00,0,1,1,68.2,52,0,1,1,62.56666667,1,1,0,36,53.43333333,70,69.03333333,100,2,80,60,5
2025/2/24 0:15,0,1,1,68.2,52,16.66666667,1.333333333,1,62.46666667,1,1,0,37,53,70,68.86666667,100,2,80,60,1
2025/2/24 0:30,0,1,1,68.2,52,0,1,1,62.66666667,1,1,0,37.66666667,52.23333333,70,69.26666667,100,2,80,60,5
2025/2/24 0:45,0,1,1,68.2,52,16.66666667,1.333333333,1,62.63333333,1,1,0,37.33333333,52.16666667,70,69.06666667,100,2,80,60,5
2025/2/24 1:00,0,1,1,68.2,52,16.66666667,1.333333333,1,62.56666667,1,1,0,38,52.16666667,70,68.93333333,100,2,80,60,5
2025/2/24 1:15,0,1,1,68.2,52,16.66666667,1.333333333,1,62.83333333,1,1,0,37.66666667,51.96666667,70,69.23333333,100,2,80,60,1
2025/2/24 1:30,0,1,1,68.2,52,0,1,1,62.7,1,1,0,38,51.73333333,70,69.23333333,100,2,80,60,5
2025/2/24 1:45,0,1,1,68.2,52,0,1,1,62.16666667,1,1,0,42.66666667,49.53333333,70,68.76666667,100,2,80,60,5
2025/2/24 2:00,0,1,1,68.2,52,16.66666667,1.333333333,1,62.26666667,1,1,0,44,48.83333333,70,69.06666667,100,2,80,60,5
2025/2/24 2:15,0,1,1,68.2,52,16.66666667,1.333333333,1,62.2,1,1,0,44,48.36666667,70,69.03333333,100,2,80,60,1
2025/2/24 2:30,0,1,1,68.2,52,0,1,1,62.1,1,1,0,45,48.03333333,70,68.9,100,2,80,60,5
2025/2/24 2:45,0,1,1,68.2,52,0,1,1,62.2,1,1,0,46.33333333,47.6,70,68.9,100,2,80,60,5
2025/2/24 3:00,0,1,1,68.2,52,0,1,1,62.2,1,1,0,47,47.46666667,70,69.2,100,2,80,60,5
2025/2/24 3:15,0,1,1,68.2,52,16.66666667,1.333333333,1,62.13333333,1,1,0,47,47.16666667,70,69.06666667,100,2,80,60,1
2025/2/24 3:30,0,1,1,68.2,52,0,1,1,62.26666667,1,1,0,47.66666667,46.83333333,70,69.2,100,2,80,60,5
2025/2/24 3:45,0,1,1,68.2,52,0,1,1,62,1,1,0,48,46.7,70,68.83333333,100,2,80,60,5
2025/2/24 4:00,0,1,1,68.2,52,16.66666667,1.333333333,1,61.93333333,1,1,0,49,46.03333333,70,69.06666667,100,2,80,60,5
2025/2/24 4:15,0,1,1,68.2,52,16.66666667,1.333333333,1,62.13333333,1,1,0,49.66666667,45.7,70,69.03333333,100,2,80,60,1
2025/2/24 4:30,0,1,1,68.2,52,0,1,1,62.13333333,1,1,0,49.33333333,45.76666667,70,69.2,100,2,80,60,5
2025/2/24 4:45,0,1,1,68.2,52,0,1,1,61.76666667,1,1,0,50.66666667,45.13333333,70,68.86666667,100,2,80,60,5
2025/2/24 5:00,0,1,1,68.2,52,0,1,1,61.86666667,1,1,0,49,45.7,70,69.03333333,100,2,80,60,5
2025/2/24 5:15,0,1,1,68.2,52,16.66666667,1.333333333,1,61.86666667,1,1,0,48,45.63333333,70,69.06666667,100,2,80,60,1
2025/2/24 5:30,0,1,1,68.2,52,0,1,1,61.9,1,1,0,47.66666667,45.7,70,69.06666667,100,2,80,60,5
2025/2/24 5:45,0,1,1,68.2,52,0,1,1,61.96666667,1,1,0,48,45.8,70,69.03333333,100,2,80,60,5
2025/2/24 6:00,0,1,1,68.2,52,0,1,1,62,1,1,0,47.33333333,45.7,70,69.1,100,2,80,60,5
2025/2/24 6:15,0,1,1,68.2,52,16.66666667,1.333333333,1,61.93333333,1,1,0,48,45.03333333,70,69,100,2,80,60,1
2025/2/24 6:30,0,1,1,68.2,52,0,1,1,61.86666667,1,1,0,49,44.76666667,70,69.03333333,100,2,80,60,5
2025/2/24 6:45,0,1,1,68.2,52,0,1,1,61.76666667,1,1,0,48.66666667,44.93333333,70,68.9,100,2,80,60,5
2025/2/24 7:00,0,1,1,68.2,52,16.66666667,1.333333333,1,61.93333333,1,1,0,49,45.03333333,70,69.1,100,2,80,60,5
2025/2/24 7:15,0,1,1,68.2,52,0,1,1,62.03333333,1,1,0,49.66666667,44.66666667,70,69.03333333,100,2,80,60,5
2025/2/24 7:30,0,1,1,68.2,52,0,1,1,61.9,1,1,0,48,44.45,70,68.8,100,2,80,60,5
2025/2/24 7:45,0,1,1,68.2,52,0,1,1,61.73333333,1,1,0,48,44.93333333,70,68.56666667,100,2,80,60,5
2025/2/24 8:00,0,1,1,68.2,52,0,1,1,62.06666667,1,1,0,47.66666667,44.83333333,70,69.33333333,100,2,80,60,5
2025/2/24 8:15,0,1,1,68.2,52,16.66666667,1.333333333,1,62,1,1,0,47.66666667,44.6,70,69.3,100,2,80,60,1
2025/2/24 8:30,0,1,1,68.2,52,16.66666667,1.333333333,1,61.86666667,1,1,0,49,44.33333333,70,68.93333333,100,2,80,60,5
2025/2/24 8:45,0,1,1,68.2,52,0,1,1,61.86666667,1,1,0,49.33333333,44.26666667,70,68.96666667,100,2,80,60,5
2025/2/24 9:00,0,1,1,68.2,52,0,1,1,62.03333333,1,1,0,49,44.33333333,70,69.4,100,2,80,60,5
2025/2/24 9:15,0,1,1,68.2,52,16.66666667,1.333333333,1,61.76666667,1,1,0,51,43.6,70,69.1,100,2,80,60,1
2025/2/24 9:30,0,1,1,68.2,52,0,1,1,61.83333333,1,1,0,50,43.6,70,69.16666667,100,2,80,60,5
2025/2/24 9:45,0,1,1,68.2,52,0,1,1,61.8,1,1,0,50.33333333,43.83333333,70,69,100,2,80,60,5
2025/2/24 10:00,0,1,1,68.2,52,16.66666667,1.333333333,1,61.93333333,1,1,0,50,44.33333333,70,69.13333333,100,2,80,60,5
2025/2/24 10:15,0,1,1,68.2,52,0,1,1,62.03333333,1,1,0,49,44,70,69.16666667,100,2,80,60,5
2025/2/24 10:30,0,1,1,68.2,52,0,1,1,61.93333333,1,1,0,50.66666667,43.66666667,70,69.36666667,100,2,80,60,5
2025/2/24 10:45,0,1,1,68.2,52,0,1,1,61.83333333,1,1,0,49,44.06666667,70,68.9,100,2,80,60,5
2025/2/24 11:00,0,1,1,68.2,52,16.66666667,1.333333333,1,61.93333333,1,1,0,48.33333333,43.96666667,70,69.1,100,2,80,60,5
2025/2/24 11:15,0,1,1,68.2,52,0,1,1,62.03333333,1,1,0,48,44,70,69,100,2,80,60,5
2025/2/24 11:30,0,1,1,68.2,52,0,1,1,62.06666667,1,1,0,47.33333333,44.16666667,70,69.4,100,2,80,60,5
2025/2/24 11:45,0,1,1,68.2,52,0,1.333333333,1,62,1,1,0,48,43.96666667,70,69.03333333,100,2,80,60,5
2025/2/24 12:00,0,1,1,68.2,52,16.66666667,1.333333333,1,61.93333333,1,1,0,47,44.46666667,70,68.93333333,100,2,80,60,5
2025/2/24 12:15,0,1,1,68.2,52,0,1,1,62,1,1,0,47.66666667,44.26666667,70,69.16666667,100,2,80,60,5
2025/2/24 12:30,0,1,1,68.2,52,0,1,1,62,1,1,0,47.33333333,44.16666667,70,69.36666667,100,2,80,60,5
2025/2/24 12:45,0,1,1,68.2,52,16.66666667,1.333333333,1,62.1,1,1,0,47.66666667,45.03333333,70,68.93333333,100,2,80,60,5
2025/2/24 13:00,0,1,1,68.2,52,0,1,1,62.4,1,1,0,47.33333333,45.7,70,69.13333333,100,2,80,60,5
2025/2/24 13:15,0,1,1,68.2,52,16.66666667,1.333333333,1,62.4,1,1,0,49,45.96666667,70,69.33333333,100,2,80,60,1
2025/2/24 13:30,0,1,1,68.2,52,16.66666667,1.333333333,1,62.06666667,1,1,0,49,47.56666667,70,68.2,100,2,80,60,5
2025/2/24 13:45,0,1,1,68.2,52,0,1,1,62.93333333,1,1,0,49,48.5,70,69.73333333,100,2,80,60,5
2025/2/24 14:00,0,1,1,68.2,52,0,1,1,62.46666667,1,1,0,48,49.86666667,70,68.33333333,100,2,80,60,5
2025/2/24 14:15,0,1,1,68.2,52,0,1,1,62.4,1,1,0,46,51.23333333,70,67.9,100,2,80,60,5
2025/2/24 14:30,0,1,1,68.2,52,16.66666667,1.333333333,1,62.46666667,1,1,0,45,51.2,70,67.9,100,2,80,60,5
2025/2/24 14:45,0,1,1,68.2,52,0,1,1,64.03333333,1,1,0,42.66666667,54.9,70,69.93333333,100,2,80,60,5
2025/2/24 15:00,0,1,1,68.2,52,0,1,1,64.06666667,1,1,0,37.33333333,57.9,70,69,100,2,80,60,5
2025/2/24 15:15,0,1,1,68.2,52,0,1,1,63.8,1,1,0,35.66666667,57.8,70,68.76666667,100,2,80,60,5
2025/2/24 15:30,0,1,1,68.2,52,0,1,1,64.06666667,1,1,0,33,58.3,70,68.7,100,2,80,60,5
2025/2/24 15:45,0,1,1,68.2,52,0,1,1,64.2,1,1,0,32,58.03333333,70,68.9,100,2,80,60,5
2025/2/24 16:00,0,1,1,68.2,52,0,1,1,64.2,1,1,0,32,58.4,70,69.13333333,100,2,80,60,5
2025/2/24 16:15,0,1,1,68.2,52,0,1,1,64.23333333,1,1,0,32,58.93333333,70,69.2,100,2,80,60,5
2025/2/24 16:30,0,1,1,68.2,52,0,1,1,64.3,1,1,0,32,59.23333333,70,69.2,100,2,80,60,5
2025/2/24 16:45,0,1,1,68.2,52,0,1,1,64.56666667,1,1,0,31.33333333,60.1,70,69.2,100,2,80,60,5
2025/2/24 17:00,0,1,1,68.2,52,0,1,1,64.73333333,1,1,0,31,60.83333333,70,69.46666667,100,2,80,60,5
2025/2/24 17:15,0,1,1,68.2,52,0,1,1,65.06666667,1,1,0,30.33333333,62.36666667,70,69.5,100,2,80,60,5
2025/2/24 17:30,0,1,1,68.2,52,0,1,1,65.23333333,1,1,0,29.33333333,63.63333333,70,69.5,100,2,80,60,5
2025/2/24 17:45,0,1,1,68.2,52,0,1,1,65.36666667,1,1,0,28,64.53333333,70,69.5,100,2,80,60,5
2025/2/24 18:00,0,1,1,68.2,52,0,1,1,65.4,1,1,0,28,64.53333333,70,69.56666667,100,2,80,60,5
2025/2/24 18:15,0,1,1,68.2,52,0,1,1,65.66666667,1,1,0,28,65.7,70,69.7,100,2,80,60,5
2025/2/24 18:30,0,1,1,68.2,52,0,1,1,65.53333333,1,1,0,28,66.2,70,69.93333333,100,2,80,60,5
2025/2/24 18:45,0,1,1,68.2,52,0,1,1,65.73333333,1,1,0,28,66.9,70,70,100,2,80,60,5
2025/2/24 19:00,0,1,1,68.2,52,0,1,1,65.8,1,1,0,28,66.63333333,70,69.93333333,100,2,80,60,5
2025/2/24 19:15,0,1,1,68.2,52,0,1,1,65.8,1,1,0,28,66.8,70,69.76666667,100,2,80,60,5
2025/2/24 19:30,0,1,1,68.2,52,0,1,1,65.8,1,1,0,28,66.3,70,69.56666667,100,2,80,60,5
2025/2/24 19:45,0,1,1,68.2,52,0,1,1,65.93333333,1,1,0,28,67.73333333,70,69.33333333,100,2,80,60,5
2025/2/24 20:00,0,1,1,68.2,52,0,1,1,65.6,1,1,0,28.33333333,66.43333333,70,69.2,100,2,80,60,5
2025/2/24 20:15,0,1,1,68.2,52,0,1,1,65.6,1,1,0,29.33333333,65.1,70,69.2,100,2,80,60,5
2025/2/24 20:30,0,1,1,68.2,52,0,1,1,65.6,1,1,0,30,64.3,70,69.2,100,2,80,60,5
2025/2/24 20:45,0,1,1,68.2,52,0,1,1,65.6,1,1,0,30,64.26666667,70,69.06666667,100,2,80,60,5
2025/2/24 21:00,0,1,1,68.2,52,0,1,1,65.6,1,1,0,30.33333333,64.16666667,70,68.9,100,2,80,60,5
2025/2/24 21:15,0,1,1,68.2,52,0,1,1,65.6,1,1,0,31,64.23333333,70,68.7,100,2,80,60,5
2025/2/24 21:30,0,1,1,68.2,52,0,1,1,65.6,1,1,0,31,64.7,70,68.7,100,2,80,60,5
2025/2/24 21:45,0,1,1,68.2,52,0,1,1,65.5,1,1,0,31,64.26666667,70,68.63333333,100,2,80,60,5
2025/2/24 22:00,0,1,1,68.2,52,0,1,1,65.3,1,1,0,32,63.63333333,70,68.6,100,2,80,60,5
2025/2/24 22:15,0,1,1,68.2,52,0,1,1,65.3,1,1,0,32,62.7,70,68.46666667,100,2,80,60,5
2025/2/24 22:30,0,1,1,68.2,52,0,1,1,65.3,1,1,0,33,62.2,70,68.4,100,2,80,60,5
2025/2/24 22:45,0,1,1,68.2,52,0,1,1,65.3,1,1,0,33,62.3,70,68.4,100,2,80,60,5
2025/2/24 23:00,0,1,1,68.2,52,0,1,1,65.2,1,1,0,33.33333333,61.9,70,68.3,100,2,80,60,5
2025/2/24 23:15,0,1,1,68.2,52,0,1,1,64.93333333,1,1,0,34,60.53333333,70,68.1,100,2,80,60,5
2025/2/24 23:30,0,1,1,68.2,52,0,1,1,64.66666667,1,1,0,34.33333333,59.56666667,70,67.96666667,100,2,80,60,5
2025/2/24 23:45,0,1,1,68.2,52,0,1,1,64.6,1,1,0,35.33333333,58.8,70,67.86666667,100,2,80,60,5
2025/2/25 0:00,0,1,1,68.2,52,0,1,1,64.6,1,1,0,36,58.46666667,70,67.8,100,2,80,60,5
2025/2/25 0:15,0,1,1,68.2,52,0,1,1,64.6,1,1,0,36,58.53333333,70,67.66666667,100,2,80,60,5
2025/2/25 0:30,0,1,1,68.2,52,0,1,1,64.6,1,1,0,36,58.66666667,70,67.6,100,2,80,60,5
2025/2/25 0:45,0,1,1,68.2,52,0,1,1,64.6,1,1,0,36,58.7,70,67.6,100,2,80,60,5
2025/2/25 1:00,0,1,1,68.2,52,0,1,1,65.3,1,1,0,36,59.16666667,70,68.76666667,100,2,80,60,5
2025/2/25 1:15,0,1,1,68.2,52,0,1,1,65.66666667,1,1,0,36,60.16666667,70,69.53333333,100,2,80,60,5
2025/2/25 1:30,0,1,1,68.2,52,0,1,1,65.03333333,1,1,0,36,59.03333333,70,68.46666667,100,2,80,60,5
2025/2/25 1:45,0,1,1,68.2,52,0,1,1,64.6,1,1,0,36.66666667,58.13333333,70,68.1,100,2,80,60,5
2025/2/25 2:00,0,1,1,68.2,52,0,1,1,64.5,1,1,0,37.66666667,57.53333333,70,67.9,100,2,80,60,5
2025/2/25 2:15,0,1,1,68.2,52,0,1,1,64.36666667,1,1,0,38,57.2,70,67.66666667,100,2,80,60,5
2025/2/25 2:30,0,1,1,68.2,52,16.66666667,1.333333333,1,64.73333333,1,1,0,38.66666667,57,70,68.73333333,100,2,80,60,5
2025/2/25 2:45,0,1,1,68.2,52,0,1,1,65,1,1,0,39,57.63333333,70,69.1,100,2,80,60,5
2025/2/25 3:00,0,1,1,68.2,52,0,1,1,64.53333333,1,1,0,39,56.8,70,68.1,100,2,80,60,5
2025/2/25 3:15,0,1,1,68.2,52,0,1,1,64.36666667,1,1,0,39.66666667,56.2,70,67.83333333,100,2,80,60,5
2025/2/25 3:30,0,1,1,68.2,52,0,1,1,65.06666667,1,1,0,39.66666667,56.6,70,69.1,100,2,80,60,5
2025/2/25 3:45,0,1,1,68.2,52,0,1,1,64.96666667,1,1,0,39,57.33333333,70,69.16666667,100,2,80,60,5
2025/2/25 4:00,0,1,1,68.2,52,0,1,1,64.56666667,1,1,0,39,56.33333333,70,68.46666667,100,2,80,60,5
2025/2/25 4:15,0,1,1,68.2,52,0,1,1,64.5,1,1,0,38.33333333,56.4,70,68.26666667,100,2,80,60,5
2025/2/25 4:30,0,1,1,68.2,52,0,1,1,64.5,1,1,0,37.33333333,57.03333333,70,67.96666667,100,2,80,60,5
2025/2/25 4:45,0,1,1,68.2,52,0,1,1,64.5,1,1,0,36.33333333,57.4,70,67.8,100,2,80,60,5
2025/2/25 5:00,0,1,1,68.2,52,0,1,1,64.3,1,1,0,36,57.26666667,70,67.66666667,100,2,80,60,5
2025/2/25 5:15,0,1,1,68.2,52,16.66666667,1.333333333,1,65.23333333,1,1,0,36,58,70,69.33333333,100,2,80,60,1
2025/2/25 5:30,0,1,1,68.2,52,0,1,1,65.13333333,1,1,0,36,58.93333333,70,68.9,100,2,80,60,5
2025/2/25 5:45,0,1,1,68.2,52,0,1,1,65,1,1,0,36,58.3,70,68.4,100,2,80,60,5
2025/2/25 6:00,0,1,1,68.2,52,0,1,1,64.86666667,1,1,0,35,58.56666667,70,68.26666667,100,2,80,60,5
2025/2/25 6:15,0,1,1,68.2,52,0,1,1,64.8,1,1,0,35,58.96666667,70,67.96666667,100,2,80,60,5
2025/2/25 6:30,0,1,1,68.2,52,0,1,1,64.6,1,1,0,35,58.7,70,67.86666667,100,2,80,60,5
2025/2/25 6:45,0,1,1,68.2,52,0,1,1,64.6,1,1,0,35,58.9,70,67.8,100,2,80,60,5
2025/2/25 7:00,0,1,1,68.2,52,0,1,1,65.33333333,1,1,0,35,59.33333333,70,68.86666667,100,2,80,60,5
2025/2/25 7:15,0,1,1,68.2,52,0,1,1,65.46666667,1,1,0,35,60.53333333,70,69.2,100,2,80,60,5
2025/2/25 7:30,0,1,1,68.2,52,0,1,1,64.86666667,1,1,0,35,59.7,70,68.26666667,100,2,80,60,5
2025/2/25 7:45,0,1,1,68.2,52,0,1,1,64.66666667,1,1,0,35.33333333,59.4,70,67.9,100,2,80,60,5
2025/2/25 8:00,0,1,1,68.2,52,0,1,1,64.6,1,1,0,36,59.33333333,70,67.86666667,100,2,80,60,5
2025/2/25 8:15,0,1,1,68.2,52,0,1,1,65.3,1,1,0,36,59.2,70,69.3,100,2,80,60,5
2025/2/25 8:30,0,1,1,68.2,52,0,1,1,65.2,1,1,0,36,59.4,70,69.03333333,100,2,80,60,5
2025/2/25 8:45,0,1,1,68.2,52,0,1,1,64.66666667,1,1,0,36.66666667,58.63333333,70,68.43333333,100,2,80,60,5
2025/2/25 9:00,0,1,1,68.2,52,0,1,1,64.53333333,1,1,0,37,58.6,70,68.1,100,2,80,60,5
2025/2/25 9:15,0,1,1,68.2,52,0,1,1,64.36666667,1,1,0,38.66666667,58.9,70,67.73333333,100,2,80,60,5
2025/2/25 9:30,0,1,1,68.2,52,16.66666667,1.333333333,1,64.6,1,1,0,41.33333333,58.7,70,68.43333333,100,2,80,60,5
2025/2/25 9:45,0,1,1,68.2,52,0,1,1,65.1,1,1,0,42.33333333,60.1,70,69.43333333,100,2,80,60,5
2025/2/25 10:00,0,1,1,68.2,52,0,1,1,64.53333333,1,1,0,42.66666667,58.73333333,70,68.13333333,100,2,80,60,5
2025/2/25 10:15,0,1,1,68.2,52,16.66666667,1.333333333,1,64.2,1,1,0,44.66666667,57.2,70,67.76666667,100,2,80,60,5
2025/2/25 10:30,0,1,1,68.2,52,0,1,1,65.1,1,1,0,46,56.53333333,70,69.3,100,2,80,60,5
2025/2/25 10:45,0,1,1,68.2,52,0,1,1,64.73333333,1,1,0,43.66666667,58.46666667,70,68.46666667,100,2,80,60,5
2025/2/25 11:00,0,1,1,68.2,52,0,1,1,64.33333333,1,1,0,43,56.96666667,70,67.93333333,100,2,80,60,5
2025/2/25 11:15,0,1,1,68.2,52,0,1,1,64.33333333,1,1,0,43,55.86666667,70,68.2,100,2,80,60,5
2025/2/25 11:30,0,1,1,68.2,52,0,1,1,64.63333333,1,1,0,43,56.4,70,69.46666667,100,2,80,60,5
2025/2/25 11:45,0,1,1,68.2,52,0,1,1,63.73333333,1,1,0,44.66666667,55.06666667,70,68.2,100,2,80,60,5
2025/2/25 12:00,0,1,1,68.2,52,0,1,1,63.33333333,1,1,0,45.66666667,53.53333333,70,67.83333333,100,2,80,60,5
2025/2/25 12:15,0,1,1,68.2,52,16.66666667,1.333333333,1,64.33333333,1,1,0,47,53.73333333,70,69.3,100,2,80,60,1
2025/2/25 12:30,0,1,1,68.2,52,0,1,1,64.03333333,1,1,0,46.33333333,54.7,70,68.7,100,2,80,60,5
2025/2/25 12:45,0,1,1,68.2,52,0,1,1,63.86666667,1,1,0,47,54.3,70,68.16666667,100,2,80,60,5
2025/2/25 13:00,0,1,1,68.2,52,0,1,1,64.13333333,1,1,0,46.33333333,55.16666667,70,68.03333333,100,2,80,60,5
2025/2/25 13:15,0,1,1,68.2,52,0,1,1,64.2,1,1,0,45.66666667,56.16666667,70,67.9,100,2,80,60,5
2025/2/25 13:30,0,1,1,68.2,52,0,1,1,64.2,1,1,0,44.33333333,56.8,70,67.9,100,2,80,60,5
2025/2/25 13:45,0,1,1,68.2,52,0,1,1,65.2,1,1,0,44,58.26666667,70,68.96666667,100,2,80,60,5
2025/2/25 14:00,0,1,1,68.2,52,0,1,1,66.03333333,1,1,0,43.33333333,61.13333333,70,69.86666667,100,2,80,60,
2025/2/25 14:15,0,1,1,68.2,52,0,1,1,65.9,1,1,0,41.33333333,62.06666667,70,69.4,100,2,80,60,5
2025/2/25 14:30,0,1,1,68.2,52,0,1,1,66.03333333,1,1,0,41,62.23333333,70,69.46666667,100,2,80,60,5
2025/2/25 14:45,0,1,1,68.2,52,0,1,1,66.16666667,1,1,0,40.66666667,63.2,70,69.56666667,100,2,80,60,5
2025/2/25 15:00,0,1,1,68.2,52,0,1,1,66.4,1,1,0,40,63.06666667,70,69.76666667,100,2,80,60,5
2025/2/25 15:15,0,1,1,68.2,52,0,1,1,66.73333333,1,1,0,39.66666667,63.56666667,70,70.06666667,100,2,80,60,5
2025/2/25 15:30,0,1,1,68.2,52,0,1,1,66.93333333,1,1,0,39,64.66666667,70,70.4,100,2,80,60,5
2025/2/25 15:45,0,1,1,68.2,52,0,1,1,67,1,1,0,38.66666667,64,70,70.93333333,100,2,80,60,5
2025/2/25 16:00,0,1,1,68.2,52,0,1,1,67.26666667,1,1,0,39,63.9,70,71.1,100,2,80,60,5
2025/2/25 16:15,0,1,1,68.2,52,0,1,1,67.46666667,1,1,0,38.33333333,65.13333333,70,71.1,100,2,80,60,5
2025/2/25 16:30,0,1,1,68.2,52,0,1,1,67.73333333,1,1,0,37.33333333,67.26666667,70,71.2,100,2,80,60,5
2025/2/25 16:45,0,1,1,69.4,52,0,1,1,67.86666667,1,1,0,37,68.26666667,70,71.63333333,100,2,80,60,5
2025/2/25 17:00,11,1,1.333333333,71.8,52,0,1,1,66.76666667,1,1,0,36.66666667,67.8,70,71.7,100,2,80,60,5
2025/2/25 17:15,0,1,1,71.8,52,0,1,1,68.2,1,1,0,35.66666667,67.93333333,70,71.13333333,100,2,80,60,5
2025/2/25 17:30,0,1,1,71.8,52,0,1,1,68.56666667,1,1,0,34.33333333,70.43333333,70,71.53333333,100,2,80,60,5
2025/2/25 17:45,0,1,1,71.8,52,0,1,1,68.83333333,1,1,0,34,70.86666667,70,71.83333333,100,2,80,60,5
2025/2/25 18:00,0,1,1,71.8,52,0,1,1,68.9,1,1,0,34,72.33333333,70,72.06666667,100,2,80,60,5
2025/2/25 18:15,11,1,1.333333333,71.8,52,0,1,1,66.3,1,1,0,34,71.3,70,72.23333333,100,2,80,60,5
2025/2/25 18:30,11,1,1.333333333,71.8,52,0,1,1,65.53333333,1,1,0,34,69.56666667,70,71.9,100,2,80,60,5
2025/2/25 18:45,0,1,1,71.8,52,0,1,1,65.96666667,1,1,0,34,69.53333333,70,71.7,100,2,80,60,5
2025/2/25 19:00,0,1,1,71.8,52,0,1,1,68.73333333,1,1,0,34,71.16666667,70,71.6,100,2,80,60,5
2025/2/25 19:15,0,1,1,71.8,52,0,1,1,69.23333333,1,1,0,34,72.16666667,70,71.96666667,100,2,80,60,5
2025/2/25 19:30,0,1,1,71.8,52,0,1,1,67.53333333,1,1,0,34,72.3,70,71.53333333,100,2,80,60,5
2025/2/25 19:45,0,1,1,71.8,52,0,1,1,69.1,1,1,0,34,71.86666667,70,71.46666667,100,2,80,60,5
2025/2/25 20:00,0,1,1,71.8,52,0,1,1,69.3,1,1,0,34,73.8,70,71.6,100,2,80,60,5
2025/2/25 20:15,0,1,1,71.8,52,0,1,1,69.3,1,1,0,32.66666667,73.5,70,71.83333333,100,2,80,60,5
2025/2/25 20:30,0,1,1,71.8,52,0,1,1,69.3,1,1,0,32,73.53333333,70,71.9,100,2,80,60,5
2025/2/25 20:45,0,1,1,71.8,52,0,1,1,69.3,1,1,0,32,72.13333333,70,71.76666667,100,2,80,60,5
2025/2/25 21:00,0,1,1,71.8,52,0,1,1,69.3,1,1,0,32.66666667,71.83333333,70,71.7,100,2,80,60,5
2025/2/25 21:15,0,1,1,71.8,52,0,1,1,69.3,1,1,0,31.33333333,71.7,70,71.6,100,2,80,60,5
2025/2/25 21:30,0,1,1,71.8,52,0,1,1,69.3,1,1,0,31.66666667,71.2,70,71.4,100,2,80,60,5
2025/2/25 21:45,0,1,1,71.8,52,0,1,1,69.33333333,1,1,0,32.33333333,70.93333333,70,71.4,100,2,80,60,5
2025/2/25 22:00,0,1,1,71.8,52,0,1,1,69.46666667,1,1,0,33,70.03333333,70,71.4,100,2,80,60,5
2025/2/25 22:15,0,1,1,71.8,52,0,1,1,69.6,1,1,0,34.66666667,69.16666667,70,71.26666667,100,2,80,60,5
2025/2/25 22:30,0,1,1,71.8,52,0,1,1,69.3,1,1,0,35,68,70,71.1,100,2,80,60,5
2025/2/25 22:45,0,1,1,71.8,52,0,1,1,68.66666667,1,1,0,35,66.86666667,70,70.96666667,100,2,80,60,5
2025/2/25 23:00,0,1,1,71.8,52,0,1,1,68.1,1,1,0,34,65.8,70,70.86666667,100,2,80,60,5
2025/2/25 23:15,0,1,1,71.8,52,0,1,1,68.1,1,1,0,34.66666667,64.63333333,70,70.73333333,100,2,80,60,5
2025/2/25 23:30,0,1,1,71.8,52,0,1,1,68.06666667,1,1,0,36.33333333,64.03333333,70,70.56666667,100,2,80,60,5
2025/2/25 23:45,0,1,1,71.8,52,0,1,1,67.8,1,1,0,37,63.53333333,70,70.43333333,100,2,80,60,5
2025/2/26 0:00,0,1,1,71.8,52,0,1,1,67.7,1,1,0,37.66666667,62.7,70,70.3,100,2,80,60,5
2025/2/26 0:15,0,1,1,71.8,52,0,1,1,67.7,1,1,0,39,62.33333333,70,70.3,100,2,80,60,5
2025/2/26 0:30,0,1,1,71.8,52,0,1,1,67.7,1,1,0,39.66666667,62.23333333,70,70.3,100,2,80,60,5
2025/2/26 0:45,0,1,1,71.8,52,0,1,1,67.63333333,1,1,0,40.66666667,62.03333333,70,70.3,100,2,80,60,5
2025/2/26 1:00,0,1,1,71.8,52,0,1,1,67.36666667,1,1,0,41,61.6,70,70.3,100,2,80,60,5
2025/2/26 1:15,0,1,1,71.8,52,0,1,1,67.13333333,1,1,0,42,60.73333333,70,70.16666667,100,2,80,60,5
2025/2/26 1:30,0,1,1,71.8,52,0,1,1,67,1,1,0,43.33333333,60.36666667,70,70.1,100,2,80,60,5
2025/2/26 1:45,0,1,1,71.8,52,0,1,1,66.86666667,1,1,0,44,59.33333333,70,70.03333333,100,2,80,60,5
2025/2/26 2:00,0,1,1,71.8,52,0,1,1,66.66666667,1,1,0,44.66666667,58.7,70,70,100,2,80,60,5
2025/2/26 2:15,0,1,1,71.8,52,0,1,1,66.63333333,1,1,0,45,58.53333333,70,70,100,2,80,60,5
2025/2/26 2:30,0,1,1,71.8,52,0,1,1,66.66666667,1,1,0,45,58.16666667,70,70,100,2,80,60,5
2025/2/26 2:45,0,1,1,71.8,52,0,1,1,66.33333333,1,1,0,45.33333333,57.36666667,70,70,100,2,80,60,5
2025/2/26 3:00,0,1,1,71.8,52,0,1,1,66.2,1,1,0,46.66666667,56.93333333,70,69.8,100,2,80,60,5
2025/2/26 3:15,0,1,1,71.8,52,0,1,1,66.1,1,1,0,46.66666667,56.9,70,69.76666667,100,2,80,60,5
2025/2/26 3:30,0,1,1,71.8,52,0,1,1,65.9,1,1,0,47.66666667,55.76666667,70,69.7,100,2,80,60,5
2025/2/26 3:45,0,1,1,71.8,52,0,1,1,66.03333333,1,1,0,48,55.6,70,69.7,100,2,80,60,5
2025/2/26 4:00,0,1,1,71.8,52,0,1,1,66.1,1,1,0,48.66666667,55.5,70,69.7,100,2,80,60,5
2025/2/26 4:15,0,1,1,71.8,52,0,1,1,66,1,1,0,48.33333333,55.26666667,70,69.7,100,2,80,60,5
2025/2/26 4:30,0,1,1,71.8,52,0,1,1,65.8,1,1,0,48.66666667,55.16666667,70,69.7,100,2,80,60,5
2025/2/26 4:45,0,1,1,71.8,52,0,1,1,65.73333333,1,1,0,49.33333333,54.56666667,70,69.7,100,2,80,60,5
2025/2/26 5:00,0,1,1,71.8,52,0,1,1,65.6,1,1,0,50,54.03333333,70,69.63333333,100,2,80,60,5
2025/2/26 5:15,0,1,1,71.8,52,0,1,1,65.6,1,1,0,50,53.6,70,69.46666667,100,2,80,60,5
2025/2/26 5:30,0,1,1,71.8,52,0,1,1,65.6,1,1,0,51,53.66666667,70,69.4,100,2,80,60,5
2025/2/26 5:45,0,1,1,71.8,52,0,1,1,65.6,1,1,0,50.66666667,53.53333333,70,69.4,100,2,80,60,5
2025/2/26 6:00,0,1,1,71.8,52,0,1,1,65.6,1,1,0,51,53.9,70,69.4,100,2,80,60,5
2025/2/26 6:15,0,1,1,71.8,52,0,1,1,65.53333333,1,1,0,50.66666667,53.9,70,69.4,100,2,80,60,5
2025/2/26 6:30,0,1,1,71.8,52,0,1,1,65.23333333,1,1,0,51.33333333,52.36666667,70,69.4,100,2,80,60,5
2025/2/26 6:45,0,1,1,71.8,52,0,1,1,65.03333333,1,1,0,54,51.73333333,70,69.2,100,2,80,60,5
2025/2/26 7:00,0,1,1,71.8,52,0,1,1,64.93333333,1,1,0,55,51.06666667,70,69.13333333,100,2,80,60,5
2025/2/26 7:15,0,1,1,71.8,52,0,1,1,64.66666667,1,1,0,55.33333333,50.66666667,70,68.93333333,100,2,80,60,5
2025/2/26 7:30,0,1,1,71.8,52,0,1,1,64.6,1,1,0,56,50.63333333,70,68.9,100,2,80,60,5
2025/2/26 7:45,0,1,1,71.8,52,0,1,1,64.6,1,1,0,56,50.33333333,70,68.76666667,100,2,80,60,5
2025/2/26 8:00,0,1,1,71.8,52,0,1,1,64.56666667,1,1,0,56,50.33333333,70,68.7,100,2,80,60,5
2025/2/26 8:15,0,1,1,71.8,52,0,1,1,64.5,1,1,0,56.66666667,49.9,70,68.7,100,2,80,60,5
2025/2/26 8:30,0,1,1,71.8,52,0,1,1,64.36666667,1,1,0,58,49.7,70,68.7,100,2,80,60,5
2025/2/26 8:45,0,1,1,71.8,52,0,1,1,64.3,1,1,0,58.66666667,49.23333333,70,68.7,100,2,80,60,5
2025/2/26 9:00,0,1,1,71.8,52,0,1,1,64.3,1,1,0,59.33333333,49,70,68.7,100,2,80,60,5
2025/2/26 9:15,0,1,1,71.8,52,0,1,1,64.26666667,1,1,0,59.66666667,48.76666667,70,68.66666667,100,2,80,60,5
2025/2/26 9:30,0,1,1,71.8,52,0,1,1,64,1,1,0,61,48.06666667,70,68.6,100,2,80,60,5
2025/2/26 9:45,0,1,1,71.8,52,0,1,1,64,1,1,0,60,48,70,68.4,100,2,80,60,5
2025/2/26 10:00,0,1,1,71.8,52,0,1,1,64,1,1,0,60,48.06666667,70,68.33333333,100,2,80,60,5
2025/2/26 10:15,0,1,1,71.8,52,0,1,1,63.93333333,1,1,0,60.66666667,48.2,70,68.3,100,2,80,60,5
2025/2/26 10:30,0,1,1,69.4,52,0,1,1,63.73333333,1,1,0,62.33333333,47.73333333,70,68.16666667,100,2,80,60,5
2025/2/26 10:45,0,1,1,68.2,52,0,1,1,63.7,1,1,0,62.66666667,47.63333333,70,68.1,100,2,80,60,5
2025/2/26 11:00,0,1,1,68.2,52,0,1,1,63.7,1,1,0,61,47.83333333,70,68.1,100,2,80,60,5
2025/2/26 11:15,0,1,1,68.2,52,16.66666667,1.333333333,1,64.06666667,1,1,0,61.66666667,47.43333333,70,69,100,2,80,60,5
2025/2/26 11:30,0,1,1,68.2,52,0,1,1,64.56666667,1,1,0,62.66666667,47.93333333,70,69.76666667,100,2,80,60,5
2025/2/26 11:45,0,1,1,68.2,52,0,1,1,63.86666667,1,1,0,63,47.66666667,70,68.56666667,100,2,80,60,5
2025/2/26 12:00,0,1,1,68.2,52,0,1,1,63.73333333,1,1,0,63,47.36666667,70,68.33333333,100,2,80,60,5
2025/2/26 12:15,0,1,1,68.2,52,0,1,1,63.63333333,1,1,0,62.33333333,47.26666667,70,68.16666667,100,2,80,60,5
2025/2/26 12:30,0,1,1,68.2,52,0,1,1,63.46666667,1,1,0,61.33333333,47.2,70,67.96666667,100,2,80,60,5
2025/2/26 12:45,0,1,1,68.2,52,0,1,1,63.43333333,1,1,0,61.66666667,47.13333333,70,67.9,100,2,80,60,5
2025/2/26 13:00,0,1,1,68.2,52,0,1,1,63.56666667,1,1,0,63.33333333,46.9,70,67.9,100,2,80,60,5
2025/2/26 13:15,0,1,1,68.2,52,0,1,1,63.7,1,1,0,64.33333333,47.43333333,70,67.9,100,2,80,60,5
2025/2/26 13:30,0,1,1,68.2,52,0,1,1,63.76666667,1,1,0,63.66666667,48.06666667,70,67.9,100,2,80,60,5
2025/2/26 13:45,0,1,1,68.2,52,0,1,1,64.06666667,1,1,0,64.33333333,49.83333333,70,68.03333333,100,2,80,60,5
2025/2/26 14:00,0,1,1,68.2,52,0,1,1,64.6,1,1,0,63.33333333,53.03333333,70,68.26666667,100,2,80,60,5
2025/2/26 14:15,0,1,1,68.2,52,0,1,1,65.23333333,1,1,0,57.33333333,57.3,70,68.63333333,100,2,80,60,5
2025/2/26 14:30,0,1,1,68.2,52,0,1,1,65.6,1,1,0,54.66666667,58.13333333,70,68.96666667,100,2,80,60,5
2025/2/26 14:45,0,1,1,68.2,52,0,1,1,65.83333333,1,1,0,55,58.83333333,70,69.06666667,100,2,80,60,5
2025/2/26 15:00,0,1,1,68.2,52,0,1,1,66.6,1,1,0,50.66666667,62.26666667,70,69.46666667,100,2,80,60,5
2025/2/26 15:15,0,1,1,68.2,52,0,1,1,66.9,1,1,0,48,62.96666667,70,69.93333333,100,2,80,60,5
2025/2/26 15:30,0,1,1,68.2,52,0,1,1,66.93333333,1,1,0,48,62.76666667,70,70.3,100,2,80,60,5
2025/2/26 15:45,0,1,1,68.2,52,0,1,1,67.33333333,1,1,0,46.66666667,63.9,70,70.86666667,100,2,80,60,5
2025/2/26 16:00,0,1,1,68.2,52,0,1,1,67.46666667,1,1,0,46.66666667,64.03333333,70,71.16666667,100,2,80,60,5
2025/2/26 16:15,0,1,1,68.2,52,0,1,1,67.9,1,1,0,46.66666667,65.63333333,70,71.2,100,2,80,60,5
2025/2/26 16:30,0,1,1,68.2,52,0,1,1,68.5,1,1,0,43.33333333,67.76666667,70,71.26666667,100,2,80,60,5
2025/2/26 16:45,0,1,1,68.2,52,0,1,1,68.73333333,1,1,0,40.33333333,69.33333333,70,71.63333333,100,2,80,60,5
2025/2/26 17:00,11,1,1.333333333,71.8,52,0,1,1,66.06666667,1,1,1.666666667,39.66666667,69.46666667,70,72.03333333,100,2,80,60,5
2025/2/26 17:15,0,1,1,71.8,52,0,1,1,66.96666667,1,1,0,39.66666667,69.06666667,70,71.1,100,2,80,60,5
2025/2/26 17:30,0,1,1,71.8,52,0,1,1,69.2,1,1,0,39.33333333,72.3,70,71.63333333,100,2,80,60,5
2025/2/26 17:45,0,1,1,71.8,52,0,1,1,69.56666667,1,1,0,40,73.86666667,70,71.96666667,100,2,80,60,5
2025/2/26 18:00,0,1,1,71.8,52,0,1,1,69.76666667,1,1,0,39,74.6,70,72.13333333,100,2,80,60,5
2025/2/26 18:15,11,1,1.333333333,71.8,52,0,1,1,67.2,1,1,0,39,73.43333333,70,71.7,100,2,80,60,5
2025/2/26 18:30,11,1,1.333333333,71.8,52,0,1,1,66.4,1,1,0,39,73.83333333,70,71.83333333,100,2,80,60,5
2025/2/26 18:45,11,1,1.333333333,71.8,52,0,1,1,66.93333333,1,1,0,39,75.06666667,70,71.8,100,2,80,60,5
2025/2/26 19:00,0,1,1,71.8,52,0,1,1,66.8,1,1,0,38.33333333,75.73333333,70,71.6,100,2,80,60,5
2025/2/26 19:15,0,1,1,71.8,52,0,1,1,69.83333333,1,1,0,38,75.53333333,70,71.83333333,100,2,80,60,5
2025/2/26 19:30,0,1,1,71.8,52,0,1,1,69.9,1,1,0,39,75,70,71.9,100,2,80,60,5
2025/2/26 19:45,0,1,1,71.8,52,0,1,1,69.96666667,1,1,0,39,74.93333333,70,71.9,100,2,80,60,5
2025/2/26 20:00,0,1,1,71.8,52,0,1,1,67.26666667,1,1,0,38.66666667,75.7,70,71.53333333,100,2,80,60,5
2025/2/26 20:15,0,1,1,71.8,52,0,1,1,70.23333333,1,1,0,37,78.13333333,70,71.63333333,100,2,80,60,5
2025/2/26 20:30,0,1,1,71.8,52,0,1,1,70.4,1,1,0,36,77.63333333,70,72,100,2,80,60,5
2025/2/26 20:45,11,1,1.333333333,71.8,52,0,1,1,67.36666667,1,1,0,35.66666667,75,70,71.7,100,2,80,60,5
2025/2/26 21:00,0,1,1,71.8,52,0,1,1,69.66666667,1,1,0,35.33333333,73.46666667,70,71.43333333,100,2,80,60,5
2025/2/26 21:15,0,1,1,71.8,52,0,1,1,70.03333333,1,1,0,36,73.56666667,70,71.6,100,2,80,60,5
2025/2/26 21:30,0,1,1,71.8,52,0,1,1,70.1,1,1,0,36.33333333,73.3,70,71.6,100,2,80,60,5
2025/2/26 21:45,0,1,1,71.8,52,0,1,1,70.1,1,1,0,37.33333333,72.8,70,71.6,100,2,80,60,5
2025/2/26 22:00,0,1,1,71.8,52,0,1,1,70.1,1,1,0,38,72.9,70,71.6,100,2,80,60,5
2025/2/26 22:15,0,1,1,71.8,52,0,1,1,70.1,1,1,0,38,73.06666667,70,71.6,100,2,80,60,5
2025/2/26 22:30,0,1,1,71.8,52,0,1,1,70.1,1,1,0,38.33333333,72.73333333,70,71.6,100,2,80,60,5
2025/2/26 22:45,0,1,1,71.8,52,0,1,1,70.1,1,1,0,39.33333333,72.16666667,70,71.6,100,2,80,60,5
2025/2/26 23:00,0,1,1,71.8,52,0,1,1,70.1,1,1,0,40,71.83333333,70,71.6,100,2,80,60,5
2025/2/26 23:15,0,1,1,71.8,52,0,1,1,70.1,1,1,0,40.66666667,71.3,70,71.6,100,2,80,60,5
2025/2/26 23:30,0,1,1,71.8,52,0,1,1,69.96666667,1,1,0,41.33333333,70.83333333,70,71.53333333,100,2,80,60,5
2025/2/26 23:45,0,1,1,71.8,52,0,1,1,69.7,1,1,0,42.33333333,70.33333333,70,71.4,100,2,80,60,5
2025/2/27 0:00,0,1,1,71.8,52,0,1,1,69.7,1,1,0,43,69.73333333,70,71.4,100,2,80,60,5
2025/2/27 0:15,0,1,1,71.8,52,0,1,1,69.7,1,1,0,43,69.43333333,70,71.4,100,2,80,60,5
2025/2/27 0:30,0,1,1,71.8,52,0,1,1,69.7,1,1,0,43,69.43333333,70,71.4,100,2,80,60,5
2025/2/27 0:45,0,1,1,71.8,52,0,1,1,69.76666667,1,1,0,42.66666667,69.66666667,70,71.4,100,2,80,60,5
2025/2/27 1:00,0,1,1,71.8,52,0,1,1,69.9,1,1,0,42,70,70,71.4,100,2,80,60,5
2025/2/27 1:15,0,1,1,71.8,52,0,1,1,69.9,1,1,0,41.66666667,70,70,71.33333333,100,2,80,60,5
2025/2/27 1:30,0,1,1,71.8,52,0,1,1,69.9,1,1,2,39.33333333,69.93333333,70,71.2,100,2,80,60,5
2025/2/27 1:45,0,1,1,71.8,52,0,1,1,69.9,1,1,0,37.66666667,69.63333333,70,71.2,100,2,80,60,5
2025/2/27 2:00,0,1,1,71.8,52,0,1,1,69.7,1,1,0,38.33333333,69.23333333,70,71.2,100,2,80,60,5
2025/2/27 2:15,0,1,1,71.8,52,0,1,1,69.63333333,1,1,0,39.66666667,68.06666667,70,71.2,100,2,80,60,5
2025/2/27 2:30,0,1,1,71.8,52,0,1,1,69.53333333,1,1,0,41.66666667,66.8,70,71.2,100,2,80,60,5
2025/2/27 2:45,0,1,1,71.8,52,0,1,1,69.4,1,1,0,41.33333333,66.83333333,70,71.2,100,2,80,60,5
2025/2/27 3:00,0,1,1,71.8,52,0,1,1,69.4,1,1,0,39.66666667,67.36666667,70,71.2,100,2,80,60,5
2025/2/27 3:15,0,1,1,71.8,52,0,1,1,69.4,1,1,0,39.33333333,67.86666667,70,71.2,100,2,80,60,5
2025/2/27 3:30,0,1,1,71.8,52,0,1,1,82.93333333,1,1,0,41,68.16666667,70,71.2,100,2,80,60,5
2025/2/27 3:45,0,1,1,71.8,52,0,1,1,69.6,1,1,0,43.66666667,66.46666667,70,71.2,100,2,80,60,5
2025/2/27 4:00,0,1,1,71.8,52,0,1,1,69.26666667,1,1,0,47,62.73333333,70,71.2,100,2,80,60,5
2025/2/27 4:15,0,1,1,71.8,52,0,1,1,69.03333333,1,1,0,49.33333333,62.23333333,70,71.2,100,2,80,60,5
2025/2/27 4:30,0,1,1,71.8,52,0,1,1,68.76666667,1,1,0,52.33333333,60.86666667,70,71.2,100,2,80,60,5
2025/2/27 4:45,0,1,1,71.8,52,0,1,1,68.53333333,1,1,0,55.33333333,60.4,70,71.2,100,2,80,60,5
2025/2/27 5:00,0,1,1,71.8,52,0,1,1,68.5,1,1,0,56,61.26666667,70,71.2,100,2,80,60,5
2025/2/27 5:15,0,1,1,71.8,52,0,1,1,68.43333333,1,1,0,57,61.3,70,71.13333333,100,2,80,60,5
2025/2/27 5:30,0,1,1,71.8,52,0,1,1,68.3,1,1,0,58.66666667,61.5,70,71.1,100,2,80,60,5
2025/2/27 5:45,0,1,1,71.8,52,0,1,1,68.3,1,1,0,60,61.43333333,70,71.1,100,2,80,60,5
2025/2/27 6:00,0,1,1,71.8,52,0,1,1,68.3,1,1,0,60.66666667,61,70,71.1,100,2,80,60,5
2025/2/27 6:15,0,1,1,71.8,52,0,1,1,68.3,1,1,0,61,61.43333333,70,71.1,100,2,80,60,5
2025/2/27 6:30,0,1,1,71.8,52,0,1,1,68.3,1,1,0,61,61.6,70,71.1,100,2,80,60,5
2025/2/27 6:45,0,1,1,71.8,52,0,1,1,68.3,1,1,0,61,61.4,70,71.1,100,2,80,60,5
2025/2/27 7:00,0,1,1,71.8,52,0,1,1,68.23333333,1,1,0,61.33333333,61.13333333,70,71.03333333,100,2,80,60,5
2025/2/27 7:15,0,1,1,71.8,52,0,1,1,68.1,1,1,0,62,60.76666667,70,70.9,100,2,80,60,5
2025/2/27 7:30,0,1,1,71.8,52,0,1,1,68.06666667,1,1,0,62,60.4,70,70.9,100,2,80,60,5
2025/2/27 7:45,0,1,1,71.8,52,0,1,1,68,1,1,0,62.33333333,59.9,70,70.86666667,100,2,80,60,5
2025/2/27 8:00,0,1,1,71.8,52,0,1,1,67.93333333,1,1,0,63,59.3,70,70.8,100,2,80,60,5
2025/2/27 8:15,0,1,1,71.8,52,0,1,1,67.8,1,1,0,63,58.96666667,70,70.73333333,100,2,80,60,5
2025/2/27 8:30,0,1,1,71.8,52,0,1,1,67.7,1,1,0,62.66666667,58.4,70,70.6,100,2,80,60,5
2025/2/27 8:45,0,1,1,71.8,52,0,1,1,67.7,1,1,0,62,57.73333333,70,70.6,100,2,80,60,5
2025/2/27 9:00,0,1,1,71.8,52,0,1,1,67.7,1,1,0,61.66666667,57.5,70,70.73333333,100,2,80,60,5
2025/2/27 9:15,0,1,1,71.8,52,0,1,1,67.5,1,1,0,60.66666667,56.83333333,70,70.8,100,2,80,60,5
2025/2/27 9:30,0,1,1,71.8,52,0,1,1,67.43333333,1,1,0,59,56.33333333,70,70.66666667,100,2,80,60,5
2025/2/27 9:45,0,1,1,71.8,52,0,1,1,67.2,1,1,0,58.33333333,55.93333333,70,70.6,100,2,80,60,5
2025/2/27 10:00,0,1,1,71.8,52,0,1,1,67.2,1,1,0,58,55.36666667,70,70.56666667,100,2,80,60,5
2025/2/27 10:15,0,1,1,71.8,52,0,1,1,67.06666667,1,1,0,58,54.93333333,70,70.5,100,2,80,60,5
2025/2/27 10:30,0,1,1,71.8,52,0,1,1,66.96666667,1,1,0,57.33333333,54.43333333,70,70.5,100,2,80,60,5
2025/2/27 10:45,0,1,1,71.8,52,0,1,1,66.9,1,1,0,57.66666667,53.53333333,70,70.5,100,2,80,60,5
2025/2/27 11:00,0,1,1,71.8,52,0,1,1,66.9,1,1,0,59,53.36666667,70,70.43333333,100,2,80,60,5
2025/2/27 11:15,0,1,1,71.8,52,0,1,1,66.76666667,1,1,0,57.66666667,54.5,70,70.3,100,2,80,60,5
2025/2/27 11:30,0,1,1,71.8,52,0,1,1,66.7,1,1,0,56.33333333,54.7,70,70.1,100,2,80,60,5
2025/2/27 11:45,0,1,1,71.8,52,0,1,1,66.66666667,1,1,0,56,54.36666667,70,70.1,100,2,80,60,5
2025/2/27 12:00,0,1,1,71.8,52,0,1,1,66.6,1,1,0,56,54.13333333,70,70.03333333,100,2,80,60,5
2025/2/27 12:15,0,1,1,71.8,52,0,1,1,66.46666667,1,1,0,56,54.2,70,70,100,2,80,60,5
2025/2/27 12:30,0,1,1,71.8,52,0,1,1,66.4,1,1,0,56,53.7,70,70,100,2,80,60,5
2025/2/27 12:45,0,1,1,71.8,52,0,1,1,66.4,1,1,0,56,53.13333333,70,70,100,2,80,60,5
2025/2/27 13:00,0,1,1,71.8,52,0,1,1,66.4,1,1,0,56,53.26666667,70,70,100,2,80,60,5
2025/2/27 13:15,0,1,1,71.8,52,0,1,1,66.4,1,1,0,56,53.63333333,70,70,100,2,80,60,5
2025/2/27 13:30,0,1,1,71.8,52,0,1,1,66.4,1,1,0,56,53.63333333,70,70,100,2,80,60,5
2025/2/27 13:45,0,1,1,71.8,52,0,1,1,66.46666667,1,1,0,55.33333333,54.3,70,70,100,2,80,60,5
2025/2/27 14:00,0,1,1,71.8,52,0,1,1,66.83333333,1,1,0,53.66666667,55.76666667,70,70.03333333,100,2,80,60,5
2025/2/27 14:15,0,1,1,71.8,52,0,1,1,67,1,1,0.666666667,51,56,70,70.3,100,2,80,60,5
2025/2/27 14:30,0,1,1,71.8,52,0,1,1,67.06666667,1,1,3,51,55.7,70,70.56666667,100,2,80,60,5
2025/2/27 14:45,0,1,1,71.8,52,0,1,1,67.53333333,1,1,2.666666667,49.33333333,57.76666667,70,70.76666667,100,2,80,60,5
2025/2/27 15:00,0,1,1,71.8,52,0,1,1,67.76666667,1,1,0,48,59.3,70,71.06666667,100,2,80,60,5
2025/2/27 15:15,0,1,1,71.8,52,0,1,1,68,1,1,0,47,60.3,70,71.4,100,2,80,60,5
2025/2/27 15:30,0,1,1,71.8,52,0,1,1,68.2,1,1,0,45,61.7,70,71.83333333,100,2,80,60,5
2025/2/27 15:45,11,1,1.333333333,71.8,52,0,1,1,66.03333333,1,1,0,44,61.83333333,70,72.33333333,100,2,80,60,5
2025/2/27 16:00,0,1,1,71.8,52,0,1,1,67.73333333,1,1,0,43,60.93333333,70,71.73333333,100,2,80,60,5
2025/2/27 16:15,11,1,1.333333333,71.8,52,0,1,1,65.96666667,1,1,0,42.66666667,61.23333333,70,71.83333333,100,2,80,60,5
2025/2/27 16:30,0,1,1.333333333,71.8,52,0,1,1,68.46666667,1,1,0,42,63.33333333,70,71.73333333,100,2,80,60,5
2025/2/27 16:45,11,1,1.333333333,71.8,52,0,1,1,65.96666667,1,1,0,41,61.86666667,70,71.8,100,2,80,60,5
2025/2/27 17:00,0,1,1.333333333,71.8,52,0,1,1,66.13333333,1,1,0,41,62.9,70,71.86666667,100,2,80,60,5
2025/2/27 17:15,11,1,1.333333333,71.8,52,0,1,1,66.83333333,1,1,0,41,64.2,70,71.86666667,100,2,80,60,5
2025/2/27 17:30,0,1,1,71.8,52,0,1,1,66.4,1,1,0,41,64.26666667,70,71.66666667,100,2,80,60,5
2025/2/27 17:45,11,1,1.333333333,71.8,52,0,1,1,66.23333333,1,1,0,40,64.83333333,70,71.96666667,100,2,80,60,5
2025/2/27 18:00,11,1,1.333333333,71.8,52,0,1,1,66.13333333,1,1,0,39,64.73333333,70,71.9,100,2,80,60,5
2025/2/27 18:15,11,1,1.333333333,71.8,52,0,1,1,66.56666667,1,1,0,39,65.9,70,71.76666667,100,2,80,60,5
2025/2/27 18:30,11,1,1.333333333,71.8,52,0,1,1,65.66666667,1,1,0,39,64.73333333,70,71.83333333,100,2,80,60,5
2025/2/27 18:45,0,1,1,71.8,52,0,1,1,65.8,1,1,0,39.33333333,65.93333333,70,71.7,100,2,80,60,5
2025/2/27 19:00,0,1,1,71.8,52,0,1,1,68.66666667,1,1,0,37.33333333,66.96666667,70,71.73333333,100,2,80,60,5
2025/2/27 19:15,11,1,1.333333333,71.8,52,0,1,1,69.16666667,1,1,0,36.33333333,67.1,70,72.03333333,100,2,80,60,5
2025/2/27 19:30,11,1,1.333333333,71.8,52,0,1,1,66.13333333,1,1,0,35,65.33333333,70,71.5,100,2,80,60,5
2025/2/27 19:45,0,1,1,71.8,52,0,1,1,69.16666667,1,1,0,35,68.1,70,71.8,100,2,80,60,5
2025/2/27 20:00,0,1,1,71.8,52,0,1,1,69.06666667,1,1,0,35,66.3,70,71.9,100,2,80,60,5
2025/2/27 20:15,0,1,1.333333333,71.8,52,0,1,1,67.36666667,1,1,0,35,65.73333333,70,72,100,2,80,60,5
2025/2/27 20:30,0,1,1,71.8,52,0,1,1,68.43333333,1,1,0,35,64.3,70,71.33333333,100,2,80,60,5
2025/2/27 20:45,0,1,1,71.8,52,0,1,1,69.1,1,1,0,34.66666667,65.23333333,70,71.83333333,100,2,80,60,5
2025/2/27 21:00,11,1,1.333333333,71.8,52,0,1,1,69.3,1,1,0,33,65.9,70,72.13333333,100,2,80,60,5
2025/2/27 21:15,11,1,1.333333333,71.8,52,0,1,1,66.16666667,1,1,0,32.33333333,65.53333333,70,71.46666667,100,2,80,60,5
2025/2/27 21:30,0,1,1,71.8,52,0,1,1,69.23333333,1,1,0,31.66666667,65.5,70,71.33333333,100,2,80,60,5
2025/2/27 21:45,0,1,1,71.8,52,0,1,1,69.3,1,1,0,31.33333333,64.23333333,70,71.6,100,2,80,60,5
2025/2/27 22:00,0,1,1,71.8,52,0,1,1,69.16666667,1,1,0,32.66666667,63.13333333,70,71.6,100,2,80,60,5
2025/2/27 22:15,0,1,1,71.8,52,0,1,1,69.03333333,1,1,0,33.66666667,62.4,70,71.6,100,2,80,60,5
2025/2/27 22:30,0,1,1,71.8,52,0,1,1,68.9,1,1,0,33.33333333,62.26666667,70,71.6,100,2,80,60,5
2025/2/27 22:45,0,1,1,71.8,52,0,1,1,68.96666667,1,1,0,32.33333333,62.3,70,71.6,100,2,80,60,5
2025/2/27 23:00,0,1,1,71.8,52,0,1,1,68.66666667,1,1,0,31.33333333,61.03333333,70,71.6,100,2,80,60,5
2025/2/27 23:15,0,1,1,71.8,52,0,1,1,68.5,1,1,0,32.33333333,60.3,70,71.53333333,100,2,80,60,5
2025/2/27 23:30,0,1,1,71.8,52,0,1,1,68.43333333,1,1,0,33.66666667,59.86666667,70,71.33333333,100,2,80,60,5
2025/2/27 23:45,0,1,1,71.8,52,0,1,1,68.23333333,1,1,0,34.33333333,59.26666667,70,71.2,100,2,80,60,5
2025/2/28 0:00,0,1,1,71.8,52,0,1,1,68.1,1,1,0,35,59.03333333,70,71.13333333,100,2,80,60,5
2025/2/28 0:15,0,1,1,71.8,52,0,1,1,68.1,1,1,0,35.33333333,58.7,70,71.1,100,2,80,60,5
2025/2/28 0:30,0,1,1,71.8,52,0,1,1,68.1,1,1,0,36,58.4,70,71.1,100,2,80,60,5
2025/2/28 0:45,0,1,1,71.8,52,0,1,1,68.1,1,1,0,36,57.93333333,70,71.1,100,2,80,60,5
2025/2/28 1:00,0,1,1,71.8,52,0,1,1,68.1,1,1,0,35.33333333,57.73333333,70,71.1,100,2,80,60,5
2025/2/28 1:15,0,1,1,71.8,52,0,1,1,68.03333333,1,1,0,34.33333333,57.36666667,70,71.1,100,2,80,60,5
2025/2/28 1:30,0,1,1,71.8,52,0,1,1,67.86666667,1,1,0,34,57.1,70,71.1,100,2,80,60,5
2025/2/28 1:45,0,1,1,71.8,52,0,1,1,67.76666667,1,1,0,34,56.93333333,70,71.1,100,2,80,60,5
2025/2/28 2:00,0,1,1,71.8,52,0,1,1,67.63333333,1,1,0,34,56.8,70,70.9,100,2,80,60,5
2025/2/28 2:15,0,1,1,71.8,52,0,1,1,67.5,1,1,0,34.66666667,56.56666667,70,70.83333333,100,2,80,60,5
2025/2/28 2:30,0,1,1,71.8,52,0,1,1,67.43333333,1,1,0,35.33333333,55.9,70,70.8,100,2,80,60,5
2025/2/28 2:45,0,1,1,71.8,52,0,1,1,67.4,1,1,0,36,56.03333333,70,70.8,100,2,80,60,5
2025/2/28 3:00,0,1,1,71.8,52,0,1,1,67.4,1,1,0,36,55.76666667,70,70.8,100,2,80,60,5
2025/2/28 3:15,0,1,1,71.8,52,0,1,1,67.2,1,1,0,36,55.03333333,70,70.8,100,2,80,60,5
2025/2/28 3:30,0,1,1,71.8,52,0,1,1,67.2,1,1,0,36.66666667,54.2,70,70.66666667,100,2,80,60,5
2025/2/28 3:45,0,1,1,71.8,52,0,1,1,67.2,1,1,0,37,53.73333333,70,70.6,100,2,80,60,5
2025/2/28 4:00,0,1,1,71.8,52,0,1,1,67.2,1,1,0,38,53.6,70,70.6,100,2,80,60,5
2025/2/28 4:15,0,1,1,71.8,52,0,1,1,67.2,1,1,0,38,53.3,70,70.6,100,2,80,60,5
2025/2/28 4:30,0,1,1,71.8,52,0,1,1,67.06666667,1,1,0,38.66666667,52.86666667,70,70.6,100,2,80,60,5
2025/2/28 4:45,0,1,1,71.8,52,0,1,1,67,1,1,0,39,52.66666667,70,70.6,100,2,80,60,5
2025/2/28 5:00,0,1,1,71.8,52,0,1,1,67,1,1,0,39.66666667,52.53333333,70,70.6,100,2,80,60,5
2025/2/28 5:15,0,1,1,71.8,52,0,1,1,66.86666667,1,1,0,40,52.06666667,70,70.53333333,100,2,80,60,5
2025/2/28 5:30,0,1,1,71.8,52,0,1,1,66.6,1,1,0,40,51.96666667,70,70.5,100,2,80,60,5
2025/2/28 5:45,0,1,1,71.8,52,0,1,1,66.4,1,1,0,40.5,51.3,70,70.5,100,2,80,60,5
2025/2/28 6:00,0,1,1,71.8,52,0,1,1,66.26666667,1,1,0,41,50.6,70,70.3,100,2,80,60,5
2025/2/28 6:15,0,1,1,71.8,52,0,1,1,66,1,1,0,41,51.46666667,70,70.3,100,2,80,60,5
2025/2/28 6:30,0,1,1,71.8,52,0,1,1,65.86666667,1,1,0,41,51.9,70,70.16666667,100,2,80,60,5
2025/2/28 6:45,0,1,1,71.8,52,0,1,1,65.8,1,1,0,42,52,70,70.1,100,2,80,60,5
2025/2/28 7:00,0,1,1,71.8,52,0,1,1,65.8,1,1,0,42,51.8,70,70.06666667,100,2,80,60,5
2025/2/28 7:15,0,1,1,71.8,52,0,1,1,65.66666667,1,1,0,42,51.1,70,70,100,2,80,60,5
2025/2/28 7:30,0,1,1,71.8,52,0,1,1,65.53333333,1,1,0,42,50.3,70,69.86666667,100,2,80,60,5
2025/2/28 7:45,0,1,1,71.8,52,0,1,1,65.33333333,1,1,0,42.33333333,51.13333333,70,69.8,100,2,80,60,5
2025/2/28 8:00,0,1,1,71.8,52,0,1,1,65.3,1,1,0,43,51.43333333,70,69.7,100,2,80,60,5
2025/2/28 8:15,0,1,1,71.8,52,0,1,1,65.3,1,1,0,43,51.86666667,70,69.63333333,100,2,80,60,5
2025/2/28 8:30,0,1,1,71.8,52,0,1,1,65.3,1,1,0,43,52.03333333,70,69.5,100,2,80,60,5
2025/2/28 8:45,0,1,1,71.8,52,0,1,1,65.3,1,1,0,43,51.56666667,70,69.5,100,2,80,60,
2025/2/28 9:00,0,1,1,71.8,52,0,1,1,65.3,1,1,0,43,51.36666667,70,69.5,100,2,80,60,5
2025/2/28 9:15,0,1,1,71.8,52,0,1,1,65.1,1,1,0,43,51.2,70,69.5,100,2,80,60,5
2025/2/28 9:30,0,1,1,71.8,52,0,1,1,65.06666667,1,1,0,43,49.8,70,69.43333333,100,2,80,60,5
2025/2/28 9:45,0,1,1,71.8,52,0,1,1,65,1,1,0,43,48.33333333,70,69.4,100,2,80,60,5
2025/2/28 10:00,0,1,1,71.8,52,0,1,1,64.86666667,1,1,0,43.33333333,48,70,69.26666667,100,2,80,60,5
2025/2/28 10:15,0,1,1,71.8,52,0,1,1,64.8,1,1,0,44,48.26666667,70,69.2,100,2,80,60,5
2025/2/28 10:30,0,1,1,71.8,52,0,1,1,64.56666667,1,1,0,44,48.33333333,70,69.06666667,100,2,80,60,5
2025/2/28 10:45,0,1,1,71.8,52,0,1,1,64.5,1,1,0,44,49,70,69,100,2,80,60,5
2025/2/28 11:00,0,1,1,71.8,52,0,1,1,64.5,1,1,0,44,49.06666667,70,68.93333333,100,2,80,60,5
2025/2/28 11:15,0,1,1,71.8,52,0,1,1,64.5,1,1,0,44,49.13333333,70,68.83333333,100,2,80,60,5
2025/2/28 11:30,0,1,1,71.8,52,0,1,1,64.5,1,1,0,44,48.93333333,70,68.7,100,2,80,60,5
2025/2/28 11:45,0,1,1,71.8,52,0,1,1,64.5,1,1,0,45,48.7,70,68.7,100,2,80,60,5
2025/2/28 12:00,0,1,1,71.8,52,0,1,1,64.5,1,1,0,47.33333333,47.83333333,70,68.7,100,2,80,60,5
2025/2/28 12:15,0,1,1,71.8,52,0,1,1,64.16666667,1,1,0,49,47.16666667,70,68.7,100,2,80,60,5
2025/2/28 12:30,0,1,1,71.8,52,0,1,1,64,1,1,0,50.33333333,46.76666667,70,68.7,100,2,80,60,5
2025/2/28 12:45,0,1,1,71.8,52,0,1,1,64.06666667,1,1,0,51.66666667,47.06666667,70,68.6,100,2,80,60,5
2025/2/28 13:00,0,1,1,71.8,52,0,1,1,64.2,1,1,0,49.66666667,48.33333333,70,68.6,100,2,80,60,5
2025/2/28 13:15,0,1,1,71.8,52,0,1,1,64.23333333,1,1,0,50,49.3,70,68.6,100,2,80,60,5
2025/2/28 13:30,0,1,1,71.8,52,0,1,1,64.8,1,1,0,48.33333333,51.33333333,70,68.66666667,100,2,80,60,5
2025/2/28 13:45,0,1,1,71.8,52,0,1,1,65.23333333,1,1,0,45.33333333,53.46666667,70,68.86666667,100,2,80,60,5
2025/2/28 14:00,0,1,1,71.8,52,0,1,1,65.7,1,1,0,44.33333333,55.23333333,70,69.26666667,100,2,80,60,5
2025/2/28 14:15,0,1,1,71.8,52,0,1,1,66.13333333,1,1,0,40.33333333,56.1,70,69.5,100,2,80,60,5
2025/2/28 14:30,0,1,1,71.8,52,0,1,1,66.56666667,1,1,0,37,57.63333333,70,69.83333333,100,2,80,60,5
2025/2/28 14:45,0,1,1,71.8,52,0,1,1,66.7,1,1,0,35.33333333,58.7,70,70.06666667,100,2,80,60,5
2025/2/28 15:00,0,1,1,71.8,52,0,1,1,66.86666667,1,1,0,34.33333333,59.43333333,70,70.3,100,2,80,60,5
2025/2/28 15:15,0,1,1,71.8,52,0,1,1,67.2,1,1,3,33,61.03333333,70,70.73333333,100,2,80,60,5
2025/2/28 15:30,0,1,1,71.8,52,0,1,1,67.33333333,1,1,0,32.66666667,61.16666667,70,71.06666667,100,2,80,60,5
2025/2/28 15:45,0,1,1,71.8,52,0,1,1,67.56666667,1,1,0,31.66666667,61.6,70,71.63333333,100,2,80,60,5
2025/2/28 16:00,0,1,1,71.8,52,0,1,1,68,1,1,0,30.66666667,62.66666667,70,71.9,100,2,80,60,5
2025/2/28 16:15,11,1,1.333333333,71.8,52,0,1,1,67.53333333,1,1,0,31,62.66666667,70,72,100,2,80,60,5
2025/2/28 16:30,0,1,1,71.8,52,0,1,1,65.83333333,1,1,0,29.33333333,62.9,70,71.4,100,2,80,60,5
2025/2/28 16:45,0,1,1,71.8,52,0,1,1,68.23333333,1,1,0,27,65.1,70,71.73333333,100,2,80,60,5
2025/2/28 17:00,0,1,1.333333333,71.8,52,0,1,1,65.83333333,1,1,0,27,64.4,70,72.16666667,100,2,80,60,5
2025/2/28 17:15,0,1,1,71.8,52,0,1,1,67.76666667,1,1,0,26.66666667,64.66666667,70,71.53333333,100,2,80,60,5
2025/2/28 17:30,0,1,1,71.8,52,0,1,1,68.56666667,1,1,0,26,66.8,70,71.86666667,100,2,80,60,5
2025/2/28 17:45,11,1,1.333333333,71.8,52,0,1,1,65.6,1,1,0,25.66666667,66.1,70,71.86666667,100,2,80,60,5
2025/2/28 18:00,0,1,1,71.8,52,0,1,1,68.93333333,1,1,0,25,67.63333333,70,71.6,100,2,80,60,5
2025/2/28 18:15,11,1,1.333333333,71.8,52,0,1,1,66.06666667,1,1,0,25.33333333,66.56666667,70,71.96666667,100,2,80,60,5
2025/2/28 18:30,11,1,1.333333333,71.8,52,0,1,1,66.3,1,1,0,26,67.2,70,71.93333333,100,2,80,60,5
2025/2/28 18:45,0,1,1,71.8,52,0,1,1,68.3,1,1,0,26,67.7,70,71.63333333,100,2,80,60,5
2025/2/28 19:00,0,1,1,71.8,52,0,1,1,69.13333333,1,1,0,26,69.36666667,70,71.96666667,100,2,80,60,5
2025/2/28 19:15,11,1,1.333333333,71.8,52,0,1,1,66.33333333,1,1,0,26,68.66666667,70,71.46666667,100,2,80,60,5
2025/2/28 19:30,0,1,1,71.8,52,0,1,1,69.33333333,1,1,0,26,70.33333333,70,71.56666667,100,2,80,60,5
2025/2/28 19:45,0,1,1,71.8,52,0,1,1,69.4,1,1,0,26,70.86666667,70,71.9,100,2,80,60,5
2025/2/28 20:00,0,1,1,71.8,52,0,1,1,69.63333333,1,1,0,26,70.86666667,70,71.93333333,100,2,80,60,5
2025/2/28 20:15,11,1,1.333333333,71.8,52,0,1,1,66.96666667,1,1,0,26,69.86666667,70,71.86666667,100,2,80,60,5
2025/2/28 20:30,0,1,1,71.8,52,0,1,1,69.33333333,1,1,0,26,69.93333333,70,71.3,100,2,80,60,5
2025/2/28 20:45,0,1,1,71.8,52,0,1,1,69.56666667,1,1,0,26,70.43333333,70,71.7,100,2,80,60,5
2025/2/28 21:00,0,1,1,71.8,52,0,1,1,69.7,1,1,0,26,70.63333333,70,71.9,100,2,80,60,5
2025/2/28 21:15,0,1,1,71.8,52,0,1,1,69.96666667,1,1,0,26,70.8,70,71.9,100,2,80,60,5
2025/2/28 21:30,0,1,1,71.8,52,0,1,1,70.1,1,1,0,25,70.63333333,70,71.9,100,2,80,60,5
2025/2/28 21:45,0,1,1,71.8,52,0,1,1,70.1,1,1,0,25,69.96666667,70,71.9,100,2,80,60,5
2025/2/28 22:00,0,1,1,71.8,52,0,1,1,70.1,1,1,0,25,70.53333333,70,71.9,100,2,80,60,5
2025/2/28 22:15,0,1,1,71.8,52,0,1,1,69.76666667,1,1,0,25,69.86666667,70,71.76666667,100,2,80,60,5
2025/2/28 22:30,0,1,1,71.8,52,0,1,1,69.7,1,1,0,25,69.16666667,70,71.6,100,2,80,60,5
2025/2/28 22:45,0,1,1,71.8,52,0,1,1,69.56666667,1,1,0,25,68.73333333,70,71.6,100,2,80,60,5
2025/2/28 23:00,0,1,1,71.8,52,0,1,1,69.4,1,1,0,25.66666667,68.16666667,70,71.6,100,2,80,60,5
2025/2/28 23:15,0,1,1,71.8,52,0,1,1,69.4,1,1,0,26,67.36666667,70,71.6,100,2,80,60,5
2025/2/28 23:30,0,1,1,71.8,52,0,1,1,69.4,1,1,0,26.33333333,67,70,71.6,100,2,80,60,5
2025/2/28 23:45,0,1,1,71.8,52,0,1,1,69.33333333,1,1,0,27,66.56666667,70,71.6,100,2,80,60,5
2025/3/1 0:00,0,1,1,71.8,52,0,1,1,69.16666667,1,1,0,27,66.36666667,70,71.4,100,2,80,60,5
2025/3/1 0:15,0,1,1,71.8,52,0,1,1,69.1,1,1,0,27,66.2,70,71.4,100,2,80,60,5
2025/3/1 0:30,0,1,1,71.8,52,0,1,1,69.03333333,1,1,0,27,66.03333333,70,71.4,100,2,80,60,5
2025/3/1 0:45,0,1,1,71.8,52,0,1,1,68.9,1,1,0,28,65.7,70,71.4,100,2,80,60,5
2025/3/1 1:00,0,1,1,71.8,52,0,1,1,68.9,1,1,0,28,65.63333333,70,71.26666667,100,2,80,60,5
2025/3/1 1:15,0,1,1,71.8,52,0,1,1,68.9,1,1,0,28,65.46666667,70,71.2,100,2,80,60,5
2025/3/1 1:30,0,1,1,71.8,52,0,1,1,68.9,1,1,0,28,65.4,70,71.2,100,2,80,60,5
2025/3/1 1:45,0,1,1,71.8,52,0,1,1,68.83333333,1,1,0,28,65.36666667,70,71.2,100,2,80,60,5
2025/3/1 2:00,0,1,1,71.8,52,0,1,1,68.8,1,1,0,28.66666667,64.96666667,70,71.2,100,2,80,60,5
2025/3/1 2:15,0,1,1,71.8,52,0,1,1,68.8,1,1,0,29,64.53333333,70,71.2,100,2,80,60,5
2025/3/1 2:30,0,1,1,71.8,52,0,1,1,68.8,1,1,0,29.33333333,64.36666667,70,71.2,100,2,80,60,5
2025/3/1 2:45,0,1,1,71.8,52,0,1,1,68.8,1,1,0,30,64.3,70,71.16666667,100,2,80,60,5
2025/3/1 3:00,0,1,1,71.8,52,0,1,1,68.66666667,1,1,0,30,64.3,70,71.1,100,2,80,60,5
2025/3/1 3:15,0,1,1,71.8,52,0,1,1,68.6,1,1,0,30,64.43333333,70,70.96666667,100,2,80,60,5
2025/3/1 3:30,0,1,1,71.8,52,0,1,1,68.6,1,1,0,30,64.6,70,70.9,100,2,80,60,5
2025/3/1 3:45,0,1,1,71.8,52,0,1,1,68.6,1,1,0,30,64.6,70,70.9,100,2,80,60,5
2025/3/1 4:00,0,1,1,71.8,52,0,1,1,68.6,1,1,0,31,64.33333333,70,70.9,100,2,80,60,5
2025/3/1 4:15,0,1,1,71.8,52,0,1,1,68.53333333,1,1,0,32,64.2,70,70.9,100,2,80,60,5
2025/3/1 4:30,0,1,1,71.8,52,0,1,1,68.5,1,1,0,32,64.26666667,70,70.9,100,2,80,60,5
2025/3/1 4:45,0,1,1,71.8,52,0,1,1,68.5,1,1,0,32.5,64.05,70,70.8,100,2,80,60,5
2025/3/1 5:00,0,1,1,77.26666667,52,0,1,1,68.63333333,1.666666667,1.666666667,0,35.33333333,63.46666667,70,70.8,33.33333333,1.333333333,80,60,5
2025/3/1 5:15,0,1,1,80,52,0,1,1,68.63333333,2,2,0,36,62.8,70,70.66666667,0,1,80,60,5
2025/3/1 5:30,0,1,1,80,52,0,1,1,68.3,2,2,0,35.66666667,61.7,70,70.56666667,0,1,80,60,5
2025/3/1 5:45,0,1,1,80,52,0,1,1,67.86666667,2,2,0,35.66666667,60.43333333,70,70.5,0,1,80,60,5
2025/3/1 6:00,0,1,1,80,52,0,1,1,67.56666667,2,2,0,36,59.4,70,70.36666667,0,1,80,60,5
2025/3/1 6:15,0,1,1,80,52,0,1,1,67.26666667,2,2,0,36.66666667,58.36666667,70,70.3,0,1,80,60,5
2025/3/1 6:30,0,1,1,80,52,0,1,1,67.06666667,2,2,0,37.33333333,57.3,70,70.1,0,1,80,60,5
2025/3/1 6:45,0,1,1,80,52,0,1,1,66.73333333,2,2,0,38.33333333,56.3,70,70.1,0,1,80,60,5
2025/3/1 7:00,0,1,1,80,52,0,1,1,66.06666667,2,2,0,39,55.23333333,70,70.03333333,0,1,80,60,5
2025/3/1 7:15,0,1,1,80,52,0,1,1,65.6,2,2,0,39,54.56666667,70,70,0,1,80,60,5
2025/3/1 7:30,0,1,1,80,52,0,1,1,65.16666667,2,2,0,40.66666667,53.76666667,70,70,0,1,80,60,5
2025/3/1 7:45,0,1,1,80,52,0,1,1,64.8,2,2,0,41.33333333,52.9,70,69.86666667,0,1,80,60,5
2025/3/1 8:00,0,1,1,80,52,0,1,1,64.56666667,2,2,0,42,52.13333333,70,69.8,0,1,80,60,5
2025/3/1 8:15,0,1,1,80,52,0,1,1,64.23333333,2,2,0,42.66666667,51.7,70,69.8,0,1,80,60,5
2025/3/1 8:30,0,1,1,80,52,0,1,1,63.86666667,2,2,0,42.66666667,51.33333333,70,69.8,0,1,80,60,5
2025/3/1 8:45,0,1,1,80,52,0,1,1,63.43333333,2,2,0,43.33333333,50.36666667,70,69.76666667,0,1,80,60,5
2025/3/1 9:00,0,1,1,80,52,0,1,1,62.86666667,2,2,0,44,49.76666667,70,69.7,0,1,80,60,5
2025/3/1 9:15,0,1,1,80,52,0,1,1,62.6,2,2,0,44.33333333,49.3,70,69.7,0,1,80,60,5
2025/3/1 9:30,0,1,1,80,52,0,1,1,62.6,2,2,0,44.66666667,49.06666667,70,69.7,0,1,80,60,5
2025/3/1 9:45,0,1,1,80,52,0,1,1,62.2,2,2,0,45.66666667,48.26666667,70,69.56666667,0,1,80,60,5
2025/3/1 10:00,0,1,1,80,52,0,1,1,61.73333333,2,2,0,46.33333333,47.73333333,70,69.5,0,1,80,60,5
2025/3/1 10:15,0,1,1,80,52,0,1,1,61.3,2,2,0,46.66666667,47.63333333,70,69.5,0,1,80,60,5
2025/3/1 10:30,0,1,1,80,52,0,1,1,61,2,2,0,46.33333333,47.23333333,70,69.43333333,0,1,80,60,5
2025/3/1 10:45,0,1,1,80,52,0,1,1,60.63333333,2,2,0,46.33333333,46.26666667,70,69.4,0,1,80,60,5
2025/3/1 11:00,0,1,1,80,52,0,1,1,60.5,2,2,0,47,45.53333333,70,69.4,0,1,80,60,5
2025/3/1 11:15,0,1,1,80,52,0,1,1,60.5,2,2,0,46.66666667,45,70,69.4,0,1,80,60,5
2025/3/1 11:30,0,1,1,80,52,0,1,1,60.33333333,2,2,0,46,44.5,70,69.4,0,1,80,60,5
2025/3/1 11:45,0,1,1,80,52,0,1,1,60.1,2,2,0,46.5,43.9,70,69.4,0,1,80,60,5
2025/3/1 12:00,0,1,1,80,52,0,1,1,59.73333333,2,2,0,47,43.43333333,70,69.2,0,1,80,60,5
2025/3/1 12:15,0,1,1,80,52,0,1,1,59.26666667,2,2,0,48,43.2,70,69.2,0,1,80,60,5
2025/3/1 12:30,0,1,1,80,52,0,1,1,59.53333333,2,2,0,46.66666667,43.2,70,69.13333333,0,1,80,60,5
2025/3/1 12:45,0,1,1,80,52,0,1,1,60.03333333,2,2,0,46,43.33333333,70,69,0,1,80,60,5
2025/3/1 13:00,0,1,1,71.8,52,0,1,1,62.5,1,1,0,41,43.8,70,69,100,2,80,60,5
2025/3/1 13:15,0,1,1,71.8,52,0,1,1,64.53333333,1,1,0,40,43.96666667,70,69,100,2,80,60,5
2025/3/1 13:30,0,1,1,71.8,52,0,1,1,64.5,1,1,0,41,44.03333333,70,69,100,2,80,60,5
2025/3/1 13:45,0,1,1,71.8,52,0,1,1,64.5,1,1,0,41,44.53333333,70,69.06666667,100,2,80,60,5
2025/3/1 14:00,0,1,1,71.8,52,0,1,1,64.5,1,1,0,40.33333333,44.9,70,69.26666667,100,2,80,60,5
2025/3/1 14:15,0,1,1,71.8,52,0,1,1,64.53333333,1,1,0,40,45.1,70,69.43333333,100,2,80,60,5
2025/3/1 14:30,0,1,1,71.8,52,0,1,1,64.86666667,1,1,0,38.66666667,45.96666667,70,69.63333333,100,2,80,60,5
2025/3/1 14:45,0,1,1,71.8,52,0,1,1,65.13333333,1,1,0,37.33333333,47.16666667,70,69.83333333,100,2,80,60,5
2025/3/1 15:00,0,1,1,71.8,52,0,1,1,65.13333333,1,1,0,36.33333333,47.2,70,70,100,2,80,60,5
2025/3/1 15:15,0,1,1,71.8,52,0,1,1,65.3,1,1,0,36,48.53333333,70,70.2,100,2,80,60,5
2025/3/1 15:30,0,1,1,71.8,52,0,1,1,65.36666667,1,1,0,34,48.96666667,70,70.43333333,100,2,80,60,5
2025/3/1 15:45,0,1,1,71.8,52,0,1,1,65.4,1,1,0,33.33333333,49.56666667,70,70.53333333,100,2,80,60,5
2025/3/1 16:00,0,1,1,71.8,52,0,1,1,65.6,1,1,0,32.33333333,50.16666667,70,70.73333333,100,2,80,60,5
2025/3/1 16:15,0,1,1,71.8,52,0,1,1,65.6,1,1,2.333333333,31.33333333,50.16666667,70,70.86666667,100,2,80,60,5
2025/3/1 16:30,0,1,1,71.8,52,0,1,1,65.5,1,1,0,31.33333333,50.1,70,70.9,100,2,80,60,5
2025/3/1 16:45,0,1,1,71.8,52,0,1,1,65.73333333,1,1,0,30.66666667,50.53333333,70,70.9,100,2,80,60,5
2025/3/1 17:00,0,1,1,71.8,52,0,1,1,65.9,1,1,0,29.66666667,51.43333333,70,70.9,100,2,80,60,5
2025/3/1 17:15,0,1,1,71.8,52,0,1,1,65.8,1,1,0,29.66666667,52.53333333,70,70.9,100,2,80,60,5
2025/3/1 17:30,0,1,1,71.8,52,0,1,1,65.7,1,1,0,29,52.16666667,70,70.9,100,2,80,60,5
2025/3/1 17:45,0,1,1,71.8,52,0,1,1,65.93333333,1,1,0,28.33333333,52.9,70,70.9,100,2,80,60,5
2025/3/1 18:00,0,1,1,71.8,52,0,1,1,65.6,1,1,0,28,52.63333333,70,70.9,100,2,80,60,5
2025/3/1 18:15,0,1,1,71.8,52,0,1,1,65.83333333,1,1,0,28,52.23333333,70,70.9,100,2,80,60,5
2025/3/1 18:30,0,1,1,71.8,52,0,1,1,65.73333333,1,1,0,28,52,70,70.9,100,2,80,60,5
2025/3/1 18:45,0,1,1,71.8,52,0,1,1,65.46666667,1,1,0,28,51.06666667,70,70.83333333,100,2,80,60,5
2025/3/1 19:00,0,1,1,71.8,52,0,1,1,65.6,1,1,0,28,52.4,70,70.8,100,2,80,60,5
2025/3/1 19:15,0,1,1,71.8,52,0,1,1,65.7,1,1,0,27.33333333,54.6,70,70.8,100,2,80,60,5
2025/3/1 19:30,0,1,1,71.8,52,0,1,1,65.83333333,1,1,0,28,56,70,70.8,100,2,80,60,5
2025/3/1 19:45,0,1,1,71.8,52,0,1,1,65.56666667,1,1,0,28,53.83333333,70,70.8,100,2,80,60,5
2025/3/1 20:00,0,1,1,71.8,52,0,1,1,65.03333333,1,1,0,29.33333333,51.13333333,70,70.66666667,100,2,80,60,5
2025/3/1 20:15,0,1,1,71.8,52,0,1,1,65.06666667,1,1,0,30,52.3,70,70.53333333,100,2,80,60,5
2025/3/1 20:30,0,1,1,71.8,52,0,1,1,65.1,1,1,0,29.33333333,51.56666667,70,70.43333333,100,2,80,60,5
2025/3/1 20:45,0,1,1,71.8,52,0,1,1,65,1,1,0,28.66666667,51.63333333,70,70.23333333,100,2,80,60,5
2025/3/1 21:00,0,1,1,71.8,52,0,1,1,64.8,1,1,0,28,51.06666667,70,70.06666667,100,2,80,60,5
2025/3/1 21:15,0,1,1,71.8,52,0,1,1,64.66666667,1,1,0,27.66666667,50.4,70,70,100,2,80,60,5
2025/3/1 21:30,0,1,1,80,52,0,1,1,64.9,2,2,0,33.66666667,48.76666667,70,69.8,0,1,80,60,5
2025/3/1 21:45,0,1,1,80,52,0,1,1,64.53333333,2,2,0,37.66666667,47.4,70,69.76666667,0,1,80,60,5
2025/3/1 22:00,0,1,1,80,52,0,1,1,63.86666667,2,2,0,39,46.53333333,70,69.7,0,1,80,60,5
2025/3/1 22:15,0,1,1,80,52,0,1,1,63.4,2,2,0,40,46,70,69.56666667,0,1,80,60,5
2025/3/1 22:30,0,1,1,80,52,0,1,1,62.9,2,2,0,40.33333333,44.86666667,70,69.5,0,1,80,60,5
2025/3/1 22:45,0,1,1,80,52,0,1,1,62.36666667,2,2,0,40,43.56666667,70,69.4,0,1,80,60,5
2025/3/1 23:00,0,1,1,80,52,0,1,1,61.93333333,2,2,0,41.33333333,42.73333333,70,69.4,0,1,80,60,5
2025/3/1 23:15,0,1,1,80,52,0,1,1,61.53333333,2,2,0,41.33333333,42.23333333,70,69.26666667,0,1,80,60,5
2025/3/1 23:30,0,1,1,80,52,0,1,1,60.8,2,2,0,42,41.3,70,69.13333333,0,1,80,60,5
2025/3/1 23:45,0,1,1,80,52,0,1,1,60.16666667,2,2,0,43.66666667,40.66666667,70,69,0,1,80,60,5
2025/3/2 0:00,0,1,1,80,52,0,1,1,59.73333333,2,2,0,43.33333333,40.1,70,68.93333333,0,1,80,60,5
2025/3/2 0:15,0,1,1,80,52,0,1,1,59.43333333,2,2,0,43,39.83333333,70,68.9,0,1,80,60,5
2025/3/2 0:30,0,1,1,80,52,0,1,1,59.2,2,2,0,44,39.8,70,68.9,0,1,80,60,5
2025/3/2 0:45,0,1,1,80,52,0,1,1,59.2,2,2,0,44,39.2,70,68.9,0,1,80,60,5
2025/3/2 1:00,0,1,1,80,52,0,1,1,58.93333333,2,2,0,44.66666667,38.56666667,70,68.76666667,0,1,80,60,5
2025/3/2 1:15,0,1,1,80,52,0,1,1,58.46666667,2,2,0,45,37.86666667,70,68.7,0,1,80,60,5
2025/3/2 1:30,0,1,1,80,52,0,1,1,58.3,2,2,0,45.66666667,37.2,70,68.66666667,0,1,80,60,5
2025/3/2 1:45,0,1,1,80,52,0,1,1,57.83333333,2,2,0,46.66666667,36.83333333,70,68.6,0,1,80,60,5
2025/3/2 2:00,0,1,1,80,52,0,1,1,57.66666667,2,2,0,47,36.36666667,70,68.6,0,1,80,60,5
2025/3/2 2:15,0,1,1,80,52,0,1,1,57.33333333,2,2,0,46.66666667,35.83333333,70,68.46666667,0,1,80,60,5
2025/3/2 2:30,0,1,1,80,52,0,1,1,56.96666667,2,2,0,47,35.3,70,68.4,0,1,80,60,5
2025/3/2 2:45,0,1,1,80,52,0,1,1,56.9,2,2,0,47.33333333,35.03333333,70,68.4,0,1,80,60,5
2025/3/2 3:00,0,1,1,80,52,0,1,1,56.6,2,2,0,47,34.83333333,70,68.3,0,1,80,60,5
2025/3/2 3:15,0,1,1,80,52,0,1,1,56.5,2,2,0,48,34.56666667,70,68.3,0,1,80,60,5
2025/3/2 3:30,0,1,1,80,52,0,1,1,55.93333333,2,2,0,48,34.5,70,68.16666667,0,1,80,60,5
2025/3/2 3:45,0,1,1,80,52,0,1,1,55.9,2,2,0,48.33333333,34.33333333,70,68.1,0,1,80,60,5
2025/3/2 4:00,0,1,1,80,52,0,1,1,55.66666667,2,2,0,47.66666667,34.06666667,70,68.1,0,1,80,60,5
2025/3/2 4:15,0,1,1,80,52,0,1,1,55.3,2,2,0,49.33333333,33.8,70,68.03333333,0,1,80,60,5
2025/3/2 4:30,0,1,1,80,52,0,1,1,54.7,2,2,0,49,33.73333333,70,67.9,0,1,80,60,5
2025/3/2 4:45,0,1,1,80,52,0,1,1,55.53333333,2,2,0,47.66666667,33.53333333,70,67.9,0,1,80,60,5
2025/3/2 5:00,0,1,1,80,52,0,1,1,55.8,2,2,0,48.33333333,33.2,70,67.9,0,1,80,60,5
2025/3/2 5:15,0,1,1,80,52,0,1,1,55.96666667,2,2,0,50.33333333,33.06666667,70,67.86666667,0,1,80,60,5
2025/3/2 5:30,0,1,1,80,52,0,1,1,55.83333333,2,2,0,50,32.86666667,70,67.8,0,1,80,60,5
2025/3/2 5:45,0,1,1,80,52,0,1,1,55.63333333,2,2,0,49.33333333,32.6,70,67.8,0,1,80,60,5
2025/3/2 6:00,0,1,1,80,52,0,1,1,55.6,2,2,0,50,32.33333333,70,67.66666667,0,1,80,60,5
2025/3/2 6:15,0,1,1,80,52,0,1,1,55.6,2,2,0,50,32.2,70,67.6,0,1,80,60,5
2025/3/2 6:30,0,1,1,80,52,0,1,1,55.6,2,2,0,50.66666667,31.8,70,67.6,0,1,80,60,5
2025/3/2 6:45,0,1,1,80,52,0,1,1,55.53333333,2,2,0,51.33333333,31.63333333,70,67.53333333,0,1,80,60,5
2025/3/2 7:00,0,1,1,80,52,0,1,1,55.4,2,2,0,50,31.3,70,67.5,0,1,80,60,5
2025/3/2 7:15,0,1,1,80,52,0,1,1,55.4,2,2,0,51,31.3,70,67.36666667,0,1,80,60,5
2025/3/2 7:30,0,1,1,80,52,0,1,1,55.4,2,2,0,51,31.3,70,67.3,0,1,80,60,5
2025/3/2 7:45,0,1,1,80,52,0,1,1,55.4,2,2,0,50.66666667,31.16666667,70,67.26666667,0,1,80,60,5
2025/3/2 8:00,0,1,1,80,52,0,1,1,55.4,2,2,0,51,30.96666667,70,67.2,0,1,80,60,5
2025/3/2 8:15,0,1,1,80,52,0,1,1,55.73333333,2,2,0,51,29.86666667,70,67.2,0,1,80,60,5
2025/3/2 8:30,0,1,1,80,52,0,1,1,55.46666667,2,2,0,51,29.2,70,67.2,0,1,80,60,5
2025/3/2 8:45,0,1,1,80,52,0,1,1,55.33333333,2,2,0,51,29,70,67.06666667,0,1,80,60,5
2025/3/2 9:00,0,1,1,80,52,0,1,1,55.63333333,2,2,0,50.66666667,28.46666667,70,67,0,1,80,60,5
2025/3/2 9:15,0,1,1,80,52,0,1,1,55.66666667,2,2,0,51.66666667,27.8,70,67,0,1,80,60,5
2025/3/2 9:30,0,1,1,80,52,0,1,1,55.53333333,2,2,0,51.33333333,28.4,70,66.86666667,0,1,80,60,5
2025/3/2 9:45,0,1,1,80,52,0,1,1,55.63333333,2,2,0,51,28.26666667,70,66.8,0,1,80,60,5
2025/3/2 10:00,0,1,1,80,52,0,1,1,56.1,2,2,0,51,27.93333333,70,66.8,0,1,80,60,5
2025/3/2 10:15,0,1,1,80,52,0,1,1,56.2,2,2,0,50.66666667,28.66666667,70,66.8,0,1,80,60,5
2025/3/2 10:30,0,1,1,80,52,0,1,1,56.2,2,2,0,51,28.93333333,70,66.76666667,0,1,80,60,5
2025/3/2 10:45,0,1,1,80,52,0,1,1,56.1,2,2,0,51,29,70,66.7,0,1,80,60,5
2025/3/2 11:00,0,1,1,80,52,0,1,1,55.9,2,2,0,51,28.13333333,70,66.56666667,0,1,80,60,5
2025/3/2 11:15,0,1,1,80,52,0,1,1,55.7,2,2,0,51.33333333,27.33333333,70,66.5,0,1,80,60,5
2025/3/2 11:30,0,1,1,80,52,0,1,1,55.46666667,2,2,0,51.33333333,27,70,66.5,0,1,80,60,5
2025/3/2 11:45,0,1,1,80,52,0,1,1,55.4,2,2,0,51,26.86666667,70,66.43333333,0,1,80,60,5
2025/3/2 12:00,0,1,1,80,52,0,1,1,55.4,2,2,0,51,26.7,70,66.4,0,1,80,60,5
2025/3/2 12:15,0,1,1,80,52,0,1,1,55.26666667,2,2,0,51,27,70,66.4,0,1,80,60,5
2025/3/2 12:30,0,1,1,80,52,0,1,1,55.13333333,2,2,0,51,27.2,70,66.4,0,1,80,60,5
2025/3/2 12:45,0,1,1,80,52,0,1,1,55.13333333,2,2,0,49.66666667,28.26666667,70,66.4,0,1,80,60,5
2025/3/2 13:00,0,1,1,80,52,0,1,1,55.53333333,2,2,0,46,29.5,70,66.4,0,1,80,60,5
2025/3/2 13:15,0,1,1,80,52,0,1,1,55.83333333,2,2,0,42.33333333,31.03333333,70,66.5,0,1,80,60,5
2025/3/2 13:30,0,1,1,80,52,0,1,1,56.73333333,2,2,0,44.33333333,32.4,70,66.5,0,1,80,60,5
2025/3/2 13:45,0,1,1,80,52,0,1,1,57.76666667,2,2,0,42,33.06666667,70,66.63333333,0,1,80,60,5
2025/3/2 14:00,0,1,1,80,52,0,1,1,58.86666667,2,2,0,40.33333333,34.23333333,70,66.8,0,1,80,60,5
2025/3/2 14:15,0,1,1,80,52,0,1,1,59.9,2,2,0,36.66666667,35.76666667,70,67.06666667,0,1,80,60,5
2025/3/2 14:30,0,1,1,80,52,0,1,1,60.6,2,2,0,35.33333333,36.26666667,70,67.23333333,0,1,80,60,5
2025/3/2 14:45,0,1,1,80,52,0,1,1,61.4,2,2,0,35,37.13333333,70,67.43333333,0,1,80,60,5
2025/3/2 15:00,0,1,1,80,52,0,1,1,62.26666667,2,2,0,34,37.16666667,70,67.63333333,0,1,80,60,5
2025/3/2 15:15,0,1,1,80,52,0,1,1,62.93333333,2,2,0,31.33333333,37.93333333,70,67.8,0,1,80,60,5
2025/3/2 15:30,0,1,1,80,52,0,1,1,63.7,2,2,0,30,39.26666667,70,67.83333333,0,1,80,60,5
2025/3/2 15:45,0,1,1,80,52,0,1,1,64.26666667,2,2,0,30.33333333,39.2,70,68.1,0,1,80,60,5
2025/3/2 16:00,0,1,1,80,52,0,1,1,64.96666667,2,2,0,28.33333333,39.8,70,68.43333333,0,1,80,60,5
2025/3/2 16:15,0,1,1,80,52,0,1,1,65.5,2,2,0,29.33333333,40.46666667,70,68.63333333,0,1,80,60,5
2025/3/2 16:30,0,1,1,80,52,0,1,1,66.06666667,2,2,0,29,41.9,70,68.83333333,0,1,80,60,5
2025/3/2 16:45,0,1,1,80,52,0,1,1,66.6,2,2,0,27,42.1,70,68.96666667,0,1,80,60,5
2025/3/2 17:00,0,1,1,80,52,0,1,1,66.93333333,2,2,0,27.33333333,43.5,70,69.13333333,0,1,80,60,5
2025/3/2 17:15,0,1,1,80,52,0,1,1,67.33333333,2,2,0,27,43.9,70,69.26666667,0,1,80,60,5
2025/3/2 17:30,0,1,1,80,52,0,1,1,67.4,2,2,0,27,44.76666667,70,69.4,0,1,80,60,5
2025/3/2 17:45,0,1,1,80,52,0,1,1,67.46666667,2,2,0,27.66666667,44.2,70,69.4,0,1,80,60,5
2025/3/2 18:00,0,1,1,80,52,0,1,1,67.63333333,2,2,0,27,45.33333333,70,69.43333333,0,1,80,60,5
2025/3/2 18:15,0,1,1,80,52,0,1,1,67.83333333,2,2,0,27.33333333,46.23333333,70,69.5,0,1,80,60,5
2025/3/2 18:30,0,1,1,80,52,0,1,1,68,2,2,0,28,46.23333333,70,69.5,0,1,80,60,5
2025/3/2 18:45,0,1,1,80,52,0,1,1,68.2,2,2,0,28,48.5,70,69.5,0,1,80,60,5
2025/3/2 19:00,0,1,1,80,52,0,1,1,68.5,2,2,0,28,49.1,70,69.5,0,1,80,60,5
2025/3/2 19:15,0,1,1,80,52,0,1,1,68.5,2,2,0,28.66666667,49.73333333,70,69.5,0,1,80,60,5
2025/3/2 19:30,0,1,1,80,52,0,1,1,68.5,2,2,0,28.33333333,49.5,70,69.5,0,1,80,60,5
2025/3/2 19:45,0,1,1,80,52,0,1,1,68.5,2,2,0,29,49.9,70,69.5,0,1,80,60,5
2025/3/2 20:00,0,1,1,80,52,0,1,1,68.43333333,2,2,0,28.66666667,50.53333333,70,69.5,0,1,80,60,5
2025/3/2 20:15,0,1,1,80,52,0,1,1,68.3,2,2,0,30,51.33333333,70,69.43333333,0,1,80,60,5
2025/3/2 20:30,0,1,1,80,52,0,1,1,68.16666667,2,2,0,30,51.76666667,70,69.26666667,0,1,80,60,5
2025/3/2 20:45,0,1,1,80,52,0,1,1,68.06666667,2,2,0,30.33333333,52.46666667,70,68.96666667,0,1,80,60,5
2025/3/2 21:00,0,1,1,80,52,0,1,1,67.63333333,2,2,0,31.33333333,52.13333333,70,68.83333333,0,1,80,60,5
2025/3/2 21:15,0,1,1,80,52,0,1,1,67.03333333,2,2,0,31.33333333,51.13333333,70,68.66666667,0,1,80,60,5
2025/3/2 21:30,0,1,1,80,52,0,1,1,66.3,2,2,0,32.33333333,50.93333333,70,68.53333333,0,1,80,60,5
2025/3/2 21:45,0,1,1,80,52,0,1,1,65.7,2,2,0,32.33333333,51.26666667,70,68.4,0,1,80,60,5
2025/3/2 22:00,0,1,1,80,52,0,1,1,65.16666667,2,2,0,33,51,70,68.33333333,0,1,80,60,5
2025/3/2 22:15,0,1,1,80,52,0,1,1,64.66666667,2,2,0,35,49.9,70,68.16666667,0,1,80,60,5
2025/3/2 22:30,0,1,1,80,52,0,1,1,64.33333333,2,2,0,35,49.63333333,70,68.1,0,1,80,60,5
2025/3/2 22:45,0,1,1,80,52,0,1,1,63.7,2,2,0,35,47.46666667,70,67.9,0,1,80,60,5
2025/3/2 23:00,0,1,1,72.13333333,52,16.66666667,1.333333333,1,63.13333333,1,1,0,28.33333333,46.63333333,70,68.73333333,100,2,80,60,5
2025/3/2 23:15,0,1,1,68.2,52,0,1,1,62.93333333,1,1,0,23,48.3,70,69.23333333,100,2,80,60,5
2025/3/2 23:30,0,1,1,68.2,52,0,1,1,62.2,1,1,0,23,47.03333333,70,68,100,2,80,60,
2025/3/2 23:45,0,1,1,68.2,52,16.66666667,1,1,62.73333333,1,1,0,24.66666667,46.1,70,68.63333333,100,2,80,60,5
2025/3/3 0:00,0,1,1,68.2,52,0,1,1,62.56666667,1,1,0,24.33333333,46.66666667,70,69,100,2,80,60,5
2025/3/3 0:15,0,1,1,68.2,52,16.66666667,1.333333333,1,61.86666667,1,1,0,24.66666667,45.76666667,70,67.83333333,100,2,80,60,5
2025/3/3 0:30,0,1,1,68.2,52,16.66666667,1.333333333,1,62.66666667,1,1,0,25,46.26666667,70,69.03333333,100,2,80,60,1
2025/3/3 0:45,0,1,1,68.2,52,0,1,1,62.03333333,1,1,0,25,45.4,70,68.3,100,2,80,60,5
2025/3/3 1:00,0,1,1,68.2,52,0,1,1,61.5,1,1,0,26,44.03333333,70,67.6,100,2,80,60,5
2025/3/3 1:15,0,1,1,68.2,52,0,1,1,61.96666667,1,1,0,27.66666667,43.5,70,68,100,2,80,60,5
2025/3/3 1:30,0,1,1,68.2,52,0,1,1,62.66666667,1,1,0,28.66666667,44,70,69.26666667,100,2,80,60,5
2025/3/3 1:45,0,1,1,68.2,52,16.66666667,1.333333333,1,62.33333333,1,1,0,30,43.96666667,70,68.73333333,100,2,80,60,5
2025/3/3 2:00,0,1,1,68.2,52,0,1,1,62.5,1,1,0,31,44.13333333,70,68.93333333,100,2,80,60,5
2025/3/3 2:15,0,1,1,68.2,52,16.66666667,1.333333333,1,62.23333333,1,1,0,31,42.26666667,70,68.6,100,2,80,60,5
2025/3/3 2:30,0,1,1,68.2,52,0,1,1,62.63333333,1,1,0,31,43.56666667,70,69.23333333,100,2,80,60,5
2025/3/3 2:45,0,1,1,68.2,52,0,1,1,61.93333333,1,1,0,31,43.23333333,70,67.93333333,100,2,80,60,5
2025/3/3 3:00,0,1,1,68.2,52,16.66666667,1.333333333,1,62.5,1,1,0,31.33333333,43.3,70,69.1,100,2,80,60,1
2025/3/3 3:15,0,1,1,68.2,52,0,1,1,62.13333333,1,1,0,32,43.16666667,70,68.2,100,2,80,60,5
2025/3/3 3:30,0,1,1,68.2,52,16.66666667,1.333333333,1,62.63333333,1,1,0,32.33333333,42.9,70,69.4,100,2,80,60,1
2025/3/3 3:45,0,1,1,68.2,52,0,1,1,62.03333333,1,1,0,31,42.9,70,68.4,100,2,80,60,5
2025/3/3 4:00,0,1,1,68.2,52,16.66666667,1.333333333,1,62.1,1,1,0,32,41.83333333,70,68.66666667,100,2,80,60,5
2025/3/3 4:15,0,1,1,68.2,52,0,1,1,62.46666667,1,1,0,33,41.96666667,70,69.1,100,2,80,60,5
2025/3/3 4:30,0,1,1,68.2,52,16.66666667,1.333333333,1,62.06666667,1,1,0,32,40.93333333,70,68.66666667,100,2,80,60,5
2025/3/3 4:45,0,1,1,68.2,52,0,1,1,62.46666667,1,1,0,32,42.13333333,70,69.23333333,100,2,80,60,5
2025/3/3 5:00,0,1,1,68.2,52,16.66666667,1.333333333,1,61.66666667,1,1,0,32,41.3,70,67.93333333,100,2,80,60,5
2025/3/3 5:15,0,1,1,68.2,52,0,1,1,62.53333333,1,1,0,32.33333333,41.63333333,70,69.36666667,100,2,80,60,5
2025/3/3 5:30,0,1,1,68.2,52,16.66666667,1.333333333,1,61.6,1,1,0,33.66666667,41.36666667,70,68.03333333,100,2,80,60,5
2025/3/3 5:45,0,1,1,68.2,52,0,1,1,62.1,1,1,0,33.66666667,40.8,70,69.23333333,100,2,80,60,5
2025/3/3 6:00,0,1,1,68.2,52,0,1,1,61.96666667,1,1,0,34,41,70,68.46666667,100,2,80,60,5
2025/3/3 6:15,0,1,1,68.2,52,0,1,1,62.4,1,1,0,34.33333333,40.63333333,70,69.7,100,2,80,60,5
2025/3/3 6:30,0,1,1,68.2,52,16.66666667,1.333333333,1,61.86666667,1,1,0,37,39.9,70,68.76666667,100,2,80,60,5
2025/3/3 6:45,0,1,1,68.2,52,0,1,1,61.93333333,1,1,0,37.33333333,40.03333333,70,68.9,100,2,80,60,5
2025/3/3 7:00,0,1,1,68.2,52,16.66666667,1.333333333,1,62.13333333,1,1,0,37.66666667,39.6,70,69.26666667,100,2,80,60,1
2025/3/3 7:15,0,1,1,68.2,52,0,1,1,61.8,1,1,0,38,39.53333333,70,68.46666667,100,2,80,60,5
2025/3/3 7:30,0,1,1,68.2,52,0,1,1,62.2,1,1,0,37.66666667,39.46666667,70,69.36666667,100,2,80,60,5
2025/3/3 7:45,0,1,1,68.2,52,16.66666667,1.333333333,1,61.8,1,1,0,38.66666667,38.9,70,68.76666667,100,2,80,60,5
2025/3/3 8:00,0,1,1,68.2,52,0,1,1,61.8,1,1,0,39.33333333,38.96666667,70,68.76666667,100,2,80,60,5
2025/3/3 8:15,0,1,1,68.2,52,16.66666667,1.333333333,1,62.1,1,1,0,39.33333333,39.1,70,69.33333333,100,2,80,60,1
2025/3/3 8:30,0,1,1,68.2,52,0,1.333333333,1,61.86666667,1,1,0,39,38.96666667,70,68.8,100,2,80,60,5
2025/3/3 8:45,0,1,1,68.2,52,0,1,1,61.86666667,1,1,0,39,38.7,70,69.16666667,100,2,80,60,5
2025/3/3 9:00,0,1,1,68.2,52,16.66666667,1.333333333,1,61.8,1,1,0,39,38.13333333,70,69.26666667,100,2,80,60,1
2025/3/3 9:15,0,1,1,68.2,52,16.66666667,1,1,61.7,1,1,0,40,38.33333333,70,68.9,100,2,80,60,5
2025/3/3 9:30,0,1,1,68.2,52,0,1,1,61.93333333,1,1,0,39.66666667,39.63333333,70,69.16666667,100,2,80,60,5
2025/3/3 9:45,0,1,1,68.2,52,16.66666667,1.333333333,1,61.93333333,1,1,0,38.33333333,40.16666667,70,69.26666667,100,2,80,60,1
2025/3/3 10:00,0,1,1,68.2,52,0,1,1,61.66666667,1,1,0,38,39.83333333,70,68.66666667,100,2,80,60,5
2025/3/3 10:15,0,1,1,68.2,52,0,1,1,62,1,1,0,39,40.56666667,70,69.26666667,100,2,80,60,5
2025/3/3 10:30,0,1,1,68.2,52,0,1,1,62.1,1,1,0,36,41.13333333,70,69.3,100,2,80,60,5
2025/3/3 10:45,0,1,1,68.2,52,0,1,1,61.66666667,1,1,0,35.66666667,40.86666667,70,68.3,100,2,80,60,5
2025/3/3 11:00,0,1,1,68.2,52,0,1,1,62.1,1,1,0,37,41.26666667,70,69.53333333,100,2,80,60,5
2025/3/3 11:15,0,1,1,68.2,52,16.66666667,1,1,61.93333333,1,1,0,36.66666667,42.3,70,68.83333333,100,2,80,60,5
2025/3/3 11:30,0,1,1,68.2,52,16.66666667,1.333333333,1,61.93333333,1,1,0,34.66666667,43.06666667,70,68.63333333,100,2,80,60,5
2025/3/3 11:45,0,1,1,68.2,52,0,1,1,62.1,1,1,0,36,42,70,69.2,100,2,80,60,5
2025/3/3 12:00,0,1,1,68.2,52,16.66666667,1.333333333,1,61.9,1,1,0,37.33333333,41.63333333,70,68.73333333,100,2,80,60,5
2025/3/3 12:15,0,1,1,68.2,52,0,1,1,62,1,1,0,37.66666667,42.36666667,70,68.96666667,100,2,80,60,5
2025/3/3 12:30,0,1,1,68.2,52,16.66666667,1.333333333,1,62.13333333,1,1,0,37,42.3,70,69.16666667,100,2,80,60,1
2025/3/3 12:45,0,1,1,68.2,52,0,1.333333333,1,61.86666667,1,1,0,38,41.73333333,70,68.76666667,100,2,80,60,5
2025/3/3 13:00,0,1,1,68.2,52,0,1,1,62.1,1,1,0,39.66666667,41.7,70,69.2,100,2,80,60,5
2025/3/3 13:15,0,1,1,68.2,52,16.66666667,1.333333333,1,61.96666667,1,1,0,41.66666667,41.63333333,70,69.2,100,2,80,60,1
2025/3/3 13:30,0,1,1,68.2,52,16.66666667,1.333333333,1,61.83333333,1,1,0,41,42.66666667,70,68.2,100,2,80,60,5
2025/3/3 13:45,0,1,1,68.2,52,0,1,1,62.53333333,1,1,0,40,43.5,70,69.33333333,100,2,80,60,5
2025/3/3 14:00,0,1,1,68.2,52,0,1,1,62.1,1,1,0,38.66666667,44.53333333,70,68.2,100,2,80,60,5
2025/3/3 14:15,0,1,1,68.2,52,16.66666667,1.333333333,1,62.33333333,1,1,0,36.33333333,45.6,70,68.56666667,100,2,80,60,5
2025/3/3 14:30,0,1,1,68.2,52,0,1,1,62.76666667,1,1,0,35,46.73333333,70,69.36666667,100,2,80,60,5
2025/3/3 14:45,0,1,1,68.2,52,0,1,1,62.36666667,1,1,0,34.33333333,46.76666667,70,68.2,100,2,80,60,5
2025/3/3 15:00,0,1,1,68.2,52,0,1,1,62.23333333,1,1,0,32.33333333,47.76666667,70,67.9,100,2,80,60,5
2025/3/3 15:15,0,1,1,68.2,52,0,1,1,62.6,1,1,0,31,48.83333333,70,68.1,100,2,80,60,5
2025/3/3 15:30,0,1,1,68.2,52,0,1,1,63.7,1,1,0,28.66666667,51.36666667,70,69.86666667,100,2,80,60,5
2025/3/3 15:45,0,1,1,68.2,52,0,1,1,63.26666667,1,1,0,27.33333333,51.56666667,70,68.86666667,100,2,80,60,5
2025/3/3 16:00,0,1,1,68.2,52,0,1,1,63.2,1,1,0,27,52.23333333,70,68.7,100,2,80,60,5
2025/3/3 16:15,0,1,1,68.2,52,0,1,1,63.56666667,1,1,0,26,55.23333333,70,68.7,100,2,80,60,5
2025/3/3 16:30,0,1,1,68.2,52,0,1,1,63.93333333,1,1,0,24.33333333,57.26666667,70,68.8,100,2,80,60,5
2025/3/3 16:45,0,1,1,68.2,52,0,1,1,64,1,1,0,22.66666667,58.33333333,70,69.06666667,100,2,80,60,5
2025/3/3 17:00,0,1,1,68.2,52,0,1,1,64.5,1,1,0,21.66666667,59.33333333,70,69.2,100,2,80,60,5
2025/3/3 17:15,0,1,1,68.2,52,0,1,1,64.73333333,1,1,0,20,60.76666667,70,69.4,100,2,80,60,5
2025/3/3 17:30,0,1,1,68.2,52,0,1,1,64.96666667,1,1,0,18,60.66666667,70,69.46666667,100,2,80,60,5
2025/3/3 17:45,0,1,1,68.2,52,0,1,1,65,1,1,0,17,61.8,70,69.56666667,100,2,80,60,5
2025/3/3 18:00,0,1,1,68.2,52,0,1,1,64.73333333,1,1,0,16,61.13333333,70,69.73333333,100,2,80,60,5
2025/3/3 18:15,0,1,1,68.2,52,0,1,1,64.86666667,1,1,0,17,61.86666667,70,69.86666667,100,2,80,60,5
2025/3/3 18:30,0,1,1,68.2,52,0,1,1,65.06666667,1,1,0,16.33333333,62.7,70,70.23333333,100,2,80,60,5
2025/3/3 18:45,0,1,1,68.2,52,0,1,1,65.16666667,1,1,0,16,62.3,70,70.46666667,100,2,80,60,5
2025/3/3 19:00,0,1,1,68.2,52,0,1,1,65.33333333,1,1,0,16,62.43333333,70,70.6,100,2,80,60,5
2025/3/3 19:15,0,1,1,68.2,52,0,1,1,65.3,1,1,0,16.66666667,62.63333333,70,70.5,100,2,80,60,5
2025/3/3 19:30,0,1,1,68.2,52,0,1,1,65.4,1,1,0,15.66666667,63.23333333,70,70.3,100,2,80,60,5
2025/3/3 19:45,0,1,1,68.2,52,0,1,1,65.43333333,1,1,0,14.33333333,64,70,69.96666667,100,2,80,60,5
2025/3/3 20:00,0,1,1,68.2,52,0,1,1,65.3,1,1,0,14,63.7,70,69.8,100,2,80,60,5
2025/3/3 20:15,0,1,1,68.2,52,0,1,1,65.36666667,1,1,0,14,63.63333333,70,69.8,100,2,80,60,5
2025/3/3 20:30,0,1,1,68.2,52,0,1,1,65.46666667,1,1,0,14.66666667,63.56666667,70,69.73333333,100,2,80,60,5
2025/3/3 20:45,0,1,1,68.2,52,0,1,1,65.4,1,1,0,15,63.33333333,70,69.5,100,2,80,60,5
2025/3/3 21:00,0,1,1,68.2,52,0,1,1,65.6,1,1,0,14.66666667,64.23333333,70,69.4,100,2,80,60,5
2025/3/3 21:15,0,1,1,68.2,52,0,1,1,65.53333333,1,1,0,14,63.86666667,70,69.4,100,2,80,60,5
2025/3/3 21:30,0,1,1,68.2,52,0,1,1,65.66666667,1,1,0,14,64.1,70,69.26666667,100,2,80,60,5
2025/3/3 21:45,0,1,1,68.2,52,0,1,1,66,1,1,0,14,64.86666667,70,69.2,100,2,80,60,5
2025/3/3 22:00,0,1,1,68.2,52,0,1,1,65.96666667,1,1,0,14,64.33333333,70,69,100,2,80,60,5
2025/3/3 22:15,0,1,1,68.2,52,0,1,1,66.1,1,1,0,14,64.4,70,68.93333333,100,2,80,60,5
2025/3/3 22:30,0,1,1,68.2,52,0,1,1,65.8,1,1,0,14,63.66666667,70,68.9,100,2,80,60,5
2025/3/3 22:45,0,1,1,68.2,52,0,1,1,65.46666667,1,1,0,14.66666667,62.16666667,70,68.7,100,2,80,60,5
2025/3/3 23:00,0,1,1,68.2,52,0,1,1,65.3,1,1,0,15,61.06666667,70,68.7,100,2,80,60,5
2025/3/3 23:15,0,1,1,68.2,52,0,1,1,65.23333333,1,1,0,16,60.13333333,70,68.66666667,100,2,80,60,5
2025/3/3 23:30,0,1,1,68.2,52,0,1,1,65.06666667,1,1,0,16.33333333,59.16666667,70,68.53333333,100,2,80,60,5
2025/3/3 23:45,0,1,1,68.2,52,0,1,1,64.86666667,1,1,0,17.33333333,58.2,70,68.4,100,2,80,60,5
2025/3/4 0:00,0,1,1,68.2,52,0,1,1,64.53333333,1,1,0,18.33333333,57.1,70,68.36666667,100,2,80,60,5
2025/3/4 0:15,0,1,1,68.2,52,0,1,1,64.5,1,1,0,20.66666667,56.46666667,70,68.3,100,2,80,60,5
2025/3/4 0:30,0,1,1,68.2,52,0,1,1,64.43333333,1,1,0,21.66666667,55.63333333,70,68.23333333,100,2,80,60,5
2025/3/4 0:45,0,1,1,68.2,52,0,1,1,64.3,1,1,0,22.33333333,54.96666667,70,68.1,100,2,80,60,5
2025/3/4 1:00,0,1,1,68.2,52,0,1,1,64.23333333,1,1,0,23.66666667,54.4,70,68.1,100,2,80,60,5
2025/3/4 1:15,0,1,1,68.2,52,0,1,1,64.06666667,1,1,0,24.66666667,53.96666667,70,68.03333333,100,2,80,60,5
2025/3/4 1:30,0,1,1,68.2,52,0,1,1,64.13333333,1,1,0,25,54.2,70,67.9,100,2,80,60,5
2025/3/4 1:45,0,1,1,68.2,52,0,1,1,64.06666667,1,1,0,25,54.13333333,70,67.9,100,2,80,60,5
2025/3/4 2:00,0,1,1,68.2,52,0,1,1,63.93333333,1,1,0,25.66666667,53.56666667,70,67.9,100,2,80,60,5
2025/3/4 2:15,0,1,1,68.2,52,0,1,1,63.76666667,1,1,0,26.33333333,53.43333333,70,67.86666667,100,2,80,60,5
2025/3/4 2:30,0,1,1,68.2,52,0,1,1,63.5,1,1,0,27.66666667,52.63333333,70,67.8,100,2,80,60,5
2025/3/4 2:45,0,1,1,68.2,52,0,1,1,63.4,1,1,0,29.33333333,52.1,70,67.8,100,2,80,60,5
2025/3/4 3:00,0,1,1,68.2,52,0,1,1,63.4,1,1,0,30,52,70,67.6,100,2,80,60,5
2025/3/4 3:15,0,1,1,68.2,52,0,1,1,63.7,1,1,0,30,52.03333333,70,67.96666667,100,2,80,60,5
2025/3/4 3:30,0,1,1,68.2,52,0,1,1,64.7,1,1,0,30,53.6,70,69.8,100,2,80,60,5
2025/3/4 3:45,0,1,1,68.2,52,0,1,1,64.3,1,1,0,28,54,70,68.63333333,100,2,80,60,5
2025/3/4 4:00,0,1,1,68.2,52,0,1,1,64.06666667,1,1,0,27,53.33333333,70,68.16666667,100,2,80,60,5
2025/3/4 4:15,0,1,1,68.2,52,0,1,1,63.86666667,1,1,0,27,52.73333333,70,67.96666667,100,2,80,60,5
2025/3/4 4:30,0,1,1,68.2,52,0,1,1,63.8,1,1,0,26.66666667,52.33333333,70,67.9,100,2,80,60,5
2025/3/4 4:45,0,1,1,68.2,52,0,1,1,63.8,1,1,0,27.33333333,51.66666667,70,67.8,100,2,80,60,5
2025/3/4 5:00,0,1,1,68.2,52,0,1,1,64.56666667,1,1,0,28,51.83333333,70,69.13333333,100,2,80,60,5
2025/3/4 5:15,0,1,1,68.2,52,0,1,1,64.66666667,1,1,0,28,52.6,70,69.4,100,2,80,60,5
2025/3/4 5:30,0,1,1,68.2,52,0,1,1,64.06666667,1,1,0,28,52.6,70,68.43333333,100,2,80,60,5
2025/3/4 5:45,0,1,1,68.2,52,0,1,1,64,1,1,0,28.66666667,52.43333333,70,68.3,100,2,80,60,5
2025/3/4 6:00,0,1,1,68.2,52,0,1,1,63.76666667,1,1,0,29.33333333,51.9,70,68.3,100,2,80,60,5
2025/3/4 6:15,0,1,1,68.2,52,0,1,1,63.63333333,1,1,0,30,51.5,70,68.03333333,100,2,80,60,5
2025/3/4 6:30,0,1,1,68.2,52,0,1,1,63.5,1,1,0,30,51.5,70,67.83333333,100,2,80,60,5
2025/3/4 6:45,0,1,1,68.2,52,0,1,1,63.5,1,1,0,30,51.36666667,70,67.8,100,2,80,60,5
2025/3/4 7:00,0,1,1,68.2,52,16.66666667,1.333333333,1,63.9,1,1,0,30.33333333,51.53333333,70,68.63333333,100,2,80,60,5
2025/3/4 7:15,0,1,1,68.2,52,0,1,1,64.43333333,1,1,0,31,52.56666667,70,69.46666667,100,2,80,60,5
2025/3/4 7:30,0,1,1,68.2,52,0,1,1,63.8,1,1,0,30.66666667,51.63333333,70,68.13333333,100,2,80,60,5
2025/3/4 7:45,0,1,1,68.2,52,0,1,1,63.7,1,1,0,29.33333333,51.36666667,70,67.83333333,100,2,80,60,5
2025/3/4 8:00,0,1,1,68.2,52,16.66666667,1.333333333,1,64.56666667,1,1,0,29,52.26666667,70,69.2,100,2,80,60,1
2025/3/4 8:15,0,1,1,68.2,52,0,1,1,64.3,1,1,0,29,52.63333333,70,68.8,100,2,80,60,5
2025/3/4 8:30,0,1,1,68.2,52,0,1,1,63.73333333,1,1,0,30,51.4,70,68.1,100,2,80,60,5
2025/3/4 8:45,0,1,1,68.2,52,0,1,1,63.56666667,1,1,0,30,51.2,70,67.93333333,100,2,80,60,5
2025/3/4 9:00,0,1,1,68.2,52,0,1,1,64,1,1,0,29.66666667,51.56666667,70,68.7,100,2,80,60,5
2025/3/4 9:15,0,1,1,68.2,52,0,1,1,64.63333333,1,1,0,29,52.56666667,70,69.43333333,100,2,80,60,5
2025/3/4 9:30,0,1,1,68.2,52,0,1,1,64.06666667,1,1,0,29,52.66666667,70,68.2,100,2,80,60,5
2025/3/4 9:45,0,1,1,68.2,52,0,1,1,64,1,1,0,29,53.03333333,70,67.86666667,100,2,80,60,5
2025/3/4 10:00,0,1,1,68.2,52,16.66666667,1.333333333,1,64.53333333,1,1,0,29,53.63333333,70,68.83333333,100,2,80,60,5
2025/3/4 10:15,0,1,1,68.2,52,0,1,1,65.1,1,1,0,28.66666667,54.8,70,69.5,100,2,80,60,5
2025/3/4 10:30,0,1,1,68.2,52,0,1,1,64.66666667,1,1,0,27.33333333,55.2,70,68.33333333,100,2,80,60,5
2025/3/4 10:45,0,1,1,68.2,52,0,1,1,64.6,1,1,0,26.66666667,55.76666667,70,67.96666667,100,2,80,60,5
2025/3/4 11:00,0,1,1,68.2,52,0,1,1,64.6,1,1,0,25.33333333,56.73333333,70,67.9,100,2,80,60,5
2025/3/4 11:15,0,1,1,68.2,52,0,1,1,64.6,1,1,0,25,57.23333333,70,67.9,100,2,80,60,5
2025/3/4 11:30,0,1,1,68.2,52,0,1,1,64.86666667,1,1,0,25,57.36666667,70,68.16666667,100,2,80,60,5
2025/3/4 11:45,0,1,1,68.2,52,0,1,1,65.86666667,1,1,0,25,58.76666667,70,69.93333333,100,2,80,60,5
2025/3/4 12:00,0,1,1,68.2,52,0,1,1,65.26666667,1,1,0,25.33333333,58.6,70,68.76666667,100,2,80,60,5
2025/3/4 12:15,0,1,1,68.2,52,0,1,1,65.03333333,1,1,0,26.33333333,57.76666667,70,68.46666667,100,2,80,60,5
2025/3/4 12:30,0,1,1,68.2,52,0,1,1,65,1,1,0,27.33333333,57.46666667,70,68.2,100,2,80,60,5
2025/3/4 12:45,0,1,1,68.2,52,0,1,1,65,1,1,0,28,57.4,70,68.1,100,2,80,60,5
2025/3/4 13:00,0,1,1,68.2,52,0,1,1,64.76666667,0.666666667,1,0,28.33333333,57.4,70,67.9,100,2,80,60,5
2025/3/4 13:15,0,1,1,68.2,52,0,1,1,64.76666667,1,1,0,28.66666667,58.73333333,70,67.53333333,100,2,80,60,5
2025/3/4 13:30,0,1,1,68.2,52,0,1,1,65.43333333,1,1,0,28,59.56666667,70,68.46666667,100,2,80,60,5
2025/3/4 13:45,0,1,1,68.2,52,0,1,1,66.06666667,1,1,0,28,61.03333333,70,69.9,100,2,80,60,5
2025/3/4 14:00,0,1,1,68.2,52,0,1,1,65.9,1,1,0,27.33333333,61.86666667,70,69.03333333,100,2,80,60,5
2025/3/4 14:15,0,1,1,68.2,52,0,1,1,65.83333333,1,1,0,26.66666667,61.7,70,68.76666667,100,2,80,60,5
2025/3/4 14:30,0,1,1,68.2,52,0,1,1,66.1,1,1,0,25.66666667,62.13333333,70,68.7,100,2,80,60,5
2025/3/4 14:45,0,1,1,68.2,52,0,1,1,66.4,1,1,0,24.66666667,63.56666667,70,68.86666667,100,2,80,60,5
2025/3/4 15:00,0,1,1,68.2,52,0,1,1,66.6,1,1,0,24,63.83333333,70,69.2,100,2,80,60,5
2025/3/4 15:15,0,1,1,68.2,52,0,1,1,66.66666667,1,1,0,23.66666667,65.26666667,70,69.4,100,2,80,60,5
2025/3/4 15:30,0,1,1,68.2,52,0,1,1,66.7,1,1,0,22.66666667,65.93333333,70,69.4,100,2,80,60,5
2025/3/4 15:45,0,1,1,68.2,52,0,1,1,66.83333333,1,1,0,21.33333333,66.8,70,69.7,100,2,80,60,5
2025/3/4 16:00,0,1,1,68.2,52,0,1,1,67.06666667,1,1,0,21,66.7,70,69.86666667,100,2,80,60,5
2025/3/4 16:15,0,1,1,68.2,52,0,1,1,67.3,1,1,0,21,67.23333333,70,70.16666667,100,2,80,60,5
2025/3/4 16:30,0,1,1,68.2,52,0,1,1,67.83333333,1,1,0,20.66666667,69.46666667,70,70.3,100,2,80,60,5
2025/3/4 16:45,0,1,1,68.2,52,0,1,1,68.03333333,1,1,0,20,70.93333333,70,70.53333333,100,2,80,60,5
2025/3/4 17:00,0,1,1,68.2,52,0,1,1,68.3,1,1,0,19,71.8,70,71.03333333,100,2,80,60,5
2025/3/4 17:15,0,1,1,68.2,52,0,1,1,68.26666667,1,1,0,19,71.83333333,70,71.1,100,2,80,60,5
2025/3/4 17:30,0,1,1,68.2,52,0,1,1,67.96666667,1,1,0,20.66666667,70.6,70,71.1,100,2,80,60,5
2025/3/4 17:45,0,1,1,68.2,52,0,1,1,68.36666667,1,1,0,21.66666667,71.76666667,70,71.13333333,100,2,80,60,5
2025/3/4 18:00,0,1,1,68.2,52,0,1,1,68.66666667,1,1,0,22.66666667,72.56666667,70,71.26666667,100,2,80,60,5
2025/3/4 18:15,0,1,1,68.2,52,0,1,1,68.6,1,1,0,25,71.63333333,70,71.4,100,2,80,60,5
2025/3/4 18:30,0,1,1,68.2,52,0,1,1,68.83333333,1,1,0,27,71.6,70,71.5,100,2,80,60,5
2025/3/4 18:45,0,1,1,70.6,52,0,1,1,69.23333333,1,1,0,28.33333333,73.03333333,70,71.83333333,100,2,80,60,5
2025/3/4 19:00,0,1,1,71.8,52,0,1,1,67.9,1,1,0,29.66666667,71.6,70,71.66666667,100,2,80,60,5
2025/3/4 19:15,0,1,1,71.8,52,0,1,1,68.4,1,1,0,31,70.73333333,70,70.9,100,2,80,60,5
2025/3/4 19:30,0,1,1,71.8,52,0,1,1,68.6,1,1,0,32,71.03333333,70,70.9,100,2,80,60,5
2025/3/4 19:45,0,1,1,71.8,52,0,1,1,68.8,1,1,0,33,71.23333333,70,70.9,100,2,80,60,5
2025/3/4 20:00,0,1,1,71.8,52,0,1,1,68.8,1,1,0,34.33333333,71.46666667,70,70.9,100,2,80,60,5
2025/3/4 20:15,0,1,1,71.8,52,0,1,1,69.03333333,1,1,0,35.33333333,71.63333333,70,71.1,100,2,80,60,5
2025/3/4 20:30,0,1,1,71.8,52,0,1,1,69.16666667,1,1,0,36.33333333,71.9,70,71.1,100,2,80,60,5
2025/3/4 20:45,0,1,1,71.8,52,0,1,1,69.3,1,1,0,37.33333333,72,70,71.16666667,100,2,80,60,5
2025/3/4 21:00,0,1,1,71.8,52,0,1,1,69.3,1,1,0,38.66666667,71.7,70,71.2,100,2,80,60,5
2025/3/4 21:15,0,1,1,71.8,52,0,1,1,69.33333333,1,1,0,40,71.7,70,71.2,100,2,80,60,5
2025/3/4 21:30,0,1,1,71.8,52,0,1,1,69.4,1,1,0,40,71.3,70,71.2,100,2,80,60,5
2025/3/4 21:45,0,1,1,71.8,52,0,1,1,69.4,1,1,0,40.66666667,71.03333333,70,71.2,100,2,80,60,5
2025/3/4 22:00,0,1,1,71.8,52,0,1,1,69.4,1,1,0,42,70.73333333,70,71.2,100,2,80,60,5
2025/3/4 22:15,0,1,1,71.8,52,0,1,1,69.4,1,1,0,43,70.6,70,71.2,100,2,80,60,5
2025/3/4 22:30,0,1,1,71.8,52,0,1,1,69.4,1,1,0,43.66666667,70.53333333,70,71.2,100,2,80,60,5
2025/3/4 22:45,0,1,1,71.8,52,0,1,1,69.4,1,1,0,44.33333333,70.23333333,70,71.2,100,2,80,60,5
2025/3/4 23:00,0,1,1,71.8,52,0,1,1,69.4,1,1,0,45,70.03333333,70,71.13333333,100,2,80,60,5
2025/3/4 23:15,0,1,1,71.8,52,0,1,1,69.4,1,1,0,45,69.8,70,71.1,100,2,80,60,5
2025/3/4 23:30,0,1,1,71.8,52,0,1,1,69.4,1,1,0,45,69.73333333,70,71.03333333,100,2,80,60,5
2025/3/4 23:45,0,1,1,71.8,52,0,1,1,69.36666667,1,1,0,45,69.56666667,70,70.86666667,100,2,80,60,5
2025/3/5 0:00,0,1,1,71.8,52,0,1,1,69.16666667,1,1,0,46.33333333,69.36666667,70,70.8,100,2,80,60,5
2025/3/5 0:15,0,1,1,71.8,52,0,1,1,69.1,1,1,0,47.66666667,68.8,70,70.8,100,2,80,60,5
2025/3/5 0:30,0,1,1,71.8,52,0,1,1,69.03333333,1,1,2,50,67.2,70,70.8,100,2,80,60,5
2025/3/5 0:45,0,1,1,71.8,52,0,1,1,68.73333333,1,1,0,55,64.03333333,70,70.8,100,2,80,60,5
2025/3/5 1:00,0,1,1,71.8,52,0,1,1,68.53333333,1,1,0,58.66666667,62.9,70,70.8,100,2,80,60,5
2025/3/5 1:15,0,1,1,71.8,52,0,1,1,68.23333333,1,1,0,60.33333333,62.7,70,70.66666667,100,2,80,60,5
2025/3/5 1:30,0,1,1,71.8,52,0,1,1,68.1,1,1,0,61.66666667,62.46666667,70,70.6,100,2,80,60,5
2025/3/5 1:45,0,1,1,71.8,52,0,1,1,68.1,1,1,0,62,61.53333333,70,70.6,100,2,80,60,5
2025/3/5 2:00,0,1,1,71.8,52,0,1,1,68.1,1,1,0,61,62.53333333,70,70.53333333,100,2,80,60,5
2025/3/5 2:15,0,1,1,71.8,52,0,1,1,68.36666667,1,1,0,59,63.83333333,70,70.43333333,100,2,80,60,5
2025/3/5 2:30,0,1,1,71.8,52,0,1,1,68.5,1,1,0,57.33333333,64.5,70,70.3,100,2,80,60,5
2025/3/5 2:45,0,1,1,71.8,52,0,1,1,68.56666667,1,1,0,57,64.76666667,70,70.3,100,2,80,60,5
2025/3/5 3:00,0,1,1,71.8,52,0,1,1,68.56666667,1,1,0,58,63.43333333,70,70.3,100,2,80,60,5
2025/3/5 3:15,0,1,1,71.8,52,0,1,1,68.36666667,1,1,0,61.66666667,60.73333333,70,70.3,100,2,80,60,5
2025/3/5 3:30,0,1,1,71.8,52,0,1,1,68.16666667,1,1,0,64.66666667,60.26666667,70,70.36666667,100,2,80,60,5
2025/3/5 3:45,0,1,1,71.8,52,0,1,1,68.1,1,1,0,66,60.4,70,70.5,100,2,80,60,5
2025/3/5 4:00,0,1,1,71.8,52,0,1,1,68.1,1,1,0,66,60.56666667,70,70.5,100,2,80,60,5
2025/3/5 4:15,0,1,1,71.8,52,0,1,1,68.1,1,1,0,66.33333333,60.46666667,70,70.5,100,2,80,60,5
2025/3/5 4:30,0,1,1,71.8,52,0,1,1,68.1,1,1,0,67.33333333,60.43333333,70,70.5,100,2,80,60,5
2025/3/5 4:45,0,1,1,71.8,52,0,1,1,68.03333333,1,1,0,68,60.63333333,70,70.5,100,2,80,60,5
2025/3/5 5:00,0,1,1,71.8,52,0,1,1,68,1,1,0,68.33333333,60.76666667,70,70.5,100,2,80,60,5
2025/3/5 5:15,0,1,1,71.8,52,0,1,1,67.8,1,1,0,69.33333333,60.56666667,70,70.5,100,2,80,60,5
2025/3/5 5:30,0,1,1,71.8,52,0,1,1,67.8,1,1,0,71.33333333,60.36666667,70,70.5,100,2,80,60,5
2025/3/5 5:45,0,1,1,71.8,52,0,1,1,67.8,1,1,0,73.66666667,60.16666667,70,70.5,100,2,80,60,5
2025/3/5 6:00,0,1,1,71.8,52,0,1,1,67.8,1,1,0,75.33333333,59.2,70,70.5,100,2,80,60,5
2025/3/5 6:15,0,1,1,71.8,52,0,1,1,67.8,1,1,0,76.33333333,58.96666667,70,70.5,100,2,80,60,5
2025/3/5 6:30,0,1,1,71.8,52,0,1,1,67.93333333,1,1,0,71.33333333,59.53333333,70,70.43333333,100,2,80,60,5
2025/3/5 6:45,0,1,1,71.8,52,0,1,1,68,1,1,0,67.33333333,60.33333333,70,70.3,100,2,80,60,5
2025/3/5 7:00,0,1,1,71.8,52,0,1,1,68.1,1,1,0,65.33333333,61.06666667,70,70.3,100,2,80,60,5
2025/3/5 7:15,0,1,1,71.8,52,0,1,1,68.1,1,1,0,64,61.5,70,70.3,100,2,80,60,5
2025/3/5 7:30,0,1,1,71.8,52,0,1,1,68.1,1,1,0,64,61.6,70,70.23333333,100,2,80,60,5
2025/3/5 7:45,0,1,1,71.8,52,0,1,1,68.06666667,1,1,0,64,61.26666667,70,70.03333333,100,2,80,60,5
2025/3/5 8:00,0,1,1,71.8,52,0,1,1,68,1,1,0,64,60.9,70,70,100,2,80,60,5
2025/3/5 8:15,0,1,1,71.8,52,0,1,1,67.93333333,1,1,0,64,61.03333333,70,70,100,2,80,60,5
2025/3/5 8:30,0,1,1,71.8,52,0,1,1,67.8,1,1,0,63,60.96666667,70,70,100,2,80,60,5
2025/3/5 8:45,0,1,1,71.8,52,0,1,1,67.8,1,1,0,62,60.56666667,70,70.1,100,2,80,60,5
2025/3/5 9:00,0,1,1,71.8,52,0,1,1,67.76666667,1,1,0,62.33333333,60.2,70,70.1,100,2,80,60,5
2025/3/5 9:15,0,1,1,71.8,52,0,1,1,67.5,1,1,0,63.66666667,58.56666667,70,70.1,100,2,80,60,5
2025/3/5 9:30,0,1,1,71.8,52,0,1,1,67.43333333,1,1,0,65,58.3,70,70.1,100,2,80,60,5
2025/3/5 9:45,0,1,1,71.8,52,0,1,1,67.4,1,1,0,65,58.3,70,70.1,100,2,80,60,5
2025/3/5 10:00,0,1,1,71.8,52,0,1,1,67.2,1,1,0,64.33333333,58.16666667,70,70.03333333,100,2,80,60,5
2025/3/5 10:15,0,1,1,71.8,52,0,1,1,67.2,1,1,0,63.66666667,58.16666667,70,69.93333333,100,2,80,60,5
2025/3/5 10:30,0,1,1,71.8,52,0,1,1,67.2,1,1,0,63,57.93333333,70,69.8,100,2,80,60,5
2025/3/5 10:45,0,1,1,71.8,52,0,1,1,67.13333333,1,1,0,63,57.53333333,70,69.8,100,2,80,60,5
2025/3/5 11:00,0,1,1,71.8,52,0,1,1,67,1,1,0,63,57.3,70,69.8,100,2,80,60,5
2025/3/5 11:15,0,1,1,71.8,52,0,1,1,67,1,1,0,62.66666667,57.36666667,70,69.76666667,100,2,80,60,5
2025/3/5 11:30,0,1,1,71.8,52,0,1,1,67,1,1,0,62,57.13333333,70,69.7,100,2,80,60,5
2025/3/5 11:45,0,1,1,71.8,52,0,1,1,66.93333333,1,1,0,63,55.86666667,70,69.7,100,2,80,60,5
2025/3/5 12:00,0,1,1,71.8,52,0,1,1,66.66666667,1,1,0,64.66666667,54.83333333,70,69.63333333,100,2,80,60,5
2025/3/5 12:15,0,1,1,71.8,52,0,1,1,66.6,1,1,0,65.33333333,54.53333333,70,69.5,100,2,80,60,5
2025/3/5 12:30,0,1,1,71.8,52,0,1,1,66.6,1,1,0,65,54.5,70,69.5,100,2,80,60,5
2025/3/5 12:45,0,1,1,71.8,52,0,1,1,66.6,1,1,0,64,54.5,70,69.5,100,2,80,60,5
2025/3/5 13:00,0,1,1,71.8,52,0,1,1,66.63333333,1,1,0,64.66666667,54.8,70,69.5,100,2,80,60,5
2025/3/5 13:15,0,1,1,71.8,52,0,1,1,66.66666667,1,1,0,64,55.23333333,70,69.5,100,2,80,60,5
2025/3/5 13:30,0,1,1,71.8,52,0,1,1,66.7,1,1,0,63.66666667,55.43333333,70,69.5,100,2,80,60,5
2025/3/5 13:45,0,1,1,71.8,52,0,1,1,67.2,1,1,0,60.33333333,57.33333333,70,69.56666667,100,2,80,60,5
2025/3/5 14:00,0,1,1,71.8,52,0,1,1,67.2,1,1,0,58,57.96666667,70,69.8,100,2,80,60,5
2025/3/5 14:15,0,1,1,71.8,52,0,1,1,67.2,1,1,0,57.66666667,58.56666667,70,69.93333333,100,2,80,60,5
2025/3/5 14:30,0,1,1,71.8,52,0,1,1,67.2,1,1,0,58,58.16666667,70,70,100,2,80,60,
2025/3/5 14:45,0,1,1,71.8,52,0,1,1,67.2,1,1,0,58,58.3,70,70,100,2,80,60,5
2025/3/5 15:00,0,1,1,71.8,52,0,1,1,67.2,1,1,0,57.66666667,58.26666667,70,70,100,2,80,60,5
2025/3/5 15:15,0,1,1,71.8,52,0,1,1,66.66666667,1,1,0,59.33333333,53.6,70,70,100,2,80,60,5
2025/3/5 15:30,0,1,1,71.8,52,0,1,1,66,1,1,0,61.66666667,49.93333333,70,70,100,2,80,60,5
2025/3/5 15:45,0,1,1,71.8,52,0,1,1,65.83333333,1,1,0,60,48.96666667,70,70,100,2,80,60,5
2025/3/5 16:00,0,1,1,71.8,52,0,1,1,65.66666667,1,1,0,58,48.33333333,70,69.86666667,100,2,80,60,5
2025/3/5 16:15,0,1,1,71.8,52,0,1,1,65.6,1,1,0,56.66666667,49,70,69.73333333,100,2,80,60,5
2025/3/5 16:30,0,1,1,71.8,52,0,1,1,65.43333333,1,1,0,56,48.56666667,70,69.5,100,2,80,60,5
2025/3/5 16:45,0,1,1,71.8,52,0,1,1,65.06666667,1,1,0,56.66666667,47.06666667,70,69.5,100,2,80,60,5
2025/3/5 17:00,0,1,1,71.8,52,0,1,1,65.1,1,1,0,57,48.16666667,70,69.63333333,100,2,80,60,5
2025/3/5 17:15,0,1,1,71.8,52,0,1,1,65.06666667,1,1,0,57,47.6,70,69.7,100,2,80,60,5
2025/3/5 17:30,0,1,1,71.8,52,0,1,1,65,1,1,0,58,47.6,70,69.43333333,100,2,80,60,5
2025/3/5 17:45,0,1,1,71.8,52,0,1,1,65.06666667,1,1,0,58,48.03333333,70,69.4,100,2,80,60,5
2025/3/5 18:00,0,1,1,71.8,52,0,1,1,65.1,1,1,0,55.66666667,48.8,70,69.43333333,100,2,80,60,5
2025/3/5 18:15,0,1,1,71.8,52,0,1,1,64.96666667,1,1,0,55.66666667,46.43333333,70,69.56666667,100,2,80,60,5
2025/3/5 18:30,0,1,1,71.8,52,0,1,1,65.06666667,1,1,0,54.66666667,46.86666667,70,69.93333333,100,2,80,60,5
2025/3/5 18:45,0,1,1,71.8,52,0,1,1,65.06666667,1,1,0,54,47.26666667,70,70.23333333,100,2,80,60,5
2025/3/5 19:00,0,1,1,71.8,52,0,1,1,65.03333333,1,1,0,54.66666667,47.96666667,70,70.13333333,100,2,80,60,5
2025/3/5 19:15,0,1,1,71.8,52,0,1,1,65.06666667,1,1,0,55,46.4,70,69.83333333,100,2,80,60,5
2025/3/5 19:30,0,1,1,71.8,52,0,1,1,64.6,1,1,0,56.66666667,43.8,70,69.53333333,100,2,80,60,5
2025/3/5 19:45,0,1,1,71.8,52,0,1,1,64.53333333,1,1,0,54.66666667,44.4,70,69.33333333,100,2,80,60,5
2025/3/5 20:00,0,1,1,71.8,52,0,1,1,64.5,1,1,0,53.33333333,44.93333333,70,69.2,100,2,80,60,5
2025/3/5 20:15,0,1,1,71.8,52,0,1,1,64.5,1,1,0,52,45.13333333,70,69.33333333,100,2,80,60,5
2025/3/5 20:30,0,1,1,71.8,52,0,1,1,64.5,1,1,0,51.33333333,44.43333333,70,69.4,100,2,80,60,5
2025/3/5 20:45,0,1,1,71.8,52,0,1,1,64.3,1,1,0,49.33333333,45.03333333,70,69.4,100,2,80,60,5
2025/3/5 21:00,0,1,1,71.8,52,0,1,1,64.23333333,1,1,0,49,45.33333333,70,69.4,100,2,80,60,5
2025/3/5 21:15,0,1,1,71.8,52,0,1,1,64.3,1,1,0,49,45.13333333,70,69.2,100,2,80,60,5
2025/3/5 21:30,0,1,1,71.8,52,0,1,1,64.26666667,1,1,0,49.66666667,44.9,70,69,100,2,80,60,5
2025/3/5 21:45,0,1,1,71.8,52,0,1,1,64.13333333,1,1,0,51.33333333,44.6,70,68.9,100,2,80,60,5
2025/3/5 22:00,0,1,1,71.8,52,0,1,1,64.06666667,1,1,0,52,44.33333333,70,68.7,100,2,80,60,5
2025/3/5 22:15,0,1,1,71.8,52,0,1,1,63.83333333,1,1,0,52.66666667,43.16666667,70,68.7,100,2,80,60,5
2025/3/5 22:30,0,1,1,71.8,52,0,1,1,63.26666667,1,1,0,55.66666667,42.63333333,70,68.6,100,2,80,60,5
2025/3/5 22:45,0,1,1,71.8,52,0,1,1,63.2,1,1,0,56.66666667,42.8,70,68.4,100,2,80,60,5
2025/3/5 23:00,0,1,1,71.8,52,0,1,1,63.13333333,1,1,0,56,42.63333333,70,68.36666667,100,2,80,60,5
2025/3/5 23:15,0,1,1,70.6,52,0,1,1,63.13333333,1,1,0,54.66666667,43.2,70,68.23333333,100,2,80,60,5
2025/3/5 23:30,0,1,1,68.2,52,16.66666667,1.333333333,1,63.6,1,1,0,53.66666667,43.4,70,68.86666667,100,2,80,60,5
2025/3/5 23:45,0,1,1,68.2,52,0,1,1,63.7,1,1,0,52.33333333,43.6,70,69.46666667,100,2,80,60,5
2025/3/6 0:00,0,1,1,68.2,52,0,1,1,63.26666667,1,1,0,52,43.33333333,70,68.43333333,100,2,80,60,5
2025/3/6 0:15,0,1,1,68.2,52,0,1,1,63,1,1,0,52,42.7,70,68.03333333,100,2,80,60,5
2025/3/6 0:30,0,1,1,68.2,52,0,1,1,62.93333333,1,1,0,53,42.5,70,67.83333333,100,2,80,60,5
2025/3/6 0:45,0,1,1,68.2,52,16.66666667,1.333333333,1,62.93333333,1,1,0,53,42.6,70,67.83333333,100,2,80,60,5
2025/3/6 1:00,0,1,1,68.2,52,0,1,1,64.06666667,1,1,0,53,43.8,70,70,100,2,80,60,5
2025/3/6 1:15,0,1,1,68.2,52,0,1,1,63.26666667,1,1,0,53,43.23333333,70,68.6,100,2,80,60,5
2025/3/6 1:30,0,1,1,68.2,52,0,1,1,63.06666667,1,1,0,53,42.46666667,70,68.1,100,2,80,60,5
2025/3/6 1:45,0,1,1,68.2,52,0,1,1,62.93333333,1,1,0,53,41.96666667,70,67.83333333,100,2,80,60,5
2025/3/6 2:00,0,1,1,68.2,52,0,1,1,63.3,1,1,0,53.66666667,42.36666667,70,68.7,100,2,80,60,5
2025/3/6 2:15,0,1,1,68.2,52,0,1,1,63.46666667,1,1,0,53.66666667,43.46666667,70,69.1,100,2,80,60,5
2025/3/6 2:30,0,1,1,68.2,52,0,1,1,62.93333333,1,1,0,53,42.8,70,68.33333333,100,2,80,60,5
2025/3/6 2:45,0,1,1,68.2,52,0,1,1,62.9,1,1,0,53,42.76666667,70,68.03333333,100,2,80,60,5
2025/3/6 3:00,0,1,1,68.2,52,16.66666667,1.333333333,1,62.76666667,1,1,0,53,42.33333333,70,67.76666667,100,2,80,60,5
2025/3/6 3:15,0,1,1,68.2,52,0,1,1,63.66666667,1,1,0,53.33333333,43.33333333,70,69.36666667,100,2,80,60,5
2025/3/6 3:30,0,1,1,68.2,52,0,1,1,62.93333333,1,1,0,53,43.26666667,70,68.43333333,100,2,80,60,5
2025/3/6 3:45,0,1,1,68.2,52,0,1,1,62.7,1,1,0,53.33333333,43.46666667,70,68.03333333,100,2,80,60,5
2025/3/6 4:00,0,1,1,68.2,52,0,1,1,62.7,1,1,0,54,43.16666667,70,67.83333333,100,2,80,60,5
2025/3/6 4:15,0,1,1,68.2,52,16.66666667,1.333333333,1,63.53333333,1,1,0,55,43.66666667,70,69.56666667,100,2,80,60,1
2025/3/6 4:30,0,1,1,68.2,52,0,1,1,63,1,1,0,55,43.43333333,70,68.7,100,2,80,60,5
2025/3/6 4:45,0,1,1,68.2,52,0,1,1,62.63333333,1,1,0,55.66666667,43,70,67.96666667,100,2,80,60,5
2025/3/6 5:00,0,1,1,68.2,52,0,1,1,62.73333333,1,1,0,56.33333333,43.4,70,67.9,100,2,80,60,5
2025/3/6 5:15,0,1,1,68.2,52,0,1,1,63.66666667,1,1,0,56.33333333,45,70,69.8,100,2,80,60,5
2025/3/6 5:30,0,1,1,68.2,52,0,1,1,62.93333333,1,1,0,56,44.2,70,68.26666667,100,2,80,60,5
2025/3/6 5:45,0,1,1,68.2,52,16.66666667,1.333333333,1,62.73333333,1,1,0,56.33333333,43.66666667,70,67.86666667,100,2,80,60,5
2025/3/6 6:00,0,1,1,68.2,52,0,1,1,63.63333333,1,1,0,56.66666667,44.83333333,70,69.83333333,100,2,80,60,5
2025/3/6 6:15,0,1,1,68.2,52,0,1,1,62.93333333,1,1,0,56,44.33333333,70,68.36666667,100,2,80,60,5
2025/3/6 6:30,0,1,1,68.2,52,0,1,1,62.66666667,1,1,0,56,43.26666667,70,67.93333333,100,2,80,60,5
2025/3/6 6:45,0,1,1,68.2,52,0,1,1,63.33333333,1,1,0,56,43.56666667,70,69.1,100,2,80,60,5
2025/3/6 7:00,0,1,1,68.2,52,0,1,1,62.86666667,1,1,0,56,43.23333333,70,68.46666667,100,2,80,60,5
2025/3/6 7:15,0,1,1,68.2,52,16.66666667,1.333333333,1,63.1,1,1,0,56.33333333,42.56666667,70,68.83333333,100,2,80,60,5
2025/3/6 7:30,0,1,1,68.2,52,0,1,1,63.26666667,1,1,0,57,42.73333333,70,69.33333333,100,2,80,60,5
2025/3/6 7:45,0,1,1,68.2,52,16.66666667,1.333333333,1,62.43333333,1,1,0,57,41,70,67.93333333,100,2,80,60,5
2025/3/6 8:00,0,1,1,68.2,52,0,1,1,63.5,1,1,0,57.33333333,42.63333333,70,69.96666667,100,2,80,60,5
2025/3/6 8:15,0,1,1,68.2,52,0,1,1,62.5,1,1,0,57,41.46666667,70,68.1,100,2,80,60,5
2025/3/6 8:30,0,1,1,68.2,52,16.66666667,1.333333333,1,63.06666667,1,1,0,57,42.16666667,70,69.36666667,100,2,80,60,1
2025/3/6 8:45,0,1,1,68.2,52,0,1,1,62.6,1,1,0,56.33333333,41.76666667,70,68.63333333,100,2,80,60,5
2025/3/6 9:00,0,1,1,68.2,52,0,1,1,62.23333333,1,1,0,56.66666667,40.83333333,70,67.8,100,2,80,60,5
2025/3/6 9:15,0,1,1,68.2,52,16.66666667,1.333333333,1,63,1,1,0,56,41.46666667,70,69.3,100,2,80,60,1
2025/3/6 9:30,0,1,1,68.2,52,0,1,1,62.46666667,1,1,0,55,41.8,70,68.4,100,2,80,60,5
2025/3/6 9:45,0,1,1,68.2,52,16.66666667,1.333333333,1,62.93333333,1,1,0,55,42,70,69.2,100,2,80,60,1
2025/3/6 10:00,0,1,1,68.2,52,0,1,1,62.46666667,1,1,0,54,41.9,70,68.2,100,2,80,60,5
2025/3/6 10:15,0,1,1,68.2,52,0,1,1,63.03333333,1,1,0,53.66666667,42.46666667,70,69.36666667,100,2,80,60,5
2025/3/6 10:30,0,1,1,68.2,52,0,1,1,62.76666667,1,1,0,53,43.13333333,70,68.6,100,2,80,60,5
2025/3/6 10:45,0,1,1,68.2,52,0,1,1,62.93333333,1,1,0,52.33333333,42.96666667,70,68.86666667,100,2,80,60,5
2025/3/6 11:00,0,1,1,68.2,52,0,1,1,62.76666667,1,1,0,52,42.63333333,70,68.9,100,2,80,60,5
2025/3/6 11:15,0,1,1,68.2,52,0,1,1,62.7,1,1,0,52.33333333,41.96666667,70,68.23333333,100,2,80,60,5
2025/3/6 11:30,0,1,1,68.2,52,0,1,1,63.13333333,1,1,0,51.66666667,43.46666667,70,69.56666667,100,2,80,60,5
2025/3/6 11:45,0,1,1,68.2,52,16.66666667,1.333333333,1,62.36666667,1,1,0,51,42.5,70,67.9,100,2,80,60,5
2025/3/6 12:00,0,1,1,68.2,52,0,1,1,63.1,1,1,0,51.66666667,43.2,70,69.56666667,100,2,80,60,5
2025/3/6 12:15,0,1,1,68.2,52,16.66666667,1.333333333,1,62.4,1,1,0,51,43.2,70,68.03333333,100,2,80,60,
2025/3/6 12:30,0,1,1,68.2,52,16.66666667,1,1,62.96666667,1,1,0,51,43.26666667,70,69.23333333,100,2,80,60,1
2025/3/6 12:45,0,1,1,68.2,52,0,1.333333333,1,62.43333333,1,1,0,51,42.63333333,70,68.16666667,100,2,80,60,5
2025/3/6 13:00,0,1,1,68.2,52,16.66666667,1,1,63,1,1,0,51,42.9,70,69.3,100,2,80,60,1
2025/3/6 13:15,0,1,1,68.2,52,0,1,1,62.36666667,1,1,0,51,42.6,70,68.2,100,2,80,60,5
2025/3/6 13:30,0,1,1,68.2,52,16.66666667,1.333333333,1,62.83333333,1,1,0,51,42.53333333,70,69.46666667,100,2,80,60,1
2025/3/6 13:45,0,1,1,68.2,52,0,1,1,62.4,1,1,0,51,42.36666667,70,68.4,100,2,80,60,5
2025/3/6 14:00,0,1,1,68.2,52,0,1,1,62.56666667,1,1,0,51,41.7,70,68.9,100,2,80,60,5
2025/3/6 14:15,0,1,1,68.2,52,0,1,1,62.46666667,1,1,0,51.33333333,42.96666667,70,68.93333333,100,2,80,60,5
2025/3/6 14:30,0,1,1,68.2,52,0,1,1,62.1,1,1,0,50.66666667,43.43333333,70,67.96666667,100,2,80,60,5
2025/3/6 14:45,0,1,1,68.2,52,16.66666667,1.333333333,1,62.6,1,1,0,50,43.73333333,70,68.86666667,100,2,80,60,5
2025/3/6 15:00,0,1,1,68.2,52,0,1,1,62.76666667,1,1,0,49.33333333,45.4,70,68.96666667,100,2,80,60,5
2025/3/6 15:15,0,1,1,68.2,52,0,1,1,62.6,1,1,0,49,44.66666667,70,68.13333333,100,2,80,60,5
2025/3/6 15:30,0,1,1,68.2,52,0,1,1,63.2,1,1,0,49,45.46666667,70,69.76666667,100,2,80,60,5
2025/3/6 15:45,0,1,1,68.2,52,0,1,1,62.53333333,1,1,0,49,45.23333333,70,68.76666667,100,2,80,60,5
2025/3/6 16:00,0,1,1,68.2,52,0,1,1,62.46666667,1,1,0,48.66666667,45.6,70,68.26666667,100,2,80,60,5
2025/3/6 16:15,0,1,1,68.2,52,0,1,1,62.76666667,1,1,0,48.66666667,47.2,70,68.1,100,2,80,60,5
2025/3/6 16:30,0,1,1,68.2,52,0,1,1,62.83333333,1,1,0,47.33333333,47.2,70,68.1,100,2,80,60,5
2025/3/6 16:45,0,1,1,68.2,52,0,1,1,63.2,1,1,0,45,49.7,70,68.43333333,100,2,80,60,5
2025/3/6 17:00,0,1,1,68.2,52,0,1,1,63.73333333,1,1,0,42.33333333,50.9,70,68.8,100,2,80,60,5
2025/3/6 17:15,0,1,1,68.2,52,0,1,1,63.46666667,1,1,0,39.33333333,49.9,70,68.9,100,2,80,60,5
2025/3/6 17:30,0,1,1,68.2,52,0,1,1,63.36666667,1,1,0,39.66666667,50.46666667,70,68.9,100,2,80,60,5
2025/3/6 17:45,0,1,1,68.2,52,0,1,1,63.83333333,1,1,0,39,51.6,70,69.06666667,100,2,80,60,5
2025/3/6 18:00,0,1,1,68.2,52,0,1,1,63.9,1,1,0,38.66666667,50.86666667,70,69.26666667,100,2,80,60,5
2025/3/6 18:15,0,1,1,68.2,52,0,1,1,64.2,1,1,0,38,53.13333333,70,69.56666667,100,2,80,60,5
2025/3/6 18:30,0,1,1,68.2,52,0,1,1,64.33333333,1,1,0,36.33333333,53.43333333,70,69.96666667,100,2,80,60,5
2025/3/6 18:45,0,1,1,68.2,52,0,1,1,64.6,1,1,0,36,54.4,70,70.3,100,2,80,60,5
2025/3/6 19:00,0,1,1,68.2,52,0,1,1,64.53333333,1,1,0,35.33333333,54.23333333,70,70.3,100,2,80,60,5
2025/3/6 19:15,0,1,1,68.2,52,0,1,1,64.5,1,1,0,35,54.46666667,70,70.1,100,2,80,60,5
2025/3/6 19:30,0,1,1,68.2,52,0,1,1,64.5,1,1,0,35,55.86666667,70,69.96666667,100,2,80,60,5
2025/3/6 19:45,0,1,1,68.2,52,0,1,1,64.5,1,1,0,35.33333333,53.33333333,70,69.76666667,100,2,80,60,5
2025/3/6 20:00,0,1,1,68.2,52,0,1,1,64.5,1,1,0,34.66666667,54.3,70,69.7,100,2,80,60,5
2025/3/6 20:15,0,1,1,68.2,52,0,1,1,64.5,1,1,0,34,52.9,70,69.76666667,100,2,80,60,5
2025/3/6 20:30,0,1,1,68.2,52,0,1,1,64.5,1,1,0,34,55.73333333,70,69.8,100,2,80,60,5
2025/3/6 20:45,0,1,1,68.2,52,0,1,1,64.5,1,1,0,35,56.5,70,69.73333333,100,2,80,60,5
2025/3/6 21:00,0,1,1,68.2,52,0,1,1,64.5,1,1,0,35,55.3,70,69.63333333,100,2,80,60,5
2025/3/6 21:15,0,1,1,68.2,52,0,1,1,64.5,1,1,0,35,57.96666667,70,69.2,100,2,80,60,5
2025/3/6 21:30,0,1,1,68.2,52,0,1,1,64.5,1,1,0,34.33333333,55.46666667,70,68.86666667,100,2,80,60,5
2025/3/6 21:45,0,1,1,68.2,52,0,1,1,64.36666667,1,1,0,35,56.33333333,70,68.63333333,100,2,80,60,5
2025/3/6 22:00,0,1,1,68.2,52,0,1,1,64.3,1,1,0,34.33333333,55.33333333,70,68.46666667,100,2,80,60,5
2025/3/6 22:15,0,1,1,68.2,52,0,1,1,64.16666667,1,1,0,34,55.2,70,68.4,100,2,80,60,5
2025/3/6 22:30,0,1,1,68.2,52,0,1,1,64,1,1,0,34,54.06666667,70,68.3,100,2,80,60,5
2025/3/6 22:45,0,1,1,68.2,52,0,1,1,63.86666667,1,1,0,34.66666667,52.36666667,70,68.1,100,2,80,60,5
2025/3/6 23:00,0,1,1,68.2,52,0,1,1,63.76666667,1,1,0,35,51.56666667,70,68.03333333,100,2,80,60,5
2025/3/6 23:15,0,1,1,68.2,52,0,1,1,63.56666667,1,1,0,36,51,70,67.9,100,2,80,60,5
2025/3/6 23:30,0,1,1,68.2,52,0,1,1,63.4,1,1,0,36,50.36666667,70,67.83333333,100,2,80,60,5
2025/3/6 23:45,0,1,1,68.2,52,0,1,1,63.33333333,1,1,0,36,50.06666667,70,67.73333333,100,2,80,60,5
2025/3/7 0:00,0,1,1,68.2,52,0,1,1,63.13333333,1,1,0,36,49.43333333,70,67.56666667,100,2,80,60,5
2025/3/7 0:15,0,1,1,68.2,52,0,1,1,62.8,1,1,0,36.33333333,49.16666667,70,67.5,100,2,80,60,5
2025/3/7 0:30,0,1,1,68.2,52,0,1,1,63.5,1,1,0,38.33333333,48.53333333,70,68.63333333,100,2,80,60,5
2025/3/7 0:45,0,1,1,68.2,52,0,1,1,63.36666667,1,1,0,39,49.1,70,68.93333333,100,2,80,60,5
2025/3/7 1:00,0,1,1,68.2,52,0,1,1,62.73333333,1,1,0,39,48.16666667,70,67.93333333,100,2,80,60,5
2025/3/7 1:15,0,1,1,68.2,52,16.66666667,1.333333333,1,63.33333333,1,1,0,39.33333333,47.56666667,70,68.66666667,100,2,80,60,5
2025/3/7 1:30,0,1,1,68.2,52,0,1,1,63.43333333,1,1,0,39.66666667,48.93333333,70,69.1,100,2,80,60,5
2025/3/7 1:45,0,1,1,68.2,52,0,1,1,63,1,1,0,40.33333333,48,70,68,100,2,80,60,5
2025/3/7 2:00,0,1,1,68.2,52,0,1,1,63.56666667,1,1,0,40.66666667,47.2,70,69.23333333,100,2,80,60,5
2025/3/7 2:15,0,1,1,68.2,52,0,1,1,62.93333333,1,1,0,40,47.2,70,68.8,100,2,80,60,5
2025/3/7 2:30,0,1,1,68.2,52,16.66666667,1.333333333,1,62.46666667,1,1,0,41.33333333,46.26666667,70,67.83333333,100,2,80,60,5
2025/3/7 2:45,0,1,1,68.2,52,0,1,1,63.56666667,1,1,0,42,46.9,70,69.23333333,100,2,80,60,5
2025/3/7 3:00,0,1,1,68.2,52,0,1,1,62.73333333,1,1,0,42.33333333,47.23333333,70,68.2,100,2,80,60,5
2025/3/7 3:15,0,1,1,68.2,52,0,1,1,62.43333333,1,1,0,43,46.23333333,70,67.63333333,100,2,80,60,5
2025/3/7 3:30,0,1,1,68.2,52,0,1,1,62.1,1,1,0,43.66666667,46.2,70,67.43333333,100,2,80,60,5
2025/3/7 3:45,0,1,1,68.2,52,16.66666667,1.333333333,1,63.4,1,1,0,44,47.3,70,69,100,2,80,60,1
2025/3/7 4:00,0,1,1,68.2,52,0,1,1,62.96666667,1,1,0,44,48.23333333,70,68.4,100,2,80,60,5
2025/3/7 4:15,0,1,1,68.2,52,0,1,1,62.53333333,1,1,0,45,47.46666667,70,67.63333333,100,2,80,60,5
2025/3/7 4:30,0,1,1,68.2,52,0,1,1,62.36666667,1,1,0,45.33333333,47.1,70,67.36666667,100,2,80,60,5
2025/3/7 4:45,0,1,1,68.2,52,16.66666667,1.333333333,1,63.36666667,1,1,0,46,47.53333333,70,69,100,2,80,60,1
2025/3/7 5:00,0,1,1,68.2,52,0,1,1,62.93333333,1,1,0,46,48.53333333,70,68.26666667,100,2,80,60,5
2025/3/7 5:15,0,1,1,68.2,52,0,1,1,63.53333333,1,1,0,47,47.6,70,69,100,2,80,60,5
2025/3/7 5:30,0,1,1,68.2,52,0,1,1,63,1,1,0,47.66666667,48,70,68.83333333,100,2,80,60,5
2025/3/7 5:45,0,1,1,68.2,52,16.66666667,1.333333333,1,63.06666667,1,1,0,48,47.06666667,70,68.43333333,100,2,80,60,5
2025/3/7 6:00,0,1,1,68.2,52,0,1,1,63.36666667,1,1,0,48.66666667,47.4,70,69.43333333,100,2,80,60,5
2025/3/7 6:15,0,1,1,68.2,52,0,1,1,62.66666667,1,1,0,48.66666667,47.43333333,70,68.1,100,2,80,60,5
2025/3/7 6:30,0,1,1,68.2,52,0,1,1,63.13333333,1,1,0,48,47.63333333,70,68.66666667,100,2,80,60,5
2025/3/7 6:45,0,1,1,68.2,52,0,1,1,63.06666667,1,1,0,48,48.46666667,70,68.86666667,100,2,80,60,5
2025/3/7 7:00,0,1,1,68.2,52,16.66666667,1.333333333,1,62.63333333,1,1,0,49,47.76666667,70,67.76666667,100,2,80,60,5
2025/3/7 7:15,0,1,1,68.2,52,0,1,1,63.56666667,1,1,0,50.33333333,48.03333333,70,69.4,100,2,80,60,5
2025/3/7 7:30,0,1,1,68.2,52,0,1,1,62.66666667,1,1,0,52,47.13333333,70,68.16666667,100,2,80,60,5
2025/3/7 7:45,0,1,1,68.2,52,16.66666667,1.333333333,1,63.33333333,1,1,0,52.33333333,46.56666667,70,69.1,100,2,80,60,1
2025/3/7 8:00,0,1,1,68.2,52,0,1,1,62.76666667,1,1,0,51.33333333,47.4,70,68.33333333,100,2,80,60,5
2025/3/7 8:15,0,1,1,68.2,52,0,1,1,63.36666667,1,1,0,50,47.6,70,68.93333333,100,2,80,60,5
2025/3/7 8:30,0,1,1,68.2,52,0,1,1,63,1,1,0,51,48.03333333,70,68.9,100,2,80,60,5
2025/3/7 8:45,0,1,1,68.2,52,16.66666667,1.333333333,1,62.63333333,1,1,0,50,47.73333333,70,67.86666667,100,2,80,60,5
2025/3/7 9:00,0,1,1,68.2,52,0,1,1,63.83333333,1,1,0,48.66666667,48,70,69.73333333,100,2,80,60,5
2025/3/7 9:15,0,1,1,68.2,52,0,1,1,62.76666667,1,1,0,49.66666667,49,70,68.2,100,2,80,60,5
2025/3/7 9:30,0,1,1,68.2,52,0,1,1,63.43333333,1,1,0,51.33333333,48.1,70,68.9,100,2,80,60,5
2025/3/7 9:45,0,1,1,68.2,52,0,1,1,63.1,1,1,0,51.66666667,48.83333333,70,68.7,100,2,80,60,5
2025/3/7 10:00,0,1,1,68.2,52,0,1,1,63.13333333,1,1,0,50,48.43333333,70,68.2,100,2,80,60,5
2025/3/7 10:15,0,1,1,68.2,52,0,1,1,63.7,1,1,0,48.66666667,49.73333333,70,69.53333333,100,2,80,60,5
2025/3/7 10:30,0,1,1,68.2,52,0,1,1,62.9,1,1,0,48,48.5,70,68,100,2,80,60,5
2025/3/7 10:45,0,1,1,68.2,52,16.66666667,1.333333333,1,63.53333333,1,1,0,48,49.63333333,70,69.2,100,2,80,60,1
2025/3/7 11:00,0,1,1,68.2,52,0,1,1,63.03333333,1,1,0,47.66666667,50.13333333,70,68.36666667,100,2,80,60,5
2025/3/7 11:15,0,1,1,68.2,52,16.66666667,1.333333333,1,63.16666667,1,1,0,51,47.9,70,68.56666667,100,2,80,60,5
2025/3/7 11:30,0,1,1,68.2,52,0,1,1,63.36666667,1,1,0,50.66666667,49.06666667,70,68.96666667,100,2,80,60,5
2025/3/7 11:45,0,1,1,68.2,52,16.66666667,1.333333333,1,63.3,1,1,0,49.33333333,48.36666667,70,68.7,100,2,80,60,5
2025/3/7 12:00,0,1,1,68.2,52,0,1,1,63.63333333,1,1,0,51,49.06666667,70,69.46666667,100,2,80,60,5
2025/3/7 12:15,0,1,1,68.2,52,0,1,1,62.86666667,1,1,0,51.33333333,48.1,70,67.86666667,100,2,80,60,5
2025/3/7 12:30,0,1,1,68.2,52,16.66666667,1.333333333,1,63.63333333,1,1,0,53,47.46666667,70,69.4,100,2,80,60,1
2025/3/7 12:45,0,1,1,68.2,52,0,1,1,63.1,1,1,0,52.66666667,47.9,70,68.36666667,100,2,80,60,5
2025/3/7 13:00,0,1,1,68.2,52,0,1,1,63.43333333,1,1,0,52,47.36666667,70,68.9,100,2,80,60,5
2025/3/7 13:15,0,1,1,68.2,52,0,1,1,63.3,1,1,0,52,47.6,70,68.73333333,100,2,80,60,5
2025/3/7 13:30,0,1,1,68.2,52,16.66666667,1.333333333,1,63.36666667,1,1,0,52.66666667,47.63333333,70,68.53333333,100,2,80,60,5
2025/3/7 13:45,0,1,1,68.2,52,0,1,1,63.86666667,1,1,0,52.33333333,49,70,69.36666667,100,2,80,60,5
2025/3/7 14:00,0,1,1,68.2,52,0,1,1,63.4,1,1,0,51,49.3,70,68.2,100,2,80,60,5
2025/3/7 14:15,0,1,1,68.2,52,0,1,1,63.4,1,1,0,49.33333333,50,70,67.96666667,100,2,80,60,5
2025/3/7 14:30,0,1,1,68.2,52,0,1,1,63.46666667,1,1,0,45.66666667,51.46666667,70,67.9,100,2,80,60,5
2025/3/7 14:45,0,1,1,68.2,52,16.66666667,1.333333333,1,64,1,1,0,43,52.73333333,70,68.7,100,2,80,60,5
2025/3/7 15:00,0,1,1,68.2,52,0,1,1,64.63333333,1,1,0,40.66666667,53.3,70,69.6,100,2,80,60,5
2025/3/7 15:15,0,1,1,68.2,52,0,1,1,64.06666667,1,1,0,40,53.06666667,70,68.43333333,100,2,80,60,5
2025/3/7 15:30,0,1,1,68.2,52,0,1,1,64.13333333,1,1,0,39.33333333,53.8,70,68.23333333,100,2,80,60,5
2025/3/7 15:45,0,1,1,68.2,52,0,1,1,64.2,1,1,0,38.66666667,54.3,70,68.16666667,100,2,80,60,5
2025/3/7 16:00,0,1,1,68.2,52,0,1,1,64.63333333,1,1,0,37.33333333,56.36666667,70,68.53333333,100,2,80,60,5
2025/3/7 16:15,0,1,1,68.2,52,0,1,1,64.8,1,1,0,36,56.8,70,68.66666667,100,2,80,60,5
2025/3/7 16:30,0,1,1,68.2,52,0,1,1,64.73333333,1,1,0,35,56.66666667,70,68.7,100,2,80,60,5
2025/3/7 16:45,0,1,1,68.2,52,0,1,1,64.6,1,1,0,35,57.16666667,70,68.9,100,2,80,60,5
2025/3/7 17:00,0,1,1,68.2,52,0,1,1,64.73333333,1,1,0,33.66666667,57.53333333,70,69,100,2,80,60,5
2025/3/7 17:15,0,1,1,68.2,52,0,1,1,64.96666667,1,1,0,32.33333333,58.56666667,70,69,100,2,80,60,5
2025/3/7 17:30,0,1,1,68.2,52,0,1,1,65.1,1,1,0,31,58.9,70,69,100,2,80,60,5
2025/3/7 17:45,0,1,1,68.2,52,0,1,1,65.1,1,1,0,31.66666667,59.03333333,70,69.13333333,100,2,80,60,5
2025/3/7 18:00,0,1,1,68.2,52,0,1,1,65.36666667,1,1,0,31,60.26666667,70,69.36666667,100,2,80,60,5
2025/3/7 18:15,0,1,1,68.2,52,0,1,1,65.36666667,1,1,0,32,60.36666667,70,69.5,100,2,80,60,5
2025/3/7 18:30,0,1,1,68.2,52,0,1,1,65.36666667,1,1,0,31.33333333,60.46666667,70,69.56666667,100,2,80,60,5
2025/3/7 18:45,0,1,1,68.2,52,0,1,1,65.3,1,1,0,30,58.7,70,69.63333333,100,2,80,60,5
2025/3/7 19:00,0,1,1,68.2,52,0,1,1,65.3,1,1,0,31,58.43333333,70,69.43333333,100,2,80,60,5
2025/3/7 19:15,0,1,1,68.2,52,0,1,1,65.3,1,1,0,31.33333333,59.96666667,70,69.2,100,2,80,60,5
2025/3/7 19:30,0,1,1,68.2,52,0,1,1,65.3,1,1,0,30.33333333,59.26666667,70,69.06666667,100,2,80,60,5
2025/3/7 19:45,0,1,1,68.2,52,0,1,1,65.3,1,1,0,31,59.46666667,70,68.86666667,100,2,80,60,5
2025/3/7 20:00,0,1,1,68.2,52,0,1,1,65.3,1,1,0,31,60.4,70,68.7,100,2,80,60,5
2025/3/7 20:15,0,1,1,68.2,52,0,1,1,65.36666667,1,1,0,31.33333333,60.1,70,68.9,100,2,80,60,5
2025/3/7 20:30,0,1,1,68.2,52,0,1,1,65.33333333,1,1,0,32,59.26666667,70,68.9,100,2,80,60,5
2025/3/7 20:45,0,1,1,68.2,52,0,1,1,65.3,1,1,0,32,59.36666667,70,68.76666667,100,2,80,60,5
2025/3/7 21:00,0,1,1,68.2,52,0,1,1,65.36666667,1,1,0,32,60.26666667,70,68.7,100,2,80,60,5
2025/3/7 21:15,0,1,1,68.2,52,0,1,1,65.4,1,1,0,32,60.7,70,68.7,100,2,80,60,5
2025/3/7 21:30,0,1,1,68.2,52,0,1,1,65.4,1,1,0,32,60.9,70,68.7,100,2,80,60,5
2025/3/7 21:45,0,1,1,68.2,52,0,1,1,65.4,1,1,0,32,60.9,70,68.63333333,100,2,80,60,5
2025/3/7 22:00,0,1,1,68.2,52,0,1,1,65.4,1,1,0,32,61.2,70,68.6,100,2,80,60,5
2025/3/7 22:15,0,1,1,68.2,52,0,1,1,65.4,1,1,0,32,61.53333333,70,68.6,100,2,80,60,5
2025/3/7 22:30,0,1,1,68.2,52,0,1,1,65.4,1,1,0,32,62.36666667,70,68.6,100,2,80,60,5
2025/3/7 22:45,0,1,1,68.2,52,0,1,1,65.6,1,1,0,32,63.06666667,70,68.6,100,2,80,60,5
2025/3/7 23:00,0,1,1,68.2,52,0,1,1,65.6,1,1,0,32,63.1,70,68.6,100,2,80,60,5
2025/3/7 23:15,0,1,1,68.2,52,0,1,1,65.6,1,1,0,32,62.9,70,68.6,100,2,80,60,5
2025/3/7 23:30,0,1,1,68.2,52,0,1,1,65.8,1,1,0,33,62.9,70,68.6,100,2,80,60,5
2025/3/7 23:45,0,1,1,68.2,52,0,1,1,65.8,1,1,0,33,62.73333333,70,68.6,100,2,80,60,5
2025/3/8 0:00,0,1,1,68.2,52,0,1,1,65.8,1,1,0,33.33333333,62.26666667,70,68.46666667,100,2,80,60,5
2025/3/8 0:15,0,1,1,68.2,52,0,1,1,65.66666667,1,1,0,34,61.23333333,70,68.4,100,2,80,60,5
2025/3/8 0:30,0,1,1,68.2,52,0,1,1,65.36666667,1,1,0,35,60.63333333,70,68.3,100,2,80,60,5
2025/3/8 0:45,0,1,1,68.2,52,0,1,1,65.3,1,1,0,35.66666667,59.93333333,70,68.23333333,100,2,80,60,5
2025/3/8 1:00,0,1,1,68.2,52,0,1,1,65.16666667,1,1,0,36.66666667,59,70,68.1,100,2,80,60,5
2025/3/8 1:15,0,1,1,68.2,52,0,1,1,65,1,1,0,37.66666667,58.16666667,70,68.1,100,2,80,60,5
2025/3/8 1:30,0,1,1,68.2,52,0,1,1,65,1,1,0,39,57.5,70,68.1,100,2,80,60,5
2025/3/8 1:45,0,1,1,68.2,52,0,1,1,65,1,1,0,39.66666667,57.33333333,70,68.03333333,100,2,80,60,5
2025/3/8 2:00,0,1,1,68.2,52,0,1,1,64.8,1,1,0,39.66666667,57.3,70,67.9,100,2,80,60,5
2025/3/8 2:15,0,1,1,68.2,52,0,1,1,64.6,1,1,0,40,57.33333333,70,67.86666667,100,2,80,60,5
2025/3/8 2:30,0,1,1,68.2,52,0,1,1,64.6,1,1,0,40,58,70,67.8,100,2,80,60,5
2025/3/8 2:45,0,1,1,68.2,52,0,1,1,64.6,1,1,0,41,58.4,70,67.8,100,2,80,60,5
2025/3/8 3:00,0,1,1,68.2,52,0,1,1,64.6,1,1,0,42,58.86666667,70,67.8,100,2,80,60,5
2025/3/8 3:15,0,1,1,68.2,52,0,1,1,64.6,1,1,0,41.33333333,59.16666667,70,67.8,100,2,80,60,5
2025/3/8 3:30,0,1,1,68.2,52,0,1,1,64.6,1,1,0,41.66666667,59.16666667,70,67.8,100,2,80,60,5
2025/3/8 3:45,0,1,1,68.2,52,0,1,1,65,1,1,0,42.66666667,59.2,70,68.06666667,100,2,80,60,5
2025/3/8 4:00,0,1,1,68.2,52,0,1,1,65.8,1,1,0,43.66666667,60.66666667,70,69.7,100,2,80,60,5
2025/3/8 4:15,0,1,1,68.2,52,0,1,1,65.16666667,1,1,0,42.66666667,60.76666667,70,68.63333333,100,2,80,60,5
2025/3/8 4:30,0,1,1,68.2,52,0,1,1,65,1,1,0,45,59.83333333,70,68.3,100,2,80,60,5
2025/3/8 4:45,0,1,1,68.2,52,0,1,1,64.8,1,1,0,46.33333333,58.26666667,70,68.1,100,2,80,60,5
2025/3/8 5:00,0,1,1,68.2,52,0,1,1,64.6,1,1,0,47.66666667,58.33333333,70,67.9,100,2,80,60,5
2025/3/8 5:15,0,1,1,60,52,0,1,1,64.86666667,2,2,0,47.66666667,58.06666667,70,67.9,0,1,80,60,5
2025/3/8 5:30,0,1,1,60,52,0,1,1,64.73333333,2,2,0,45,56.8,70,67.9,0,1,80,60,5
2025/3/8 5:45,0,1,1,60,52,0,1,1,64.36666667,2,2,0,44.66666667,55.6,70,67.9,0,1,80,60,5
2025/3/8 6:00,0,1,1,60,52,0,1,1,64,2,2,0,44.66666667,55.36666667,70,67.9,0,1,80,60,5
2025/3/8 6:15,0,1,1,60,52,0,1,1,63.73333333,2,2,0,44.66666667,54.06666667,70,67.9,0,1,80,60,5
2025/3/8 6:30,0,1,1,60,52,0,1,1,63.36666667,2,2,0,46,52.46666667,70,67.9,0,1,80,60,5
2025/3/8 6:45,0,1,1,60,52,0,1,1,63.03333333,2,2,0,46.66666667,51.3,70,67.9,0,1,80,60,5
2025/3/8 7:00,0,1,1,60,52,0,1,1,62.63333333,2,2,0,47,50.5,70,67.9,0,1,80,60,5
2025/3/8 7:15,0,1,1,60,52,0,1,1,62.43333333,2,2,0,47,49.93333333,70,67.9,0,1,80,60,5
2025/3/8 7:30,0,1,1,60,52,0,1,1,62.3,2,2,0,47.33333333,49.73333333,70,67.9,0,1,80,60,5
2025/3/8 7:45,0,1,1,60,52,0,1,1,62.16666667,2,2,0,47.66666667,49.7,70,67.9,0,1,80,60,5
2025/3/8 8:00,0,1,1,60,52,0,1,1,62.1,2,2,0,47,49.5,70,67.9,0,1,80,60,5
2025/3/8 8:15,0,1,1,60,52,0,1,1,62.03333333,2,2,0,47,49.5,70,67.9,0,1,80,60,5
2025/3/8 8:30,0,1,1,60,52,0,1,1,61.9,2,2,0,47,49.43333333,70,67.9,0,1,80,60,5
2025/3/8 8:45,0,1,1,60,52,0,1,1,61.9,2,2,0,47,49.16666667,70,67.9,0,1,80,60,5
2025/3/8 9:00,0,1,1,60,52,0,1,1,61.86666667,2,2,0,47.33333333,48.76666667,70,67.9,0,1,80,60,5
2025/3/8 9:15,0,1,1,60,52,0,1,1,61.66666667,2,2,0,48,48.63333333,70,67.9,0,1,80,60,5
2025/3/8 9:30,0,1,1,60,52,0,1,1,61.6,2,2,0,48,48.5,70,67.9,0,1,80,60,5
2025/3/8 9:45,0,1,1,60,52,0,1,1,61.6,2,2,0,48.33333333,48.36666667,70,67.9,0,1,80,60,5
2025/3/8 10:00,0,1,1,60,52,0,1,1,61.56666667,2,2,0,49,48.23333333,70,67.9,0,1,80,60,5
2025/3/8 10:15,0,1,1,60,52,0,1,1,61.5,2,2,0,49,48.13333333,70,67.9,0,1,80,60,5
2025/3/8 10:30,0,1,1,60,52,0,1,1,61.43333333,2,2,0,49,47.73333333,70,67.9,0,1,80,60,5
2025/3/8 10:45,0,1,1,60,52,0,1,1,61.3,2,2,0,49,47.6,70,67.9,0,1,80,60,5
2025/3/8 11:00,0,1,1,60,52,0,1,1,61.23333333,2,2,0,49,47.4,70,67.9,0,1,80,60,5
2025/3/8 11:15,0,1,1,60,52,0,1,1,61.1,2,2,0,49.33333333,47.33333333,70,67.9,0,1,80,60,5
2025/3/8 11:30,0,1,1,60,52,0,1,1,61.06666667,2,2,0,50,47.03333333,70,67.9,0,1,80,60,5
2025/3/8 11:45,0,1,1,60,52,0,1,1,61,2,2,0,49.66666667,46.7,70,67.83333333,0,1,80,60,5
2025/3/8 12:00,0,1,1,60,52,0,1,1,60.86666667,2,2,0,50,46.5,70,67.8,0,1,80,60,5
2025/3/8 12:15,0,1,1,60,52,0,1,1,60.8,2,2,0,50,46.4,70,67.8,0,1,80,60,5
2025/3/8 12:30,0,1,1,60,52,0,1,1,60.8,2,2,0,50,46.26666667,70,67.8,0,1,80,60,5
2025/3/8 12:45,0,1,1,60,52,0,1,1,60.8,2,2,0,50,45.6,70,67.8,0,1,80,60,5
2025/3/8 13:00,0,1,1,65.46666667,52,16.66666667,1.333333333,1,62.83333333,1.333333333,1.333333333,0,47.66666667,46.3,70,68.56666667,66.66666667,1.666666667,80,60,5
2025/3/8 13:15,0,1,1,68.2,52,0,1,1,64.1,1,1,0,46.66666667,49.33333333,70,69.56666667,100,2,80,60,5
2025/3/8 13:30,0,1,1,68.2,52,0,1,1,63.43333333,1,1,0,47,49.83333333,70,68.33333333,100,2,80,60,5
2025/3/8 13:45,0,1,1,68.2,52,0,1,1,63.26666667,1,1,0,46.33333333,49.56666667,70,68.16666667,100,2,80,60,5
2025/3/8 14:00,0,1,1,68.2,52,0,1,1,62.96666667,1,1,0,46,49.13333333,70,67.9,100,2,80,60,5
2025/3/8 14:15,0,1,1,68.2,52,0,1,1,76.23333333,1,1,0,45.66666667,49.46666667,70,67.9,100,2,80,60,5
2025/3/8 14:30,0,1,1,68.2,52,0,1,1,63,1,1,0,44.33333333,49.83333333,70,67.9,100,2,80,60,5
2025/3/8 14:45,0,1,1,68.2,52,0,1,1,64.03333333,1,1,0,44,50.1,70,69.4,100,2,80,60,5
2025/3/8 15:00,0,1,1,68.2,52,0,1,1,64.23333333,1,1,0,43,50.5,70,69.63333333,100,2,80,60,5
2025/3/8 15:15,0,1,1,68.2,52,0,1,1,63.86666667,1,1,0,40.66666667,50.56666667,70,69.4,100,2,80,60,5
2025/3/8 15:30,0,1,1,68.2,52,0,1,1,64.03333333,1,1,0,38.33333333,51.56666667,70,69.4,100,2,80,60,5
2025/3/8 15:45,0,1,1,68.2,52,0,1,1,64.2,1,1,0,35.66666667,52.7,70,69.4,100,2,80,60,5
2025/3/8 16:00,0,1,1,68.2,52,0,1,1,64.23333333,1,1,0,34.66666667,54.1,70,69.43333333,100,2,80,60,5
2025/3/8 16:15,0,1,1,68.2,52,0,1,1,64.4,1,1,0,32.66666667,54.23333333,70,69.5,100,2,80,60,5
2025/3/8 16:30,0,1,1,68.2,52,0,1,1,64.6,1,1,0,32,54.63333333,70,69.7,100,2,80,60,5
2025/3/8 16:45,0,1,1,68.2,52,0,1,1,64.86666667,1,1,0,31,55.3,70,69.76666667,100,2,80,60,5
2025/3/8 17:00,0,1,1,68.2,52,0,1,1,65,1,1,0,30.33333333,55.36666667,70,69.86666667,100,2,80,60,5
2025/3/8 17:15,0,1,1,68.2,52,0,1,1,65,1,1,0,29.33333333,55.6,70,70,100,2,80,60,5
2025/3/8 17:30,0,1,1,68.2,52,0,1,1,65.1,1,1,0,28.66666667,57,70,70,100,2,80,60,5
2025/3/8 17:45,0,1,1,68.2,52,0,1,1,65.1,1,1,0,28.66666667,58.53333333,70,70,100,2,80,60,5
2025/3/8 18:00,0,1,1,68.2,52,0,1,1,65.5,1,1,0,29,59.6,70,70,100,2,80,60,5
2025/3/8 18:15,0,1,1,68.2,52,0,1,1,65.96666667,1,1,0,28.33333333,61.7,70,70.06666667,100,2,80,60,5
2025/3/8 18:30,0,1,1,68.2,52,0,1,1,65.6,1,1,0,28,61.56666667,70,70.1,100,2,80,60,5
2025/3/8 18:45,0,1,1,68.2,52,0,1,1,65.66666667,1,1,0,27.33333333,63.66666667,70,70.1,100,2,80,60,5
2025/3/8 19:00,0,1,1,68.2,52,0,1,1,66.36666667,1,1,0,27,65.13333333,70,70.1,100,2,80,60,5
2025/3/8 19:15,0,1,1,68.2,52,0,1,1,66.66666667,1,1,0,26.66666667,65.66666667,70,70.1,100,2,80,60,5
2025/3/8 19:30,0,1,1,68.2,52,0,1,1,66.53333333,1,1,0,26,64,70,70.1,100,2,80,60,5
2025/3/8 19:45,0,1,1,68.2,52,0,1,1,66.56666667,1,1,0,26,62.56666667,70,70.1,100,2,80,60,5
2025/3/8 20:00,0,1,1,68.2,52,0,1,1,65.93333333,1,1,0,26,62.16666667,70,70.1,100,2,80,60,5
2025/3/8 20:15,0,1,1,68.2,52,0,1,1,66.16666667,1,1,0,26,61.36666667,70,70.1,100,2,80,60,5
2025/3/8 20:30,0,1,1,68.2,52,0,1,1,65.96666667,1,1,0,26,61.73333333,70,70.03333333,100,2,80,60,5
2025/3/8 20:45,0,1,1,68.2,52,0,1,1,65.8,1,1,0,26.66666667,60.93333333,70,69.93333333,100,2,80,60,5
2025/3/8 21:00,0,1,1,68.2,52,0,1,1,65.8,1,1,0,26.66666667,59.96666667,70,69.76666667,100,2,80,60,5
2025/3/8 21:15,0,1,1,68.2,52,0,1,1,65.8,1,1,0,26,59.73333333,70,69.7,100,2,80,60,5
2025/3/8 21:30,0,1,1,62.73333333,52,0,1,1,66.36666667,1.666666667,1.666666667,0,31,59.46666667,70,69.56666667,33.33333333,1.333333333,80,60,5
2025/3/8 21:45,0,1,1,60,52,0,1,1,67.13333333,2,2,0,34,59.46666667,70,69.5,0,1,80,60,5
2025/3/8 22:00,0,1,1,60,52,0,1,1,67.2,2,2,0,35,58.86666667,70,69.4,0,1,80,60,5
2025/3/8 22:15,0,1,1,60,52,0,1,1,67.13333333,2,2,0,35.33333333,58.3,70,69.4,0,1,80,60,5
2025/3/8 22:30,0,1,1,60,52,0,1,1,66.73333333,2,2,0,36.66666667,57.8,70,69.33333333,0,1,80,60,5
2025/3/8 22:45,0,1,1,60,52,0,1,1,66.23333333,2,2,0,37.66666667,56.86666667,70,69.2,0,1,80,60,5
2025/3/8 23:00,0,1,1,60,52,0,1,1,65.7,2,2,0,38.33333333,55.03333333,70,69.2,0,1,80,60,5
2025/3/8 23:15,0,1,1,60,52,0,1,1,64.86666667,2,2,0,40.33333333,53.7,70,69.13333333,0,1,80,60,5
2025/3/8 23:30,0,1,1,60,52,0,1,1,63.86666667,2,2,0,42,52.76666667,70,69,0,1,80,60,5
2025/3/8 23:45,0,1,1,60,52,0,1,1,63.03333333,2,2,0,43.33333333,51.8,70,68.9,0,1,80,60,5
2025/3/9 0:00,0,1,1,60,52,0,1,1,62.4,2,2,0,44.33333333,51.03333333,70,68.9,0,1,80,60,5
2025/3/9 0:15,0,1,1,60,52,0,1,1,61.5,2,2,0,45.66666667,50.23333333,70,68.9,0,1,80,60,5
2025/3/9 0:30,0,1,1,60,52,0,1,1,60.73333333,2,2,0,46,49.06666667,70,68.7,0,1,80,60,5
2025/3/9 0:45,0,1,1,60,52,0,1,1,60.76666667,2,2,0,46.66666667,47.86666667,70,68.76666667,0,1,80,60,5
2025/3/9 1:00,0,1,1,60,52,0,1,1,60.8,2,2,0,46.66666667,47.7,70,68.9,0,1,80,60,5
2025/3/9 1:15,0,1,1,60,52,0,1,1,60.46666667,2,2,0,47,47.36666667,70,68.9,0,1,80,60,5
2025/3/9 1:30,0,1,1,60,52,0,1,1,59.86666667,2,2,0,48,47.03333333,70,68.7,0,1,80,60,5
2025/3/9 1:45,0,1,1,60,52,0,1,1,59.43333333,2,2,0,48,46.3,70,68.7,0,1,80,60,5
2025/3/9 2:00,0,1,1,60,52,0,1,1,59.2,2,2,0,47.66666667,45.93333333,70,68.66666667,0,1,80,60,5
2025/3/9 2:15,0,1,1,60,52,0,1,1,59.13333333,2,2,0,48.66666667,45.8,70,68.6,0,1,80,60,5
2025/3/9 2:30,0,1,1,60,52,0,1,1,59.23333333,2,2,0,48,46,70,68.6,0,1,80,60,5
2025/3/9 2:45,0,1,1,60,52,0,1,1,59.4,2,2,0,48,46,70,68.6,0,1,80,60,5
2025/3/9 3:00,0,1,1,60,52,0,1,1,59.33333333,2,2,0,47.33333333,46,70,68.6,0,1,80,60,5
2025/3/9 3:15,0,1,1,60,52,0,1,1,58.93333333,2,2,0,47,45.7,70,68.4,0,1,80,60,5
2025/3/9 3:30,0,1,1,60,52,0,1,1,58.5,2,2,0,47.66666667,45.13333333,70,68.4,0,1,80,60,5
2025/3/9 3:45,0,1,1,60,52,0,1,1,58.3,2,2,0,48,44.06666667,70,68.4,0,1,80,60,5
2025/3/9 4:00,0,1,1,60,52,0,1,1,58.7,2,2,0,48.33333333,43.73333333,70,68.4,0,1,80,60,
2025/3/9 4:15,0,1,1,60,52,0,1,1,58.9,2,2,0,48,43.2,70,68.4,0,1,80,60,5
2025/3/9 4:30,0,1,1,60,52,0,1,1,58.83333333,2,2,0,49,42.36666667,70,68.4,0,1,80,60,5
2025/3/9 4:45,0,1,1,60,52,0,1,1,58.7,2,2,0,48.66666667,42.43333333,70,68.3,0,1,80,60,5
2025/3/9 5:00,0,1,1,60,52,0,1,1,58.3,2,2,0,48.66666667,42.1,70,68.3,0,1,80,60,5
2025/3/9 5:15,0,1,1,60,52,0,1,1,57.53333333,2,2,0,48,42.1,70,68.3,0,1,80,60,5
2025/3/9 5:30,0,1,1,60,52,0,1,1,57.2,2,2,0,48.66666667,42.1,70,68.1,0,1,80,60,5
2025/3/9 5:45,0,1,1,60,52,0,1,1,57.2,2,2,0,48,42.16666667,70,68.1,0,1,80,60,5
2025/3/9 6:00,0,1,1,60,52,0,1,1,56.96666667,2,2,0,49,42.2,70,68.1,0,1,80,60,5
2025/3/9 6:15,0,1,1,60,52,0,1,1,57.03333333,2,2,0,49.66666667,42.2,70,67.9,0,1,80,60,5
2025/3/9 6:30,0,1,1,60,52,0,1,1,57.1,2,2,0,49,41.16666667,70,67.9,0,1,80,60,5
2025/3/9 6:45,0,1,1,60,52,0,1,1,56.83333333,2,2,0,49,40.9,70,67.9,0,1,80,60,5
2025/3/9 7:00,0,1,1,60,52,0,1,1,56.6,2,2,0,49,41.1,70,67.9,0,1,80,60,5
2025/3/9 7:15,0,1,1,60,52,0,1,1,56.36666667,2,2,0,48.66666667,41.16666667,70,67.83333333,0,1,80,60,5
2025/3/9 7:30,0,1,1,60,52,0,1,1,55.96666667,2,2,0,48,41.5,70,67.8,0,1,80,60,5
2025/3/9 7:45,0,1,1,60,52,0,1,1,55.76666667,2,2,0,48.33333333,41.6,70,67.8,0,1,80,60,5
2025/3/9 8:00,0,1,1,60,52,0,1,1,55.46666667,2,2,0,48.33333333,41.6,70,67.8,0,1,80,60,5
2025/3/9 8:15,0,1,1,60,52,0,1,1,55.03333333,2,2,0,49.66666667,41.46666667,70,67.73333333,0,1,80,60,5
2025/3/9 8:30,0,1,1,60,52,0,1,1,55.16666667,2,2,0,49.66666667,41.4,70,67.6,0,1,80,60,5
2025/3/9 8:45,0,1,1,60,52,0,1,1,55.2,2,2,0,49,41.4,70,67.6,0,1,80,60,5
2025/3/9 9:00,0,1,1,60,52,0,1,1,55.33333333,2,2,0,50,41.06666667,70,67.6,0,1,80,60,5
2025/3/9 9:15,0,1,1,60,52,0,1,1,55.63333333,2,2,0,49,40.9,70,67.56666667,0,1,80,60,5
2025/3/9 9:30,0,1,1,60,52,0,1,1,55.6,2,2,0,49.33333333,40.73333333,70,67.5,0,1,80,60,5
2025/3/9 9:45,0,1,1,60,52,0,1,1,55.23333333,2,2,0,50,40.7,70,67.5,0,1,80,60,5
2025/3/9 10:00,0,1,1,60,52,0,1,1,55.46666667,2,2,0,50.33333333,40.63333333,70,67.5,0,1,80,60,5
2025/3/9 10:15,0,1,1,60,52,0,1,1,55.7,2,2,0,51.66666667,40.3,70,67.5,0,1,80,60,5
2025/3/9 10:30,0,1,1,60,52,0,1,1,55.83333333,2,2,0,50.66666667,40.36666667,70,67.5,0,1,80,60,5
2025/3/9 10:45,0,1,1,60,52,0,1,1,56.13333333,2,2,0,49.66666667,40.46666667,70,67.5,0,1,80,60,5
2025/3/9 11:00,0,1,1,60,52,0,1,1,57.3,2,2,0,50.33333333,40.4,70,67.5,0,1,80,60,5
2025/3/9 11:15,0,1,1,60,52,0,1,1,57.36666667,2,2,0,49.66666667,39.96666667,70,67.5,0,1,80,60,5
2025/3/9 11:30,0,1,1,60,52,0,1,1,56.73333333,2,2,0,51.66666667,39.6,70,67.5,0,1,80,60,5
2025/3/9 11:45,0,1,1,60,52,0,1,1,56.13333333,2,2,0,53.66666667,39.6,70,67.5,0,1,80,60,5
2025/3/9 12:00,0,1,1,60,52,0,1,1,55.66666667,2,2,0,52.66666667,39.5,70,67.36666667,0,1,80,60,5
2025/3/9 12:15,0,1,1,60,52,0,1,1,55.06666667,2,2,0,52.66666667,39.3,70,67.3,0,1,80,60,5
2025/3/9 12:30,0,1,1,60,52,0,1,1,55.13333333,2,2,0,54,39.53333333,70,67.3,0,1,80,60,5
2025/3/9 12:45,0,1,1,60,52,0,1,1,55.63333333,2,2,0,52,40.7,70,67.26666667,0,1,80,60,5
2025/3/9 13:00,0,1,1,60,52,0,1,1,55.83333333,2,2,0,48.66666667,42.23333333,70,67.2,0,1,80,60,5
2025/3/9 13:15,0,1,1,60,52,0,1,1,56.33333333,2,2,0,45.66666667,43.33333333,70,67.2,0,1,80,60,5
2025/3/9 13:30,0,1,1,60,52,0,1,1,56.96666667,2,2,0,46.33333333,44.6,70,67.2,0,1,80,60,5
2025/3/9 13:45,0,1,1,60,52,0,1,1,57.83333333,2,2,0,44.33333333,46.06666667,70,67.23333333,0,1,80,60,5
2025/3/9 14:00,0,1,1,60,52,0,1,1,58.83333333,2,2,0,43,47.33333333,70,67.3,0,1,80,60,5
2025/3/9 14:15,0,1,1,60,52,0,1,1,59.9,2,2,0,43.33333333,48,70,67.63333333,0,1,80,60,5
2025/3/9 14:30,0,1,1,60,52,0,1,1,60.6,2,2,0,42,49.03333333,70,67.8,0,1,80,60,5
2025/3/9 14:45,0,1,1,60,52,0,1,1,62.2,2,2,0,39,51.8,70,68,0,1,80,60,5
2025/3/9 15:00,0,1,1,60,52,0,1,1,64.23333333,2,2,0,34.33333333,55,70,68.36666667,0,1,80,60,5
2025/3/9 15:15,0,1,1,60,52,0,1,1,66,2,2,0,33,57.13333333,70,68.63333333,0,1,80,60,5
2025/3/9 15:30,0,1,1,60,52,0,1,1,68,2,2,0,30.33333333,58.5,70,69.1,0,1,80,60,5
2025/3/9 15:45,0,1,1,60,52,0,1,1,70.1,2,2,0,27.33333333,59.66666667,70,69.43333333,0,1,80,60,5
2025/3/9 16:00,0,1,1,60,52,0,1,1,71.53333333,2,2,0,26.33333333,60.6,70,69.7,0,1,80,60,5
2025/3/9 16:15,0,1,1,60,52,0,1,1,72.16666667,2,2,0,25.66666667,60.53333333,70,70.13333333,0,1,80,60,5
2025/3/9 16:30,0,1,1,60,52,0,1,1,73.23333333,2,2,0,25.33333333,61.63333333,70,70.3,0,1,80,60,5
2025/3/9 16:45,0,1,1,60,52,0,1,1,74.46666667,2,2,0,25,62.4,70,70.3,0,1,80,60,5
2025/3/9 17:00,0,1,1,60,52,0,1,1,75.43333333,2,2,0,24.66666667,63.26666667,70,70.3,0,1,80,60,5
2025/3/9 17:15,0,1,1,60,52,0,1,1,76,2,2,0,24,65.13333333,70,70.36666667,0,1,80,60,5
2025/3/9 17:30,0,1,1,60,52,0,1,1,75.8,2,2,0,24.66666667,64.6,70,70.5,0,1,80,60,5
2025/3/9 17:45,0,1,1,60,52,0,1,1,75.86666667,2,2,0,25,65.2,70,70.5,0,1,80,60,5
2025/3/9 18:00,0,1,1,60,52,0,1,1,76.03333333,2,2,0,24.33333333,66.43333333,70,70.5,0,1,80,60,5
2025/3/9 18:15,0,1,1,60,52,0,1,1,76.36666667,2,2,0,24.33333333,67.93333333,70,70.56666667,0,1,80,60,5
2025/3/9 18:30,0,1,1,60,52,0,1,1,76.7,2,2,0,24.66666667,70.43333333,70,70.6,0,1,80,60,5
2025/3/9 18:45,0,1,1,60,52,0,1,1,77.7,2,2,0,25,73.36666667,70,70.6,0,1,80,60,5
2025/3/9 19:00,0,1,1,60,52,0,1,1,78.33333333,2,2,0,24.66666667,73.46666667,70,70.6,0,1,80,60,5
2025/3/9 19:15,0,1,1,60,52,0,1,1,76.96666667,2,2,0,24,71.86666667,70,70.6,0,1,80,60,5
2025/3/9 19:30,0,1,1,60,52,0,1,1,75.33333333,2,2,0,25,69.23333333,70,70.6,0,1,80,60,5
2025/3/9 19:45,0,1,1,60,52,0,1,1,74.8,2,2,0,28.33333333,69.63333333,70,70.6,0,1,80,60,5
2025/3/9 20:00,0,1,1,60,52,0,1,1,76.46666667,2,2,0,29.33333333,71.23333333,70,70.6,0,1,80,60,5
2025/3/9 20:15,0,1,1,60,52,0,1,1,78.03333333,2,2,0,28,72.2,70,70.53333333,0,1,80,60,5
2025/3/9 20:30,0,1,1,60,52,0,1,1,78.2,2,2,0,27.66666667,72.16666667,70,70.36666667,0,1,80,60,5
2025/3/9 20:45,0,1,1,60,52,0,1,1,78.06666667,2,2,0,27,72.13333333,70,70.3,0,1,80,60,5
2025/3/9 21:00,0,1,1,60,52,0,1,1,77.8,2,2,0,27.33333333,72.36666667,70,70.1,0,1,80,60,5
2025/3/9 21:15,0,1,1,60,52,0,1,1,76.66666667,2,2,0,27.33333333,69.6,70,69.93333333,0,1,80,60,5
2025/3/9 21:30,0,1,1,60,52,0,1,1,75.16666667,2,2,0,28.33333333,68.53333333,70,69.8,0,1,80,60,5
2025/3/9 21:45,0,1,1,60,52,0,1,1,73.73333333,2,2,0,29,67,70,69.73333333,0,1,80,60,5
2025/3/9 22:00,0,1,1,65.46666667,52,0,1,1,69.46666667,1.333333333,1.333333333,0,24.66666667,66.63333333,70,69.7,66.66666667,1.666666667,80,60,5
2025/3/9 22:15,0,1,1,68.2,52,0,1,1,67.56666667,1,1,0,21.33333333,66.63333333,70,69.7,100,2,80,60,5
2025/3/9 22:30,0,1,1,68.2,52,0,1,1,67.23333333,1,1,0,21,66.8,70,69.7,100,2,80,60,5
2025/3/9 22:45,0,1,1,68.2,52,0,1,1,66.96666667,1,1,0,21,65.36666667,70,69.7,100,2,80,60,5
2025/3/9 23:00,0,1,1,68.2,52,0,1,1,66.56666667,1,1,0,21.66666667,63.36666667,70,69.56666667,100,2,80,60,5
2025/3/9 23:15,0,1,1,68.2,52,0,1,1,66.26666667,1,1,0,22.66666667,63.26666667,70,69.46666667,100,2,80,60,5
2025/3/9 23:30,0,1,1,68.2,52,0,1,1,66.03333333,1,1,0,23.66666667,61.7,70,69.4,100,2,80,60,5
2025/3/9 23:45,0,1,1,68.2,52,0,1,1,65.86666667,1,1,0,24.66666667,60.13333333,70,69.4,100,2,80,60,5
2025/3/10 0:00,0,1,1,68.2,52,0,1,1,65.8,1,1,0,26.33333333,59.16666667,70,69.2,100,2,80,60,5
2025/3/10 0:15,0,1,1,68.2,52,0,1,1,65.8,1,1,0,27.66666667,58.53333333,70,69.13333333,100,2,80,60,5
2025/3/10 0:30,0,1,1,68.2,52,0,1,1,65.66666667,1,1,0,29,57.6,70,69,100,2,80,60,5
2025/3/10 0:45,0,1,1,68.2,52,0,1,1,65.53333333,1,1,0,29.66666667,56.8,70,69,100,2,80,60,5
2025/3/10 1:00,0,1,1,68.2,52,0,1,1,65.36666667,1,1,0,30,56.46666667,70,68.96666667,100,2,80,60,5
2025/3/10 1:15,0,1,1,68.2,52,0,1,1,64.96666667,1,1,0,30.33333333,55.36666667,70,68.9,100,2,80,60,5
2025/3/10 1:30,0,1,1,68.2,52,0,1,1,64.93333333,1,1,0,32,54.8,70,68.9,100,2,80,60,5
2025/3/10 1:45,0,1,1,68.2,52,0,1,1,65,1,1,0,33,54.33333333,70,68.9,100,2,80,60,5
2025/3/10 2:00,0,1,1,68.2,52,0,1,1,64.8,1,1,0,34.33333333,53.13333333,70,68.9,100,2,80,60,5
2025/3/10 2:15,0,1,1,68.2,52,0,1,1,64.6,1,1,0,36,52.4,70,68.83333333,100,2,80,60,5
2025/3/10 2:30,0,1,1,68.2,52,0,1,1,64.6,1,1,0,37.33333333,52.26666667,70,68.7,100,2,80,60,5
2025/3/10 2:45,0,1,1,68.2,52,0,1,1,64.6,1,1,0,38.33333333,51.86666667,70,68.7,100,2,80,60,5
2025/3/10 3:00,0,1,1,68.2,52,0,1,1,64.6,1,1,0,39,51.53333333,70,68.66666667,100,2,80,60,5
2025/3/10 3:15,0,1,1,68.2,52,0,1,1,64.6,1,1,0,40,51.23333333,70,68.6,100,2,80,60,5
2025/3/10 3:30,0,1,1,68.2,52,0,1,1,64.6,1,1,0,40,51.26666667,70,68.6,100,2,80,60,5
2025/3/10 3:45,0,1,1,68.2,52,0,1,1,64.6,1,1,0,40,51.1,70,68.6,100,2,80,60,5
2025/3/10 4:00,0,1,1,68.2,52,0,1,1,64.53333333,1,1,0,40.66666667,50.73333333,70,68.6,100,2,80,60,5
2025/3/10 4:15,0,1,1,68.2,52,0,1,1,64.43333333,1,1,0,42,50,70,68.6,100,2,80,60,5
2025/3/10 4:30,0,1,1,68.2,52,0,1,1,64.3,1,1,0,43,49.73333333,70,68.6,100,2,80,60,5
2025/3/10 4:45,0,1,1,68.2,52,0,1,1,64.2,1,1,0,43.33333333,49.26666667,70,68.53333333,100,2,80,60,5
2025/3/10 5:00,0,1,1,68.2,52,0,1,1,64,1,1,0,44,48.43333333,70,68.4,100,2,80,60,5
2025/3/10 5:15,0,1,1,68.2,52,0,1,1,63.93333333,1,1,0,45.33333333,48.2,70,68.33333333,100,2,80,60,5
2025/3/10 5:30,0,1,1,68.2,52,0,1,1,63.8,1,1,0,46,48.06666667,70,68.3,100,2,80,60,5
2025/3/10 5:45,0,1,1,68.2,52,0,1,1,63.8,1,1,0,46.66666667,47.73333333,70,68.3,100,2,80,60,5
2025/3/10 6:00,0,1,1,68.2,52,0,1,1,63.8,1,1,0,47,47.46666667,70,68.3,100,2,80,60,5
2025/3/10 6:15,0,1,1,68.2,52,0,1,1,63.73333333,1,1,0,47.33333333,47.3,70,68.16666667,100,2,80,60,5
2025/3/10 6:30,0,1,1,68.2,52,0,1,1,63.5,1,1,0,48,46.83333333,70,68.1,100,2,80,60,5
2025/3/10 6:45,0,1,1,68.2,52,0,1,1,63.5,1,1,0,48,46.36666667,70,68.1,100,2,80,60,5
2025/3/10 7:00,0,1,1,68.2,52,0,1,1,63.4,1,1,0,48,46.4,70,68.1,100,2,80,60,5
2025/3/10 7:15,0,1,1,68.2,52,0,1,1,63.4,1,1,0,48,46.5,70,68.03333333,100,2,80,60,5
2025/3/10 7:30,0,1,1,68.2,52,0,1,1,63.4,1,1,0,48,46.2,70,67.9,100,2,80,60,5
2025/3/10 7:45,0,1,1,68.2,52,0,1,1,63.2,1,1,0,49.33333333,45.3,70,67.9,100,2,80,60,5
2025/3/10 8:00,0,1,1,68.2,52,0,1,1,62.8,1,1,0,50.33333333,45.06666667,70,67.8,100,2,80,60,5
2025/3/10 8:15,0,1,1,68.2,52,0,1,1,62.83333333,1,1,0,52,44.4,70,67.6,100,2,80,60,5
2025/3/10 8:30,0,1,1,68.2,52,0,1,1,62.9,1,1,0,50.66666667,44.93333333,70,67.6,100,2,80,60,5
2025/3/10 8:45,0,1,1,68.2,52,0,1,1,62.9,1,1,0,50,45.1,70,67.6,100,2,80,60,5
2025/3/10 9:00,0,1,1,68.2,52,16.66666667,1.333333333,1,63.63333333,1,1,0,51.66666667,44.6,70,69.36666667,100,2,80,60,1
2025/3/10 9:15,0,1,1,68.2,52,0,1,1,63.3,1,1,0,52.33333333,45.16666667,70,68.56666667,100,2,80,60,5
2025/3/10 9:30,0,1,1,68.2,52,0,1,1,62.9,1,1,0,53.66666667,44.4,70,67.93333333,100,2,80,60,5
2025/3/10 9:45,0,1,1,68.2,52,0,1,1,63.6,1,1,0,54.33333333,44.1,70,69.3,100,2,80,60,5
2025/3/10 10:00,0,1,1,68.2,52,0,1,1,63.46666667,1,1,0,54,44.86666667,70,68.96666667,100,2,80,60,5
2025/3/10 10:15,0,1,1,68.2,52,0,1,1,62.8,1,1,0,53.66666667,44.53333333,70,68.03333333,100,2,80,60,5
2025/3/10 10:30,0,1,1,68.2,52,16.66666667,1.333333333,1,62.8,1,1,0,54,43.93333333,70,67.8,100,2,80,60,5
2025/3/10 10:45,0,1,1,68.2,52,0,1,1,63.86666667,1,1,0,50.66666667,45.13333333,70,69.9,100,2,80,60,5
2025/3/10 11:00,0,1,1,68.2,52,0,1,1,63.13333333,1,1,0,49.33333333,45.56666667,70,68.33333333,100,2,80,60,5
2025/3/10 11:15,0,1,1,68.2,52,0,1,1,62.76666667,1,1,0,50.33333333,44.5,70,67.86666667,100,2,80,60,5
2025/3/10 11:30,0,1,1,68.2,52,16.66666667,1.333333333,1,63.26666667,1,1,0,50.66666667,44.3,70,68.83333333,100,2,80,60,5
2025/3/10 11:45,0,1,1,68.2,52,0,1,1,63.53333333,1,1,0,51,44.7,70,69.23333333,100,2,80,60,5
2025/3/10 12:00,0,1,1,68.2,52,0,1,1,62.8,1,1,0,51.33333333,44.46666667,70,68.16666667,100,2,80,60,5
2025/3/10 12:15,0,1,1,68.2,52,16.66666667,1.333333333,1,62.63333333,1,1,0,53,44.06666667,70,67.76666667,100,2,80,60,5
2025/3/10 12:30,0,1,1,68.2,52,0,1,1,63.63333333,1,1,0,53,45,70,69.56666667,100,2,80,60,5
2025/3/10 12:45,0,1,1,68.2,52,0,1,1,63.2,1,1,0,52,46.5,70,68.43333333,100,2,80,60,5
2025/3/10 13:00,0,1,1,68.2,52,0,1,1,63.46666667,1,1,0,50,47.83333333,70,68.3,100,2,80,60,5
2025/3/10 13:15,0,1,1,68.2,52,0,1,1,63.56666667,1,1,0,47.66666667,48.7,70,68.3,100,2,80,60,5
2025/3/10 13:30,0,1,1,68.2,52,0,1,1,63.73333333,1,1,0,45,48.7,70,68.3,100,2,80,60,5
2025/3/10 13:45,0,1,1,68.2,52,0,1,1,64.1,1,1,0,44.33333333,50.16666667,70,68.36666667,100,2,80,60,5
2025/3/10 14:00,0,1,1,68.2,52,0,1,1,64.76666667,1,1,0,42,53.4,70,68.63333333,100,2,80,60,5
2025/3/10 14:15,0,1,1,68.2,52,0,1,1,65.26666667,1,1,0,41.33333333,56.3,70,68.8,100,2,80,60,5
2025/3/10 14:30,0,1,1,68.2,52,0,1,1,65.6,1,1,0,37.66666667,56.43333333,70,69.3,100,2,80,60,5
2025/3/10 14:45,0,1,1,68.2,52,0,1,1,66.03333333,1,1,0,35.66666667,58.26666667,70,69.96666667,100,2,80,60,5
2025/3/10 15:00,0,1,1,68.2,52,0,1,1,66.83333333,1,1,0,32.66666667,61.26666667,70,70.3,100,2,80,60,5
2025/3/10 15:15,0,1,1,68.2,52,0,1,1,67.46666667,1,1,0,31,63,70,70.56666667,100,2,80,60,5
2025/3/10 15:30,0,1,1,68.2,52,0,1,1,67.8,1,1,0,28.66666667,64.1,70,70.76666667,100,2,80,60,5
2025/3/10 15:45,0,1,1,68.2,52,0,1,1,67.83333333,1,1,0,28,64.8,70,71.13333333,100,2,80,60,5
2025/3/10 16:00,0,1,1,68.2,52,0,1,1,68.16666667,1,1,0,26.66666667,66.9,70,71.66666667,100,2,80,60,5
2025/3/10 16:15,0,1,1,68.2,52,0,1,1,68.43333333,1,1,0,25,68.26666667,70,71.7,100,2,80,60,5
2025/3/10 16:30,0,1,1,68.2,52,0,1,1,68.56666667,1,1,0,23,68.46666667,70,71.7,100,2,80,60,5
2025/3/10 16:45,11,1,1.333333333,71.8,52,0,1,1,66.2,1,1,0,22,68.26666667,70,71.93333333,100,2,80,60,5
2025/3/10 17:00,0,1,1,71.8,52,0,1,1,68.03333333,1,1,0,22,67.2,70,71.36666667,100,2,80,60,5
2025/3/10 17:15,11,1,1.333333333,71.8,52,0,1,1,65.86666667,1,1,0,22,68.6,70,71.93333333,100,2,80,60,5
2025/3/10 17:30,0,1,1,71.8,52,0,1,1,66.83333333,1,1,0,21.66666667,67.73333333,70,71.66666667,100,2,80,60,5
2025/3/10 17:45,11,1,1.333333333,71.8,52,0,1,1,66.03333333,1,1,0,21,68.36666667,70,71.46666667,100,2,80,60,5
2025/3/10 18:00,0,1,1,71.8,52,0,1,1,69.06666667,1,1,0,20.33333333,70.46666667,70,71.83333333,100,2,80,60,5
2025/3/10 18:15,11,1,1.333333333,71.8,52,0,1,1,66.23333333,1,1,0,20,70.53333333,70,71.86666667,100,2,80,60,5
2025/3/10 18:30,0,1,1,71.8,52,0,1,1,69.06666667,1,1,0,20,72.33333333,70,71.66666667,100,2,80,60,5
2025/3/10 18:45,11,1,1.333333333,71.8,52,0,1,1,66.03333333,1,1,0,20,74.3,70,71.7,100,2,80,60,5
2025/3/10 19:00,0,1,1,71.8,52,0,1,1,68.93333333,1,1,0,20,74.56666667,70,71.56666667,100,2,80,60,5
2025/3/10 19:15,11,1,1,71.8,52,0,1,1,66.13333333,1,1,0,20,72.6,70,71.96666667,100,2,80,60,5
2025/3/10 19:30,0,1,1,71.8,52,0,1,1,69.16666667,1,1,0,20,72.8,70,71.66666667,100,2,80,60,5
2025/3/10 19:45,0,1,1,71.8,52,0,1,1,69.46666667,1,1,0,20,73.53333333,70,71.93333333,100,2,80,60,5
2025/3/10 20:00,11,1,1.333333333,71.8,52,0,1,1,66.26666667,1,1,0,20,71.83333333,70,71.46666667,100,2,80,60,5
2025/3/10 20:15,0,1,1,71.8,52,0,1,1,69.43333333,1,1,0,20,73.86666667,70,71.5,100,2,80,60,5
2025/3/10 20:30,0,1,1,71.8,52,0,1,1,69.66666667,1,1,0,20,74.7,70,71.7,100,2,80,60,5
2025/3/10 20:45,0,1,1,71.8,52,0,1,1,69.7,1,1,0,20,74.2,70,71.7,100,2,80,60,5
2025/3/10 21:00,0,1,1,71.8,52,0,1,1,69.7,1,1,0,20,74.66666667,70,71.7,100,2,80,60,5
2025/3/10 21:15,0,1,1,71.8,52,0,1,1,69.7,1,1,0,20.33333333,74.56666667,70,71.7,100,2,80,60,
2025/3/10 21:30,0,1,1,71.8,52,0,1,1,69.7,1,1,0,21,73.53333333,70,71.63333333,100,2,80,60,5
2025/3/10 21:45,0,1,1,71.8,52,0,1,1,69.7,1,1,0,21,73.86666667,70,71.53333333,100,2,80,60,5
2025/3/10 22:00,0,1,1,71.8,52,0,1,1,69.7,1,1,0,21,73.1,70,71.4,100,2,80,60,5
2025/3/10 22:15,0,1,1,71.8,52,0,1,1,69.7,1,1,0,21,72.96666667,70,71.4,100,2,80,60,5
2025/3/10 22:30,0,1,1,71.8,52,0,1,1,69.66666667,1,1,0,21,72.16666667,70,71.4,100,2,80,60,5
2025/3/10 22:45,0,1,1,71.8,52,0,1,1,69.53333333,1,1,0,21,70.76666667,70,71.26666667,100,2,80,60,5
2025/3/10 23:00,0,1,1,71.8,52,0,1,1,69.2,1,1,0,21.66666667,69.2,70,71.13333333,100,2,80,60,5
2025/3/10 23:15,0,1,1,71.8,52,0,1,1,68.76666667,1,1,0,22.33333333,68.63333333,70,71.1,100,2,80,60,5
2025/3/10 23:30,0,1,1,71.8,52,0,1,1,68.23333333,1,1,0,23,67.26666667,70,70.96666667,100,2,80,60,5
2025/3/10 23:45,0,1,1,71.8,52,0,1,1,68.1,1,1,0,24.33333333,65.53333333,70,70.9,100,2,80,60,5
2025/3/11 0:00,0,1,1,71.8,52,0,1,1,68.1,1,1,0,25,64.06666667,70,70.9,100,2,80,60,5
2025/3/11 0:15,0,1,1,71.8,52,0,1,1,68.1,1,1,0,26,63.63333333,70,70.9,100,2,80,60,5
2025/3/11 0:30,0,1,1,71.8,52,0,1,1,68.1,1,1,0,26,63.4,70,70.86666667,100,2,80,60,5
2025/3/11 0:45,0,1,1,71.8,52,0,1,1,68.03333333,1,1,0,26,62.86666667,70,70.8,100,2,80,60,5
2025/3/11 1:00,0,1,1,71.8,52,0,1,1,68,1,1,0,26,62.4,70,70.8,100,2,80,60,5
2025/3/11 1:15,0,1,1,71.8,52,0,1,1,68,1,1,0,27,62.53333333,70,70.66666667,100,2,80,60,5
2025/3/11 1:30,0,1,1,71.8,52,0,1,1,68,1,1,0,27,62.1,70,70.6,100,2,80,60,5
2025/3/11 1:45,0,1,1,71.8,52,0,1,1,68,1,1,0,27.33333333,62.06666667,70,70.6,100,2,80,60,5
2025/3/11 2:00,0,1,1,71.8,52,0,1,1,68,1,1,0,28,61.86666667,70,70.6,100,2,80,60,5
2025/3/11 2:15,0,1,1,71.8,52,0,1,1,68,1,1,0,28,61.6,70,70.6,100,2,80,60,5
2025/3/11 2:30,0,1,1,71.8,52,0,1,1,68,1,1,0,28,61.66666667,70,70.6,100,2,80,60,5
2025/3/11 2:45,0,1,1,71.8,52,0,1,1,68,1,1,0,28,61.5,70,70.6,100,2,80,60,5
2025/3/11 3:00,0,1,1,71.8,52,0,1,1,67.8,1,1,0,28,61.13333333,70,70.6,100,2,80,60,5
2025/3/11 3:15,0,1,1,71.8,52,0,1,1,67.66666667,1,1,0,28.66666667,60.26666667,70,70.73333333,100,2,80,60,5
2025/3/11 3:30,0,1,1,71.8,52,0,1,1,67.7,1,1,0,29,60,70,70.8,100,2,80,60,5
2025/3/11 3:45,0,1,1,71.8,52,0,1,1,67.8,1,1,0,29,60.36666667,70,70.8,100,2,80,60,5
2025/3/11 4:00,0,1,1,71.8,52,0,1,1,67.73333333,1,1,0,29.66666667,60.36666667,70,70.8,100,2,80,60,5
2025/3/11 4:15,0,1,1,71.8,52,0,1,1,67.2,1,1,0,32.66666667,58.7,70,70.6,100,2,80,60,5
2025/3/11 4:30,0,1,1,71.8,52,0,1,1,67,1,1,0,34.33333333,57.36666667,70,70.6,100,2,80,60,5
2025/3/11 4:45,0,1,1,71.8,52,0,1,1,66.9,1,1,0,36,56.3,70,70.6,100,2,80,60,5
2025/3/11 5:00,0,1,1,71.8,52,0,1,1,66.7,1,1,0,38.33333333,55.43333333,70,70.6,100,2,80,60,5
2025/3/11 5:15,0,1,1,71.8,52,0,1,1,79.93333333,1,1,0,39.66666667,54.66666667,70,70.5,100,2,80,60,5
2025/3/11 5:30,0,1,1,71.8,52,0,1,1,66.4,1,1,0,40,54.23333333,70,70.36666667,100,2,80,60,5
2025/3/11 5:45,0,1,1,71.8,52,0,1,1,66.63333333,1,1,0,38.33333333,54.73333333,70,70.23333333,100,2,80,60,5
2025/3/11 6:00,0,1,1,71.8,52,0,1,1,66.7,1,1,0,36,56.23333333,70,70.1,100,2,80,60,5
2025/3/11 6:15,0,1,1,71.8,52,0,1,1,66.76666667,1,1,0,35,56.66666667,70,70.1,100,2,80,60,5
2025/3/11 6:30,0,1,1,71.8,52,0,1,1,66.83333333,1,1,0,34,57.23333333,70,70.06666667,100,2,80,60,5
2025/3/11 6:45,0,1,1,71.8,52,0,1,1,66.76666667,1,1,0,33.66666667,57.33333333,70,70,100,2,80,60,5
2025/3/11 7:00,0,1,1,71.8,52,0,1,1,66.93333333,1,1,0,32,58.4,70,70,100,2,80,60,5
2025/3/11 7:15,0,1,1,71.8,52,0,1,1,67,1,1,0,31.33333333,58.66666667,70,70,100,2,80,60,5
2025/3/11 7:30,0,1,1,71.8,52,0,1,1,67,1,1,0,31,58.76666667,70,70,100,2,80,60,5
2025/3/11 7:45,0,1,1,71.8,52,0,1,1,67,1,1,0,31,59.13333333,70,70,100,2,80,60,5
2025/3/11 8:00,0,1,1,71.8,52,0,1,1,67.06666667,1,1,0,31,59.2,70,70,100,2,80,60,5
2025/3/11 8:15,0,1,1,71.8,52,0,1,1,67.2,1,1,0,31,59.4,70,70,100,2,80,60,5
2025/3/11 8:30,0,1,1,71.8,52,0,1,1,67.2,1,1,0,31,59.4,70,70,100,2,80,60,5
2025/3/11 8:45,0,1,1,71.8,52,0,1,1,67.2,1,1,0,31,59.4,70,70,100,2,80,60,5
2025/3/11 9:00,0,1,1,71.8,52,0,1,1,67.2,1,1,0,31,59.4,70,70,100,2,80,60,5
2025/3/11 9:15,0,1,1,71.8,52,0,1,1,67.2,1,1,0,31,59.4,70,70,100,2,80,60,5
2025/3/11 9:30,0,1,1,71.8,52,0,1,1,66.83333333,1,1,0,32.33333333,58.06666667,70,70,100,2,80,60,5
2025/3/11 9:45,0,1,1,71.8,52,0,1,1,66.4,1,1,0,35,56.3,70,70,100,2,80,60,5
2025/3/11 10:00,0,1,1,71.8,52,0,1,1,66.26666667,1,1,0,36,55.26666667,70,70,100,2,80,60,5
2025/3/11 10:15,0,1,1,71.8,52,0,1,1,66.13333333,1,1,0,36.66666667,54.56666667,70,70,100,2,80,60,5
2025/3/11 10:30,0,1,1,71.8,52,0,1,1,66.1,1,1,0,37.66666667,54.23333333,70,69.93333333,100,2,80,60,5
2025/3/11 10:45,0,1,1,71.8,52,0,1,1,66.2,1,1,0,37.66666667,54.5,70,69.8,100,2,80,60,5
2025/3/11 11:00,0,1,1,71.8,52,0,1,1,66.66666667,1,1,0,36,56.76666667,70,69.8,100,2,80,60,5
2025/3/11 11:15,0,1,1,71.8,52,0,1,1,66.7,1,1,0,34,57.46666667,70,69.8,100,2,80,60,5
2025/3/11 11:30,0,1,1,71.8,52,0,1,1,66.43333333,1,1,0,34.66666667,56.83333333,70,69.8,100,2,80,60,5
2025/3/11 11:45,0,1,1,71.8,52,0,1,1,66,1,1,0,37.66666667,54.53333333,70,69.8,100,2,80,60,5
2025/3/11 12:00,0,1,1,71.8,52,0,1,1,65.9,1,1,0,39,54,70,69.8,100,2,80,60,5
2025/3/11 12:15,0,1,1,71.8,52,0,1,1,65.9,1,1,0,39.66666667,54.1,70,69.8,100,2,80,60,5
2025/3/11 12:30,0,1,1,71.8,52,0,1,1,65.96666667,1,1,0,39,54.76666667,70,69.8,100,2,80,60,5
2025/3/11 12:45,0,1,1,71.8,52,0,1,1,66.63333333,1,1,0,37.66666667,56.63333333,70,69.8,100,2,80,60,5
2025/3/11 13:00,0,1,1,71.8,52,0,1,1,67.33333333,1,1,0,33.66666667,59.26666667,70,69.96666667,100,2,80,60,5
2025/3/11 13:15,0,1,1,71.8,52,0,1,1,67.53333333,1,1,0.666666667,32,60.93333333,70,70.16666667,100,2,80,60,5
2025/3/11 13:30,0,1,1,71.8,52,0,1,1,67.8,1,1,1.666666667,31,62.5,70,70.63333333,100,2,80,60,5
2025/3/11 13:45,0,1,1,71.8,52,0,1,1,68.2,1,1,0,30.33333333,64.23333333,70,70.83333333,100,2,80,60,5
2025/3/11 14:00,0,1,1,71.8,52,0,1,1,68.66666667,1,1,0,29,65.8,70,71.06666667,100,2,80,60,5
2025/3/11 14:15,0,1,1,71.8,52,0,1,1,68.93333333,1,1,0,28,66.96666667,70,71.26666667,100,2,80,60,5
2025/3/11 14:30,0,1,1,71.8,52,0,1,1,69.23333333,1,1,0,27.66666667,68,70,71.73333333,100,2,80,60,5
2025/3/11 14:45,0,1,1,71.8,52,0,1,1,69.43333333,1,1,0,27,68.8,70,72.56666667,100,2,80,60,5
2025/3/11 15:00,0,1,1,71.8,52,0,1,1,66.43333333,1,1,0,26.66666667,67.93333333,70,72.13333333,100,2,80,60,5
2025/3/11 15:15,0,1,1,71.8,52,0,1,1,66.76666667,1,1,0,26,68.93333333,70,72.03333333,100,2,80,60,5
2025/3/11 15:30,11,1,1.333333333,71.8,52,0,1,1,66.5,1,1,0,25.66666667,69.46666667,70,71.93333333,100,2,80,60,5
2025/3/11 15:45,11,1,1.333333333,71.8,52,0,1,1,65.06666667,1,1,0,25,70.13333333,70,71.83333333,100,2,80,60,5
2025/3/11 16:00,22,1,1.666666667,71.8,52,0,1,1,65.5,1,1,0,25,71.1,70,71.86666667,100,2,80,60,5
2025/3/11 16:15,11,1,1.333333333,71.8,52,0,1,1,66.93333333,1,1,0,24,72.36666667,70,71.73333333,100,2,80,60,5
2025/3/11 16:30,11,1,1.333333333,71.8,52,0,1,1,68.43333333,1,1,0,23.33333333,74.46666667,70,71.83333333,100,2,80,60,5
2025/3/11 16:45,22,1,1.666666667,71.8,52,0,1,1,67.2,1,1,0,22.33333333,74.56666667,70,71.76666667,100,2,80,60,5
2025/3/11 17:00,11,1,1.333333333,71.8,52,0,1,1,67.3,1,1,0,22,75.4,70,71.76666667,100,2,80,60,5
2025/3/11 17:15,11,1,1.333333333,71.8,52,0,1,1,67.46666667,1,1,0,21.66666667,75.93333333,70,71.86666667,100,2,80,60,5
2025/3/11 17:30,22,1,1.666666667,71.8,52,0,1,1,66.66666667,1,1,0,21,76.66666667,70,71.8,100,2,80,60,5
2025/3/11 17:45,11,1,1.333333333,71.8,52,0,1,1,66.63333333,1,1,0,21,77.23333333,70,71.66666667,100,2,80,60,5
2025/3/11 18:00,11,1,1.333333333,71.8,52,0,1,1,66.36666667,1,1,0,21,77.53333333,70,71.6,100,2,80,60,5
2025/3/11 18:15,11,1,1.333333333,71.8,52,0,1,1,67.66666667,1,1,0,20.66666667,78.53333333,70,71.73333333,100,2,80,60,5
2025/3/11 18:30,11,1,1.333333333,71.8,52,0,1,1,67.83333333,1,1,0,20,79.9,70,71.76666667,100,2,80,60,5
2025/3/11 18:45,11,1,1.333333333,71.8,52,0,1,1,67.7,1,1,0,20,81.8,70,71.93333333,100,2,80,60,5
2025/3/11 19:00,22,1,1.666666667,71.8,52,0,1,1,67.4,1,1,0,20,80.56666667,70,71.93333333,100,2,80,60,5
2025/3/11 19:15,11,1,1.333333333,71.8,52,0,1,1,65.43333333,1,1,0,20,79.63333333,70,71.93333333,100,2,80,60,
2025/3/11 19:30,11,1,1.333333333,71.8,52,0,1,1,68.43333333,1,1,0,20.66666667,80.3,70,71.6,100,2,80,60,5
2025/3/11 19:45,11,1,1.333333333,71.8,52,0,1,1,68.13333333,1,1,0,21,79.9,70,71.83333333,100,2,80,60,5
2025/3/11 20:00,11,1,1.333333333,71.8,52,0,1,1,67.66666667,1,1,0,21,79.83333333,70,71.7,100,2,80,60,5
2025/3/11 20:15,11,1,1.333333333,71.8,52,0,1,1,68.03333333,1,1,0,21,79.83333333,70,71.7,100,2,80,60,5
2025/3/11 20:30,11,1,1.333333333,71.8,52,0,1,1,71.03333333,1,1,0,21,80.23333333,70,71.8,100,2,80,60,5
2025/3/11 20:45,11,1,1.333333333,71.8,52,0,1,1,68.23333333,1,1,0,21,79.36666667,70,71.73333333,100,2,80,60,5
2025/3/11 21:00,0,1,1,71.8,52,0,1,1,71.4,1,1,0,21,79.96666667,70,71.9,100,2,80,60,5
2025/3/11 21:15,11,1,1.333333333,71.8,52,0,1,1,68.53333333,1,1,0,22,78.73333333,70,71.53333333,100,2,80,60,5
2025/3/11 21:30,0,1,1,71.8,52,0,1,1,71.33333333,1,1,0,22,79.13333333,70,71.66666667,100,2,80,60,5
2025/3/11 21:45,11,1,1.333333333,71.8,52,0,1,1,69.5,1,1,0,22,79.3,70,72.06666667,100,2,80,60,5
2025/3/11 22:00,11,1,1.333333333,71.8,52,0,1,1,68.5,1,1,0,22.33333333,78.03333333,70,71.6,100,2,80,60,5
2025/3/11 22:15,0,1,1,71.8,52,0,1,1,71.63333333,1,1,0,23,77.9,70,71.86666667,100,2,80,60,5
2025/3/11 22:30,11,1,1.333333333,71.8,52,0,1,1,68.7,1,1,0,23.33333333,77.16666667,70,72,100,2,80,60,5
2025/3/11 22:45,0,1,1,71.8,52,0,1,1,70.63333333,1,1,0,24,75.6,70,71.3,100,2,80,60,5
2025/3/11 23:00,0,1,1,71.8,52,0,1,1,71.2,1,1,0,24.66666667,75.13333333,70,71.66666667,100,2,80,60,5
2025/3/11 23:15,0,1,1,71.8,52,0,1,1,71.3,1,1,0,25,74.56666667,70,72.03333333,100,2,80,60,5
2025/3/11 23:30,11,1,1.333333333,71.8,52,0,1,1,68.83333333,1,1,0,25.33333333,73.66666667,70,71.86666667,100,2,80,60,5
2025/3/11 23:45,0,1,1,71.8,52,0,1,1,70.96666667,1,1,0,26.33333333,72.16666667,70,71.63333333,100,2,80,60,5
2025/3/12 0:00,0,1,1,71.8,52,0,1,1,70.33333333,1,1,0,27,71.5,70,71.56666667,100,2,80,60,5
2025/3/12 0:15,0,1,1,71.8,52,0,1,1,70.93333333,1,1,0,28,70.93333333,70,71.63333333,100,2,80,60,5
2025/3/12 0:30,0,1,1,71.8,52,0,1,1,71.13333333,1,1,0,28.33333333,70.7,70,71.9,100,2,80,60,5
2025/3/12 0:45,0,1,1,71.8,52,0,1,1,71.13333333,1,1,0,29.66666667,70.3,70,71.96666667,100,2,80,60,5
2025/3/12 1:00,11,1,1.333333333,71.8,52,0,1,1,70.93333333,1,1,0,30.66666667,69.76666667,70,72,100,2,80,60,5
2025/3/12 1:15,11,1,1.333333333,71.8,52,0,1,1,67.2,1,1,0,31.66666667,68.26666667,70,71.33333333,100,2,80,60,5
2025/3/12 1:30,0,1,1,71.8,52,0,1,1,70.5,1,1,0,33,68.1,70,71.66666667,100,2,80,60,5
2025/3/12 1:45,0,1,1,71.8,52,0,1,1,70.43333333,1,1,0,34,67.63333333,70,72,100,2,80,60,5
2025/3/12 2:00,11,1,1.333333333,71.8,52,0,1,1,67.16666667,1,1,0,35.33333333,65.76666667,70,71.76666667,100,2,80,60,5
2025/3/12 2:15,0,1,1,71.8,52,0,1,1,69.7,1,1,0,36,65.36666667,70,71.43333333,100,2,80,60,5
2025/3/12 2:30,0,1,1,71.8,52,0,1,1,69.9,1,1,0,36.66666667,65.26666667,70,71.73333333,100,2,80,60,5
2025/3/12 2:45,0,1,1,71.8,52,0,1,1,69.76666667,1,1,0,38.33333333,64.56666667,70,71.9,100,2,80,60,5
2025/3/12 3:00,0,1,1,71.8,52,0,1,1,69.7,1,1,0,39,63.86666667,70,71.9,100,2,80,60,5
2025/3/12 3:15,0,1,1,71.8,52,0,1,1,69.7,1,1,0,39.33333333,63.43333333,70,72.06666667,100,2,80,60,5
2025/3/12 3:30,11,1,1.333333333,71.8,52,0,1,1,66.76666667,1,1,0,40,62.33333333,70,71.76666667,100,2,80,60,5
2025/3/12 3:45,0,1,1,71.8,52,0,1,1,69.3,1,1,0,40,62.63333333,70,71.36666667,100,2,80,60,5
2025/3/12 4:00,0,1,1,71.8,52,0,1,1,69.3,1,1,0,40.33333333,62.36666667,70,71.6,100,2,80,60,5
2025/3/12 4:15,0,1,1,71.8,52,0,1,1,69.3,1,1,0,41,62.03333333,70,71.6,100,2,80,60,5
2025/3/12 4:30,0,1,1,71.8,52,0,1,1,69.16666667,1,1,0,41,62,70,71.63333333,100,2,80,60,5
2025/3/12 4:45,0,1,1,71.8,52,0,1,1,69.23333333,1,1,0,41,61.63333333,70,71.83333333,100,2,80,60,5
2025/3/12 5:00,0,1,1,71.8,52,0,1,1,68.96666667,1,1,0,42.33333333,60.8,70,71.9,100,2,80,60,5
2025/3/12 5:15,0,1,1,71.8,52,0,1,1,68.9,1,1,0,43.66666667,60,70,71.9,100,2,80,60,5
2025/3/12 5:30,0,1,1,71.8,52,0,1,1,68.9,1,1,0,43.33333333,59.7,70,71.9,100,2,80,60,5
2025/3/12 5:45,0,1,1,71.8,52,0,1,1,68.9,1,1,0,43,59.7,70,71.9,100,2,80,60,5
2025/3/12 6:00,0,1,1,71.8,52,0,1,1,68.9,1,1,0,42,60,70,71.9,100,2,80,60,5
2025/3/12 6:15,0,1,1,71.8,52,0,1,1,68.9,1,1,0,41.66666667,60.33333333,70,71.9,100,2,80,60,5
2025/3/12 6:30,0,1,1,71.8,52,0,1,1,68.86666667,1,1,0,42,59.96666667,70,71.9,100,2,80,60,5
2025/3/12 6:45,0,1,1,71.8,52,0,1,1,68.73333333,1,1,0,42,59.56666667,70,71.7,100,2,80,60,5
2025/3/12 7:00,0,1,1,71.8,52,0,1,1,68.6,1,1,0,42,59.2,70,71.7,100,2,80,60,5
2025/3/12 7:15,0,1,1,71.8,52,0,1,1,68.6,1,1,0,42,59.33333333,70,71.7,100,2,80,60,5
2025/3/12 7:30,0,1,1,71.8,52,0,1,1,68.5,1,1,0,42.33333333,58.86666667,70,71.6,100,2,80,60,5
2025/3/12 7:45,0,1,1,71.8,52,0,1,1,68.5,1,1,0,43,58.83333333,70,71.66666667,100,2,80,60,5
2025/3/12 8:00,0,1,1,71.8,52,0,1,1,68.5,1,1,0,43,58.63333333,70,71.7,100,2,80,60,5
2025/3/12 8:15,0,1,1,71.8,52,0,1,1,68.5,1,1,0,43.66666667,58.43333333,70,71.7,100,2,80,60,5
2025/3/12 8:30,0,1,1,71.8,52,0,1,1,68.5,1,1,0,43.66666667,58.1,70,71.63333333,100,2,80,60,5
2025/3/12 8:45,0,1,1,71.8,52,0,1,1,68.5,1,1,0,43.33333333,58.1,70,71.53333333,100,2,80,60,5
2025/3/12 9:00,0,1,1,71.8,52,0,1,1,68.3,1,1,0,44,58.1,70,71.4,100,2,80,60,5
2025/3/12 9:15,0,1,1,71.8,52,0,1,1,68.3,1,1,0,44,58.1,70,71.4,100,2,80,60,5
2025/3/12 9:30,0,1,1,71.8,52,0,1,1,68.3,1,1,0,44,57.9,70,71.4,100,2,80,60,5
2025/3/12 9:45,0,1,1,71.8,52,0,1,1,68.3,1,1,0,44,57.83333333,70,71.26666667,100,2,80,60,5
2025/3/12 10:00,0,1,1,71.8,52,0,1,1,68.3,1,1,0,44,57.93333333,70,71.2,100,2,80,60,5
2025/3/12 10:15,0,1,1,71.8,52,0,1,1,68.3,1,1,0,43,58.23333333,70,71.2,100,2,80,60,5
2025/3/12 10:30,0,1,1,71.8,52,0,1,1,68.3,1,1,0,43.33333333,58.36666667,70,71.13333333,100,2,80,60,5
2025/3/12 10:45,0,1,1,71.8,52,0,1,1,68.23333333,1,1,0,44,58.46666667,70,71.1,100,2,80,60,5
2025/3/12 11:00,0,1,1,71.8,52,0,1,1,68.1,1,1,0,44,58.63333333,70,71.1,100,2,80,60,5
2025/3/12 11:15,0,1,1,71.8,52,0,1,1,68.1,1,1,0,44,58.7,70,71.1,100,2,80,60,5
2025/3/12 11:30,0,1,1,71.8,52,0,1,1,68.1,1,1,0,44,58.7,70,71.1,100,2,80,60,5
2025/3/12 11:45,0,1,1,71.8,52,0,1,1,68.1,1,1,0,44,58.76666667,70,71.1,100,2,80,60,5
2025/3/12 12:00,0,1,1,71.8,52,0,1,1,68.23333333,1,1,0,43.66666667,59.96666667,70,71.1,100,2,80,60,5
2025/3/12 12:15,0,1,1,71.8,52,0,1,1,68.5,1,1,0,42.66666667,60.7,70,71.1,100,2,80,60,5
2025/3/12 12:30,0,1,1,71.8,52,0,1,1,68.5,1,1,0,42,61.06666667,70,71.1,100,2,80,60,5
2025/3/12 12:45,0,1,1,71.8,52,0,1,1,68.7,1,1,0,41.66666667,61.9,70,71.1,100,2,80,60,5
2025/3/12 13:00,0,1,1,71.8,52,0,1,1,69.06666667,1,1,0,40.33333333,63.43333333,70,71.1,100,2,80,60,5
2025/3/12 13:15,0,1,1,71.8,52,0,1,1,69.3,1,1,0,39.33333333,64.9,70,71.3,100,2,80,60,5
2025/3/12 13:30,0,1,1,71.8,52,0,1,1,69.56666667,1,1,0,38,66.7,70,71.66666667,100,2,80,60,5
2025/3/12 13:45,0,1,1,71.8,52,0,1,1,70.13333333,1,1,0,36.33333333,68.26666667,70,71.86666667,100,2,80,60,5
2025/3/12 14:00,0,1,1,71.8,52,0,1,1,70.5,1,1,0,34.33333333,69.73333333,70,72.06666667,100,2,80,60,5
2025/3/12 14:15,0,1,1,71.8,52,0,1,1,70.73333333,1,1,0,33.66666667,70.8,70,72.33333333,100,2,80,60,5
2025/3/12 14:30,0,1,1,71.8,52,0,1,1,71,1,1,0,33,71.6,70,72.83333333,100,2,80,60,5
2025/3/12 14:45,22,1,1.666666667,71.8,52,0,1,1,65.96666667,1,1,0,32.66666667,70.36666667,70,72.46666667,100,2,80,60,5
2025/3/12 15:00,11,1,1.333333333,71.8,52,0,1,1,67.06666667,1,1,0,32,70.63333333,70,71.73333333,100,2,80,60,5
2025/3/12 15:15,0,1,1,71.8,52,0,1,1,67.93333333,1,1,0,31,72.33333333,70,71.76666667,100,2,80,60,5
2025/3/12 15:30,11,1,1.333333333,71.8,52,0,1,1,67.53333333,1,1,0,29.33333333,73.1,70,71.76666667,100,2,80,60,5
2025/3/12 15:45,22,1,1.666666667,71.8,52,0,1,1,65.8,1,1,0,28.66666667,73.96666667,70,72.03333333,100,2,80,60,5
2025/3/12 16:00,22,1,1.333333333,71.8,52,0,1,1,64.56666667,1,1,0,27.66666667,74.3,70,71.76666667,100,2,80,60,5
2025/3/12 16:15,11,1,1.666666667,71.8,52,0,1,1,67.6,1,1,0,26.66666667,75.46666667,70,71.73333333,100,2,80,60,5
2025/3/12 16:30,11,1,1.333333333,71.8,52,0,1,1,67.46666667,1,1,0,26,75.93333333,70,71.83333333,100,2,80,60,5
2025/3/12 16:45,22,1,1.666666667,71.8,52,0,1,1,67,1,1,0,26,76.33333333,70,71.86666667,100,2,80,60,5
2025/3/12 17:00,22,1,1.666666667,71.8,52,0,1,1,66,1,1,0,25,77,70,71.9,100,2,80,60,5
2025/3/12 17:15,22,1,1.666666667,71.8,52,0,1,1,65.5,1,1,0,24.33333333,77.9,70,71.76666667,100,2,80,60,5
2025/3/12 17:30,22,1,1.666666667,71.8,52,0,1,1,64.1,1,1,0,24,78.76666667,70,71.8,100,2,80,60,5
2025/3/12 17:45,22,1,1.666666667,71.8,52,0,1,1,65.23333333,1,1,0,24,78.83333333,70,71.83333333,100,2,80,60,5
2025/3/12 18:00,22,1,1.666666667,71.8,52,0,1,1,65.36666667,1,1,0,24,78.9,70,71.66666667,100,2,80,60,5
2025/3/12 18:15,11,1,1.333333333,71.8,52,0,1,1,67.5,1,1,0,23.66666667,80.13333333,70,71.7,100,2,80,60,5
2025/3/12 18:30,22,1,1.333333333,71.8,52,0,1,1,66.03333333,1,1,0,23,81.66666667,70,71.8,100,2,80,60,5
2025/3/12 18:45,22,1,1.666666667,71.8,52,0,1,1,66.3,1,1,0,22.33333333,83,70,71.83333333,100,2,80,60,5
2025/3/12 19:00,22,1,1.666666667,71.8,52,0,1,1,65.83333333,1,1,0,22.33333333,80.9,70,71.9,100,2,80,60,5
2025/3/12 19:15,22,1,1.666666667,71.8,52,0,1,1,65.86666667,1,1,0,23,79.96666667,70,71.76666667,100,2,80,60,5
2025/3/12 19:30,11,1,1.666666667,71.8,52,0,1,1,67.73333333,1,1,0,23,80.8,70,71.7,100,2,80,60,5
2025/3/12 19:45,22,1,1.666666667,71.8,52,0,1,1,68.3,1,1,0,21.33333333,80.7,70,71.83333333,100,2,80,60,5
2025/3/12 20:00,22,1,1.666666667,71.8,52,0,1,1,66.63333333,1,1,0,21,79.7,70,71.8,100,2,80,60,5
2025/3/12 20:15,11,1,1.333333333,71.8,52,0,1,1,68.23333333,1,1,0,21,79.83333333,70,71.53333333,100,2,80,60,5
2025/3/12 20:30,11,1,1.333333333,71.8,52,0,1,1,68.86666667,1,1,0,21,79.9,70,71.76666667,100,2,80,60,5
2025/3/12 20:45,11,1,1.333333333,71.8,52,0,1,1,68.73333333,1,1,0,22,79.6,70,71.86666667,100,2,80,60,5
2025/3/12 21:00,11,1,1.333333333,71.8,52,0,1,1,69,1,1,0,22,79.9,70,71.73333333,100,2,80,60,5
2025/3/12 21:15,11,1,1.333333333,71.8,52,0,1,1,68.9,1,1,0,22,79.8,70,71.7,100,2,80,60,5
2025/3/12 21:30,11,1,1.333333333,71.8,52,0,1,1,69.1,1,1,0,22.33333333,79.73333333,70,71.86666667,100,2,80,60,5
2025/3/12 21:45,11,1,1.333333333,71.8,52,0,1,1,69.13333333,1,1,0,23,79.33333333,70,71.8,100,2,80,60,5
2025/3/12 22:00,11,1,1.333333333,71.8,52,0,1,1,71.16666667,1,1,0,23,78.83333333,70,71.8,100,2,80,60,5
2025/3/12 22:15,11,1,1.333333333,71.8,52,0,1,1,68.66666667,1,1,0,23,77.7,70,71.66666667,100,2,80,60,5
2025/3/12 22:30,11,1,1.333333333,71.8,52,0,1,1,68.66666667,1,1,0,23,77.26666667,70,71.83333333,100,2,80,60,5
2025/3/12 22:45,0,1,1,71.8,52,0,1,1,71.6,1,1,0,23,76.1,70,71.56666667,100,2,80,60,5
2025/3/12 23:00,11,1,1.333333333,71.8,52,0,1,1,68.16666667,1,1,0,23.66666667,75.5,70,71.93333333,100,2,80,60,5
2025/3/12 23:15,0,1,1,71.8,52,0,1,1,71.56666667,1,1,0,24.33333333,74.4,70,71.56666667,100,2,80,60,5
2025/3/12 23:30,11,1,1.333333333,71.8,52,0,1,1,69.1,1,1,0,25,73.33333333,70,71.96666667,100,2,80,60,5
2025/3/12 23:45,0,1,1,71.8,52,0,1,1,71.26666667,1,1,0,25,72.2,70,71.63333333,100,2,80,60,5
2025/3/13 0:00,11,1,1.333333333,71.8,52,0,1,1,68.5,1,1,0,25.33333333,71.66666667,70,71.96666667,100,2,80,60,5
2025/3/13 0:15,0,1,1,71.8,52,0,1,1,70.96666667,1,1,0,26,70.3,70,71.46666667,100,2,80,60,5
2025/3/13 0:30,11,1,1.333333333,71.8,52,0,1,1,68.3,1,1,0,26,70.63333333,70,72.06666667,100,2,80,60,5
2025/3/13 0:45,0,1,1,71.8,52,0,1,1,70.86666667,1,1,0,26,70.5,70,71.36666667,100,2,80,60,5
2025/3/13 1:00,0,1,1,71.8,52,0,1,1,71.43333333,1,1,0,26,70.66666667,70,71.96666667,100,2,80,60,5
2025/3/13 1:15,11,1,1.333333333,71.8,52,0,1,1,67.66666667,1,1,0,28,68.23333333,70,71.8,100,2,80,60,5
2025/3/13 1:30,0,1,1,71.8,52,0,1,1,70.63333333,1,1,0,30,67.2,70,71.56666667,100,2,80,60,5
2025/3/13 1:45,11,1,1.333333333,71.8,52,0,1,1,67.36666667,1,1,0,32,66.26666667,70,71.8,100,2,80,60,5
2025/3/13 2:00,0,1,1,71.8,52,0,1,1,70.4,1,1,0,33.66666667,65.76666667,70,71.63333333,100,2,80,60,5
2025/3/13 2:15,11,1,1.333333333,71.8,52,0,1,1,67.56666667,1,1,0,35.33333333,65.2,70,71.86666667,100,2,80,60,5
2025/3/13 2:30,0,1,1,71.8,52,0,1,1,70.1,1,1,0,36,65.16666667,70,71.5,100,2,80,60,5
2025/3/13 2:45,0,1,1,71.8,52,0,1,1,70.16666667,1,1,0,36,65.93333333,70,72.06666667,100,2,80,60,5
2025/3/13 3:00,11,1,1.333333333,71.8,52,0,1,1,68.36666667,1,1,0,36.66666667,64.86666667,70,71.6,100,2,80,60,5
2025/3/13 3:15,0,1,1,71.8,52,0,1,1,69.9,1,1,0,37.33333333,65.2,70,71.7,100,2,80,60,5
2025/3/13 3:30,0,1,1,71.8,52,0,1,1,70.1,1,1,0,38,65.3,70,72,100,2,80,60,5
2025/3/13 3:45,11,1,1.333333333,71.8,52,0,1,1,68.56666667,1,1,0,38,63.83333333,70,71.43333333,100,2,80,60,5
2025/3/13 4:00,0,1,1,71.8,52,0,1,1,69.6,1,1,0,38.66666667,64.23333333,70,71.6,100,2,80,60,5
2025/3/13 4:15,0,1,1,71.8,52,0,1,1,69.83333333,1,1,0,39.66666667,64.43333333,70,71.96666667,100,2,80,60,5
2025/3/13 4:30,11,1,1.333333333,71.8,52,0,1,1,67.46666667,1,1,0,40.66666667,63.76666667,70,72.06666667,100,2,80,60,5
2025/3/13 4:45,0,1,1,71.8,52,0,1,1,68.26666667,1,1,0,40.66666667,62.03333333,70,71.46666667,100,2,80,60,5
2025/3/13 5:00,0,1,1,71.8,52,0,1,1,69.66666667,1,1,0,41.33333333,63.1,70,71.86666667,100,2,80,60,5
2025/3/13 5:15,11,1,1.333333333,71.8,52,0,1,1,67.06666667,1,1,0,43,62.13333333,70,71.83333333,100,2,80,60,5
2025/3/13 5:30,0,1,1,71.8,52,0,1,1,69.33333333,1,1,0,43,62.33333333,70,71.46666667,100,2,80,60,5
2025/3/13 5:45,0,1,1,71.8,52,0,1,1,69.4,1,1,0,43.33333333,63.03333333,70,71.7,100,2,80,60,5
2025/3/13 6:00,0,1,1,71.8,52,0,1,1,69.4,1,1,0,45,62.6,70,71.9,100,2,80,60,5
2025/3/13 6:15,0,1,1,71.8,52,0,1,1,69.4,1,1,0,46,62.43333333,70,71.9,100,2,80,60,5
2025/3/13 6:30,0,1,1,71.8,52,0,1,1,69.4,1,1,0,47,62.16666667,70,71.93333333,100,2,80,60,5
2025/3/13 6:45,0,1,1,71.8,52,0,1,1,69.4,1,1,0,47,62.3,70,72,100,2,80,60,5
2025/3/13 7:00,11,1,1.333333333,71.8,52,0,1,1,67.66666667,1,1,0,47,60.43333333,70,71.26666667,100,2,80,60,5
2025/3/13 7:15,0,1,1,71.8,52,0,1,1,69.03333333,1,1,0,47.66666667,60.83333333,70,71.43333333,100,2,80,60,5
2025/3/13 7:30,0,1,1,71.8,52,0,1,1,69.1,1,1,0,48,61.16666667,70,71.73333333,100,2,80,60,5
2025/3/13 7:45,0,1,1,71.8,52,0,1,1,69.1,1,1,0,49,61,70,71.9,100,2,80,60,5
2025/3/13 8:00,0,1,1,71.8,52,0,1,1,69.1,1,1,0,50,60.93333333,70,71.9,100,2,80,60,5
2025/3/13 8:15,0,1,1,71.8,52,0,1,1,69.1,1,1,0,50,60.6,70,72,100,2,80,60,5
2025/3/13 8:30,0,1,1,71.8,52,0,1,1,69.1,1,1,0,50,60.46666667,70,72,100,2,80,60,5
2025/3/13 8:45,0,1,1,71.8,52,0,1,1,67.46666667,1,1,0,48.33333333,60.2,70,71.8,100,2,80,60,5
2025/3/13 9:00,0,1,1,71.8,52,0,1,1,68.73333333,1,1,0,47,59.8,70,71.13333333,100,2,80,60,5
2025/3/13 9:15,0,1,1,71.8,52,0,1,1,68.86666667,1,1,0,48,60.5,70,71.6,100,2,80,60,5
2025/3/13 9:30,0,1,1,71.8,52,0,1,1,68.9,1,1,0,47.33333333,61.16666667,70,71.66666667,100,2,80,60,5
2025/3/13 9:45,0,1,1,71.8,52,0,1,1,68.9,1,1,0,48,60.96666667,70,71.7,100,2,80,60,5
2025/3/13 10:00,0,1,1,71.8,52,0,1,1,68.9,1,1,0,48,61.16666667,70,71.7,100,2,80,60,5
2025/3/13 10:15,0,1,1,71.8,52,0,1,1,69.03333333,1,1,0,47,61.36666667,70,71.7,100,2,80,60,5
2025/3/13 10:30,0,1,1,71.8,52,0,1,1,69.1,1,1,0,46.66666667,61.73333333,70,71.7,100,2,80,60,5
2025/3/13 10:45,0,1,1,71.8,52,0,1,1,69.1,1,1,0,46,61.96666667,70,71.7,100,2,80,60,5
2025/3/13 11:00,0,1,1,71.8,52,0,1,1,69.23333333,1,1,0,45.66666667,62.4,70,71.7,100,2,80,60,5
2025/3/13 11:15,0,1,1,71.8,52,0,1,1,69.3,1,1,0,44.33333333,63.43333333,70,71.7,100,2,80,60,5
2025/3/13 11:30,0,1,1,71.8,52,0,1,1,69.3,1,1,0,43.66666667,64.13333333,70,71.7,100,2,80,60,5
2025/3/13 11:45,0,1,1,71.8,52,0,1,1,69.3,1,1,0,44.33333333,63.6,70,71.7,100,2,80,60,5
2025/3/13 12:00,0,1,1,71.8,52,0,1,1,69.16666667,1,1,0,46.66666667,62.76666667,70,71.7,100,2,80,60,5
2025/3/13 12:15,0,1,1,71.8,52,0,1,1,69.1,1,1,0,46.33333333,62.76666667,70,71.7,100,2,80,60,5
2025/3/13 12:30,0,1,1,71.8,52,0,1,1,69.1,1,1,0,45.66666667,62.86666667,70,71.7,100,2,80,60,5
2025/3/13 12:45,0,1,1,71.8,52,0,1,1,69.1,1,1,0,46.33333333,63,70,71.76666667,100,2,80,60,5
2025/3/13 13:00,0,1,1,71.8,52,0,1,1,69.16666667,1,1,0,46,63.73333333,70,71.9,100,2,80,60,5
2025/3/13 13:15,0,1,1,71.8,52,0,1,1,69.33333333,1,1,0,45,65.26666667,70,71.9,100,2,80,60,5
2025/3/13 13:30,0,1,1,71.8,52,0,1,1,69.63333333,1,1,0,44,66.7,70,71.96666667,100,2,80,60,5
2025/3/13 13:45,0,1,1,71.8,52,0,1,1,70.13333333,1,1,0,43,68.6,70,72.2,100,2,80,60,5
2025/3/13 14:00,11,1,1.333333333,71.8,52,0,1,1,67.56666667,1,1,0,42,68.8,70,72.26666667,100,2,80,60,5
2025/3/13 14:15,0,1,1,71.8,52,0,1,1,69.6,1,1,0,42,67.7,70,71.6,100,2,80,60,5
2025/3/13 14:30,11,1,1.333333333,71.8,52,0,1,1,67.26666667,1,1,0,40.33333333,68.43333333,70,72,100,2,80,60,5
2025/3/13 14:45,11,1,1.333333333,71.8,52,0,1,1,67.3,1,1,0,39.66666667,68.33333333,70,71.8,100,2,80,60,5
2025/3/13 15:00,0,1,1,71.8,52,0,1,1,67.83333333,1,1,0,38.33333333,70.8,70,71.7,100,2,80,60,5
2025/3/13 15:15,11,1,1.333333333,71.8,52,0,1,1,67.93333333,1,1,0,36.33333333,71.96666667,70,71.9,100,2,80,60,5
2025/3/13 15:30,11,1,1.333333333,71.8,52,0,1,1,66.2,1,1,0,34.66666667,72.36666667,70,71.83333333,100,2,80,60,5
2025/3/13 15:45,22,1,1.666666667,71.8,52,0,1,1,64.66666667,1,1,0,35,71.5,70,71.93333333,100,2,80,60,5
2025/3/13 16:00,22,1,1.666666667,71.8,52,0,1,1,65.83333333,1,1,0,37,72.03333333,70,71.86666667,100,2,80,60,5
2025/3/13 16:15,22,1,1.666666667,71.8,52,0,1,1,66.83333333,1,1,0,36.66666667,73.83333333,70,71.93333333,100,2,80,60,5
2025/3/13 16:30,11,1,1.333333333,71.8,52,0,1,1,67.03333333,1,1,0,36,75.53333333,70,71.8,100,2,80,60,5
2025/3/13 16:45,11,1,1.333333333,71.8,52,0,1,1,65.03333333,1,1,0,36,75.4,70,71.7,100,2,80,60,5
2025/3/13 17:00,11,1,1.333333333,71.8,52,0,1,1,67.2,1,1,0,36,76.2,70,71.86666667,100,2,80,60,5
2025/3/13 17:15,11,1,1.333333333,71.8,52,0,1,1,66.4,1,1,0,38,76.33333333,70,71.7,100,2,80,60,5
2025/3/13 17:30,22,1,1.666666667,71.8,52,0,1,1,65.03333333,1,1,0,41,76.6,70,71.86666667,100,2,80,60,5
2025/3/13 17:45,22,1,1.666666667,71.8,52,0,1,1,64.7,1,1,0,43,76.7,70,71.66666667,100,2,80,60,5
2025/3/13 18:00,22,1,1.666666667,71.8,52,0,1,1,67.46666667,1,1,0,43.66666667,77.3,70,71.7,100,2,80,60,5
2025/3/13 18:15,11,1,1.333333333,71.8,52,0,1,1,67.1,1,1,0,43.66666667,78.23333333,70,71.7,100,2,80,60,5
2025/3/13 18:30,22,1,1.666666667,71.8,52,0,1,1,66.13333333,1,1,0,42,79.13333333,70,71.66666667,100,2,80,60,5
2025/3/13 18:45,11,1,1.333333333,71.8,52,0,1,1,68.46666667,1,1,0,40.33333333,82.96666667,70,71.83333333,100,2,80,60,5
2025/3/13 19:00,11,1,1.333333333,71.8,52,0,1,1,66.23333333,1,1,0,40,81.56666667,70,71.8,100,2,80,60,5
2025/3/13 19:15,11,1,1.333333333,71.8,52,0,1,1,66,1,1,0,40,79.56666667,70,71.73333333,100,2,80,60,5
2025/3/13 19:30,11,1,1.333333333,71.8,52,0,1,1,65.63333333,1,1,0,41,78.23333333,70,71.6,100,2,80,60,5
2025/3/13 19:45,22,1,1.666666667,71.8,52,0,1,1,66.86666667,1,1,0,41.33333333,78.8,70,71.83333333,100,2,80,60,5
2025/3/13 20:00,11,1,1.333333333,71.8,52,0,1,1,66.56666667,1,1,0,41.33333333,78.16666667,70,71.66666667,100,2,80,60,5
2025/3/13 20:15,11,1,1.333333333,71.8,52,0,1,1,68.63333333,1,1,0,42,78.66666667,70,71.8,100,2,80,60,5
2025/3/13 20:30,0,1,1,71.8,52,0,1,1,69.63333333,1,1,0,42.33333333,78.33333333,70,71.66666667,100,2,80,60,5
2025/3/13 20:45,11,1,1.333333333,71.8,52,0,1,1,69.4,1,1,0,44,76.23333333,70,71.83333333,100,2,80,60,5
2025/3/13 21:00,11,1,1.333333333,71.8,52,0,1,1,67.6,1,1,0,48.33333333,71.86666667,70,71.83333333,100,2,80,60,5
2025/3/13 21:15,0,1,1,71.8,52,0,1,1,70.2,1,1,0,59.66666667,65.9,70,71.56666667,100,2,80,60,5
2025/3/13 21:30,11,1,1.333333333,71.8,52,0,1,1,68.26666667,1,1,0,62.33333333,66.3,70,71.96666667,100,2,80,60,5
2025/3/13 21:45,0,1,1,71.8,52,0,1,1,70.9,1,1,0,62.66666667,68.5,70,71.6,100,2,80,60,5
2025/3/13 22:00,11,1,1.333333333,71.8,52,0,1,1,68.26666667,1,1,0,65.33333333,66.43333333,70,71.86666667,100,2,80,60,5
2025/3/13 22:15,0,1,1,71.8,52,0,1,1,70.53333333,1,1,0,70.66666667,66.5,70,71.63333333,100,2,80,60,5
2025/3/13 22:30,11,1,1.333333333,71.8,52,0,1,1,67.9,1,1,0,69,68.26666667,70,71.8,100,2,80,60,5
2025/3/13 22:45,0,1,1,71.8,52,0,1,1,71.1,1,1,0,64.66666667,69.2,70,71.63333333,100,2,80,60,5
2025/3/13 23:00,11,1,1.333333333,71.8,52,0,1,1,68.06666667,1,1,0,62.66666667,69,70,72,100,2,80,60,5
2025/3/13 23:15,0,1,1,71.8,52,0,1,1,70.6,1,1,0,61.33333333,67.96666667,70,71.5,100,2,80,60,5
2025/3/13 23:30,11,1,1.333333333,71.8,52,0,1,1,67.76666667,1,1,0,61,67.66666667,70,72.13333333,100,2,80,60,5
2025/3/13 23:45,0,1,1,71.8,52,0,1,1,70.13333333,1,1,0,61.33333333,66.36666667,70,71.5,100,2,80,60,5
2025/3/14 0:00,0,1,1,71.8,52,0,1,1,70.83333333,1,1,0,62.66666667,66.93333333,70,71.96666667,100,2,80,60,5
2025/3/14 0:15,0,1,1,71.8,52,0,1,1,69.65,1,1,0,63.75,64.775,70,71.35,100,2,80,60,5
2025/3/14 0:30,0,1,1,71.8,52,0,1,1,70.26666667,1,1,0,63.33333333,65.3,70,71.6,100,2,80,60,5
2025/3/14 0:45,0,1,1,71.8,52,0,1,1,70.56666667,1,1,0,63,66.23333333,70,72.03333333,100,2,80,60,5
2025/3/14 1:00,0,1,1,71.8,52,0,1,1,67.1,1,1,0,63,64.96666667,70,71.8,100,2,80,60,5
2025/3/14 1:15,0,1,1,71.8,52,0,1,1,70.2,1,1,0,64,65.36666667,70,71.56666667,100,2,80,60,5
2025/3/14 1:30,0,1,1,71.8,52,0,1,1,70.5,1,1,0,64.33333333,65.83333333,70,71.93333333,100,2,80,60,5
2025/3/14 1:45,0,1,1,71.8,52,0,1,1,70.5,1,1,0,65.66666667,65.63333333,70,72,100,2,80,60,5
2025/3/14 2:00,0,1,1,71.8,52,0,1,1,66.96666667,1,1,0,66,64.33333333,70,71.36666667,100,2,80,60,5
2025/3/14 2:15,0,1,1,71.8,52,0,1,1,70.1,1,1,0,66,64.96666667,70,71.66666667,100,2,80,60,5
2025/3/14 2:30,0,1,1,71.8,52,0,1,1,70.2,1,1,0,66,65.1,70,71.93333333,100,2,80,60,5
2025/3/14 2:45,0,1,1,71.8,52,0,1,1,70.2,1,1,0,66.33333333,64.53333333,70,72,100,2,80,60,5
2025/3/14 3:00,11,1,1.333333333,71.8,52,0,1,1,68.3,1,1,0,67,63.56666667,70,71.63333333,100,2,80,60,5
2025/3/14 3:15,0,1,1,71.8,52,0,1,1,69.9,1,1,0,66.66666667,63.96666667,70,71.5,100,2,80,60,5
2025/3/14 3:30,0,1,1,71.8,52,0,1,1,70.1,1,1,0,65.66666667,64.4,70,71.9,100,2,80,60,5
2025/3/14 3:45,0,1,1,71.8,52,0,1,1,70.1,1,1,0,65.33333333,64.26666667,70,72,100,2,80,60,5
2025/3/14 4:00,11,1,1.333333333,71.8,52,0,1,1,67.36666667,1,1,0,66,63.63333333,70,72,100,2,80,60,5
2025/3/14 4:15,0,1,1,71.8,52,0,1,1,69.23333333,1,1,0,66,61.96666667,70,71.13333333,100,2,80,60,5
2025/3/14 4:30,0,1,1,71.8,52,0,1,1,69.6,1,1,0,66.33333333,62.83333333,70,71.63333333,100,2,80,60,5
2025/3/14 4:45,0,1,1,71.8,52,0,1,1,69.66666667,1,1,0,64.33333333,63.06666667,70,71.7,100,2,80,60,5
2025/3/14 5:00,0,1,1,71.8,52,0,1,1,69.7,1,1,0,63,63.2,70,71.9,100,2,80,60,5
2025/3/14 5:15,0,1,1,71.8,52,0,1,1,69.76666667,1,1,0,62.66666667,63.36666667,70,71.9,100,2,80,60,5
2025/3/14 5:30,0,1,1,71.8,52,0,1,1,69.9,1,1,0,59.66666667,63.5,70,71.93333333,100,2,80,60,5
2025/3/14 5:45,11,1,1.333333333,71.8,52,0,1,1,69.9,1,1,0,58.33333333,63.5,70,72,100,2,80,60,5
2025/3/14 6:00,0,1,1,71.8,52,0,1,1,68.7,1,1,0,57.33333333,62.93333333,70,71.2,100,2,80,60,5
2025/3/14 6:15,0,1,1,71.8,52,0,1,1,69.9,1,1,0,55.33333333,63.83333333,70,71.53333333,100,2,80,60,5
2025/3/14 6:30,0,1,1,71.8,52,0,1,1,69.9,1,1,0,55,64,70,71.76666667,100,2,80,60,5
2025/3/14 6:45,0,1,1,71.8,52,0,1,1,70.1,1,1,0,55,64,70,71.9,100,2,80,60,5
2025/3/14 7:00,0,1,1,71.8,52,0,1,1,69.96666667,1,1,0,56.33333333,63.66666667,70,71.96666667,100,2,80,60,5
2025/3/14 7:15,0,1,1,71.8,52,0,1,1,69.83333333,1,1,0,57.33333333,62.93333333,70,72,100,2,80,60,5
2025/3/14 7:30,22,1,1.666666667,71.8,52,0,1,1,67.26666667,1,1,0,58.33333333,62.1,70,71.96666667,100,2,80,60,5
2025/3/14 7:45,0,1,1,71.8,52,0,1,1,69.06666667,1,1,0,59,61.13333333,70,71.13333333,100,2,80,60,5
2025/3/14 8:00,0,1,1,71.8,52,0,1,1,69.3,1,1,0,59,61.7,70,71.66666667,100,2,80,60,5
2025/3/14 8:15,0,1,1,71.8,52,0,1,1,69.3,1,1,0,59,61.63333333,70,71.7,100,2,80,60,5
2025/3/14 8:30,0,1,1,71.8,52,0,1,1,69.3,1,1,0,60,61.43333333,70,71.7,100,2,80,60,5
2025/3/14 8:45,0,1,1,71.8,52,0,1,1,69.3,1,1,0,60,61.3,70,71.7,100,2,80,60,5
2025/3/14 9:00,0,1,1,71.8,52,0,1,1,69.2,1,1,0,59,61.25,70,71.9,100,2,80,60,5
2025/3/14 9:15,0,1,1,71.8,52,0,1,1,69.1,1,1,0,58,60.9,70,71.9,100,2,80,60,5
2025/3/14 9:30,0,1,1,71.8,52,0,1,1,69.1,1,1,0,59,60.43333333,70,71.9,100,2,80,60,5
2025/3/14 9:45,0,1,1,71.8,52,0,1,1,68.9,1,1,0,58.33333333,59.9,70,71.9,100,2,80,60,5
2025/3/14 10:00,0,1,1,71.8,52,0,1,1,68.9,1,1,0,59,59.9,70,71.9,100,2,80,60,5
2025/3/14 10:15,0,1,1,71.8,52,0,1,1,68.9,1,1,0,61,59.9,70,71.9,100,2,80,60,5
2025/3/14 10:30,0,1,1,71.8,52,0,1,1,68.9,1,1,0,61,59.6,70,71.9,100,2,80,60,5
2025/3/14 10:45,0,1,1,71.8,52,0,1,1,68.9,1,1,0,62,59.53333333,70,71.9,100,2,80,60,5
2025/3/14 11:00,0,1,1,71.8,52,0,1,1,68.9,1,1,0,62,59.13333333,70,71.9,100,2,80,60,5
2025/3/14 11:15,0,1,1,71.8,52,0,1,1,68.86666667,1,1,0,63,58.56666667,70,71.9,100,2,80,60,5
2025/3/14 11:30,0,1,1,71.8,52,0,1,1,67.7,1,1,0,63,57.83333333,70,70.83333333,100,2,80,60,5
2025/3/14 11:45,0,1,1,71.8,52,0,1,1,68.5,1,1,0,63.33333333,58.23333333,70,71.1,100,2,80,60,5
2025/3/14 12:00,0,1,1,71.8,52,0,1,1,68.5,1,1,0,64,58.53333333,70,71.2,100,2,80,60,5
2025/3/14 12:15,0,1,1,71.8,52,0,1,1,68.6,1,1,0,64,58.83333333,70,71.2,100,2,80,60,5
2025/3/14 12:30,0,1,1,71.8,52,0,1,1,68.66666667,1,1,0,63,59.43333333,70,71.26666667,100,2,80,60,5
2025/3/14 12:45,0,1,1,71.8,52,0,1,1,69.1,1,1,0,62.33333333,60.2,70,71.53333333,100,2,80,60,5
2025/3/14 13:00,0,1,1,71.8,52,0,1,1,69.3,1,1,0,61,61.53333333,70,71.66666667,100,2,80,60,5
2025/3/14 13:15,0,1,1,71.8,52,0,1,1,69.43333333,1,1,0,60,62.73333333,70,72.1,100,2,80,60,5
2025/3/14 13:30,0,1,1,71.8,52,0,1,1,69.63333333,1,1,0,60.66666667,63.16666667,70,72.26666667,100,2,80,60,5
2025/3/14 13:45,0,1,1,71.8,52,0,1,1,70.03333333,1,1,0,59.33333333,64.86666667,70,72.56666667,100,2,80,60,5
2025/3/14 14:00,22,1,1.666666667,71.8,52,0,1,1,66.6,1,1,0,58.33333333,65.2,70,72.7,100,2,80,60,5
2025/3/14 14:15,11,1,1.666666667,71.8,52,0,1,1,66.93333333,1,1,0,58,65.4,70,71.93333333,100,2,80,60,5
2025/3/14 14:30,11,1,1.333333333,71.8,52,0,1,1,69.5,1,1,0,58,66.63333333,70,71.7,100,2,80,60,5
2025/3/14 14:45,11,1,1.333333333,71.8,52,0,1,1,66.83333333,1,1,0,56,67.83333333,70,71.73333333,100,2,80,60,5
2025/3/14 15:00,11,1,1.333333333,71.8,52,0,1,1,66.83333333,1,1,0,54.66666667,68.83333333,70,71.66666667,100,2,80,60,5
2025/3/14 15:15,22,1,1.666666667,71.8,52,0,1,1,67,1,1,0,53.33333333,70.83333333,70,71.83333333,100,2,80,60,5
2025/3/14 15:30,22,1,1.666666667,71.8,52,0,1,1,64.8,1,1,0,51,72.6,70,72.06666667,100,2,80,60,5
2025/3/14 15:45,22,1,1.666666667,71.8,52,0,1,1,64.7,1,1,0,50.33333333,74,70,71.96666667,100,2,80,60,5
2025/3/14 16:00,11,1,1.333333333,71.8,52,0,1,1,67.33333333,1,1,0,49.33333333,74.66666667,70,71.63333333,100,2,80,60,5
2025/3/14 16:15,11,1,1.333333333,71.8,52,0,1,1,67.63333333,1,1,0,50,75.33333333,70,71.53333333,100,2,80,60,5
2025/3/14 16:30,11,1,1.333333333,71.8,52,0,1,1,67.46666667,1,1,0,50,75.8,70,71.56666667,100,2,80,60,5
2025/3/14 16:45,22,1,1.666666667,71.8,52,0,1,1,68.06666667,1,1,0,48.33333333,76.63333333,70,71.93333333,100,2,80,60,5
2025/3/14 17:00,22,1,1.666666667,71.8,52,0,1,1,65.13333333,1,1,0,49.33333333,76.33333333,70,72.03333333,100,2,80,60,5
2025/3/14 17:15,22,1,1.666666667,71.8,52,0,1,1,67.1,1,1,0,50.66666667,77.46666667,70,71.8,100,2,80,60,5
2025/3/14 17:30,11,1,1.333333333,71.8,52,0,1,1,67.93333333,1,1,0,51,78.33333333,70,71.83333333,100,2,80,60,5
2025/3/14 17:45,0,1,1,71.8,52,0,1,1,68.9,1,1,0,51.66666667,78.43333333,70,71.5,100,2,80,60,5
2025/3/14 18:00,11,1,1.333333333,71.8,52,0,1,1,66.86666667,1,1,0,51,79.53333333,70,71.83333333,100,2,80,60,5
2025/3/14 18:15,11,1,1.333333333,71.8,52,0,1,1,68.2,1,1,0,50,80.46666667,70,71.66666667,100,2,80,60,5
2025/3/14 18:30,11,1,1.333333333,71.8,52,0,1,1,66.23333333,1,1,0,49,81.26666667,70,71.73333333,100,2,80,60,5
2025/3/14 18:45,22,1,1.666666667,71.8,52,0,1,1,65.96666667,1,1,0,48,82.4,70,71.86666667,100,2,80,60,5
2025/3/14 19:00,22,1,1.666666667,71.8,52,0,1,1,66.36666667,1,1,0,48,81.43333333,70,71.93333333,100,2,80,60,5
2025/3/14 19:15,22,1,1.666666667,71.8,52,0,1,1,67.23333333,1,1,0,47.66666667,81.03333333,70,71.96666667,100,2,80,60,5
2025/3/14 19:30,11,1,1.333333333,71.8,52,0,1,1,66.63333333,1,1,0,49,80.53333333,70,71.66666667,100,2,80,60,5
2025/3/14 19:45,22,1,1.666666667,71.8,52,0,1,1,63.46666667,1,1,0,49,79.26666667,70,71.7,100,2,80,60,5
2025/3/14 20:00,22,1,1.666666667,71.8,52,0,1,1,65.7,1,1,0,48,79.93333333,70,71.86666667,100,2,80,60,5
2025/3/14 20:15,11,1,1.333333333,71.8,52,0,1,1,69.13333333,1,1,0,48,81.33333333,70,71.73333333,100,2,80,60,5
2025/3/14 20:30,0,1,1,71.8,52,0,1,1,71.03333333,1,1,0,46.66666667,80.96666667,70,71.56666667,100,2,80,60,5
2025/3/14 20:45,11,1,1.333333333,71.8,52,0,1,1,68.73333333,1,1,0,45,81.1,70,71.66666667,100,2,80,60,5
2025/3/14 21:00,22,1,1.666666667,71.8,52,0,1,1,68.73333333,1,1,0,44,81.6,70,71.86666667,100,2,80,60,5
2025/3/14 21:15,22,1,1.666666667,71.8,52,0,1,1,68.03333333,1,1,0,45.66666667,80.66666667,70,72.03333333,100,2,80,60,5
2025/3/14 21:30,0,1,1,71.8,52,0,1,1,71.83333333,1,1,0,46,80.7,70,71.63333333,100,2,80,60,5
2025/3/14 21:45,11,1,1.333333333,71.8,52,0,1,1,68.46666667,1,1,0,44.66666667,79.96666667,70,71.6,100,2,80,60,5
2025/3/14 22:00,22,1,1.666666667,71.8,52,0,1,1,66.66666667,1,1,0,44,78.9,70,72.1,100,2,80,60,5
2025/3/14 22:15,11,1,1.333333333,71.8,52,0,1,1,71.93333333,1,1,0,44.66666667,78.26666667,70,71.76666667,100,2,80,60,5
2025/3/14 22:30,11,1,1.333333333,71.8,52,0,1,1,68.66666667,1,1,0,45,78.1,70,71.6,100,2,80,60,5
2025/3/14 22:45,22,1,1.666666667,71.8,52,0,1,1,66.3,1,1,0,45,77.86666667,70,72,100,2,80,60,5
2025/3/14 23:00,0,1,1,71.8,52,0,1,1,72.06666667,1,1,0,46,77.9,70,71.7,100,2,80,60,5
2025/3/14 23:15,11,1,1.333333333,71.8,52,0,1,1,68.76666667,1,1,0,45.33333333,77.43333333,70,71.66666667,100,2,80,60,5
2025/3/14 23:30,11,1,1.333333333,71.8,52,0,1,1,67.2,1,1,0,44.66666667,77.03333333,70,71.93333333,100,2,80,60,5
2025/3/14 23:45,0,1,1,71.8,52,0,1,1,72,1,1,0,44,76.36666667,70,71.76666667,100,2,80,60,5
2025/3/15 0:00,11,1,1.333333333,71.8,52,0,1,1,68.73333333,1,1,0,44,75.76666667,70,71.73333333,100,2,80,60,5
2025/3/15 0:15,11,1,1.333333333,71.8,52,0,1,1,69.9,1,1,0,44.33333333,75.3,70,71.96666667,100,2,80,60,5
2025/3/15 0:30,0,1,1,71.8,52,0,1,1,71.23333333,1,1,0,45,74.7,70,71.56666667,100,2,80,60,5
2025/3/15 0:45,11,1,1.333333333,71.8,52,0,1,1,66.5,1,1,0,45,74.76666667,70,72.03333333,100,2,80,60,5
2025/3/15 1:00,0,1,1,71.8,52,0,1,1,71.76666667,1,1,0,45.66666667,74.33333333,70,71.56666667,100,2,80,60,5
2025/3/15 1:15,11,1,1.333333333,71.8,52,0,1,1,66.66666667,1,1,0,46,74.03333333,70,72.1,100,2,80,60,5
2025/3/15 1:30,0,1,1,71.8,52,0,1,1,71.7,1,1,0,46,73.8,70,71.66666667,100,2,80,60,5
2025/3/15 1:45,11,1,1.333333333,71.8,52,0,1,1,69.6,1,1,0,46,74.03333333,70,71.7,100,2,80,60,5
2025/3/15 2:00,0,1,1,71.8,52,0,1,1,71.86666667,1,1,0,46,74.03333333,70,71.86666667,100,2,80,60,5
2025/3/15 2:15,11,1,1.333333333,71.8,52,0,1,1,69.06666667,1,1,0,45.33333333,73.83333333,70,71.56666667,100,2,80,60,5
2025/3/15 2:30,0,1,1,71.8,52,0,1,1,71.96666667,1,1,0,44.66666667,73.83333333,70,71.96666667,100,2,80,60,5
2025/3/15 2:45,11,1,1.333333333,71.8,52,0,1,1,68.56666667,1,1,0,44,74.1,70,71.6,100,2,80,60,5
2025/3/15 3:00,11,1,1.333333333,71.8,52,0,1,1,68.93333333,1,1,0,44,74.1,70,72.1,100,2,80,60,5
2025/3/15 3:15,0,1,1,71.8,52,0,1,1,71.5,1,1,0,44,73.8,70,71.43333333,100,2,80,60,5
2025/3/15 3:30,11,1,1.333333333,71.8,52,0,1,1,70.96666667,1,1,0,45,73.73333333,70,72.13333333,100,2,80,60,5
2025/3/15 3:45,0,1,1,71.8,52,0,1,1,71.13333333,1,1,0,45,73.13333333,70,71.46666667,100,2,80,60,5
2025/3/15 4:00,0,1,1,80,52,0,1,1,72,2,2,0,45.66666667,73.5,70,71.93333333,0,1,80,60,5
2025/3/15 4:15,0,1,1,80,52,0,1,1,72.16666667,2,2,0,46,73.5,70,72,0,1,80,60,5
2025/3/15 4:30,0,1,1,80,52,0,1,1,72.3,2,2,0,46,73.5,70,72.2,0,1,80,60,5
2025/3/15 4:45,0,1,1,80,52,0,1,1,72.3,2,2,0,47,73.5,70,72.26666667,0,1,80,60,5
2025/3/15 5:00,0,1,1,80,52,0,1,1,72.3,2,2,0,47.66666667,73.5,70,72.3,0,1,80,60,5
2025/3/15 5:15,0,1,1,80,52,0,1,1,72.3,2,2,0,48,73.5,70,72.36666667,0,1,80,60,5
2025/3/15 5:30,0,1,1,80,52,0,1,1,72.3,2,2,0,49,73.3,70,72.7,0,1,80,60,5
2025/3/15 5:45,0,1,1,80,52,0,1,1,72.1,2,2,0,49.33333333,73.1,70,72.7,0,1,80,60,5
2025/3/15 6:00,0,1,1,80,52,0,1,1,72.1,2,2,0,50,73.03333333,70,72.7,0,1,80,60,5
2025/3/15 6:15,0,1,1,80,52,0,1,1,72.03333333,2,2,0,50.66666667,72.86666667,70,72.7,0,1,80,60,5
2025/3/15 6:30,0,1,1,80,52,0,1,1,72,2,2,0,51,72.8,70,72.7,0,1,80,60,5
2025/3/15 6:45,0,1,1,80,52,0,1,1,71.8,2,2,0,52,72.63333333,70,72.7,0,1,80,60,5
2025/3/15 7:00,0,1,1,80,52,0,1,1,71.8,2,2,0,52.66666667,72.5,70,72.76666667,0,1,80,60,5
2025/3/15 7:15,0,1,1,80,52,0,1,1,71.8,2,2,0,53.66666667,72.3,70,72.8,0,1,80,60,5
2025/3/15 7:30,0,1,1,80,52,0,1,1,71.8,2,2,0,54,72.3,70,72.8,0,1,80,60,5
2025/3/15 7:45,0,1,1,80,52,0,1,1,71.76666667,2,2,0,55,72,70,72.8,0,1,80,60,5
2025/3/15 8:00,0,1,1,80,52,0,1,1,71.7,2,2,0,55,72,70,72.8,0,1,80,60,5
2025/3/15 8:15,0,1,1,80,52,0,1,1,71.7,2,2,0,55,72.2,70,72.8,0,1,80,60,5
2025/3/15 8:30,0,1,1,80,52,0,1,1,71.56666667,2,2,0,54.33333333,72.2,70,72.8,0,1,80,60,5
2025/3/15 8:45,0,1,1,80,52,0,1,1,71.5,2,2,0,55,72.2,70,72.8,0,1,80,60,5
2025/3/15 9:00,0,1,1,80,52,0,1,1,71.5,2,2,0,55.33333333,72.2,70,72.8,0,1,80,60,5
2025/3/15 9:15,0,1,1,80,52,0,1,1,71.5,2,2,0,56,72.2,70,72.8,0,1,80,60,5
2025/3/15 9:30,0,1,1,80,52,0,1,1,71.5,2,2,0,56,72.2,70,72.8,0,1,80,60,5
2025/3/15 9:45,0,1,1,80,52,0,1,1,71.63333333,2,2,0,56,72.26666667,70,72.8,0,1,80,60,5
2025/3/15 10:00,0,1,1,80,52,0,1,1,71.7,2,2,0,56,72.3,70,72.8,0,1,80,60,5
2025/3/15 10:15,0,1,1,80,52,0,1,1,71.7,2,2,0,56,72.3,70,72.8,0,1,80,60,5
2025/3/15 10:30,0,1,1,80,52,0,1,1,71.7,2,2,0,56,72.3,70,72.8,0,1,80,60,5
2025/3/15 10:45,0,1,1,80,52,0,1,1,71.7,2,2,0,56,72.3,70,72.8,0,1,80,60,5
2025/3/15 11:00,0,1,1,80,52,0,1,1,71.7,2,2,0,56,72.43333333,70,72.8,0,1,80,60,5
2025/3/15 11:15,0,1,1,80,52,0,1,1,71.56666667,2,2,0,56,72.5,70,72.8,0,1,80,60,5
2025/3/15 11:30,0,1,1,80,52,0,1,1,70.76666667,2,2,0,55,64.2,70,72.8,0,1,80,60,5
2025/3/15 11:45,0,1,1,80,52,0,1,1,69.1,2,2,0,58,60.83333333,70,72.8,0,1,80,60,5
2025/3/15 12:00,11,1,1.333333333,71.8,52,0,1,1,66.96666667,1,1,1.333333333,63.66666667,61.03333333,70,72.8,100,2,80,60,5
2025/3/15 12:15,0,1,1,71.8,52,0,1,1,67.9,1,1,0,68,61.5,70,71.06666667,100,2,80,60,5
2025/3/15 12:30,0,1,1,71.8,52,0,1,1,70.43333333,1,1,0,69,63.06666667,70,71.76666667,100,2,80,60,5
2025/3/15 12:45,11,1,1.333333333,71.8,52,0,1,1,66.46666667,1,1,0,69.33333333,63.9,70,71.96666667,100,2,80,60,5
2025/3/15 13:00,0,1,1,71.8,52,0,1,1,70.9,1,1,0,65,66.1,70,71.5,100,2,80,60,5
2025/3/15 13:15,11,1,1.333333333,71.8,52,0,1,1,71.4,1,1,0,62.33333333,67.96666667,70,72.13333333,100,2,80,60,5
2025/3/15 13:30,0,1,1,71.8,52,0,1,1,68.66666667,1,1,0,59.33333333,68.73333333,70,71.5,100,2,80,60,5
2025/3/15 13:45,11,1,1.333333333,71.8,52,0,1,1,69.66666667,1,1,0,55,70.13333333,70,72.13333333,100,2,80,60,5
2025/3/15 14:00,0,1,1,71.8,52,0,1,1,70.86666667,1,1,0,54.66666667,69.96666667,70,71.4,100,2,80,60,5
2025/3/15 14:15,11,1,1.333333333,71.8,52,0,1,1,67.76666667,1,1,0,54.33333333,70.76666667,70,72.03333333,100,2,80,60,5
2025/3/15 14:30,11,1,1.333333333,71.8,52,0,1,1,70.96666667,1,1,0,55,71.66666667,70,71.83333333,100,2,80,60,5
2025/3/15 14:45,0,1,1,71.8,52,0,1,1,69,1,1,0,55.33333333,71.4,70,71.56666667,100,2,80,60,5
2025/3/15 15:00,22,1,1.666666667,71.8,52,0,1,1,67.8,1,1,0,56,72.06666667,70,72.13333333,100,2,80,60,5
2025/3/15 15:15,0,1,1,71.8,52,0,1,1,71.46666667,1,1,0,55.33333333,72.96666667,70,71.63333333,100,2,80,60,5
2025/3/15 15:30,11,1,1.333333333,71.8,52,0,1,1,68.2,1,1,0,56,71.96666667,70,71.8,100,2,80,60,5
2025/3/15 15:45,0,1,1,71.8,52,0,1,1,71.23333333,1,1,0,56.66666667,72,70,71.63333333,100,2,80,60,5
2025/3/15 16:00,11,1,1.333333333,71.8,52,0,1,1,65.66666667,1,1,0,59,70.23333333,70,71.96666667,100,2,80,60,5
2025/3/15 16:15,0,1,1,71.8,52,0,1,1,70.26666667,1,1,0,63.66666667,68.53333333,70,71.46666667,100,2,80,60,5
2025/3/15 16:30,0,1,1,71.8,52,0,1,1,70.83333333,1,1,0,65.66666667,67.9,70,71.96666667,100,2,80,60,5
2025/3/15 16:45,11,1,1.333333333,71.8,52,0,1,1,68.03333333,1,1,0,68.33333333,65.16666667,70,71.66666667,100,2,80,60,5
2025/3/15 17:00,0,1,1,71.8,52,0,1,1,70.16666667,1,1,0,72,63.23333333,70,71.46666667,100,2,80,60,5
2025/3/15 17:15,0,1,1,71.8,52,0,1,1,70.2,1,1,0,74,62.96666667,70,71.83333333,100,2,80,60,5
2025/3/15 17:30,0,1,1,71.8,52,0,1,1,70.4,1,1,0,75,62.4,70,72,100,2,80,60,5
2025/3/15 17:45,0,1,1,71.8,52,0,1,1,70.4,1,1,0,75.33333333,62.16666667,70,72,100,2,80,60,5
2025/3/15 18:00,0,1,1,71.8,52,0,1,1,67.23333333,1,1,0,76,62,70,71.3,100,2,80,60,5
2025/3/15 18:15,0,1,1,71.8,52,0,1,1,69.9,1,1,0,76.33333333,61.63333333,70,71.53333333,100,2,80,60,5
2025/3/15 18:30,0,1,1,71.8,52,0,1,1,69.9,1,1,0,77.33333333,61.3,70,71.7,100,2,80,60,5
2025/3/15 18:45,0,1,1,71.8,52,0,1,1,69.96666667,1,1,0,78,61.3,70,71.83333333,100,2,80,60,5
2025/3/15 19:00,0,1,1,71.8,52,0,1,1,70.1,1,1,0,78,62,70,71.9,100,2,80,60,5
2025/3/15 19:15,0,1,1,71.8,52,0,1,1,70.1,1,1,0,76.66666667,62.36666667,70,71.9,100,2,80,60,5
2025/3/15 19:30,0,1,1,71.8,52,0,1,1,70.1,1,1,0,76.66666667,62.23333333,70,72,100,2,80,60,5
2025/3/15 19:45,0,1,1,71.8,52,0,1,1,70.1,1,1,0,76.33333333,62.96666667,70,72,100,2,80,60,5
2025/3/15 20:00,11,1,1.333333333,71.8,52,0,1,1,68.03333333,1,1,0,76,62.03333333,70,71.5,100,2,80,60,5
2025/3/15 20:15,0,1,1,71.8,52,0,1,1,69.56666667,1,1,0,76,62.56666667,70,71.23333333,100,2,80,60,5
2025/3/15 20:30,0,1,1,80,52,0,1,1,69.83333333,2,2,0,75.66666667,62.3,70,71.6,0,1,80,60,5
2025/3/15 20:45,0,1,1,80,52,0,1,1,69.03333333,2,2,0,70.66666667,62.23333333,70,71.83333333,0,1,80,60,5
2025/3/15 21:00,0,1,1,80,52,0,1,1,68.03333333,2,2,0,68,62.03333333,70,71.9,0,1,80,60,5
2025/3/15 21:15,0,1,1,80,52,0,1,1,67.53333333,2,2,0,65.33333333,62.3,70,71.9,0,1,80,60,5
2025/3/15 21:30,0,1,1,80,52,0,1,1,67.13333333,2,2,0,64.66666667,61.86666667,70,71.9,0,1,80,60,5
2025/3/15 21:45,0,1,1,80,52,0,1,1,66.33333333,2,2,0,65,61.43333333,70,71.9,0,1,80,60,5
2025/3/15 22:00,0,1,1,80,52,0,1,1,66.4,2,2,0,66.66666667,61.06666667,70,71.96666667,0,1,80,60,5
2025/3/15 22:15,0,1,1,80,52,0,1,1,66.7,2,2,0,69.66666667,60.76666667,70,72.2,0,1,80,60,5
2025/3/15 22:30,0,1,1,80,52,0,1,1,67,2,2,0,71,60.36666667,70,72.2,0,1,80,60,5
2025/3/15 22:45,0,1,1,80,52,0,1,1,66.8,2,2,0,73,59.76666667,70,72.3,0,1,80,60,5
2025/3/15 23:00,0,1,1,80,52,0,1,1,67.03333333,2,2,0,73.33333333,59.33333333,70,72.2,0,1,80,60,5
2025/3/15 23:15,0,1,1,80,52,0,1,1,67.4,2,2,0,74,58.76666667,70,72.2,0,1,80,60,5
2025/3/15 23:30,0,1,1,80,52,0,1,1,67.06666667,2,2,0,74,58.7,70,72.2,0,1,80,60,5
2025/3/15 23:45,0,1,1,80,52,0,1,1,66.13333333,2,2,0,74,58.7,70,72.2,0,1,80,60,5
2025/3/16 0:00,0,1,1,80,52,0,1,1,65,2,2,0,73.66666667,58.7,70,72.2,0,1,80,60,5
2025/3/16 0:15,0,1,1,80,52,0,1,1,64.56666667,2,2,0,72.66666667,58.7,70,72.2,0,1,80,60,5
2025/3/16 0:30,0,1,1,80,52,0,1,1,64.06666667,2,2,0,72,58.7,70,72.06666667,0,1,80,60,5
2025/3/16 0:45,0,1,1,80,52,0,1,1,64.23333333,2,2,0,71,58.9,70,72,0,1,80,60,5
2025/3/16 1:00,0,1,1,80,52,0,1,1,64.63333333,2,2,0,70.33333333,59.06666667,70,71.9,0,1,80,60,5
2025/3/16 1:15,0,1,1,80,52,0,1,1,64.45,2,2,0,70,59.2,70,71.9,0,1,80,60,5
2025/3/16 1:30,0,1,1,80,52,0,1,1,64.13333333,2,2,0,70.33333333,59.2,70,71.9,0,1,80,60,5
2025/3/16 1:45,0,1,1,80,52,0,1,1,64.36666667,2,2,0,71,59.16666667,70,71.9,0,1,80,60,5
2025/3/16 2:00,0,1,1,80,52,0,1,1,64.5,2,2,0,72.66666667,58.83333333,70,71.9,0,1,80,60,5
2025/3/16 2:15,0,1,1,80,52,0,1,1,64.5,2,2,0,73,58.63333333,70,71.9,0,1,80,60,5
2025/3/16 2:30,0,1,1,80,52,0,1,1,64.53333333,2,2,0,73,58.6,70,71.9,0,1,80,60,5
2025/3/16 2:45,0,1,1,80,52,0,1,1,64.2,2,2,0,73.66666667,58.4,70,71.9,0,1,80,60,5
2025/3/16 3:00,0,1,1,80,52,0,1,1,64.2,2,2,0,73.33333333,58.53333333,70,71.9,0,1,80,60,5
2025/3/16 3:15,0,1,1,80,52,0,1,1,64.2,2,2,0,72.33333333,58.6,70,71.9,0,1,80,60,5
2025/3/16 3:30,0,1,1,80,52,0,1,1,63.26666667,2,2,0,74.33333333,58.6,70,71.9,0,1,80,60,5
2025/3/16 3:45,0,1,1,80,52,0,1,1,62.7,2,2,0,75,58.4,70,71.9,0,1,80,60,5
2025/3/16 4:00,0,1,1,80,52,0,1,1,61.7,2,2,0,75,58.36666667,70,71.9,0,1,80,60,5
2025/3/16 4:15,0,1,1,80,52,0,1,1,62.2,2,2,0,74.33333333,58.3,70,71.9,0,1,80,60,5
2025/3/16 4:30,0,1,1,80,52,0,1,1,62.8,2,2,0,74,58.1,70,71.9,0,1,80,60,5
2025/3/16 4:45,0,1,1,80,52,0,1,1,62.9,2,2,0,73.66666667,58.1,70,71.9,0,1,80,60,5
2025/3/16 5:00,0,1,1,80,52,0,1,1,63,2,2,0,74,58.1,70,71.9,0,1,80,60,5
2025/3/16 5:15,0,1,1,80,52,0,1,1,63,2,2,0,74,58.43333333,70,71.9,0,1,80,60,5
2025/3/16 5:30,0,1,1,80,52,0,1,1,63.26666667,2,2,0,74,58.76666667,70,71.9,0,1,80,60,5
2025/3/16 5:45,0,1,1,80,52,0,1,1,63.46666667,2,2,0,73.33333333,59.03333333,70,71.9,0,1,80,60,5
2025/3/16 6:00,0,1,1,80,52,0,1,1,63.5,2,2,0,73,59.16666667,70,71.9,0,1,80,60,5
2025/3/16 6:15,0,1,1,80,52,0,1,1,63.5,2,2,0,73.33333333,59.4,70,71.7,0,1,80,60,5
2025/3/16 6:30,0,1,1,80,52,0,1,1,63.5,2,2,0,73,59.56666667,70,71.7,0,1,80,60,5
2025/3/16 6:45,0,1,1,80,52,0,1,1,63.7,2,2,0,73,59.7,70,71.7,0,1,80,60,5
2025/3/16 7:00,0,1,1,80,52,0,1,1,63.7,2,2,0,73.33333333,59.76666667,70,71.7,0,1,80,60,5
2025/3/16 7:15,0,1,1,80,52,0,1,1,63.76666667,2,2,0,72.66666667,60.36666667,70,71.7,0,1,80,60,5
2025/3/16 7:30,0,1,1,80,52,0,1,1,64.2,2,2,0,70,60.96666667,70,71.7,0,1,80,60,5
2025/3/16 7:45,0,1,1,80,52,0,1,1,64.2,2,2,0,68,61,70,71.7,0,1,80,60,5
2025/3/16 8:00,0,1,1,80,52,0,1,1,64.2,2,2,0,68,61.23333333,70,71.7,0,1,80,60,5
2025/3/16 8:15,0,1,1,80,52,0,1,1,64.2,2,2,0,67.33333333,61.53333333,70,71.7,0,1,80,60,5
2025/3/16 8:30,0,1,1,80,52,0,1,1,64.2,2,2,0,67,61.6,70,71.7,0,1,80,60,5
2025/3/16 8:45,0,1,1,80,52,0,1,1,64.2,2,2,0,66.33333333,61.43333333,70,71.7,0,1,80,60,5
2025/3/16 9:00,0,1,1,80,52,0,1,1,64,2,2,0,66,61.13333333,70,71.7,0,1,80,60,5
2025/3/16 9:15,0,1,1,80,52,0,1,1,63.7,2,2,0,65.33333333,60.83333333,70,71.7,0,1,80,60,5
2025/3/16 9:30,0,1,1,80,52,0,1,1,63.43333333,2,2,0,65,60.43333333,70,71.7,0,1,80,60,5
2025/3/16 9:45,0,1,1,80,52,0,1,1,63.5,2,2,0,64.66666667,60.4,70,71.7,0,1,80,60,5
2025/3/16 10:00,0,1,1,80,52,0,1,1,63.36666667,2,2,0,64,60.16666667,70,71.7,0,1,80,60,5
2025/3/16 10:15,0,1,1,80,52,0,1,1,63.1,2,2,0,63.33333333,59.6,70,71.7,0,1,80,60,5
2025/3/16 10:30,0,1,1,80,52,0,1,1,62.53333333,2,2,0,63.66666667,58.76666667,70,71.63333333,0,1,80,60,5
2025/3/16 10:45,0,1,1,80,52,0,1,1,62.36666667,2,2,0,63,58.56666667,70,71.6,0,1,80,60,5
2025/3/16 11:00,0,1,1,80,52,0,1,1,62.3,2,2,0,63.33333333,57.83333333,70,71.6,0,1,80,60,5
2025/3/16 11:15,0,1,1,80,52,0,1,1,62.3,2,2,0,63.66666667,57.9,70,71.6,0,1,80,60,5
2025/3/16 11:30,0,1,1,80,52,0,1,1,62.4,2,2,0,63.33333333,57.86666667,70,71.6,0,1,80,60,5
2025/3/16 11:45,0,1,1,80,52,0,1,1,62.23333333,2,2,0,63.66666667,55.33333333,70,71.6,0,1,80,60,5
2025/3/16 12:00,0,1,1,80,52,0,1,1,62.23333333,2,2,0,65.66666667,54.26666667,70,71.66666667,0,1,80,60,5
2025/3/16 12:15,0,1,1,80,52,0,1,1,62.3,2,2,0,66,54.03333333,70,71.7,0,1,80,60,5
2025/3/16 12:30,0,1,1,80,52,0,1,1,62.36666667,2,2,0,65,54.33333333,70,71.7,0,1,80,60,5
2025/3/16 12:45,0,1,1,80,52,0,1,1,62.76666667,2,2,0,63.33333333,54.46666667,70,71.7,0,1,80,60,5
2025/3/16 13:00,0,1,1,80,52,0,1,1,63.13333333,2,2,0,63,54.83333333,70,71.7,0,1,80,60,
2025/3/16 13:15,0,1,1,80,52,0,1,1,63.96666667,2,2,0,56.66666667,57.13333333,70,71.76666667,0,1,80,60,5
2025/3/16 13:30,0,1,1,80,52,0,1,1,64.2,2,2,0,54.33333333,56.96666667,70,72.03333333,0,1,80,60,5
2025/3/16 13:45,0,1,1,80,52,0,1,1,64.06666667,2,2,0,57.33333333,57.3,70,72.2,0,1,80,60,5
2025/3/16 14:00,0,1,1,80,52,0,1,1,63.73333333,2,2,0,59,58.26666667,70,72.2,0,1,80,60,5
2025/3/16 14:15,0,1,1,80,52,0,1,1,63.2,2,2,0,59,57.5,70,72.2,0,1,80,60,5
2025/3/16 14:30,0,1,1,80,52,0,1,1,63.46666667,2,2,0,60.33333333,57.66666667,70,72.2,0,1,80,60,5
2025/3/16 14:45,0,1,1,80,52,0,1,1,65.46666667,2,2,0,53.66666667,59.83333333,70,72.2,0,1,80,60,5
2025/3/16 15:00,0,1,1,80,52,0,1,1,65.9,2,2,0,52.33333333,60.76666667,70,72.36666667,0,1,80,60,5
2025/3/16 15:15,0,1,1,80,52,0,1,1,66.56666667,2,2,0,52.66666667,62.43333333,70,72.63333333,0,1,80,60,5
2025/3/16 15:30,0,1,1,80,52,0,1,1,67.2,2,2,0,53,60.6,70,72.73333333,0,1,80,60,5
2025/3/16 15:45,0,1,1,80,52,0,1,1,67.2,2,2,0,56.33333333,58.4,70,72.8,0,1,80,60,5
2025/3/16 16:00,0,1,1,80,52,0,1,1,67.2,2,2,0,58.66666667,56.86666667,70,72.8,0,1,80,60,5
2025/3/16 16:15,0,1,1,80,52,0,1,1,66.96666667,2,2,0,60,55.23333333,70,72.7,0,1,80,60,5
2025/3/16 16:30,0,1,1,80,52,0,1,1,66.43333333,2,2,0,62,54.06666667,70,72.36666667,0,1,80,60,5
2025/3/16 16:45,0,1,1,80,52,0,1,1,65.93333333,2,2,0,62.66666667,52.13333333,70,72.3,0,1,80,60,5
2025/3/16 17:00,0,1,1,80,52,0,1,1,65.6,2,2,0,64,50.86666667,70,72.16666667,0,1,80,60,5
2025/3/16 17:15,0,1,1,80,52,0,1,1,65.4,2,2,0,64.66666667,49.4,70,72,0,1,80,60,5
2025/3/16 17:30,0,1,1,80,52,0,1,1,65.1,2,2,0,65,49.33333333,70,71.9,0,1,80,60,5
2025/3/16 17:45,0,1,1,80,52,0,1,1,64.93333333,2,2,0,64,49.3,70,71.9,0,1,80,60,5
2025/3/16 18:00,0,1,1,80,52,0,1,1,64.8,2,2,0,63.33333333,48.86666667,70,71.9,0,1,80,60,5
2025/3/16 18:15,0,1,1,80,52,0,1,1,64.8,2,2,0,63,49.16666667,70,71.7,0,1,80,60,5
2025/3/16 18:30,0,1,1,80,52,0,1,1,64.73333333,2,2,0,61,49.3,70,71.7,0,1,80,60,5
2025/3/16 18:45,0,1,1,80,52,0,1,1,64.6,2,2,0,60.66666667,49.4,70,71.7,0,1,80,60,5
2025/3/16 19:00,0,1,1,80,52,0,1,1,64.6,2,2,0,62.33333333,48.3,70,71.7,0,1,80,60,5
2025/3/16 19:15,0,1,1,80,52,0,1,1,64.6,2,2,0,63.33333333,47.86666667,70,71.7,0,1,80,60,5
2025/3/16 19:30,0,1,1,80,52,0,1,1,64.53333333,2,2,0,61,48.66666667,70,71.7,0,1,80,60,5
2025/3/16 19:45,0,1,1,80,52,0,1,1,64.3,2,2,0,59,48.43333333,70,71.7,0,1,80,60,5
2025/3/16 20:00,0,1,1,80,52,0,1,1,64.3,2,2,0,58.33333333,49.93333333,70,71.7,0,1,80,60,5
2025/3/16 20:15,0,1,1,80,52,0,1,1,64.43333333,2,2,0,56,50.33333333,70,71.7,0,1,80,60,5
2025/3/16 20:30,0,1,1,80,52,0,1,1,64.8,2,2,0,55.33333333,49.86666667,70,71.7,0,1,80,60,5
2025/3/16 20:45,0,1,1,80,52,0,1,1,64.53333333,2,2,0,56.33333333,48.56666667,70,71.7,0,1,80,60,5
2025/3/16 21:00,0,1,1,80,52,0,1,1,64.5,2,2,0,57.66666667,48.4,70,71.7,0,1,80,60,5
2025/3/16 21:15,0,1,1,80,52,0,1,1,64.36666667,2,2,0,59.66666667,48.33333333,70,71.7,0,1,80,60,5
2025/3/16 21:30,0,1,1,80,52,0,1,1,64.3,2,2,0,59.66666667,46.96666667,70,71.6,0,1,80,60,5
2025/3/16 21:45,0,1,1,80,52,0,1,1,64.3,2,2,0,61,46.5,70,71.6,0,1,80,60,5
2025/3/16 22:00,0,1,1,71.8,52,0,1,1,66.6,1,1,1.666666667,52.66666667,48,70,71.53333333,100,2,80,60,5
2025/3/16 22:15,0,1,1,71.8,52,0,1,1,67.36666667,1,1,0,51,49.4,70,71.2,100,2,80,60,5
2025/3/16 22:30,0,1,1,71.8,52,0,1,1,67.2,1,1,0,51,49.16666667,70,71.1,100,2,80,60,5
2025/3/16 22:45,0,1,1,71.8,52,0,1,1,67.2,1,1,0,50,50,70,71.1,100,2,80,60,5
2025/3/16 23:00,0,1,1,71.8,52,0,1,1,67.2,1,1,0,49,50.23333333,70,70.9,100,2,80,60,5
2025/3/16 23:15,0,1,1,71.8,52,0,1,1,67.2,1,1,0,49,50.23333333,70,70.86666667,100,2,80,60,5
2025/3/16 23:30,0,1,1,71.8,52,0,1,1,66.96666667,1,1,0,49.33333333,48.6,70,70.8,100,2,80,60,5
2025/3/16 23:45,0,1,1,71.8,52,0,1,1,66.9,1,1,0,50.66666667,47.53333333,70,70.66666667,100,2,80,60,5
2025/3/17 0:00,0,1,1,71.8,52,0,1,1,66.7,1,1,0,50.66666667,47.53333333,70,70.6,100,2,80,60,5
2025/3/17 0:15,0,1,1,71.8,52,0,1,1,66.7,1,1,0,50,47.83333333,70,70.6,100,2,80,60,5
2025/3/17 0:30,0,1,1,71.8,52,0,1,1,66.6,1,1,0,49,47.9,70,70.5,100,2,80,60,5
2025/3/17 0:45,0,1,1,71.8,52,0,1,1,66.6,1,1,0,49,47.4,70,70.5,100,2,80,60,5
2025/3/17 1:00,0,1,1,71.8,52,0,1,1,66.4,1,1,0,48.66666667,48.16666667,70,70.36666667,100,2,80,60,5
2025/3/17 1:15,0,1,1,71.8,52,0,1,1,66.26666667,1,1,0,48,47.06666667,70,70.3,100,2,80,60,5
2025/3/17 1:30,0,1,1,71.8,52,0,1,1,66.1,1,1,0,49.66666667,45.9,70,70.3,100,2,80,60,5
2025/3/17 1:45,0,1,1,71.8,52,0,1,1,66.1,1,1,0,50,46.2,70,70.3,100,2,80,60,5
2025/3/17 2:00,0,1,1,71.8,52,0,1,1,66.1,1,1,0,50,46.3,70,70.3,100,2,80,60,5
2025/3/17 2:15,0,1,1,71.8,52,0,1,1,65.96666667,1,1,0,49,47.33333333,70,70.3,100,2,80,60,5
2025/3/17 2:30,0,1,1,71.8,52,0,1,1,65.9,1,1,0,48.33333333,48.26666667,70,70.1,100,2,80,60,5
2025/3/17 2:45,0,1,1,71.8,52,0,1,1,65.9,1,1,0,48.33333333,47.2,70,70.1,100,2,80,60,5
2025/3/17 3:00,0,1,1,71.8,52,0,1,1,65.83333333,1,1,0,49,46.43333333,70,70.03333333,100,2,80,60,5
2025/3/17 3:15,0,1,1,71.8,52,0,1,1,65.66666667,1,1,0,49,45.33333333,70,69.93333333,100,2,80,60,5
2025/3/17 3:30,0,1,1,71.8,52,0,1,1,65.4,1,1,0,49,44.56666667,70,69.8,100,2,80,60,5
2025/3/17 3:45,0,1,1,71.8,52,0,1,1,65.4,1,1,0,48,45.36666667,70,69.8,100,2,80,60,5
2025/3/17 4:00,0,1,1,71.8,52,0,1,1,65.4,1,1,0,48.66666667,44.83333333,70,69.8,100,2,80,60,5
2025/3/17 4:15,0,1,1,71.8,52,0,1,1,65.36666667,1,1,0,48.33333333,44.33333333,70,69.8,100,2,80,60,5
2025/3/17 4:30,0,1,1,71.8,52,0,1,1,65.3,1,1,0,48,44.03333333,70,69.7,100,2,80,60,5
2025/3/17 4:45,0,1,1,71.8,52,0,1,1,65.3,1,1,0,48,44.13333333,70,69.56666667,100,2,80,60,5
2025/3/17 5:00,0,1,1,71.8,52,0,1,1,65.3,1,1,0,48,44.63333333,70,69.5,100,2,80,60,5
2025/3/17 5:15,0,1,1,71.8,52,0,1,1,65.23333333,1,1,0,47.66666667,44.9,70,69.5,100,2,80,60,5
2025/3/17 5:30,0,1,1,71.8,52,0,1,1,65.1,1,1,0,47,44.76666667,70,69.5,100,2,80,60,5
2025/3/17 5:45,0,1,1,71.8,52,0,1,1,65.1,1,1,0,48,44.23333333,70,69.5,100,2,80,60,5
2025/3/17 6:00,0,1,1,71.8,52,0,1,1,65.03333333,1,1,0,49.66666667,44,70,69.4,100,2,80,60,5
2025/3/17 6:15,0,1,1,71.8,52,0,1,1,64.93333333,1,1,0,49,44.1,70,69.4,100,2,80,60,5
2025/3/17 6:30,0,1,1,71.8,52,0,1,1,64.6,1,1,0,49,43.83333333,70,69.4,100,2,80,60,5
2025/3/17 6:45,0,1,1,71.8,52,0,1,1,64.6,1,1,0,48.33333333,43.6,70,69.33333333,100,2,80,60,5
2025/3/17 7:00,0,1,1,71.8,52,0,1,1,64.6,1,1,0,48,43.7,70,69.2,100,2,80,60,5
2025/3/17 7:15,0,1,1,71.8,52,0,1,1,64.56666667,1,1,0,48,43.2,70,69.2,100,2,80,60,5
2025/3/17 7:30,0,1,1,71.8,52,0,1,1,64.5,1,1,0,48,42.83333333,70,69.2,100,2,80,60,5
2025/3/17 7:45,0,1,1,71.8,52,0,1,1,64.5,1,1,0,48,43.96666667,70,69.06666667,100,2,80,60,5
2025/3/17 8:00,0,1,1,71.8,52,0,1,1,64.33333333,1,1,0,48,43.4,70,68.96666667,100,2,80,60,5
2025/3/17 8:15,0,1,1,71.8,52,0,1,1,64.3,1,1,0,47,43.16666667,70,68.9,100,2,80,60,5
2025/3/17 8:30,0,1,1,71.8,52,0,1,1,64.3,1,1,0,48,43,70,68.9,100,2,80,60,5
2025/3/17 8:45,0,1,1,71.8,52,0,1,1,64.3,1,1,0,48,43.46666667,70,68.9,100,2,80,60,5
2025/3/17 9:00,0,1,1,71.8,52,0,1,1,64.3,1,1,0,48,42.83333333,70,68.9,100,2,80,60,5
2025/3/17 9:15,0,1,1,71.8,52,0,1,1,64.16666667,1,1,0,48,41.63333333,70,68.7,100,2,80,60,5
2025/3/17 9:30,0,1,1,71.8,52,0,1,1,63.76666667,1,1,0,48.66666667,40.7,70,68.63333333,100,2,80,60,5
2025/3/17 9:45,0,1,1,71.8,52,0,1,1,63.7,1,1,0,49,40.46666667,70,68.6,100,2,80,60,5
2025/3/17 10:00,0,1,1,71.8,52,0,1,1,63.7,1,1,0,50,39.83333333,70,68.4,100,2,80,60,5
2025/3/17 10:15,0,1,1,71.8,52,0,1,1,63.43333333,1,1,0,50.33333333,40.13333333,70,68.4,100,2,80,60,5
2025/3/17 10:30,0,1,1,71.8,52,0,1,1,63.4,1,1,0,50,39.83333333,70,68.3,100,2,80,60,5
2025/3/17 10:45,0,1,1,71.8,52,0,1,1,63.33333333,1,1,0,50,39.73333333,70,68.3,100,2,80,60,5
2025/3/17 11:00,0,1,1,70.6,52,0,1,1,63.2,1,1,0,50,41.16666667,70,68.23333333,100,2,80,60,5
2025/3/17 11:15,0,1,1,68.2,52,0,1,1,63.2,1,1,0,50,41.06666667,70,68.1,100,2,80,60,5
2025/3/17 11:30,0,1,1,68.2,52,16.66666667,1.333333333,1,63.13333333,1,1,0,50,41.1,70,68.16666667,100,2,80,60,5
2025/3/17 11:45,0,1,1,68.2,52,0,1,1,63.9,1,1,0,50,41.73333333,70,70.06666667,100,2,80,60,
2025/3/17 12:00,0,1,1,68.2,52,0,1,1,63.4,1,1,0,50,41.8,70,68.73333333,100,2,80,60,5
2025/3/17 12:15,0,1,1,68.2,52,0,1,1,63.2,1,1,0,49.66666667,41.6,70,68.4,100,2,80,60,5
2025/3/17 12:30,0,1,1,68.2,52,0,1,1,63.43333333,1,1,0,50,42.6,70,68.4,100,2,80,60,5
2025/3/17 12:45,0,1,1,68.2,52,0,1,1,63.9,1,1,0,48.33333333,44.8,70,68.4,100,2,80,60,5
2025/3/17 13:00,0,1,1,68.2,52,0,1,1,64.2,1,1,0,47,45.76666667,70,68.56666667,100,2,80,60,5
2025/3/17 13:15,0,1,1,68.2,52,0,1,1,64.2,1,1,0,44.66666667,45.3,70,68.83333333,100,2,80,60,5
2025/3/17 13:30,0,1,1,68.2,52,0,1,1,64.33333333,1,1,0,44,45.6,70,69.2,100,2,80,60,5
2025/3/17 13:45,0,1,1,68.2,52,0,1,1,64.8,1,1,0,42.33333333,47,70,69.63333333,100,2,80,60,5
2025/3/17 14:00,0,1,1,68.2,52,0,1,1,65.13333333,1,1,0,41,48.26666667,70,69.7,100,2,80,60,5
2025/3/17 14:15,0,1,1,68.2,52,0,1,1,65.3,1,1,0,40,49.36666667,70,69.8,100,2,80,60,5
2025/3/17 14:30,0,1,1,68.2,52,0,1,1,65.46666667,1,1,0,37.66666667,51.03333333,70,70.3,100,2,80,60,5
2025/3/17 14:45,0,1,1,68.2,52,0,1,1,65.73333333,1,1,0,36.33333333,52.73333333,70,71.03333333,100,2,80,60,5
2025/3/17 15:00,0,1,1,68.2,52,0,1,1,66.13333333,1,1,0,36,51.4,70,71.1,100,2,80,60,5
2025/3/17 15:15,0,1,1,68.2,52,0,1,1,66.16666667,1,1,0,35.33333333,53.96666667,70,71.13333333,100,2,80,60,5
2025/3/17 15:30,0,1,1,68.2,52,0,1,1,66.5,1,1,0,35,56.83333333,70,71.4,100,2,80,60,5
2025/3/17 15:45,0,1,1,70.6,52,0,1,1,66.76666667,1,1,0,33,56.76666667,70,71.96666667,100,2,80,60,5
2025/3/17 16:00,11,1,1.333333333,71.8,52,0,1,1,63.53333333,1,1,0,33,51.86666667,70,71.5,100,2,80,60,5
2025/3/17 16:15,0,1,1,71.8,52,0,1,1,66.63333333,1,1,0,32,54.13333333,70,71.73333333,100,2,80,60,5
2025/3/17 16:30,0,1,1,71.8,52,0,1,1,67.03333333,1,1,0,32,57.33333333,70,72,100,2,80,60,5
2025/3/17 16:45,0,1,1,71.8,52,0,1,1,63.63333333,1,1,0,31.66666667,53.3,70,71.4,100,2,80,60,5
2025/3/17 17:00,0,1,1,71.8,52,0,1,1,67.2,1,1,0,31.33333333,57.6,70,71.93333333,100,2,80,60,5
2025/3/17 17:15,11,1,1.333333333,71.8,52,0,1,1,65.93333333,1,1,0,31,54.4,70,71.83333333,100,2,80,60,5
2025/3/17 17:30,11,1,1.333333333,71.8,52,0,1,1,61.96666667,1,1,0,32,54.4,70,72.03333333,100,2,80,60,5
2025/3/17 17:45,0,1,1,71.8,52,0,1,1,66.9,1,1,0,32,56.96666667,70,71.76666667,100,2,80,60,5
2025/3/17 18:00,11,1,1.333333333,71.8,52,0,1,1,64.3,1,1,0,32,56.86666667,70,71.46666667,100,2,80,60,5
2025/3/17 18:15,0,1,1,71.8,52,0,1,1,67.46666667,1,1,0,32,59.9,70,71.86666667,100,2,80,60,5
2025/3/17 18:30,0,1,1,71.8,52,0,1,1,67.7,1,1,0,32,64.1,70,72,100,2,80,60,5
2025/3/17 18:45,0,1,1,71.8,52,0,1,1,64.93333333,1,1,0,32,62.43333333,70,71.13333333,100,2,80,60,5
2025/3/17 19:00,0,1,1,71.8,52,0,1,1,68,1,1,0,32,65.66666667,70,71.73333333,100,2,80,60,5
2025/3/17 19:15,22,1,1.666666667,71.8,52,0,1,1,63.33333333,1,1,0,31.66666667,63.5,70,72.43333333,100,2,80,60,5
2025/3/17 19:30,0,1,1,71.8,52,0,1,1,67.83333333,1,1,0,32,63.53333333,70,71.5,100,2,80,60,5
2025/3/17 19:45,0,1,1,71.8,52,0,1,1,67.93333333,1,1,0,33.33333333,64.7,70,72.06666667,100,2,80,60,5
2025/3/17 20:00,0,1,1,71.8,52,0,1,1,64.8,1,1,0,34,60.3,70,71.43333333,100,2,80,60,5
2025/3/17 20:15,0,1,1,71.8,52,0,1,1,68.83333333,1,1,0,33,65.96666667,70,71.66666667,100,2,80,60,5
2025/3/17 20:30,0,1,1,71.8,52,0,1,1,68.33333333,1,1,0,33.66666667,65.53333333,70,71.7,100,2,80,60,5
2025/3/17 20:45,0,1,1,71.8,52,0,1,1,67.93333333,1,1,0,35.66666667,64.53333333,70,71.7,100,2,80,60,5
2025/3/17 21:00,0,1,1,71.8,52,0,1,1,68.3,1,1,0,33,66.56666667,70,71.7,100,2,80,60,5
2025/3/17 21:15,0,1,1,71.8,52,0,1,1,67.5,1,1,0,33.66666667,62.86666667,70,71.53333333,100,2,80,60,5
2025/3/17 21:30,0,1,1,71.8,52,0,1,1,67.63333333,1,1,0,34,62.93333333,70,71.26666667,100,2,80,60,5
2025/3/17 21:45,0,1,1,71.8,52,0,1,1,67.7,1,1,0,34.33333333,62.03333333,70,71.16666667,100,2,80,60,5
2025/3/17 22:00,0,1,1,71.8,52,0,1,1,67.7,1,1,0,33.66666667,62.96666667,70,70.9,100,2,80,60,5
2025/3/17 22:15,0,1,1,71.8,52,0,1,1,68,1,1,0,33,64.36666667,70,70.9,100,2,80,60,5
2025/3/17 22:30,0,1,1,71.8,52,0,1,1,67.8,1,1,0,33.66666667,63.73333333,70,70.9,100,2,80,60,5
2025/3/17 22:45,0,1,1,71.8,52,0,1,1,67.63333333,1,1,0,33,61.16666667,70,70.9,100,2,80,60,5
2025/3/17 23:00,0,1,1,71.8,52,0,1,1,67.46666667,1,1,0,34.66666667,58.2,70,70.86666667,100,2,80,60,5
2025/3/17 23:15,0,1,1,71.8,52,0,1,1,67.33333333,1,1,0,35.33333333,57,70,70.6,100,2,80,60,5
2025/3/17 23:30,0,1,1,71.8,52,0,1,1,67.2,1,1,0,36,56.43333333,70,70.6,100,2,80,60,5
2025/3/17 23:45,0,1,1,71.8,52,0,1,1,67.2,1,1,0,36,55.96666667,70,70.6,100,2,80,60,5
2025/3/18 0:00,0,1,1,71.8,52,0,1,1,67.06666667,1,1,0,36.33333333,55.2,70,70.6,100,2,80,60,5
2025/3/18 0:15,0,1,1,71.8,52,0,1,1,67,1,1,0,39.33333333,54.66666667,70,70.53333333,100,2,80,60,5
2025/3/18 0:30,0,1,1,71.8,52,0,1,1,66.9,1,1,0,40,54.5,70,70.5,100,2,80,60,5
2025/3/18 0:45,0,1,1,71.8,52,0,1,1,66.7,1,1,0,40.66666667,54.16666667,70,70.36666667,100,2,80,60,5
2025/3/18 1:00,0,1,1,71.8,52,0,1,1,66.6,1,1,0,41,53.86666667,70,70.3,100,2,80,60,5
2025/3/18 1:15,0,1,1,71.8,52,0,1,1,66.6,1,1,0,40.33333333,53.8,70,70.16666667,100,2,80,60,5
2025/3/18 1:30,0,1,1,71.8,52,0,1,1,66.46666667,1,1,0,40,53.3,70,70.1,100,2,80,60,5
2025/3/18 1:45,0,1,1,71.8,52,0,1,1,66.4,1,1,0,39,53.53333333,70,70.1,100,2,80,60,5
2025/3/18 2:00,0,1,1,71.8,52,0,1,1,66.2,1,1,0,39,53.03333333,70,70.1,100,2,80,60,5
2025/3/18 2:15,0,1,1,71.8,52,0,1,1,66.2,1,1,0,39.66666667,53.1,70,70.06666667,100,2,80,60,5
2025/3/18 2:30,0,1,1,71.8,52,0,1,1,66.2,1,1,0,41.33333333,52.53333333,70,70,100,2,80,60,5
2025/3/18 2:45,0,1,1,71.8,52,0,1,1,66.2,1,1,0,42,52.3,70,70,100,2,80,60,5
2025/3/18 3:00,0,1,1,71.8,52,0,1,1,66.16666667,1,1,0,42,52.5,70,70,100,2,80,60,5
2025/3/18 3:15,0,1,1,71.8,52,0,1,1,66.03333333,1,1,0,42.66666667,52.36666667,70,70,100,2,80,60,5
2025/3/18 3:30,0,1,1,71.8,52,0,1,1,65.9,1,1,0,44.33333333,51.46666667,70,69.8,100,2,80,60,5
2025/3/18 3:45,0,1,1,71.8,52,0,1,1,65.83333333,1,1,0,45.66666667,51.1,70,69.8,100,2,80,60,5
2025/3/18 4:00,0,1,1,71.8,52,0,1,1,65.6,1,1,0,48,50.1,70,69.73333333,100,2,80,60,5
2025/3/18 4:15,0,1,1,71.8,52,0,1,1,65.4,1,1,0,49,49.8,70,69.63333333,100,2,80,60,5
2025/3/18 4:30,0,1,1,71.8,52,0,1,1,65.33333333,1,1,0,50.33333333,49.76666667,70,69.46666667,100,2,80,60,5
2025/3/18 4:45,0,1,1,71.8,52,0,1,1,65.3,1,1,0,51,49.16666667,70,69.4,100,2,80,60,5
2025/3/18 5:00,0,1,1,71.8,52,0,1,1,65.3,1,1,0,50.33333333,48.8,70,69.4,100,2,80,60,5
2025/3/18 5:15,0,1,1,71.8,52,0,1,1,65.3,1,1,0,50,48.8,70,69.4,100,2,80,60,5
2025/3/18 5:30,0,1,1,71.8,52,0,1,1,65.3,1,1,0,50,48.8,70,69.2,100,2,80,60,5
2025/3/18 5:45,0,1,1,71.8,52,0,1,1,65.3,1,1,0,50,48.46666667,70,69,100,2,80,60,5
2025/3/18 6:00,0,1,1,71.8,52,0,1,1,65.1,1,1,0,49,48.2,70,68.9,100,2,80,60,5
2025/3/18 6:15,0,1,1,71.8,52,0,1,1,65.06666667,1,1,0,50,48.2,70,68.9,100,2,80,60,5
2025/3/18 6:30,0,1,1,71.8,52,0,1,1,65,1,1,0,50.33333333,48,70,68.76666667,100,2,80,60,5
2025/3/18 6:45,0,1,1,71.8,52,0,1,1,64.93333333,1,1,0,51.66666667,47.8,70,68.7,100,2,80,60,5
2025/3/18 7:00,0,1,1,71.8,52,0,1,1,64.8,1,1,0,52,47.7,70,68.7,100,2,80,60,5
2025/3/18 7:15,0,1,1,71.8,52,0,1,1,64.66666667,1,1,0,52.33333333,47.73333333,70,68.7,100,2,80,60,5
2025/3/18 7:30,0,1,1,71.8,52,0,1,1,64.6,1,1,0,53,47.56666667,70,68.6,100,2,80,60,5
2025/3/18 7:45,0,1,1,71.8,52,0,1,1,64.6,1,1,0,52,47.43333333,70,68.7,100,2,80,60,5
2025/3/18 8:00,0,1,1,71.8,52,0,1,1,64.6,1,1,0,51,47.4,70,68.7,100,2,80,60,5
2025/3/18 8:15,0,1,1,71.8,52,0,1,1,64.6,1,1,0,51,47.6,70,68.7,100,2,80,60,5
2025/3/18 8:30,0,1,1,71.8,52,0,1,1,64.6,1,1,0,52,47.8,70,68.4,100,2,80,60,5
2025/3/18 8:45,0,1,1,71.8,52,0,1,1,64.6,1,1,0,52,47.8,70,68.4,100,2,80,60,5
2025/3/18 9:00,0,1,1,71.8,52,0,1,1,64.6,1,1,0,52,47.63333333,70,68.4,100,2,80,60,5
2025/3/18 9:15,0,1,1,71.8,52,0,1,1,64.6,1,1,0,51.33333333,47.5,70,68.4,100,2,80,60,5
2025/3/18 9:30,0,1,1,71.8,52,0,1,1,64.6,1,1,0,50.33333333,47.5,70,68.4,100,2,80,60,5
2025/3/18 9:45,0,1,1,71.8,52,0,1,1,64.6,1,1,0,51,47.56666667,70,68.4,100,2,80,60,5
2025/3/18 10:00,0,1,1,71.8,52,0,1,1,64.6,1,1,0,51,48,70,68.4,100,2,80,60,5
2025/3/18 10:15,0,1,1,71.8,52,0,1,1,64.6,1,1,0,51,48.23333333,70,68.4,100,2,80,60,5
2025/3/18 10:30,0,1,1,71.8,52,0,1,1,64.6,1,1,0,51.66666667,48.1,70,68.4,100,2,80,60,5
2025/3/18 10:45,0,1,1,71.8,52,0,1,1,64.6,1,1,0,52,48,70,68.4,100,2,80,60,5
2025/3/18 11:00,0,1,1,71.8,52,0,1,1,64.5,1,1,0,51.33333333,48.16666667,70,68.4,100,2,80,60,5
2025/3/18 11:15,0,1,1,71.8,52,0,1,1,64.5,1,1,0,51,48.7,70,68.4,100,2,80,60,5
2025/3/18 11:30,0,1,1,71.8,52,0,1,1,64.5,1,1,0,50,48.7,70,68.4,100,2,80,60,5
2025/3/18 11:45,0,1,1,71.8,52,0,1,1,64.5,1,1,0,50.66666667,48.7,70,68.4,100,2,80,60,5
2025/3/18 12:00,0,1,1,71.8,52,0,1,1,64.5,1,1,0,50.33333333,49.2,70,68.6,100,2,80,60,5
2025/3/18 12:15,0,1,1,71.8,52,0,1,1,64.53333333,1,1,0,48.66666667,50.26666667,70,68.6,100,2,80,60,5
2025/3/18 12:30,0,1,1,71.8,52,0,1,1,64.96666667,1,1,0,46.33333333,51.53333333,70,68.6,100,2,80,60,5
2025/3/18 12:45,0,1,1,71.8,52,0,1,1,65.36666667,1,1,0,45.66666667,53,70,68.7,100,2,80,60,5
2025/3/18 13:00,0,1,1,71.8,52,0,1,1,65.53333333,1,1,0,43.66666667,54.46666667,70,69.03333333,100,2,80,60,5
2025/3/18 13:15,0,1,1,71.8,52,0,1,1,65.96666667,1,1,0,41.33333333,55.93333333,70,69.63333333,100,2,80,60,5
2025/3/18 13:30,0,1,1,71.8,52,0,1,1,66.6,1,1,0,39,58.23333333,70,69.8,100,2,80,60,5
2025/3/18 13:45,0,1,1,71.8,52,0,1,1,66.86666667,1,1,0,36.33333333,60.16666667,70,70,100,2,80,60,5
2025/3/18 14:00,0,1,1,71.8,52,0,1,1,67.36666667,1,1,6,34.33333333,61.9,70,70.36666667,100,2,80,60,5
2025/3/18 14:15,0,1,1,71.8,52,0,1,1,67.73333333,1,1,0,32.33333333,63.83333333,70,70.63333333,100,2,80,60,5
2025/3/18 14:30,0,1,1,71.8,52,0,1,1,68.03333333,1,1,0,31,65.26666667,70,70.96666667,100,2,80,60,5
2025/3/18 14:45,0,1,1,71.8,52,0,1,1,68.36666667,1,1,0,30,66.8,70,71.6,100,2,80,60,5
2025/3/18 15:00,0,1,1,71.8,52,0,1,1,69.03333333,1,1,0,29.33333333,68.6,70,71.7,100,2,80,60,5
2025/3/18 15:15,0,1,1,71.8,52,0,1,1,69.1,1,1,0,29,69.1,70,72,100,2,80,60,5
2025/3/18 15:30,0,1,1,71.8,52,0,1,1,69.3,1,1,0,28.66666667,70.3,70,72.06666667,100,2,80,60,5
2025/3/18 15:45,11,1,1.333333333,71.8,52,0,1,1,66.5,1,1,0,28,69.06666667,70,71.8,100,2,80,60,5
2025/3/18 16:00,11,1,1.333333333,71.8,52,0,1,1,68.46666667,1,1,0,28,69.1,70,71.66666667,100,2,80,60,5
2025/3/18 16:15,0,1,1,71.8,52,0,1,1,69.3,1,1,0,28,70.66666667,70,71.9,100,2,80,60,5
2025/3/18 16:30,0,1,1,71.8,52,0,1,1,67.46666667,1,1,0,29,70.63333333,70,71.5,100,2,80,60,5
2025/3/18 16:45,0,1,1,71.8,52,0,1,1,69.73333333,1,1,0,29,72.93333333,70,72,100,2,80,60,5
2025/3/18 17:00,0,1,1,71.8,52,0,1,1,66.56666667,1,1,0,29,72.73333333,70,71.73333333,100,2,80,60,5
2025/3/18 17:15,11,1,1.333333333,71.8,52,0,1,1,66.23333333,1,1,0,28,73.36666667,70,71.76666667,100,2,80,60,5
2025/3/18 17:30,11,1,1.666666667,71.8,52,0,1,1,64.1,1,1,0,29,73.93333333,70,71.8,100,2,80,60,5
2025/3/18 17:45,11,1,1.333333333,71.8,52,0,1,1,66.53333333,1,1,0,29,74.76666667,70,71.86666667,100,2,80,60,5
2025/3/18 18:00,22,1,1.666666667,71.8,52,0,1,1,64.96666667,1,1,0,29,75.66666667,70,71.96666667,100,2,80,60,5
2025/3/18 18:15,0,1,1,71.8,52,0,1,1,69.76666667,1,1,0,30.66666667,77.53333333,70,71.56666667,100,2,80,60,5
2025/3/18 18:30,11,1,1.333333333,71.8,52,0,1,1,67.73333333,1,1,0,31,79.76666667,70,71.8,100,2,80,60,5
2025/3/18 18:45,11,1,1.333333333,71.8,52,0,1,1,67.1,1,1,0,31,79.73333333,70,71.7,100,2,80,60,5
2025/3/18 19:00,22,1,1.666666667,71.8,52,0,1,1,65.7,1,1,0,32,79.13333333,70,72.06666667,100,2,80,60,5
2025/3/18 19:15,22,1,1.666666667,71.8,52,0,1,1,64.8,1,1,0,32,78.06666667,70,72.06666667,100,2,80,60,5
2025/3/18 19:30,0,1,1,71.8,52,0,1,1,69.7,1,1,0,32,78.33333333,70,71.5,100,2,80,60,5
2025/3/18 19:45,11,1,1.333333333,71.8,52,0,1,1,66.83333333,1,1,0,32.33333333,76.9,70,71.7,100,2,80,60,5
2025/3/18 20:00,11,1,1.333333333,71.8,52,0,1,1,66.13333333,1,1,0,33,76.93333333,70,71.53333333,100,2,80,60,5
2025/3/18 20:15,0,1,1,71.8,52,0,1,1,70.46666667,1,1,0,33,78.56666667,70,71.73333333,100,2,80,60,5
2025/3/18 20:30,11,1,1.333333333,71.8,52,0,1,1,69.43333333,1,1,0,32.66666667,78.96666667,70,72.03333333,100,2,80,60,5
2025/3/18 20:45,0,1,1,71.8,52,0,1,1,70.06666667,1,1,0,32,77.96666667,70,71.23333333,100,2,80,60,5
2025/3/18 21:00,0,1,1,71.8,52,0,1,1,70.7,1,1,0,32.66666667,77.03333333,70,71.7,100,2,80,60,5
2025/3/18 21:15,0,1,1,71.8,52,0,1,1,71,1,1,0,32,78.7,70,71.96666667,100,2,80,60,5
2025/3/18 21:30,11,1,1.333333333,71.8,52,0,1,1,69.5,1,1,0,31,78.2,70,72.06666667,100,2,80,60,5
2025/3/18 21:45,11,1,1.333333333,71.8,52,0,1,1,67.83333333,1,1,0,31.33333333,78.03333333,70,71.46666667,100,2,80,60,5
2025/3/18 22:00,0,1,1,71.8,52,0,1,1,71.13333333,1,1,0,30,78.93333333,70,71.83333333,100,2,80,60,5
2025/3/18 22:15,0,1,1,71.8,52,0,1,1,71.2,1,1,0,30,77.7,70,72,100,2,80,60,5
2025/3/18 22:30,11,1,1.333333333,71.8,52,0,1,1,67.7,1,1,0,30,75.53333333,70,71.43333333,100,2,80,60,5
2025/3/18 22:45,0,1,1,71.8,52,0,1,1,70.7,1,1,0,30,75.13333333,70,71.46666667,100,2,80,60,5
2025/3/18 23:00,0,1,1,71.8,52,0,1,1,71,1,1,0,30,75,70,71.7,100,2,80,60,5
2025/3/18 23:15,0,1,1,71.8,52,0,1,1,71.13333333,1,1,0,29,74.96666667,70,71.96666667,100,2,80,60,5
2025/3/18 23:30,0,1,1,71.8,52,0,1,1,71.2,1,1,0,29,74.2,70,72.13333333,100,2,80,60,5
2025/3/18 23:45,11,1,1.333333333,71.8,52,0,1,1,67.53333333,1,1,0,29.66666667,72.7,70,71.53333333,100,2,80,60,5
2025/3/19 0:00,0,1,1,71.8,52,0,1,1,70.5,1,1,0,30.66666667,71.83333333,70,71.5,100,2,80,60,5
2025/3/19 0:15,0,1,1,71.8,52,0,1,1,70.63333333,1,1,0,31,71.6,70,71.9,100,2,80,60,5
2025/3/19 0:30,0,1,1,71.8,52,0,1,1,70.7,1,1,0,31,71.53333333,70,71.9,100,2,80,60,5
2025/3/19 0:45,0,1,1,71.8,52,0,1,1,70.7,1,1,0,31,71.13333333,70,71.9,100,2,80,60,5
2025/3/19 1:00,11,1,1.333333333,71.8,52,0,1,1,66.66666667,1,1,0,31.66666667,70.4,70,71.93333333,100,2,80,60,5
2025/3/19 1:15,0,1,1,71.8,52,0,1,1,70.33333333,1,1,0,32,69.8,70,71.36666667,100,2,80,60,5
2025/3/19 1:30,0,1,1,71.8,52,0,1,1,70.5,1,1,0,33,69.8,70,71.66666667,100,2,80,60,5
2025/3/19 1:45,0,1,1,71.8,52,0,1,1,70.5,1,1,0,33,69.66666667,70,71.93333333,100,2,80,60,5
2025/3/19 2:00,11,1,1.333333333,71.8,52,0,1,1,68.13333333,1,1,0,33,69.43333333,70,72,100,2,80,60,5
2025/3/19 2:15,0,1,1,71.8,52,0,1,1,69.96666667,1,1,0,33,68.83333333,70,71.13333333,100,2,80,60,5
2025/3/19 2:30,0,1,1,71.8,52,0,1,1,70.4,1,1,0,33,69.06666667,70,71.8,100,2,80,60,5
2025/3/19 2:45,0,1,1,71.8,52,0,1,1,70.46666667,1,1,0,32,69.4,70,71.9,100,2,80,60,5
2025/3/19 3:00,0,1,1,71.8,52,0,1,1,70.5,1,1,0,32,69.4,70,71.93333333,100,2,80,60,5
2025/3/19 3:15,11,1,1.333333333,71.8,52,0,1,1,69.5,1,1,0,32,69.26666667,70,72.2,100,2,80,60,5
2025/3/19 3:30,0,1,1,71.8,52,0,1,1,69.76666667,1,1,0,32,68.6,70,71.16666667,100,2,80,60,5
2025/3/19 3:45,0,1,1,71.8,52,0,1,1,70.13333333,1,1,0,32,68.6,70,71.66666667,100,2,80,60,5
2025/3/19 4:00,0,1,1,71.8,52,0,1,1,70.33333333,1,1,0,32,68.6,70,71.7,100,2,80,60,5
2025/3/19 4:15,0,1,1,71.8,52,0,1,1,70.4,1,1,0,32,68.46666667,70,71.93333333,100,2,80,60,5
2025/3/19 4:30,0,1,1,71.8,52,0,1,1,70.4,1,1,0,32,68.23333333,70,72,100,2,80,60,5
2025/3/19 4:45,0,1,1,71.8,52,0,1,1,70.4,1,1,0,32,68.1,70,72,100,2,80,60,5
2025/3/19 5:00,11,1,1.333333333,71.8,52,0,1,1,66.7,1,1,0,32,67.5,70,71.3,100,2,80,60,5
2025/3/19 5:15,0,1,1,71.8,52,0,1,1,69.9,1,1,0,32,67.5,70,71.66666667,100,2,80,60,5
2025/3/19 5:30,0,1,1,71.8,52,0,1,1,70.1,1,1,0,32,67.5,70,71.83333333,100,2,80,60,5
2025/3/19 5:45,0,1,1,71.8,52,0,1,1,70.16666667,1,1,0,32,67.5,70,72,100,2,80,60,5
2025/3/19 6:00,0,1,1,71.8,52,0,1,1,70.2,1,1,0,32.66666667,67.43333333,70,72,100,2,80,60,5
2025/3/19 6:15,0,1,1,71.8,52,0,1,1,66.5,1,1,0,33.33333333,66.46666667,70,71.53333333,100,2,80,60,5
2025/3/19 6:30,0,1,1,71.8,52,0,1,1,69.43333333,1,1,0,34,66.1,70,71.1,100,2,80,60,5
2025/3/19 6:45,0,1,1,71.8,52,0,1,1,69.7,1,1,0,34,66.1,70,71.46666667,100,2,80,60,5
2025/3/19 7:00,0,1,1,71.8,52,0,1,1,69.7,1,1,0,34.33333333,66.1,70,71.6,100,2,80,60,5
2025/3/19 7:15,0,1,1,71.8,52,0,1,1,69.9,1,1,0,35,66.1,70,71.7,100,2,80,60,5
2025/3/19 7:30,0,1,1,71.8,52,0,1,1,69.7,1,1,0,35,65.96666667,70,71.83333333,100,2,80,60,5
2025/3/19 7:45,0,1,1,71.8,52,0,1,1,69.76666667,1,1,0,35.33333333,65.56666667,70,72,100,2,80,60,5
2025/3/19 8:00,0,1,1,71.8,52,0,1,1,69.9,1,1,0,36,65.4,70,72,100,2,80,60,5
2025/3/19 8:15,0,1,1,71.8,52,0,1,1,69.7,1,1,0,36,65.4,70,72,100,2,80,60,5
2025/3/19 8:30,0,1,1,71.8,52,0,1,1,69.7,1,1,0,36,65.1,70,72,100,2,80,60,5
2025/3/19 8:45,0,1,1,71.8,52,0,1,1,69.7,1,1,0,36,65.1,70,72,100,2,80,60,5
2025/3/19 9:00,0,1,1,71.8,52,0,1,1,69.7,1,1,0,36,65.06666667,70,71.9,100,2,80,60,5
2025/3/19 9:15,0,1,1,71.8,52,0,1,1,69.7,1,1,0,36,64.8,70,71.9,100,2,80,60,5
2025/3/19 9:30,11,1,1.333333333,71.8,52,0,1,1,66.33333333,1,1,0,36,64.53333333,70,71.5,100,2,80,60,5
2025/3/19 9:45,0,1,1,71.8,52,0,1,1,69.2,1,1,0,36,64.5,70,71,100,2,80,60,5
2025/3/19 10:00,0,1,1,71.8,52,0,1,1,69.3,1,1,0,36,64.5,70,71.2,100,2,80,60,5
2025/3/19 10:15,0,1,1,71.8,52,0,1,1,69.3,1,1,0,36.66666667,64.6,70,71.4,100,2,80,60,5
2025/3/19 10:30,0,1,1,71.8,52,0,1,1,69.3,1,1,0,37,64.56666667,70,71.4,100,2,80,60,5
2025/3/19 10:45,0,1,1,71.8,52,0,1,1,69.3,1,1,0,37,64.3,70,71.4,100,2,80,60,5
2025/3/19 11:00,0,1,1,71.8,52,0,1,1,69.3,1,1,0,37.66666667,64.26666667,70,71.53333333,100,2,80,60,5
2025/3/19 11:15,0,1,1,71.8,52,0,1,1,69.3,1,1,0,38,64,70,71.6,100,2,80,60,5
2025/3/19 11:30,0,1,1,71.8,52,0,1,1,69.3,1,1,0,38,63.93333333,70,71.7,100,2,80,60,5
2025/3/19 11:45,0,1,1,71.8,52,0,1,1,69.3,1,1,0,38,63.86666667,70,71.7,100,2,80,60,5
2025/3/19 12:00,0,1,1,71.8,52,0,1,1,69.3,1,1,0,38,64.26666667,70,71.7,100,2,80,60,5
2025/3/19 12:15,0,1,1,71.8,52,0,1,1,69.3,1,1,0,38,64.3,70,71.7,100,2,80,60,5
2025/3/19 12:30,0,1,1,71.8,52,0,1,1,69.3,1,1,0,38,64.66666667,70,71.7,100,2,80,60,5
2025/3/19 12:45,0,1,1,71.8,52,0,1,1,69.43333333,1,1,0,37,65.6,70,71.7,100,2,80,60,5
2025/3/19 13:00,0,1,1,71.8,52,0,1,1,69.73333333,1,1,0,36,66.63333333,70,71.9,100,2,80,60,5
2025/3/19 13:15,0,1,1,71.8,52,0,1,1,69.9,1,1,0,34.66666667,67.76666667,70,72,100,2,80,60,
2025/3/19 13:30,0,1,1,71.8,52,0,1,1,70.1,1,1,0,34,68.1,70,72.13333333,100,2,80,60,5
2025/3/19 13:45,0,1,1,71.8,52,0,1,1,70.1,1,1,0,35,67.8,70,72.2,100,2,80,60,5
2025/3/19 14:00,0,1,1,71.8,52,0,1,1,70.1,1,1,0,36,67.93333333,70,72.3,100,2,80,60,5
2025/3/19 14:15,0,1,1,71.8,52,0,1,1,70.1,1,1,0,37,67.8,70,72.3,100,2,80,60,5
